District,Year,Crop,Season,Area_Cultivated_Hectares,Average_Temperature_C,Total_Rainfall_mm,Humidity_Percent,Soil_Type,Soil_pH,Nitrogen_N_kg_per_ha,Phosphorus_P_kg_per_ha,Potassium_K_kg_per_ha,Irrigation_Availability,Yield_kg_per_ha,Total_Yield_kg
Ahmednagar,2015,Bajra,Zaid,47.88,32.0,446.6,88.6,Loamy,6.89,40.43,42.94,33.83,Partially Irrigated,1813.39,86820.85
Ahmednagar,2015,Bajra,Rabi,11.86,34.9,527.6,63.7,Red,6.97,86.74,48.66,37.23,Partially Irrigated,2192.63,26008.05
Ahmednagar,2015,Bajra,Kharif,44.82,34.7,503.5,55.1,Black,7.46,57.94,33.51,15.62,Rainfed,1104.93,49524.94
Ahmednagar,2015,Cotton,Rabi,39.83,36.9,742.6,47.4,Laterite,7.23,98.26,59.97,58.74,Irrigated,2540.2,101185.0
Ahmednagar,2015,Cotton,Kharif,37.08,28.2,601.3,73.3,Sandy,6.58,80.8,26.37,34.93,Rainfed,1315.18,48761.42
Ahmednagar,2015,Cotton,Zaid,23.01,25.4,900.3,68.9,Loamy,6.28,84.01,44.91,33.2,Partially Irrigated,1618.72,37246.15
Ahmednagar,2015,Cotton,Zaid,13.1,28.0,600.9,73.9,Loamy,7.38,79.97,33.09,25.39,Rainfed,1158.34,15172.98
Ahmednagar,2015,Groundnut,Rabi,48.44,28.6,589.1,78.8,Black,6.78,34.03,59.64,97.91,Partially Irrigated,2070.06,100276.62
Ahmednagar,2015,Groundnut,Rabi,16.51,23.1,614.4,51.8,Red,6.42,46.68,56.69,70.4,Irrigated,3464.45,57187.59
Ahmednagar,2015,Groundnut,Rabi,13.11,29.8,568.1,65.8,Loamy,6.33,9.73,47.16,66.72,Irrigated,1707.16,22383.68
Ahmednagar,2015,Groundnut,Rabi,32.8,35.6,832.3,77.8,Black,5.65,21.65,47.73,90.71,Partially Irrigated,1372.01,45002.08
Ahmednagar,2015,Groundnut,Rabi,28.14,26.5,485.1,84.4,Red,6.64,34.41,61.29,71.68,Irrigated,2956.38,83187.41
Ahmednagar,2015,Jowar,Rabi,40.47,34.2,523.0,46.4,Sandy,6.34,43.66,55.6,42.64,Irrigated,2270.03,91876.24
Ahmednagar,2015,Jowar,Kharif,24.32,24.7,526.1,68.1,Red,7.67,53.82,44.27,9.47,Irrigated,1627.91,39584.21
Ahmednagar,2015,Maize,Rabi,25.99,24.2,548.8,41.3,Sandy,6.22,133.42,47.21,44.99,Irrigated,5012.23,130267.62
Ahmednagar,2015,Maize,Zaid,16.91,27.7,610.4,89.9,Laterite,6.46,146.39,73.76,30.23,Irrigated,5514.0,93269.11
Ahmednagar,2015,Maize,Kharif,21.57,19.0,585.0,52.5,Clayey,6.45,144.42,48.94,26.87,Partially Irrigated,3605.69,77773.41
Ahmednagar,2015,Rice,Rabi,35.61,25.7,844.5,55.6,Clayey,6.01,50.91,72.42,29.61,Irrigated,4186.08,149046.05
Ahmednagar,2015,Rice,Kharif,2.8,24.3,2031.6,70.0,Sandy,6.06,146.04,53.29,35.01,Irrigated,4866.42,13628.87
Ahmednagar,2015,Rice,Rabi,49.03,35.3,1626.8,57.4,Clayey,5.74,62.46,47.5,30.81,Rainfed,2421.06,118701.47
Ahmednagar,2015,Soybean,Rabi,7.09,25.7,587.9,49.1,Black,6.54,28.6,94.52,53.82,Rainfed,2051.35,14545.25
Ahmednagar,2015,Soybean,Kharif,10.87,22.9,739.3,64.1,Sandy,6.87,15.62,61.13,76.16,Rainfed,1828.08,19872.62
Ahmednagar,2015,Soybean,Zaid,26.39,24.0,542.6,61.4,Sandy,6.21,46.48,76.71,58.65,Irrigated,3837.5,101271.53
Ahmednagar,2015,Soybean,Zaid,13.66,27.8,698.8,68.7,Clayey,6.27,25.45,48.79,53.65,Rainfed,1685.75,23019.98
Ahmednagar,2015,Soybean,Kharif,37.5,30.9,741.2,69.4,Loamy,6.21,33.02,67.08,25.11,Partially Irrigated,1800.74,67527.74
Ahmednagar,2015,Sugarcane,Zaid,11.0,36.7,2197.3,70.8,Loamy,6.49,133.39,86.67,143.64,Rainfed,43727.46,480903.52
Ahmednagar,2015,Sugarcane,Kharif,46.82,24.7,1391.6,51.0,Red,6.8,285.96,88.23,134.14,Irrigated,89613.75,4195895.07
Ahmednagar,2015,Sunflower,Zaid,12.01,19.7,481.7,84.2,Red,7.18,35.98,56.03,88.08,Partially Irrigated,1215.24,14595.01
Ahmednagar,2015,Sunflower,Zaid,31.07,30.1,420.1,66.8,Black,6.67,44.78,65.38,53.92,Irrigated,1557.46,48388.7
Ahmednagar,2015,Sunflower,Rabi,1.27,23.4,584.9,65.1,Sandy,6.42,57.16,39.85,76.91,Rainfed,1161.36,1479.1
Ahmednagar,2015,Wheat,Rabi,46.82,28.0,711.6,43.4,Red,6.54,151.44,64.24,50.85,Partially Irrigated,2794.49,130829.97
Ahmednagar,2015,Wheat,Zaid,41.83,26.5,466.5,64.9,Clayey,7.11,88.75,94.81,54.17,Rainfed,2473.92,103489.81
Ahmednagar,2015,Wheat,Rabi,27.46,28.7,505.0,80.5,Black,7.37,115.59,59.13,34.99,Rainfed,1908.88,52413.59
Ahmednagar,2015,Wheat,Zaid,31.93,25.4,704.6,75.4,Laterite,6.76,103.65,86.0,42.98,Partially Irrigated,2922.37,93302.63
Ahmednagar,2015,Wheat,Rabi,14.44,13.4,300.8,68.6,Loamy,7.93,55.95,52.93,43.44,Partially Irrigated,1875.38,27075.36
Ahmednagar,2015,Wheat,Rabi,15.8,27.1,610.6,66.8,Sandy,6.67,99.44,65.52,38.07,Rainfed,2233.65,35284.17
Akola,2015,Bajra,Kharif,23.0,20.1,235.8,72.7,Sandy,6.67,58.31,50.89,30.16,Partially Irrigated,1258.72,28953.53
Akola,2015,Bajra,Zaid,43.55,30.3,404.6,87.7,Clayey,6.94,64.91,31.77,42.38,Irrigated,2510.12,109319.13
Akola,2015,Bajra,Kharif,29.82,36.6,552.0,68.8,Clayey,7.12,58.82,36.64,35.89,Partially Irrigated,1490.34,44441.0
Akola,2015,Bajra,Zaid,41.48,29.5,485.1,40.4,Sandy,6.74,32.22,43.07,28.32,Partially Irrigated,1369.53,56804.16
Akola,2015,Bajra,Rabi,39.08,29.7,514.1,47.9,Laterite,6.86,43.37,34.13,12.98,Rainfed,1048.11,40958.89
Akola,2015,Bajra,Zaid,1.97,34.4,406.4,43.1,Red,7.17,61.8,48.66,29.53,Irrigated,1976.44,3884.28
Akola,2015,Bajra,Rabi,2.25,29.0,604.9,63.2,Black,7.74,31.0,28.94,34.29,Rainfed,994.31,2232.75
Akola,2015,Cotton,Rabi,24.24,33.9,1272.7,82.7,Sandy,6.76,98.61,11.39,22.71,Irrigated,1163.52,28203.98
Akola,2015,Cotton,Kharif,38.94,28.5,1183.7,53.0,Sandy,6.73,106.09,29.18,43.18,Irrigated,2150.15,83732.27
Akola,2015,Cotton,Zaid,32.25,28.0,758.3,53.8,Laterite,6.87,29.8,45.77,10.87,Rainfed,834.28,26903.04
Akola,2015,Cotton,Rabi,27.65,29.4,577.9,56.1,Sandy,7.13,93.88,41.29,26.97,Rainfed,1299.08,35914.06
Akola,2015,Cotton,Zaid,18.63,29.0,360.2,83.8,Laterite,7.02,71.52,27.29,49.12,Irrigated,1476.04,27497.44
Akola,2015,Groundnut,Kharif,9.63,30.0,515.8,60.6,Red,6.72,29.21,61.47,68.0,Partially Irrigated,1906.06,18348.32
Akola,2015,Groundnut,Zaid,6.77,26.3,522.3,71.8,Laterite,6.82,33.23,15.96,88.29,Irrigated,1899.42,12863.34
Akola,2015,Groundnut,Rabi,19.79,34.3,846.1,66.7,Clayey,5.96,33.8,33.27,96.35,Irrigated,1846.06,36527.74
Akola,2015,Jowar,Zaid,47.83,28.0,551.5,42.2,Loamy,6.8,38.69,35.2,32.42,Irrigated,2407.27,115132.11
Akola,2015,Jowar,Kharif,15.2,25.5,415.0,60.6,Loamy,6.51,72.66,24.31,15.62,Rainfed,1521.14,23116.2
Akola,2015,Jowar,Zaid,18.47,30.5,492.8,58.9,Loamy,6.57,45.4,58.99,27.68,Rainfed,1640.01,30293.19
Akola,2015,Jowar,Rabi,7.9,31.0,424.3,68.8,Laterite,6.42,68.58,44.17,15.51,Partially Irrigated,1850.81,14617.4
Akola,2015,Maize,Zaid,34.48,18.2,583.9,89.9,Sandy,5.78,34.04,56.6,42.47,Partially Irrigated,2477.05,85412.43
Akola,2015,Maize,Kharif,46.55,23.4,735.9,58.8,Laterite,5.8,15.81,60.41,48.46,Irrigated,3236.51,150663.66
Akola,2015,Maize,Kharif,39.53,23.8,875.0,59.3,Sandy,5.99,75.52,43.69,64.99,Irrigated,3668.95,145019.68
Akola,2015,Maize,Rabi,3.85,24.4,494.4,59.0,Laterite,6.1,150.11,56.79,54.06,Irrigated,4812.41,18548.6
Akola,2015,Maize,Kharif,9.58,27.9,801.5,72.6,Clayey,5.52,70.45,46.47,39.73,Partially Irrigated,2686.41,25734.72
Akola,2015,Rice,Rabi,13.43,26.2,1996.4,52.0,Black,6.52,114.81,22.95,14.58,Partially Irrigated,3070.34,41241.08
Akola,2015,Rice,Kharif,36.41,21.8,1123.6,79.1,Sandy,6.65,136.45,59.28,54.48,Irrigated,5530.63,201355.89
Akola,2015,Soybean,Rabi,39.37,27.0,498.9,72.1,Loamy,6.98,34.42,46.32,86.73,Rainfed,2316.51,91192.81
Akola,2015,Soybean,Rabi,23.74,31.7,669.3,60.5,Laterite,6.19,33.54,91.73,57.3,Partially Irrigated,2634.53,62544.75
Akola,2015,Soybean,Zaid,24.05,29.6,454.8,66.1,Laterite,6.62,36.03,58.81,43.13,Rainfed,1674.89,40280.57
Akola,2015,Soybean,Rabi,2.92,27.0,601.9,41.9,Clayey,6.5,34.8,81.62,68.91,Irrigated,3589.99,10480.67
Akola,2015,Sugarcane,Zaid,29.21,31.1,2190.4,55.0,Red,6.92,298.35,69.35,141.79,Partially Irrigated,73865.73,2157337.62
Akola,2015,Sugarcane,Kharif,39.09,34.7,2113.6,52.4,Clayey,6.52,286.75,56.05,84.97,Partially Irrigated,80530.56,3147643.64
Akola,2015,Sugarcane,Rabi,34.29,29.9,1701.2,54.6,Laterite,7.17,196.93,93.35,83.31,Partially Irrigated,70156.99,2405999.2
Akola,2015,Sugarcane,Kharif,15.62,26.4,628.8,89.3,Black,6.4,182.61,112.21,163.84,Rainfed,60720.8,948385.64
Akola,2015,Sunflower,Rabi,28.86,25.8,511.3,76.3,Black,6.91,65.9,50.07,38.56,Partially Irrigated,1260.54,36375.52
Akola,2015,Sunflower,Zaid,18.88,28.9,377.6,42.9,Black,6.14,81.79,45.42,67.78,Rainfed,1159.01,21881.55
Akola,2015,Wheat,Rabi,1.54,15.4,512.2,73.2,Black,6.32,145.97,57.39,64.57,Rainfed,2562.95,3946.05
Amravati,2015,Bajra,Rabi,48.15,32.8,392.9,70.4,Red,7.72,41.28,59.53,34.18,Irrigated,2076.69,99994.98
Amravati,2015,Bajra,Kharif,18.1,34.7,359.8,43.7,Clayey,7.38,65.54,30.9,39.53,Rainfed,1505.47,27247.04
Amravati,2015,Bajra,Zaid,49.33,40.5,574.5,67.7,Red,7.59,59.61,34.81,27.47,Rainfed,1283.53,63316.6
Amravati,2015,Bajra,Kharif,19.04,30.5,406.7,58.1,Clayey,7.52,63.03,31.87,31.16,Rainfed,1203.78,22925.71
Amravati,2015,Cotton,Kharif,20.34,34.2,795.7,60.6,Clayey,6.68,81.26,30.93,44.33,Partially Irrigated,1572.04,31981.61
Amravati,2015,Cotton,Zaid,3.32,17.3,1041.7,44.3,Red,6.67,101.64,30.87,43.34,Partially Irrigated,1611.74,5347.81
Amravati,2015,Cotton,Kharif,35.33,28.7,583.2,67.6,Red,6.73,41.64,32.42,45.82,Rainfed,1166.38,41205.07
Amravati,2015,Cotton,Zaid,48.22,34.3,910.7,51.4,Black,7.09,65.9,44.95,44.7,Rainfed,1728.41,83342.47
Amravati,2015,Cotton,Rabi,21.61,33.4,633.6,81.0,Laterite,7.28,83.06,12.6,69.39,Rainfed,1646.84,35583.13
Amravati,2015,Groundnut,Zaid,39.37,30.3,874.4,84.8,Clayey,6.02,51.94,57.2,66.35,Rainfed,1508.34,59380.13
Amravati,2015,Groundnut,Rabi,4.87,27.1,654.4,76.2,Sandy,6.42,15.09,60.08,83.56,Partially Irrigated,2153.06,10483.84
Amravati,2015,Jowar,Rabi,43.48,27.4,402.0,72.0,Sandy,6.08,64.37,32.96,37.91,Irrigated,2774.35,120641.36
Amravati,2015,Jowar,Kharif,12.39,23.9,412.6,87.3,Clayey,7.26,46.44,34.59,16.25,Irrigated,1875.39,23227.24
Amravati,2015,Jowar,Kharif,11.96,24.9,377.3,43.1,Black,6.82,60.54,49.94,36.87,Rainfed,2006.26,23987.57
Amravati,2015,Jowar,Kharif,10.8,25.4,511.6,82.2,Black,7.16,44.83,32.59,30.15,Partially Irrigated,1806.22,19498.86
Amravati,2015,Jowar,Kharif,34.91,26.9,624.2,48.3,Loamy,6.61,29.6,25.31,45.84,Rainfed,1523.06,53164.92
Amravati,2015,Rice,Zaid,4.16,27.7,1670.6,68.0,Black,7.45,113.1,36.45,34.99,Rainfed,3335.42,13877.13
Amravati,2015,Rice,Zaid,21.78,26.2,1526.8,62.2,Sandy,6.44,152.31,57.04,53.22,Irrigated,5913.64,128815.44
Amravati,2015,Soybean,Rabi,40.81,24.9,857.3,84.3,Clayey,5.88,38.73,51.82,35.53,Rainfed,1551.3,63309.18
Amravati,2015,Sugarcane,Zaid,35.31,27.6,2203.3,71.1,Loamy,6.51,82.29,90.43,89.87,Rainfed,42985.11,1517647.21
Amravati,2015,Sugarcane,Kharif,35.73,24.1,1487.0,51.9,Clayey,6.59,285.29,95.92,91.66,Irrigated,80008.49,2858318.64
Amravati,2015,Sunflower,Zaid,18.9,16.6,304.0,71.3,Sandy,7.18,96.81,37.76,79.4,Rainfed,1182.79,22359.64
Amravati,2015,Sunflower,Zaid,6.96,19.9,544.4,53.8,Sandy,6.24,99.89,60.35,47.53,Partially Irrigated,1597.21,11119.73
Amravati,2015,Sunflower,Zaid,25.45,25.4,564.6,73.1,Clayey,6.57,98.18,39.0,45.8,Irrigated,1925.54,49003.22
Amravati,2015,Wheat,Rabi,42.57,22.9,448.3,70.6,Laterite,6.87,161.95,84.76,53.87,Rainfed,3277.8,139546.72
Amravati,2015,Wheat,Kharif,6.67,19.6,612.3,59.4,Clayey,6.38,105.83,92.29,51.06,Irrigated,4382.92,29221.9
Aurangabad,2015,Bajra,Kharif,27.07,38.3,361.1,40.4,Sandy,6.95,62.38,43.8,33.32,Rainfed,1221.48,33060.06
Aurangabad,2015,Cotton,Zaid,36.28,25.5,866.8,43.1,Laterite,6.73,94.32,27.77,75.17,Irrigated,2969.91,107742.9
Aurangabad,2015,Cotton,Zaid,19.95,28.2,681.4,61.2,Laterite,7.5,54.53,55.67,41.84,Rainfed,1626.61,32448.27
Aurangabad,2015,Cotton,Zaid,31.41,28.9,883.2,71.0,Laterite,6.75,27.34,45.06,47.74,Irrigated,1712.92,53795.88
Aurangabad,2015,Groundnut,Kharif,1.33,32.2,700.2,69.5,Clayey,7.41,15.33,72.79,97.27,Partially Irrigated,2013.27,2686.06
Aurangabad,2015,Groundnut,Zaid,22.75,27.5,528.3,86.4,Sandy,6.53,27.98,42.51,88.78,Irrigated,2218.54,50476.8
Aurangabad,2015,Groundnut,Kharif,15.08,22.5,623.7,52.4,Loamy,6.14,33.82,46.8,79.94,Partially Irrigated,1962.79,29604.58
Aurangabad,2015,Groundnut,Rabi,36.48,26.6,654.1,49.4,Laterite,6.01,44.21,80.4,93.46,Partially Irrigated,2654.64,96839.58
Aurangabad,2015,Groundnut,Rabi,19.66,29.4,525.4,70.0,Sandy,6.39,23.39,48.4,88.99,Irrigated,2213.62,43519.68
Aurangabad,2015,Groundnut,Zaid,38.66,28.7,664.8,66.1,Sandy,5.92,38.86,59.31,40.04,Rainfed,1939.86,74999.7
Aurangabad,2015,Groundnut,Kharif,5.63,28.0,642.5,74.4,Clayey,6.61,46.64,56.16,50.71,Irrigated,2998.18,16876.54
Aurangabad,2015,Jowar,Zaid,36.77,28.8,425.9,47.9,Red,6.83,45.33,48.39,35.4,Rainfed,1687.28,62044.59
Aurangabad,2015,Jowar,Rabi,28.92,18.9,712.0,88.8,Clayey,6.54,66.66,57.73,47.54,Rainfed,1879.81,54357.14
Aurangabad,2015,Jowar,Kharif,30.32,27.9,449.6,43.1,Clayey,6.84,38.74,21.93,30.71,Partially Irrigated,1618.61,49078.07
Aurangabad,2015,Jowar,Rabi,49.81,24.9,452.8,55.6,Black,6.56,60.53,56.2,19.4,Irrigated,3078.02,153321.83
Aurangabad,2015,Jowar,Kharif,25.64,25.8,446.9,78.5,Sandy,6.42,73.46,30.45,41.16,Rainfed,1629.79,41786.62
Aurangabad,2015,Maize,Rabi,41.5,22.2,894.2,82.4,Loamy,6.54,124.64,67.9,36.39,Irrigated,5356.65,222293.19
Aurangabad,2015,Maize,Zaid,39.29,26.0,937.0,84.2,Laterite,5.92,94.96,42.39,61.66,Rainfed,2319.66,91150.09
Aurangabad,2015,Maize,Kharif,37.7,21.0,506.2,44.9,Loamy,6.76,77.27,42.75,23.7,Partially Irrigated,2725.34,102749.66
Aurangabad,2015,Rice,Zaid,20.47,35.4,1420.1,40.9,Laterite,5.48,115.1,18.18,54.39,Rainfed,2792.95,57176.17
Aurangabad,2015,Soybean,Rabi,3.39,24.3,628.8,81.6,Black,6.94,33.58,95.99,44.31,Rainfed,2365.22,8025.09
Aurangabad,2015,Sugarcane,Zaid,13.49,28.9,2077.8,83.6,Loamy,6.5,234.16,93.47,118.19,Partially Irrigated,81644.89,1101326.72
Aurangabad,2015,Sugarcane,Rabi,47.55,31.7,1678.0,71.6,Red,5.85,282.43,70.13,96.07,Partially Irrigated,62446.27,2969013.25
Aurangabad,2015,Sugarcane,Zaid,42.4,30.0,2405.3,52.4,Loamy,7.53,157.76,75.76,130.74,Partially Irrigated,62197.38,2637297.13
Aurangabad,2015,Sugarcane,Zaid,3.6,35.4,1643.2,48.6,Sandy,5.98,246.57,94.11,117.55,Partially Irrigated,74083.88,266402.72
Aurangabad,2015,Sugarcane,Kharif,42.94,27.0,2616.1,61.7,Sandy,7.23,235.26,90.27,157.8,Irrigated,99796.58,4285246.09
Aurangabad,2015,Sunflower,Rabi,21.67,23.3,537.7,84.5,Black,7.44,114.33,39.9,55.31,Partially Irrigated,1381.27,29938.5
Aurangabad,2015,Wheat,Zaid,44.22,18.5,496.0,68.6,Black,6.29,56.31,48.11,60.86,Partially Irrigated,2851.89,126099.27
Aurangabad,2015,Wheat,Kharif,35.85,26.2,652.0,85.2,Clayey,6.53,100.18,77.46,64.27,Partially Irrigated,3126.74,112078.63
Aurangabad,2015,Wheat,Kharif,11.26,19.2,386.5,71.0,Loamy,6.54,146.04,99.26,45.48,Rainfed,3407.54,38365.62
Aurangabad,2015,Wheat,Rabi,46.0,18.8,689.4,55.5,Sandy,6.48,146.52,74.31,57.73,Partially Irrigated,3952.95,181848.58
Aurangabad,2015,Wheat,Zaid,48.58,18.3,465.4,56.8,Red,6.45,162.93,51.32,58.01,Rainfed,3058.76,148604.93
Dhule,2015,Bajra,Rabi,46.61,25.0,484.4,73.2,Red,6.85,72.05,40.87,39.54,Irrigated,2741.97,127792.96
Dhule,2015,Bajra,Zaid,2.39,31.1,556.7,80.8,Clayey,8.48,69.61,46.63,32.45,Rainfed,1289.07,3085.55
Dhule,2015,Bajra,Rabi,32.46,34.6,552.2,74.7,Red,7.54,61.4,28.0,30.29,Irrigated,1588.64,51562.2
Dhule,2015,Bajra,Kharif,5.7,29.3,432.4,42.2,Loamy,7.4,57.43,33.53,16.51,Irrigated,1830.84,10440.4
Dhule,2015,Bajra,Zaid,20.57,25.9,629.3,58.1,Clayey,6.74,60.06,61.58,33.41,Rainfed,1232.98,25366.64
Dhule,2015,Groundnut,Rabi,16.59,28.7,747.4,54.4,Black,6.82,27.05,32.72,73.74,Rainfed,1158.09,19218.36
Dhule,2015,Groundnut,Zaid,20.75,30.5,817.6,78.4,Laterite,6.63,29.97,34.12,24.2,Irrigated,1575.62,32695.21
Dhule,2015,Groundnut,Zaid,49.2,18.1,662.3,53.1,Clayey,5.8,42.43,45.21,68.62,Rainfed,1546.04,76057.65
Dhule,2015,Groundnut,Zaid,14.84,25.9,510.8,56.3,Laterite,6.69,23.73,27.13,90.81,Rainfed,1511.98,22442.66
Dhule,2015,Groundnut,Zaid,4.02,27.3,384.3,63.5,Loamy,5.99,30.29,40.11,90.5,Rainfed,1624.01,6531.66
Dhule,2015,Jowar,Kharif,15.51,25.2,566.2,81.6,Black,7.93,88.78,67.35,23.74,Partially Irrigated,2473.4,38355.38
Dhule,2015,Jowar,Kharif,7.6,28.9,554.1,80.7,Red,7.44,94.29,27.59,40.54,Partially Irrigated,2869.12,21814.02
Dhule,2015,Jowar,Zaid,32.17,26.7,446.5,83.5,Sandy,7.91,42.96,61.3,30.29,Irrigated,2451.31,78860.45
Dhule,2015,Jowar,Zaid,44.31,25.2,456.0,70.0,Red,7.58,51.79,62.31,23.13,Irrigated,2299.91,101909.82
Dhule,2015,Jowar,Rabi,30.15,25.2,480.0,69.8,Sandy,7.22,62.63,36.34,19.12,Rainfed,1548.89,46699.41
Dhule,2015,Maize,Kharif,31.06,24.2,633.2,41.4,Laterite,6.74,90.24,74.3,40.73,Partially Irrigated,4560.77,141642.38
Dhule,2015,Maize,Rabi,33.31,27.3,867.0,69.9,Clayey,7.01,65.52,46.07,52.99,Irrigated,3351.16,111636.63
Dhule,2015,Maize,Kharif,18.02,29.9,932.6,46.0,Black,6.84,43.75,57.83,41.85,Partially Irrigated,2590.55,46688.11
Dhule,2015,Maize,Kharif,17.66,25.0,528.9,70.1,Black,6.2,65.65,22.61,55.45,Rainfed,2114.65,37345.67
Dhule,2015,Rice,Kharif,40.94,26.2,1556.8,41.8,Laterite,6.51,76.95,50.74,29.72,Irrigated,3560.25,145740.39
Dhule,2015,Sugarcane,Zaid,22.14,27.2,1940.8,73.7,Black,7.64,129.14,81.37,33.66,Partially Irrigated,41190.32,911914.78
Dhule,2015,Sugarcane,Kharif,27.92,35.9,2223.4,60.9,Black,7.43,95.59,94.26,136.69,Partially Irrigated,55645.98,1553732.17
Dhule,2015,Sunflower,Kharif,48.08,21.0,499.9,62.0,Sandy,7.23,78.78,57.83,48.18,Partially Irrigated,1383.89,66531.59
Dhule,2015,Sunflower,Kharif,25.24,24.5,469.7,73.8,Clayey,6.31,99.45,70.21,50.24,Irrigated,2004.82,50595.81
Dhule,2015,Wheat,Rabi,37.96,21.3,629.8,43.6,Sandy,6.74,174.88,65.73,66.43,Irrigated,5191.08,197052.53
Dhule,2015,Wheat,Zaid,37.6,21.2,608.7,41.7,Clayey,7.0,147.8,80.84,61.31,Partially Irrigated,4577.6,172097.29
Dhule,2015,Wheat,Rabi,27.58,24.3,508.7,49.6,Loamy,6.55,123.06,83.68,55.04,Partially Irrigated,3753.88,103535.22
Jalgaon,2015,Cotton,Zaid,35.57,25.3,1002.7,56.5,Black,6.45,112.03,33.43,24.98,Partially Irrigated,1730.48,61552.48
Jalgaon,2015,Cotton,Zaid,4.05,29.4,632.9,56.0,Loamy,7.35,89.5,41.92,57.81,Partially Irrigated,1883.0,7624.09
Jalgaon,2015,Cotton,Kharif,40.08,32.4,649.6,69.6,Loamy,6.19,86.32,42.22,39.2,Rainfed,1400.8,56142.2
Jalgaon,2015,Groundnut,Rabi,37.86,27.9,758.6,66.4,Loamy,6.84,40.61,88.15,48.87,Partially Irrigated,1974.58,74766.25
Jalgaon,2015,Jowar,Kharif,40.59,35.9,624.5,42.0,Laterite,6.32,46.22,35.99,20.45,Partially Irrigated,1252.97,50857.63
Jalgaon,2015,Jowar,Zaid,40.62,22.3,530.2,65.9,Loamy,6.99,65.3,31.69,49.98,Irrigated,2295.9,93249.4
Jalgaon,2015,Jowar,Kharif,24.49,27.9,439.5,43.6,Clayey,7.06,62.04,40.84,25.76,Partially Irrigated,2185.07,53521.41
Jalgaon,2015,Maize,Rabi,24.55,25.3,528.6,60.9,Clayey,6.38,109.56,53.35,68.94,Rainfed,3154.09,77424.82
Jalgaon,2015,Maize,Rabi,46.44,25.1,774.1,55.3,Black,5.83,94.8,50.02,84.2,Rainfed,3169.8,147192.96
Jalgaon,2015,Maize,Kharif,9.95,22.7,639.7,88.8,Clayey,7.16,132.53,69.68,50.59,Partially Irrigated,5059.32,50338.59
Jalgaon,2015,Rice,Zaid,39.61,28.0,1803.6,64.1,Loamy,6.29,82.68,71.18,42.96,Rainfed,3430.8,135883.4
Jalgaon,2015,Rice,Zaid,33.37,24.8,1964.7,53.1,Clayey,6.99,99.12,44.85,51.61,Rainfed,3279.66,109452.36
Jalgaon,2015,Rice,Zaid,39.49,31.3,1581.9,82.2,Sandy,6.57,100.91,53.21,77.77,Partially Irrigated,4160.73,164301.64
Jalgaon,2015,Rice,Kharif,11.5,27.1,477.0,77.2,Clayey,6.36,67.31,33.19,73.27,Rainfed,2782.16,32004.32
Jalgaon,2015,Soybean,Rabi,5.34,18.9,688.3,48.0,Laterite,7.37,51.64,74.56,43.03,Partially Irrigated,2547.14,13595.61
Jalgaon,2015,Soybean,Rabi,4.15,26.0,751.5,42.8,Clayey,5.42,15.49,64.78,33.42,Irrigated,1567.81,6507.97
Jalgaon,2015,Soybean,Kharif,8.49,27.0,352.9,58.8,Sandy,6.46,23.01,33.3,47.97,Irrigated,1827.95,15519.04
Jalgaon,2015,Soybean,Zaid,26.35,20.9,547.4,77.5,Red,6.67,33.28,109.88,43.97,Partially Irrigated,2296.15,60505.73
Jalgaon,2015,Soybean,Zaid,44.82,26.8,813.2,70.5,Laterite,6.49,51.13,88.15,64.73,Partially Irrigated,2223.13,99638.27
Jalgaon,2015,Sugarcane,Zaid,30.71,27.4,2264.8,65.1,Laterite,6.22,181.69,65.37,94.39,Irrigated,56827.64,1744971.85
Jalgaon,2015,Sugarcane,Kharif,31.9,28.8,2372.4,51.1,Laterite,6.91,239.44,75.01,73.2,Rainfed,55210.75,1761155.02
Jalgaon,2015,Sugarcane,Rabi,23.79,43.2,1516.8,69.9,Red,6.79,260.09,42.0,107.49,Rainfed,43135.07,1026276.0
Jalgaon,2015,Sunflower,Kharif,2.48,26.9,410.9,80.7,Clayey,6.37,62.24,56.78,73.14,Partially Irrigated,1627.28,4030.6
Jalgaon,2015,Wheat,Zaid,32.86,15.7,367.7,64.3,Laterite,5.96,103.94,40.69,36.26,Irrigated,2387.67,78464.45
Jalgaon,2015,Wheat,Kharif,44.65,24.1,367.6,77.0,Laterite,7.03,166.13,71.18,36.45,Partially Irrigated,2595.3,115877.37
Jalgaon,2015,Wheat,Rabi,5.64,21.5,514.1,54.0,Clayey,6.32,184.61,48.21,43.43,Rainfed,3413.3,19256.46
Jalgaon,2015,Wheat,Rabi,39.32,23.9,575.5,62.4,Red,6.59,196.01,57.09,25.72,Rainfed,2440.64,95961.17
Jalgaon,2015,Wheat,Zaid,1.46,19.0,488.5,77.1,Laterite,7.07,127.12,60.85,44.74,Rainfed,2881.0,4202.48
Kolhapur,2015,Bajra,Zaid,28.24,35.5,510.1,45.8,Laterite,7.1,44.48,29.8,24.26,Partially Irrigated,1066.65,30117.92
Kolhapur,2015,Bajra,Rabi,20.98,28.3,407.6,52.2,Sandy,7.79,27.27,41.08,20.48,Irrigated,1545.69,32435.37
Kolhapur,2015,Bajra,Kharif,30.52,34.7,316.4,62.9,Loamy,7.38,81.9,46.67,33.9,Partially Irrigated,1969.35,60098.89
Kolhapur,2015,Cotton,Zaid,38.88,31.7,1150.6,75.8,Sandy,6.27,58.38,37.25,52.85,Irrigated,1638.09,63695.71
Kolhapur,2015,Cotton,Rabi,16.32,33.5,950.7,57.3,Black,7.07,74.71,30.85,35.57,Partially Irrigated,1970.22,32148.85
Kolhapur,2015,Cotton,Kharif,3.61,33.1,924.6,70.1,Black,7.93,52.4,42.45,36.13,Partially Irrigated,1693.7,6106.54
Kolhapur,2015,Groundnut,Zaid,24.74,25.5,764.9,58.8,Red,6.16,26.45,61.44,69.65,Rainfed,1450.36,35884.38
Kolhapur,2015,Groundnut,Zaid,34.97,23.4,330.7,69.3,Loamy,7.06,23.48,61.61,56.37,Partially Irrigated,1212.15,42389.83
Kolhapur,2015,Jowar,Kharif,27.27,33.3,614.2,77.7,Clayey,6.95,52.09,42.99,31.52,Rainfed,1575.64,42974.46
Kolhapur,2015,Jowar,Rabi,12.21,21.3,571.8,42.1,Laterite,7.28,54.94,46.34,24.13,Irrigated,2186.61,26690.61
Kolhapur,2015,Jowar,Kharif,41.01,23.4,430.7,49.9,Black,7.07,61.12,55.01,16.77,Irrigated,2578.03,105729.5
Kolhapur,2015,Jowar,Kharif,2.94,25.4,536.2,58.9,Sandy,7.11,37.57,57.5,30.55,Partially Irrigated,2069.14,6073.88
Kolhapur,2015,Jowar,Rabi,28.42,32.4,308.8,66.7,Loamy,6.95,72.19,51.64,45.47,Partially Irrigated,2375.69,67506.9
Kolhapur,2015,Jowar,Rabi,12.08,29.1,707.5,83.1,Clayey,6.99,81.73,47.5,22.76,Rainfed,1699.87,20540.3
Kolhapur,2015,Maize,Rabi,39.37,26.3,506.1,46.2,Clayey,6.74,85.97,37.93,51.28,Partially Irrigated,3511.07,138248.07
Kolhapur,2015,Maize,Rabi,9.88,27.7,705.2,66.5,Sandy,7.22,97.98,43.8,36.22,Rainfed,2899.74,28649.22
Kolhapur,2015,Rice,Zaid,19.71,21.2,1962.1,41.5,Sandy,6.65,102.13,55.72,51.17,Partially Irrigated,3205.92,63188.96
Kolhapur,2015,Rice,Rabi,18.08,29.6,1547.1,60.4,Sandy,6.31,62.75,36.06,39.53,Irrigated,3699.43,66884.9
Kolhapur,2015,Rice,Zaid,8.96,28.8,1471.3,66.3,Red,6.01,107.86,55.41,67.18,Partially Irrigated,4541.81,40704.92
Kolhapur,2015,Soybean,Kharif,47.75,22.8,489.5,57.0,Laterite,6.62,29.12,84.39,63.26,Irrigated,2744.53,131060.78
Kolhapur,2015,Soybean,Kharif,32.26,24.9,651.5,60.9,Black,6.51,31.79,44.49,39.07,Irrigated,2067.8,66702.92
Kolhapur,2015,Soybean,Zaid,44.22,25.1,595.1,73.6,Loamy,6.35,14.81,115.54,37.95,Partially Irrigated,2337.94,103388.81
Kolhapur,2015,Sugarcane,Zaid,30.24,31.8,2000.7,74.2,Laterite,7.36,169.79,65.52,80.9,Rainfed,49188.76,1487568.67
Kolhapur,2015,Sugarcane,Zaid,22.78,26.9,1698.1,73.5,Loamy,6.59,55.7,47.17,66.81,Irrigated,42353.86,964800.45
Kolhapur,2015,Sugarcane,Rabi,37.79,30.5,2339.2,69.1,Loamy,6.56,255.14,75.79,49.85,Irrigated,67048.55,2533970.91
Kolhapur,2015,Sugarcane,Rabi,36.94,33.6,2233.8,50.1,Sandy,7.67,124.57,92.61,136.42,Rainfed,45202.6,1669578.34
Kolhapur,2015,Sugarcane,Kharif,17.77,31.7,2993.8,89.2,Red,7.23,282.04,83.62,130.98,Irrigated,75055.33,1334012.85
Kolhapur,2015,Sunflower,Kharif,37.09,21.0,484.3,89.2,Laterite,8.02,92.57,41.18,48.0,Partially Irrigated,1220.78,45273.69
Kolhapur,2015,Sunflower,Rabi,41.27,29.4,574.6,53.6,Loamy,6.2,101.37,52.58,58.3,Partially Irrigated,1392.67,57475.18
Kolhapur,2015,Sunflower,Zaid,14.76,26.6,741.8,40.7,Red,7.29,116.7,52.3,46.09,Partially Irrigated,1350.41,19931.34
Kolhapur,2015,Sunflower,Zaid,41.33,26.9,536.1,47.0,Black,6.55,80.66,43.25,66.46,Partially Irrigated,1282.77,53012.17
Kolhapur,2015,Sunflower,Rabi,29.99,26.8,572.2,80.4,Laterite,6.71,85.05,64.03,44.68,Partially Irrigated,1641.5,49225.7
Kolhapur,2015,Sunflower,Rabi,14.16,26.9,361.2,58.2,Loamy,6.72,97.86,90.16,83.39,Rainfed,1365.72,19338.71
Kolhapur,2015,Wheat,Kharif,35.01,21.7,361.9,55.7,Loamy,6.97,152.82,51.55,57.65,Rainfed,2517.83,88137.11
Kolhapur,2015,Wheat,Rabi,18.13,26.9,640.5,53.6,Black,6.11,116.2,54.4,56.29,Irrigated,2666.47,48352.86
Nagpur,2015,Bajra,Zaid,11.54,33.6,522.2,57.3,Clayey,6.22,47.72,24.03,32.11,Partially Irrigated,1377.15,15885.76
Nagpur,2015,Bajra,Rabi,44.03,28.6,360.2,52.8,Red,7.34,36.7,21.95,32.64,Partially Irrigated,1388.4,61137.58
Nagpur,2015,Bajra,Rabi,20.45,35.1,393.5,73.3,Black,7.75,66.68,16.29,36.92,Partially Irrigated,1240.4,25367.57
Nagpur,2015,Bajra,Kharif,43.75,33.1,276.1,76.0,Clayey,6.61,91.05,41.72,35.12,Rainfed,1391.84,60886.49
Nagpur,2015,Cotton,Rabi,36.83,25.6,637.6,74.9,Sandy,7.48,32.81,69.15,55.6,Irrigated,2367.12,87173.41
Nagpur,2015,Cotton,Zaid,12.15,27.4,722.7,72.0,Red,6.32,109.47,45.86,61.21,Partially Irrigated,2151.06,26133.63
Nagpur,2015,Cotton,Zaid,28.65,20.3,875.9,69.6,Red,7.11,80.17,55.12,39.57,Partially Irrigated,1952.89,55959.13
Nagpur,2015,Cotton,Kharif,31.11,27.4,864.5,42.4,Clayey,6.74,111.04,43.17,35.26,Irrigated,2774.39,86315.29
Nagpur,2015,Cotton,Kharif,1.31,27.2,760.6,80.7,Clayey,6.86,18.48,41.02,19.21,Rainfed,928.81,1215.76
Nagpur,2015,Groundnut,Zaid,49.62,14.4,458.8,71.0,Loamy,6.51,28.6,28.38,89.3,Partially Irrigated,1356.73,67327.32
Nagpur,2015,Jowar,Zaid,29.88,35.0,551.2,80.6,Red,6.44,79.25,27.69,33.33,Rainfed,1641.85,49050.28
Nagpur,2015,Jowar,Kharif,27.98,27.4,516.7,57.5,Black,7.46,80.4,26.12,38.19,Partially Irrigated,2923.35,81802.08
Nagpur,2015,Maize,Rabi,7.91,25.2,705.2,65.5,Loamy,5.75,103.64,43.32,53.52,Partially Irrigated,4155.2,32868.5
Nagpur,2015,Maize,Kharif,26.68,24.9,522.6,77.9,Red,7.11,185.69,37.8,58.1,Irrigated,5510.95,147039.33
Nagpur,2015,Maize,Kharif,5.05,24.2,706.5,76.1,Loamy,6.69,77.99,59.01,50.64,Rainfed,2939.73,14856.01
Nagpur,2015,Maize,Rabi,8.9,22.4,649.9,87.4,Red,6.39,51.29,39.87,55.04,Rainfed,2578.87,22948.54
Nagpur,2015,Maize,Rabi,23.62,29.1,476.3,70.7,Black,5.72,71.7,55.45,61.31,Irrigated,3985.74,94125.79
Nagpur,2015,Rice,Rabi,10.08,24.8,1146.2,58.5,Red,6.04,106.15,44.28,0.0,Irrigated,3286.55,33143.51
Nagpur,2015,Rice,Rabi,9.23,24.9,1764.5,61.5,Red,7.15,108.07,52.73,53.06,Irrigated,4916.91,45380.31
Nagpur,2015,Soybean,Rabi,2.24,25.5,335.2,66.1,Black,7.25,34.75,98.34,74.92,Irrigated,2687.63,6011.23
Nagpur,2015,Soybean,Rabi,18.46,27.2,444.4,70.8,Red,5.29,26.59,76.36,53.04,Partially Irrigated,2018.49,37253.83
Nagpur,2015,Soybean,Rabi,24.82,21.7,515.0,43.8,Loamy,6.15,17.98,79.11,65.64,Irrigated,2447.79,60759.12
Nagpur,2015,Soybean,Rabi,6.62,23.0,424.2,73.0,Sandy,7.0,15.46,103.76,14.16,Irrigated,1661.18,11001.44
Nagpur,2015,Sugarcane,Kharif,6.02,26.6,2036.4,55.1,Laterite,6.21,262.15,109.09,130.94,Irrigated,95955.57,577875.14
Nagpur,2015,Sugarcane,Rabi,10.75,28.9,2178.8,71.3,Sandy,6.79,162.1,71.11,108.11,Partially Irrigated,58793.88,632220.69
Nagpur,2015,Sugarcane,Kharif,43.63,28.9,2289.5,49.4,Loamy,6.6,139.53,87.02,108.12,Partially Irrigated,51672.28,2254284.83
Nagpur,2015,Sugarcane,Zaid,7.69,29.0,2098.3,52.4,Red,7.54,250.31,73.7,80.73,Rainfed,53429.87,410993.86
Nagpur,2015,Sugarcane,Zaid,7.9,27.3,2389.9,52.8,Loamy,7.23,148.55,73.3,85.94,Partially Irrigated,52669.72,415949.03
Nagpur,2015,Sunflower,Kharif,8.09,24.9,399.5,51.9,Red,6.34,52.85,38.16,57.7,Partially Irrigated,1207.54,9772.23
Nagpur,2015,Sunflower,Kharif,23.88,19.5,498.9,74.7,Red,5.86,131.62,39.19,24.09,Partially Irrigated,1421.56,33950.36
Nagpur,2015,Sunflower,Rabi,6.2,30.0,536.9,54.5,Sandy,6.99,102.14,46.42,29.06,Irrigated,1319.62,8183.34
Nagpur,2015,Sunflower,Rabi,12.61,27.6,359.6,69.8,Black,6.16,83.87,69.35,39.75,Irrigated,1691.74,21338.71
Nagpur,2015,Sunflower,Kharif,33.75,27.9,475.0,72.3,Laterite,6.38,88.09,35.48,67.63,Irrigated,1750.15,59069.02
Nagpur,2015,Sunflower,Kharif,11.59,23.4,423.9,56.8,Clayey,7.41,94.72,71.7,59.13,Partially Irrigated,1618.26,18753.13
Nagpur,2015,Wheat,Rabi,6.38,18.7,660.1,74.2,Loamy,6.57,119.33,34.88,58.87,Partially Irrigated,2985.02,19054.24
Nagpur,2015,Wheat,Zaid,48.1,20.8,694.7,61.0,Black,7.18,112.94,68.61,30.34,Irrigated,3202.84,154068.43
Nagpur,2015,Wheat,Zaid,5.67,18.2,511.7,56.1,Loamy,6.97,126.36,35.59,42.69,Rainfed,2270.44,12863.59
Nashik,2015,Bajra,Zaid,28.46,36.8,397.5,80.0,Red,6.06,71.32,42.4,32.97,Rainfed,1598.32,45492.53
Nashik,2015,Cotton,Rabi,24.98,34.6,950.4,51.9,Loamy,6.6,113.22,56.86,56.71,Irrigated,2647.88,66152.48
Nashik,2015,Cotton,Kharif,3.18,20.9,471.1,63.0,Red,6.58,119.3,59.24,40.86,Partially Irrigated,1622.41,5156.62
Nashik,2015,Cotton,Zaid,5.52,32.5,843.2,87.3,Laterite,7.97,55.91,55.61,42.29,Rainfed,1696.94,9360.3
Nashik,2015,Cotton,Kharif,38.66,33.9,640.8,86.1,Laterite,7.27,78.38,28.82,37.3,Irrigated,1727.65,66793.97
Nashik,2015,Groundnut,Zaid,17.46,25.3,470.6,42.5,Laterite,6.55,35.27,45.31,96.87,Rainfed,1903.85,33235.18
Nashik,2015,Groundnut,Rabi,28.52,29.9,545.9,67.7,Clayey,6.68,45.58,48.09,74.94,Irrigated,2281.22,65051.14
Nashik,2015,Groundnut,Zaid,9.49,33.0,423.0,73.6,Laterite,6.3,27.17,33.16,66.63,Partially Irrigated,1437.47,13640.74
Nashik,2015,Jowar,Zaid,40.08,20.9,547.5,47.3,Loamy,7.32,86.95,25.09,14.69,Irrigated,1687.63,67639.47
Nashik,2015,Jowar,Rabi,41.81,33.2,386.9,44.7,Laterite,6.36,80.08,33.0,33.6,Irrigated,2677.43,111932.64
Nashik,2015,Jowar,Zaid,43.84,35.0,606.3,74.4,Laterite,6.49,81.15,62.3,43.44,Partially Irrigated,2139.9,93823.71
Nashik,2015,Jowar,Rabi,9.93,26.2,496.3,41.0,Loamy,7.63,87.6,25.0,44.54,Rainfed,2096.83,20822.76
Nashik,2015,Maize,Zaid,2.88,31.2,580.5,69.2,Black,6.19,92.56,50.4,60.27,Irrigated,3583.19,10309.07
Nashik,2015,Maize,Kharif,9.71,25.5,596.8,52.6,Sandy,7.34,99.93,37.73,51.85,Rainfed,2654.49,25780.7
Nashik,2015,Maize,Rabi,29.06,25.1,567.9,44.2,Clayey,6.88,98.41,44.14,53.05,Rainfed,2838.97,82514.35
Nashik,2015,Maize,Kharif,42.02,23.3,496.2,73.4,Black,6.89,121.11,45.44,82.16,Irrigated,5374.54,225841.26
Nashik,2015,Maize,Zaid,38.91,27.1,799.7,63.7,Black,6.76,87.46,31.42,29.53,Rainfed,2353.46,91569.89
Nashik,2015,Maize,Kharif,5.11,28.7,620.8,81.5,Red,6.13,84.97,57.77,34.57,Rainfed,2622.33,13401.47
Nashik,2015,Rice,Zaid,4.59,34.1,1878.7,71.0,Black,5.13,79.51,50.89,66.89,Rainfed,3208.82,14717.56
Nashik,2015,Rice,Rabi,32.61,29.9,1411.7,72.7,Clayey,6.14,46.55,43.38,63.95,Irrigated,4616.42,150549.38
Nashik,2015,Rice,Zaid,25.65,18.4,1083.1,81.8,Clayey,5.94,94.99,73.96,40.03,Rainfed,2979.29,76414.04
Nashik,2015,Rice,Kharif,37.88,30.3,1484.1,54.7,Red,5.65,132.23,63.07,42.97,Irrigated,6277.55,237809.39
Nashik,2015,Rice,Rabi,46.48,34.1,1484.7,43.7,Loamy,6.57,80.71,43.06,51.21,Rainfed,2753.95,128013.29
Nashik,2015,Rice,Zaid,44.91,29.6,1332.5,67.1,Loamy,5.97,57.33,74.54,42.99,Partially Irrigated,3933.58,176645.5
Nashik,2015,Soybean,Rabi,47.7,27.4,295.5,68.6,Sandy,6.03,24.63,67.66,23.76,Irrigated,1646.12,78520.84
Nashik,2015,Soybean,Rabi,2.44,25.8,918.9,67.3,Red,6.17,27.98,51.57,13.93,Irrigated,1298.15,3161.88
Nashik,2015,Soybean,Kharif,12.02,25.0,582.6,78.6,Laterite,6.94,19.09,60.43,56.24,Rainfed,1731.62,20806.86
Nashik,2015,Soybean,Kharif,38.75,23.1,494.6,63.0,Black,5.6,37.1,44.37,54.19,Irrigated,2258.08,87501.32
Nashik,2015,Soybean,Zaid,45.62,25.2,784.5,58.3,Clayey,6.95,28.94,80.47,42.31,Partially Irrigated,1753.29,79984.91
Nashik,2015,Soybean,Kharif,21.62,24.3,561.4,80.0,Loamy,6.38,21.19,64.43,26.73,Irrigated,1977.9,42759.01
Nashik,2015,Sugarcane,Kharif,25.11,30.9,1705.1,49.1,Red,6.52,243.19,74.23,134.32,Rainfed,65629.67,1648109.09
Nashik,2015,Sugarcane,Kharif,1.79,27.1,2780.8,41.1,Loamy,7.13,185.3,87.82,100.23,Irrigated,67146.48,120100.94
Nashik,2015,Sugarcane,Kharif,44.57,29.2,2687.1,77.4,Loamy,8.11,246.37,123.9,129.8,Partially Irrigated,63204.43,2817098.41
Nashik,2015,Sugarcane,Kharif,35.12,40.9,2025.4,50.5,Black,7.1,220.57,106.37,81.03,Rainfed,60541.93,2126249.98
Nashik,2015,Sugarcane,Rabi,44.33,25.6,1548.3,59.9,Clayey,5.97,187.66,85.93,80.39,Irrigated,63628.22,2820644.25
Nashik,2015,Sunflower,Kharif,39.07,29.2,340.7,54.0,Laterite,6.52,87.73,44.73,72.98,Partially Irrigated,1503.85,58749.93
Nashik,2015,Sunflower,Zaid,44.27,23.2,325.3,58.9,Clayey,6.67,60.01,43.05,49.7,Irrigated,1270.52,56250.26
Nashik,2015,Sunflower,Kharif,19.03,20.7,456.9,57.5,Sandy,6.93,87.78,76.43,61.96,Rainfed,1431.02,27230.04
Nashik,2015,Wheat,Zaid,41.53,26.3,483.0,85.5,Clayey,6.75,163.1,89.04,64.99,Partially Irrigated,3999.44,166094.41
Nashik,2015,Wheat,Zaid,33.59,23.1,570.6,88.2,Loamy,7.17,122.55,35.72,38.63,Partially Irrigated,2402.79,80707.3
Nashik,2015,Wheat,Rabi,48.55,20.3,481.1,47.6,Loamy,6.26,104.04,100.68,62.97,Partially Irrigated,4668.22,226656.19
Pune,2015,Bajra,Kharif,27.33,21.0,623.7,62.6,Loamy,7.63,56.74,51.52,26.58,Irrigated,1766.55,48282.52
Pune,2015,Bajra,Kharif,48.73,17.2,429.5,87.8,Sandy,9.0,76.53,15.05,26.88,Irrigated,1724.57,84038.41
Pune,2015,Bajra,Zaid,21.3,29.3,630.9,51.7,Sandy,6.97,34.41,47.46,30.01,Partially Irrigated,1470.14,31308.77
Pune,2015,Bajra,Zaid,26.79,25.0,503.3,47.2,Loamy,8.2,65.53,30.81,29.44,Partially Irrigated,1638.62,43904.92
Pune,2015,Bajra,Kharif,21.49,35.4,514.5,52.1,Loamy,6.98,49.97,37.63,10.6,Rainfed,952.16,20461.24
Pune,2015,Cotton,Rabi,12.33,26.4,1015.8,48.8,Red,6.66,104.72,45.23,46.69,Partially Irrigated,2234.45,27560.64
Pune,2015,Cotton,Kharif,47.89,28.5,975.7,45.6,Red,6.77,79.98,34.8,33.17,Partially Irrigated,1680.28,80476.33
Pune,2015,Cotton,Zaid,48.24,34.7,926.4,56.3,Red,6.78,64.71,46.32,21.49,Partially Irrigated,1356.36,65427.08
Pune,2015,Groundnut,Zaid,38.87,24.6,637.8,78.3,Black,7.2,33.73,61.27,83.11,Rainfed,1822.42,70833.05
Pune,2015,Groundnut,Zaid,8.4,26.8,840.1,43.8,Red,6.01,39.26,22.87,67.07,Rainfed,1571.01,13193.07
Pune,2015,Groundnut,Rabi,18.29,28.2,520.7,56.2,Clayey,6.36,11.09,35.23,90.11,Rainfed,1014.48,18556.23
Pune,2015,Groundnut,Rabi,3.27,28.8,451.2,55.4,Red,6.98,12.16,39.24,71.18,Irrigated,1657.09,5425.52
Pune,2015,Groundnut,Zaid,40.65,29.0,690.2,72.0,Clayey,6.99,17.3,51.72,77.46,Irrigated,2169.7,88188.2
Pune,2015,Jowar,Rabi,15.72,25.7,391.1,71.0,Sandy,7.43,74.9,43.71,50.59,Partially Irrigated,2350.24,36935.07
Pune,2015,Jowar,Zaid,15.46,33.2,575.7,41.1,Red,6.97,56.63,27.13,37.91,Irrigated,1855.43,28688.35
Pune,2015,Jowar,Rabi,18.37,34.5,484.4,72.7,Black,6.67,67.94,43.94,33.16,Rainfed,2255.27,41435.78
Pune,2015,Maize,Zaid,29.3,28.8,740.2,71.8,Loamy,7.17,124.7,47.88,41.96,Rainfed,3738.64,109557.46
Pune,2015,Soybean,Zaid,19.6,18.8,662.1,71.2,Loamy,7.12,10.47,33.18,41.83,Partially Irrigated,1206.99,23662.9
Pune,2015,Soybean,Rabi,34.36,24.8,789.3,53.4,Sandy,6.03,31.61,65.83,80.54,Rainfed,2092.94,71914.1
Pune,2015,Soybean,Rabi,20.77,22.8,818.8,53.0,Black,6.98,28.03,28.21,58.51,Irrigated,2068.7,42957.66
Pune,2015,Soybean,Zaid,27.49,30.9,194.4,53.0,Clayey,7.37,38.74,77.9,69.25,Rainfed,1803.49,49581.92
Pune,2015,Soybean,Zaid,19.46,22.3,461.4,53.1,Sandy,6.66,27.01,57.02,18.52,Partially Irrigated,1531.05,29788.25
Pune,2015,Sugarcane,Zaid,20.23,31.3,1919.4,74.2,Black,7.15,121.61,72.6,132.79,Irrigated,87796.7,1776139.64
Pune,2015,Sugarcane,Zaid,32.62,35.0,1161.9,50.8,Black,6.62,204.56,109.43,76.39,Rainfed,56868.01,1855035.57
Pune,2015,Sugarcane,Rabi,35.48,30.3,2554.4,89.2,Sandy,6.99,192.86,86.13,172.18,Rainfed,60056.54,2130771.21
Pune,2015,Sugarcane,Rabi,8.7,23.4,2174.6,87.9,Clayey,6.99,204.58,96.77,126.83,Irrigated,99387.67,864438.08
Pune,2015,Sugarcane,Rabi,20.87,28.7,1618.9,83.0,Laterite,7.93,135.17,68.18,67.27,Rainfed,41865.17,873667.98
Pune,2015,Sugarcane,Zaid,36.31,34.3,1669.1,77.5,Loamy,7.22,234.72,96.33,139.49,Partially Irrigated,63158.33,2293068.88
Pune,2015,Sunflower,Zaid,46.62,29.4,648.4,50.8,Clayey,6.21,119.15,38.43,54.45,Partially Irrigated,1419.94,66192.58
Pune,2015,Sunflower,Rabi,20.71,21.5,412.2,57.8,Sandy,6.99,83.53,64.71,60.72,Rainfed,1202.74,24903.61
Pune,2015,Sunflower,Rabi,43.87,25.4,459.2,68.3,Loamy,6.9,153.99,52.17,51.92,Irrigated,2218.35,97323.58
Pune,2015,Wheat,Zaid,39.68,21.2,376.5,89.2,Loamy,7.22,100.22,49.65,49.82,Irrigated,3595.17,142665.41
Pune,2015,Wheat,Kharif,20.53,17.9,766.2,84.1,Clayey,7.0,189.25,69.95,53.46,Irrigated,4146.79,85140.59
Pune,2015,Wheat,Zaid,23.27,19.9,479.1,51.3,Red,7.3,82.04,77.92,51.13,Rainfed,2980.66,69363.62
Pune,2015,Wheat,Kharif,44.09,21.0,882.0,51.6,Red,7.31,120.63,87.38,70.01,Rainfed,2323.72,102446.95
Sangli,2015,Bajra,Zaid,38.09,28.2,511.0,47.4,Clayey,7.77,62.9,36.73,26.41,Partially Irrigated,1664.74,63413.02
Sangli,2015,Bajra,Kharif,32.73,27.9,559.2,74.4,Black,6.72,97.07,53.77,22.66,Irrigated,2221.35,72715.5
Sangli,2015,Cotton,Rabi,11.49,27.1,1017.8,48.8,Sandy,6.63,85.7,40.94,43.35,Partially Irrigated,2029.94,23315.98
Sangli,2015,Groundnut,Kharif,48.2,28.4,627.0,43.7,Laterite,6.74,30.49,84.14,78.53,Irrigated,3081.19,148506.72
Sangli,2015,Groundnut,Rabi,42.87,36.0,589.3,65.5,Black,7.13,29.22,48.41,104.25,Partially Irrigated,1597.8,68494.99
Sangli,2015,Groundnut,Kharif,32.7,27.3,718.3,71.2,Loamy,6.42,37.01,39.58,110.49,Irrigated,3073.64,100492.52
Sangli,2015,Groundnut,Zaid,41.27,28.3,422.7,73.8,Clayey,6.91,28.12,47.65,22.9,Partially Irrigated,1311.22,54114.86
Sangli,2015,Jowar,Kharif,17.0,24.6,507.6,82.2,Loamy,6.7,59.48,48.98,30.83,Rainfed,1604.76,27287.51
Sangli,2015,Jowar,Kharif,12.83,27.4,439.3,46.9,Sandy,7.26,73.12,60.4,29.06,Partially Irrigated,2847.8,36534.85
Sangli,2015,Maize,Kharif,4.81,31.3,381.5,54.4,Black,6.41,105.12,36.49,45.21,Rainfed,2186.93,10514.51
Sangli,2015,Maize,Rabi,26.85,20.6,431.1,62.1,Sandy,6.57,131.8,56.14,55.4,Rainfed,2954.73,79344.08
Sangli,2015,Rice,Zaid,27.24,27.4,1928.0,74.1,Red,6.18,22.98,43.29,62.78,Irrigated,3947.23,107510.76
Sangli,2015,Rice,Zaid,9.46,30.5,1471.5,60.5,Red,6.21,132.68,61.4,60.28,Irrigated,6875.18,65066.37
Sangli,2015,Rice,Zaid,45.09,24.1,1294.5,61.3,Sandy,5.76,66.88,52.79,69.29,Partially Irrigated,4402.07,198505.98
Sangli,2015,Soybean,Zaid,22.46,21.7,328.6,85.6,Loamy,6.25,23.97,50.68,53.82,Rainfed,1560.25,35050.26
Sangli,2015,Soybean,Zaid,26.17,21.3,793.7,84.7,Laterite,6.66,27.81,94.67,75.15,Rainfed,2012.21,52666.96
Sangli,2015,Soybean,Kharif,13.28,17.3,530.8,60.3,Laterite,6.27,33.29,58.64,44.67,Rainfed,1622.24,21542.14
Sangli,2015,Soybean,Zaid,27.34,22.4,508.1,65.5,Laterite,7.13,35.62,70.42,44.47,Partially Irrigated,2130.24,58237.26
Sangli,2015,Sugarcane,Kharif,27.53,30.7,1409.9,67.1,Red,7.07,230.05,36.77,83.72,Rainfed,40260.24,1108323.1
Sangli,2015,Sugarcane,Kharif,37.23,25.3,2344.6,61.2,Red,6.97,254.83,94.1,146.95,Irrigated,91394.84,3402435.47
Sangli,2015,Sugarcane,Kharif,26.69,23.3,1597.0,54.9,Sandy,7.09,179.17,102.03,136.3,Rainfed,59968.01,1600546.92
Sangli,2015,Sugarcane,Zaid,38.44,29.6,2250.7,74.4,Loamy,6.11,297.21,95.81,147.53,Irrigated,107992.08,4150963.72
Sangli,2015,Sunflower,Rabi,30.48,29.2,375.2,78.0,Clayey,6.77,57.05,15.36,52.36,Irrigated,1158.71,35312.95
Sangli,2015,Sunflower,Rabi,48.43,33.6,431.7,58.7,Red,7.44,100.51,54.09,85.03,Rainfed,1182.03,57245.26
Sangli,2015,Sunflower,Zaid,7.22,27.1,641.4,55.0,Red,7.94,91.87,40.47,53.56,Irrigated,1610.23,11633.49
Sangli,2015,Sunflower,Kharif,42.3,27.0,433.5,48.1,Sandy,6.42,90.81,34.87,44.86,Partially Irrigated,1166.72,49347.35
Sangli,2015,Wheat,Kharif,17.89,18.7,632.6,68.1,Clayey,6.56,106.18,87.56,55.06,Rainfed,3080.39,55122.3
Sangli,2015,Wheat,Zaid,31.13,17.2,357.3,62.1,Laterite,6.56,158.73,38.01,58.64,Rainfed,2290.5,71303.19
Sangli,2015,Wheat,Kharif,16.52,27.5,587.2,87.6,Black,5.41,135.91,30.28,39.12,Rainfed,1847.58,30523.46
Satara,2015,Bajra,Kharif,20.23,39.9,394.2,54.6,Loamy,7.64,67.66,28.4,29.57,Rainfed,1057.88,21403.22
Satara,2015,Bajra,Zaid,33.54,30.0,370.2,85.6,Laterite,7.63,85.65,39.02,27.63,Partially Irrigated,1789.57,60023.23
Satara,2015,Bajra,Kharif,49.1,28.1,358.3,58.1,Sandy,6.67,45.38,64.26,22.77,Rainfed,1394.35,68463.81
Satara,2015,Bajra,Kharif,23.26,32.4,507.7,55.1,Clayey,7.87,89.15,9.86,12.18,Partially Irrigated,1187.81,27634.21
Satara,2015,Cotton,Zaid,30.82,26.8,736.9,47.6,Clayey,6.63,60.55,42.41,53.78,Irrigated,2232.38,68797.22
Satara,2015,Cotton,Rabi,41.33,34.8,657.1,71.9,Red,6.96,92.94,80.46,36.29,Rainfed,1625.61,67190.49
Satara,2015,Cotton,Zaid,3.78,30.2,1142.4,45.7,Laterite,6.73,106.67,12.34,54.02,Rainfed,1231.15,4654.77
Satara,2015,Groundnut,Kharif,41.4,30.1,863.7,43.2,Black,5.9,18.54,68.58,72.41,Irrigated,1707.01,70673.79
Satara,2015,Groundnut,Rabi,29.37,32.9,791.6,78.8,Sandy,6.82,13.81,48.08,80.68,Partially Irrigated,1551.24,45556.63
Satara,2015,Groundnut,Kharif,22.27,26.4,583.6,88.6,Red,7.31,30.9,55.73,27.82,Rainfed,1266.18,28194.64
Satara,2015,Jowar,Kharif,3.99,24.8,571.0,56.0,Laterite,7.42,56.88,36.22,28.22,Irrigated,2017.11,8039.19
Satara,2015,Jowar,Rabi,48.96,27.1,577.8,45.3,Sandy,6.83,48.71,54.75,34.15,Irrigated,2888.55,141434.95
Satara,2015,Jowar,Kharif,36.31,29.1,447.5,51.1,Black,6.88,51.01,43.39,16.55,Rainfed,1614.25,58617.74
Satara,2015,Jowar,Zaid,46.22,30.4,337.5,60.2,Clayey,7.26,84.47,50.49,29.9,Partially Irrigated,2187.74,101124.76
Satara,2015,Maize,Zaid,32.49,29.4,629.3,86.3,Loamy,6.36,128.73,42.88,40.22,Rainfed,3377.35,109740.66
Satara,2015,Maize,Kharif,35.7,26.3,886.8,60.1,Red,6.55,111.76,37.03,69.13,Rainfed,3213.48,114719.57
Satara,2015,Maize,Rabi,46.31,20.7,951.8,61.1,Red,7.11,171.45,50.82,83.76,Partially Irrigated,3260.55,150981.87
Satara,2015,Maize,Kharif,8.08,26.1,750.2,73.2,Loamy,7.15,70.57,49.23,40.38,Partially Irrigated,3635.9,29370.09
Satara,2015,Maize,Zaid,29.54,23.7,781.7,69.1,Sandy,5.85,109.6,31.2,65.2,Partially Irrigated,3692.17,109063.36
Satara,2015,Maize,Zaid,14.43,28.1,782.6,78.9,Loamy,6.79,114.37,48.6,73.27,Irrigated,5726.54,82640.4
Satara,2015,Rice,Kharif,30.32,24.3,1471.6,43.9,Red,6.74,82.17,53.26,79.19,Partially Irrigated,4042.15,122542.02
Satara,2015,Rice,Zaid,6.18,27.4,1597.2,42.4,Red,6.8,117.26,13.49,52.79,Partially Irrigated,3649.2,22548.32
Satara,2015,Rice,Rabi,4.83,25.2,1097.1,79.8,Black,5.99,68.07,51.41,39.25,Irrigated,4228.92,20413.63
Satara,2015,Soybean,Kharif,45.89,24.4,605.4,67.4,Black,6.5,35.53,61.91,13.28,Irrigated,2583.49,118559.61
Satara,2015,Soybean,Rabi,30.05,31.6,549.4,70.6,Laterite,6.39,22.36,73.81,50.04,Partially Irrigated,1753.19,52675.99
Satara,2015,Soybean,Rabi,47.86,27.2,398.1,48.0,Loamy,5.72,5.12,97.43,47.76,Rainfed,1322.34,63289.63
Satara,2015,Sugarcane,Zaid,6.16,28.7,2060.6,79.3,Red,6.74,252.46,94.92,127.51,Partially Irrigated,91459.8,563385.15
Satara,2015,Sugarcane,Zaid,2.73,35.3,1390.0,46.5,Black,6.86,105.64,19.73,90.61,Irrigated,45902.0,125152.29
Satara,2015,Sunflower,Rabi,34.25,22.8,476.3,52.0,Black,6.35,102.66,39.73,68.94,Irrigated,1996.71,68394.08
Satara,2015,Wheat,Rabi,3.08,10.5,398.6,79.0,Red,6.93,78.84,64.26,43.77,Rainfed,1921.45,5920.14
Satara,2015,Wheat,Rabi,20.19,19.8,440.0,61.1,Loamy,6.46,122.3,83.28,39.53,Irrigated,4191.57,84621.53
Satara,2015,Wheat,Zaid,3.93,27.3,574.5,67.8,Loamy,6.95,138.61,55.79,26.73,Irrigated,3377.97,13267.98
Solapur,2015,Bajra,Kharif,35.63,29.2,491.3,58.5,Red,7.75,63.22,43.05,24.4,Rainfed,1506.85,53694.0
Solapur,2015,Bajra,Kharif,3.43,29.9,387.4,62.5,Red,7.23,58.57,30.24,20.81,Irrigated,1925.07,6606.26
Solapur,2015,Cotton,Kharif,9.84,26.9,930.7,74.4,Black,7.09,27.67,54.08,40.01,Irrigated,2111.91,20788.91
Solapur,2015,Cotton,Kharif,10.12,27.4,717.1,59.1,Black,7.23,104.56,21.7,40.11,Partially Irrigated,1994.04,20180.58
Solapur,2015,Cotton,Rabi,39.12,26.9,572.3,65.0,Clayey,7.24,64.98,50.37,17.69,Rainfed,1019.84,39896.73
Solapur,2015,Cotton,Kharif,45.87,28.5,717.3,80.9,Clayey,7.56,38.34,45.21,50.1,Irrigated,1725.53,79157.99
Solapur,2015,Groundnut,Rabi,11.98,27.8,373.4,78.7,Laterite,6.54,28.38,31.64,84.19,Irrigated,1958.21,23449.91
Solapur,2015,Groundnut,Zaid,31.63,25.4,889.1,41.0,Laterite,7.15,42.9,48.56,49.31,Irrigated,2247.38,71074.77
Solapur,2015,Jowar,Kharif,28.24,23.3,475.3,51.2,Clayey,7.12,69.91,48.12,45.97,Irrigated,3180.89,89840.76
Solapur,2015,Jowar,Zaid,20.06,27.9,277.7,55.5,Loamy,6.02,61.81,49.7,28.65,Rainfed,1755.2,35211.49
Solapur,2015,Maize,Kharif,10.78,21.0,522.7,87.4,Clayey,6.57,117.24,61.13,64.98,Partially Irrigated,4286.72,46192.67
Solapur,2015,Maize,Rabi,11.91,26.7,691.6,51.8,Clayey,6.77,73.01,40.79,25.21,Irrigated,2960.61,35249.31
Solapur,2015,Maize,Kharif,36.0,30.3,673.3,63.8,Black,6.94,122.06,19.83,63.94,Partially Irrigated,2951.84,106277.83
Solapur,2015,Maize,Rabi,9.93,26.7,634.7,44.4,Loamy,6.1,105.99,55.06,33.47,Rainfed,3302.04,32794.24
Solapur,2015,Maize,Zaid,42.86,24.5,824.5,74.8,Sandy,6.0,88.74,67.58,32.77,Irrigated,4282.15,183536.12
Solapur,2015,Rice,Kharif,2.62,30.1,1758.8,50.9,Sandy,6.0,104.0,44.88,49.83,Irrigated,5244.01,13726.65
Solapur,2015,Rice,Rabi,9.73,26.4,1894.0,59.9,Loamy,6.05,66.25,44.99,63.59,Rainfed,3455.89,33637.68
Solapur,2015,Soybean,Rabi,43.81,21.0,610.9,61.4,Clayey,6.75,22.43,61.51,53.98,Rainfed,1674.55,73362.2
Solapur,2015,Soybean,Kharif,26.42,31.2,604.5,65.9,Black,7.21,35.37,62.76,66.11,Rainfed,2144.16,56639.04
Solapur,2015,Soybean,Zaid,21.82,19.6,421.4,84.6,Loamy,7.0,28.16,43.46,50.16,Irrigated,1966.94,42924.05
Solapur,2015,Sugarcane,Rabi,35.61,24.3,1741.4,80.9,Sandy,7.25,170.15,61.23,77.21,Irrigated,49190.75,1751792.11
Solapur,2015,Sugarcane,Rabi,3.01,29.2,2265.8,85.7,Red,6.9,171.51,35.59,131.06,Partially Irrigated,49334.61,148473.87
Solapur,2015,Sunflower,Rabi,11.41,15.1,444.8,88.7,Sandy,7.02,95.9,41.98,34.86,Rainfed,874.59,9977.62
Solapur,2015,Sunflower,Zaid,36.19,27.6,731.9,89.0,Sandy,6.73,53.48,16.37,74.85,Partially Irrigated,1063.15,38477.74
Solapur,2015,Sunflower,Rabi,2.51,20.3,552.0,81.6,Black,6.82,80.95,43.32,53.72,Irrigated,1384.37,3481.42
Solapur,2015,Sunflower,Zaid,26.79,25.4,691.3,88.7,Clayey,5.76,86.94,41.81,6.11,Irrigated,976.72,26164.8
Solapur,2015,Wheat,Rabi,23.6,19.0,695.9,78.6,Red,6.6,82.5,54.39,31.4,Rainfed,1631.81,38507.09
Wardha,2015,Bajra,Kharif,40.98,29.3,481.8,77.8,Sandy,7.86,57.48,50.66,36.61,Rainfed,1863.83,76382.22
Wardha,2015,Bajra,Rabi,37.79,31.3,399.8,51.8,Laterite,7.59,93.27,37.89,36.02,Partially Irrigated,1826.75,69028.81
Wardha,2015,Bajra,Zaid,43.47,27.0,389.3,40.9,Sandy,7.24,70.4,26.9,30.8,Rainfed,1319.84,57376.41
Wardha,2015,Bajra,Zaid,9.12,25.2,352.3,63.8,Clayey,6.35,44.72,39.54,21.24,Partially Irrigated,1297.63,11828.42
Wardha,2015,Bajra,Kharif,20.6,29.4,295.3,82.2,Red,6.24,50.82,49.53,41.49,Rainfed,1765.86,36377.18
Wardha,2015,Bajra,Rabi,22.03,26.9,437.1,67.3,Black,7.66,61.03,27.52,51.66,Partially Irrigated,1900.49,41867.03
Wardha,2015,Bajra,Zaid,32.44,30.3,558.0,86.8,Sandy,7.48,38.68,34.55,35.28,Rainfed,1417.79,45994.73
Wardha,2015,Bajra,Kharif,3.21,31.5,344.6,82.5,Black,6.31,75.9,40.13,37.92,Irrigated,1965.21,6299.95
Wardha,2015,Cotton,Rabi,27.43,32.0,569.3,65.1,Sandy,7.33,52.95,28.58,43.78,Irrigated,1415.42,38821.8
Wardha,2015,Cotton,Rabi,23.93,28.5,378.6,77.2,Loamy,7.24,4.99,49.96,45.87,Partially Irrigated,1141.92,27330.73
Wardha,2015,Cotton,Zaid,10.99,30.8,692.8,68.6,Black,6.73,101.34,35.71,28.84,Partially Irrigated,2280.1,25062.89
Wardha,2015,Groundnut,Zaid,19.79,29.3,782.3,70.7,Laterite,7.01,25.2,12.53,76.57,Irrigated,1505.77,29803.96
Wardha,2015,Groundnut,Kharif,31.18,25.1,610.8,75.7,Red,7.02,29.62,69.89,91.95,Rainfed,2259.44,70450.38
Wardha,2015,Groundnut,Rabi,49.8,31.0,487.2,60.9,Clayey,6.3,24.59,32.45,96.4,Rainfed,1388.28,69139.46
Wardha,2015,Jowar,Kharif,21.08,23.9,393.9,56.9,Sandy,6.84,39.35,38.04,32.16,Rainfed,1434.07,30232.23
Wardha,2015,Maize,Zaid,47.61,28.5,597.6,46.0,Red,7.21,149.33,41.48,40.58,Irrigated,5168.76,246094.97
Wardha,2015,Maize,Zaid,9.69,23.8,782.4,60.0,Black,6.45,55.05,32.49,66.03,Partially Irrigated,3076.52,29804.65
Wardha,2015,Maize,Zaid,45.16,19.8,506.0,49.1,Laterite,5.81,135.02,42.63,42.71,Irrigated,4441.29,200590.57
Wardha,2015,Rice,Kharif,1.03,22.1,1117.8,48.2,Sandy,5.6,188.31,33.56,63.72,Rainfed,3601.45,3693.28
Wardha,2015,Rice,Rabi,21.78,19.2,1105.3,79.5,Black,5.84,111.26,60.41,62.44,Irrigated,4732.79,103060.88
Wardha,2015,Soybean,Kharif,35.38,27.5,530.4,72.1,Laterite,6.24,33.56,80.91,30.74,Irrigated,2568.58,90886.42
Wardha,2015,Soybean,Rabi,38.47,21.9,754.2,64.4,Black,5.89,41.57,41.64,60.5,Rainfed,1741.05,66983.28
Wardha,2015,Soybean,Kharif,45.61,24.8,597.4,75.1,Black,5.53,36.39,61.79,34.72,Partially Irrigated,2530.95,115425.7
Wardha,2015,Sugarcane,Rabi,30.22,33.7,2057.0,60.2,Red,7.32,151.26,122.77,68.04,Partially Irrigated,63924.36,1931778.32
Wardha,2015,Sugarcane,Rabi,34.94,32.2,2440.8,62.0,Laterite,6.71,97.26,94.27,95.88,Rainfed,48904.0,1708854.54
Wardha,2015,Sugarcane,Zaid,43.59,26.0,1095.8,52.9,Black,6.91,252.21,132.69,61.33,Partially Irrigated,66780.95,2910766.53
Wardha,2015,Sugarcane,Kharif,17.09,24.2,2018.4,46.3,Clayey,6.97,233.46,83.35,120.91,Partially Irrigated,76554.39,1308659.08
Wardha,2015,Sugarcane,Zaid,10.55,30.3,1538.5,77.2,Laterite,7.54,152.79,61.9,150.35,Rainfed,45074.43,475593.55
Wardha,2015,Sugarcane,Rabi,25.68,22.4,1963.2,49.7,Black,6.34,316.96,108.69,98.0,Irrigated,109962.72,2823831.0
Wardha,2015,Sunflower,Rabi,42.88,23.6,524.0,50.5,Sandy,6.39,71.62,54.99,49.56,Rainfed,1184.09,50772.97
Wardha,2015,Sunflower,Kharif,26.05,23.6,602.9,72.7,Clayey,6.43,76.63,36.25,41.95,Irrigated,1398.03,36414.03
Wardha,2015,Sunflower,Zaid,37.31,17.4,349.9,43.0,Black,6.32,93.18,32.94,48.24,Irrigated,1293.39,48254.54
Wardha,2015,Sunflower,Zaid,7.39,19.6,603.7,66.4,Laterite,6.87,78.68,56.61,49.82,Rainfed,991.55,7330.35
Wardha,2015,Wheat,Rabi,9.95,26.2,793.8,66.4,Loamy,6.31,123.45,35.29,61.28,Rainfed,1955.47,19462.68
Wardha,2015,Wheat,Zaid,20.99,20.4,568.5,55.2,Sandy,6.23,47.8,83.2,30.65,Partially Irrigated,2144.09,44995.44
Yavatmal,2015,Bajra,Zaid,33.33,31.8,487.9,62.8,Laterite,6.88,47.3,29.87,35.11,Irrigated,1721.61,57383.19
Yavatmal,2015,Bajra,Rabi,28.69,29.4,362.4,72.7,Laterite,7.71,51.8,32.59,18.72,Rainfed,1198.1,34369.83
Yavatmal,2015,Bajra,Zaid,47.07,25.1,521.3,66.8,Black,7.0,79.85,60.81,44.49,Irrigated,2202.43,103662.69
Yavatmal,2015,Cotton,Kharif,17.48,32.4,1312.7,56.0,Red,7.42,103.52,28.59,25.85,Partially Irrigated,1214.85,21229.67
Yavatmal,2015,Cotton,Rabi,4.99,28.9,624.6,77.2,Black,6.6,36.48,40.04,50.62,Irrigated,1949.25,9723.45
Yavatmal,2015,Cotton,Rabi,17.93,28.3,370.8,81.8,Loamy,7.13,61.0,47.39,62.65,Irrigated,2326.22,41698.29
Yavatmal,2015,Cotton,Kharif,15.76,24.1,1042.8,80.5,Laterite,6.47,109.14,51.57,49.76,Rainfed,1524.62,24030.86
Yavatmal,2015,Groundnut,Rabi,13.13,27.2,513.2,76.6,Red,7.31,38.97,56.12,79.5,Partially Irrigated,2569.44,33737.83
Yavatmal,2015,Groundnut,Kharif,47.55,25.0,420.3,44.5,Sandy,7.18,27.8,45.76,59.38,Partially Irrigated,1530.33,72759.9
Yavatmal,2015,Groundnut,Zaid,38.95,29.6,671.3,77.6,Sandy,5.77,42.26,48.63,50.36,Irrigated,2877.29,112067.67
Yavatmal,2015,Groundnut,Rabi,28.35,23.4,631.8,55.3,Clayey,5.43,32.36,29.98,61.6,Irrigated,2099.63,59520.42
Yavatmal,2015,Jowar,Kharif,36.63,26.6,696.7,57.3,Laterite,6.22,96.03,38.74,46.03,Irrigated,3002.75,109994.76
Yavatmal,2015,Jowar,Zaid,33.1,25.7,438.5,48.0,Laterite,7.4,66.12,46.85,38.71,Rainfed,1730.98,57301.61
Yavatmal,2015,Jowar,Kharif,11.01,22.6,664.4,89.8,Sandy,5.99,9.02,49.77,31.16,Rainfed,1132.35,12465.51
Yavatmal,2015,Jowar,Rabi,15.9,36.0,232.3,45.0,Loamy,6.91,71.22,37.66,23.47,Irrigated,1835.28,29183.56
Yavatmal,2015,Jowar,Kharif,3.44,26.4,612.5,43.2,Red,6.94,56.14,46.37,24.4,Partially Irrigated,1759.72,6057.83
Yavatmal,2015,Jowar,Zaid,33.46,23.5,336.9,76.7,Sandy,6.51,48.68,46.39,34.83,Irrigated,2089.69,69919.77
Yavatmal,2015,Jowar,Zaid,19.7,25.5,565.8,71.4,Clayey,7.51,70.89,37.27,32.09,Partially Irrigated,1848.39,36408.13
Yavatmal,2015,Jowar,Kharif,31.56,25.5,308.5,67.5,Loamy,7.68,70.07,41.13,43.16,Partially Irrigated,1804.96,56962.16
Yavatmal,2015,Jowar,Rabi,23.45,26.8,549.6,63.8,Laterite,7.17,65.86,46.34,15.69,Irrigated,1963.57,46039.8
Yavatmal,2015,Jowar,Rabi,47.85,25.8,277.7,53.1,Red,6.4,38.18,45.64,18.62,Partially Irrigated,1420.64,67973.92
Yavatmal,2015,Maize,Zaid,42.45,22.1,659.6,53.0,Loamy,6.03,97.26,35.0,52.81,Partially Irrigated,3356.23,142468.46
Yavatmal,2015,Maize,Kharif,40.72,24.8,600.7,68.5,Laterite,6.94,71.1,52.45,58.65,Rainfed,3119.87,127031.11
Yavatmal,2015,Maize,Rabi,28.21,29.1,655.7,43.8,Loamy,6.21,90.71,47.34,46.52,Irrigated,4301.66,121365.48
Yavatmal,2015,Rice,Rabi,5.15,21.4,437.9,82.0,Loamy,5.97,60.96,57.27,56.92,Irrigated,3046.56,15688.97
Yavatmal,2015,Soybean,Rabi,45.16,33.8,458.8,53.9,Laterite,6.42,17.8,91.68,22.85,Partially Irrigated,1265.65,57152.59
Yavatmal,2015,Soybean,Zaid,33.76,23.3,598.4,40.2,Clayey,6.31,32.75,101.26,72.9,Partially Irrigated,2601.4,87818.05
Yavatmal,2015,Soybean,Kharif,28.38,24.4,471.0,56.9,Laterite,6.49,31.98,55.45,8.72,Rainfed,1570.08,44551.32
Yavatmal,2015,Sugarcane,Rabi,17.58,32.9,2269.2,88.4,Black,6.87,254.09,68.74,100.9,Irrigated,81693.55,1436174.75
Yavatmal,2015,Sugarcane,Rabi,43.74,31.7,1882.1,76.8,Black,6.92,135.29,100.32,120.51,Irrigated,79086.97,3459411.33
Yavatmal,2015,Sugarcane,Rabi,29.02,30.8,2172.2,63.3,Red,7.18,148.4,33.3,89.2,Rainfed,36703.01,1064959.15
Yavatmal,2015,Sugarcane,Kharif,3.31,26.5,1563.3,50.7,Red,7.36,175.72,91.55,54.98,Rainfed,43480.49,143944.92
Yavatmal,2015,Sunflower,Rabi,39.26,22.3,654.1,74.7,Black,6.83,93.53,56.63,37.02,Partially Irrigated,1125.71,44195.84
Yavatmal,2015,Sunflower,Rabi,29.03,27.5,643.1,63.3,Loamy,6.1,115.01,68.23,78.51,Irrigated,1851.3,53752.12
Yavatmal,2015,Sunflower,Rabi,4.05,18.3,590.4,64.7,Black,7.02,48.34,57.32,42.81,Irrigated,1034.93,4191.93
Yavatmal,2015,Sunflower,Rabi,9.07,22.5,523.4,84.2,Loamy,6.84,61.44,26.76,34.21,Rainfed,760.2,6896.61
Yavatmal,2015,Sunflower,Rabi,46.52,23.7,578.5,63.4,Laterite,6.81,73.43,77.12,56.03,Irrigated,2016.54,93811.11
Yavatmal,2015,Wheat,Kharif,25.74,15.1,929.2,84.7,Laterite,6.2,131.36,87.94,28.59,Partially Irrigated,1932.62,49751.88
Ahmednagar,2016,Bajra,Zaid,41.75,36.1,550.5,54.7,Sandy,8.3,73.75,49.48,31.53,Irrigated,2450.92,102315.25
Ahmednagar,2016,Bajra,Zaid,38.35,33.8,410.4,58.8,Loamy,7.23,35.47,42.98,20.61,Rainfed,1081.17,41460.66
Ahmednagar,2016,Bajra,Rabi,6.58,29.5,460.1,79.0,Sandy,7.61,91.51,37.92,33.85,Rainfed,1765.48,11624.87
Ahmednagar,2016,Cotton,Zaid,48.18,32.2,1053.3,64.9,Sandy,7.18,93.82,45.83,29.19,Rainfed,1434.05,69092.72
Ahmednagar,2016,Groundnut,Kharif,1.25,22.8,702.3,43.5,Black,6.22,28.85,26.59,112.01,Rainfed,1570.27,1969.21
Ahmednagar,2016,Groundnut,Rabi,17.77,27.7,699.2,86.7,Clayey,6.6,26.56,34.21,73.23,Partially Irrigated,1705.41,30313.56
Ahmednagar,2016,Groundnut,Kharif,38.52,26.6,658.4,48.4,Black,5.61,23.02,58.33,55.83,Partially Irrigated,1708.48,65812.3
Ahmednagar,2016,Jowar,Rabi,44.88,27.0,381.1,74.9,Red,6.81,74.21,36.97,30.28,Rainfed,1688.61,75785.08
Ahmednagar,2016,Maize,Kharif,43.65,29.8,377.1,45.9,Clayey,6.44,81.38,22.2,70.44,Rainfed,2301.15,100444.02
Ahmednagar,2016,Maize,Kharif,18.45,21.9,533.7,87.6,Red,7.66,106.22,24.25,24.33,Partially Irrigated,2036.2,37566.23
Ahmednagar,2016,Rice,Zaid,47.69,27.1,1650.7,82.7,Sandy,5.89,131.44,46.39,26.82,Irrigated,5292.89,252428.33
Ahmednagar,2016,Rice,Rabi,1.07,35.7,2011.1,88.6,Black,5.63,51.07,38.88,62.12,Irrigated,3540.22,3786.24
Ahmednagar,2016,Rice,Rabi,35.05,31.5,1013.4,75.3,Red,5.83,82.32,58.16,61.13,Partially Irrigated,4092.28,143428.04
Ahmednagar,2016,Rice,Zaid,33.63,35.2,1492.6,75.4,Clayey,5.65,123.86,73.01,45.35,Irrigated,6666.54,224218.13
Ahmednagar,2016,Rice,Zaid,30.68,26.6,1027.8,44.3,Laterite,6.2,99.68,77.78,41.64,Irrigated,4672.75,143378.48
Ahmednagar,2016,Soybean,Rabi,40.76,27.0,402.5,51.2,Clayey,6.49,36.27,81.46,32.17,Irrigated,2763.15,112626.31
Ahmednagar,2016,Soybean,Zaid,34.63,14.3,638.4,72.9,Sandy,5.8,33.16,84.97,60.79,Irrigated,2718.87,94158.37
Ahmednagar,2016,Sugarcane,Kharif,39.97,27.7,1734.3,75.9,Black,7.78,308.86,94.52,112.91,Irrigated,96158.41,3843732.53
Ahmednagar,2016,Sunflower,Kharif,12.21,27.8,519.9,86.5,Sandy,6.93,29.6,59.38,63.28,Irrigated,1506.56,18402.42
Ahmednagar,2016,Sunflower,Rabi,15.5,26.1,230.1,86.8,Red,7.01,118.25,46.42,46.56,Partially Irrigated,1306.75,20256.22
Ahmednagar,2016,Sunflower,Kharif,26.69,33.2,656.2,67.4,Clayey,7.15,61.5,36.68,64.47,Irrigated,1180.84,31520.76
Ahmednagar,2016,Sunflower,Zaid,46.39,20.7,435.3,79.8,Laterite,6.94,60.95,49.62,25.76,Irrigated,1110.8,51526.9
Ahmednagar,2016,Wheat,Rabi,40.98,17.2,453.3,66.8,Clayey,7.52,192.35,48.97,44.18,Partially Irrigated,3669.96,150379.62
Ahmednagar,2016,Wheat,Rabi,1.5,23.9,687.3,60.9,Sandy,6.59,90.58,89.61,60.88,Partially Irrigated,2723.49,4092.83
Ahmednagar,2016,Wheat,Zaid,18.1,20.6,525.8,55.1,Black,6.86,126.68,43.59,42.49,Irrigated,3809.79,68940.4
Ahmednagar,2016,Wheat,Zaid,3.21,14.7,446.7,59.1,Red,7.55,145.65,89.1,64.32,Rainfed,3318.68,10642.14
Ahmednagar,2016,Wheat,Zaid,24.7,27.7,483.2,66.0,Black,6.26,82.54,79.64,64.44,Irrigated,3258.66,80497.39
Akola,2016,Bajra,Rabi,21.48,28.2,406.8,65.5,Sandy,7.16,72.32,28.02,22.63,Partially Irrigated,1600.25,34380.71
Akola,2016,Bajra,Kharif,25.06,32.3,553.7,82.6,Sandy,7.38,60.31,36.26,32.81,Rainfed,1421.19,35619.81
Akola,2016,Cotton,Kharif,7.77,31.1,788.5,51.3,Loamy,6.41,127.73,39.73,30.62,Irrigated,2824.58,21956.49
Akola,2016,Cotton,Kharif,19.51,28.8,994.5,57.5,Sandy,7.0,82.58,46.51,46.52,Irrigated,2660.07,51885.48
Akola,2016,Cotton,Rabi,3.35,26.1,748.3,79.3,Black,7.14,72.53,39.42,28.23,Irrigated,2100.12,7025.29
Akola,2016,Cotton,Rabi,9.76,30.2,982.3,58.8,Red,7.45,96.2,30.1,29.61,Rainfed,1430.57,13956.86
Akola,2016,Groundnut,Kharif,28.8,26.4,686.7,45.6,Loamy,7.19,29.99,68.71,99.51,Irrigated,2317.44,66741.86
Akola,2016,Groundnut,Rabi,25.3,18.8,454.2,81.1,Loamy,6.5,15.79,43.89,52.72,Irrigated,1361.65,34448.77
Akola,2016,Groundnut,Rabi,41.73,25.5,712.2,42.9,Clayey,7.05,30.62,54.82,65.61,Irrigated,1934.01,80700.15
Akola,2016,Jowar,Rabi,7.66,23.2,470.2,64.3,Red,6.29,83.42,20.65,37.98,Rainfed,1967.16,15065.33
Akola,2016,Jowar,Kharif,14.94,28.8,401.9,53.9,Red,6.95,75.15,36.36,35.42,Irrigated,2631.94,39308.85
Akola,2016,Jowar,Rabi,22.04,31.0,498.2,52.6,Clayey,7.38,35.13,42.75,35.33,Partially Irrigated,2152.49,47432.86
Akola,2016,Jowar,Rabi,32.16,31.3,617.0,40.6,Black,7.38,52.95,28.58,30.86,Irrigated,2104.44,67676.24
Akola,2016,Jowar,Rabi,5.06,26.1,395.0,89.8,Clayey,7.03,11.79,47.69,41.4,Rainfed,1535.8,7773.5
Akola,2016,Jowar,Zaid,45.52,31.5,360.7,66.2,Clayey,7.08,43.29,48.99,44.32,Rainfed,1520.28,69195.76
Akola,2016,Jowar,Kharif,32.29,31.1,470.6,62.6,Sandy,5.91,59.39,39.86,22.85,Irrigated,2342.75,75651.98
Akola,2016,Maize,Kharif,24.88,22.5,621.6,44.9,Laterite,7.11,127.0,25.95,51.21,Rainfed,3369.26,83826.58
Akola,2016,Maize,Rabi,39.27,23.3,510.1,62.6,Black,6.65,88.5,60.2,50.61,Partially Irrigated,3667.52,144008.74
Akola,2016,Maize,Zaid,45.57,26.3,507.1,50.1,Red,5.98,95.05,36.72,74.72,Rainfed,3156.79,143859.42
Akola,2016,Maize,Rabi,4.76,21.7,939.6,84.5,Red,6.67,117.97,56.25,51.02,Rainfed,3283.52,15643.72
Akola,2016,Maize,Zaid,11.89,23.2,452.8,50.0,Red,6.6,111.58,34.7,62.08,Irrigated,4298.29,51102.84
Akola,2016,Maize,Kharif,30.42,30.0,868.2,47.7,Clayey,6.41,124.36,40.77,57.42,Rainfed,2843.14,86477.81
Akola,2016,Maize,Rabi,28.72,28.5,604.7,53.8,Sandy,6.51,93.85,56.16,32.22,Rainfed,2528.35,72608.57
Akola,2016,Rice,Rabi,23.13,30.3,779.1,44.8,Loamy,6.06,60.39,55.06,46.05,Rainfed,2210.01,51118.11
Akola,2016,Soybean,Kharif,22.63,24.5,565.5,76.7,Red,6.66,30.71,77.15,52.5,Irrigated,3546.07,80262.9
Akola,2016,Soybean,Kharif,9.08,33.8,785.6,63.5,Laterite,7.0,40.6,97.51,65.55,Partially Irrigated,2129.14,19340.6
Akola,2016,Soybean,Kharif,39.89,24.0,574.8,69.6,Laterite,6.18,36.92,66.29,58.24,Rainfed,2617.8,104412.79
Akola,2016,Soybean,Rabi,25.09,24.7,451.8,84.8,Laterite,5.86,33.73,57.3,64.0,Irrigated,2923.9,73346.54
Akola,2016,Soybean,Rabi,35.93,30.4,959.4,89.5,Loamy,6.92,32.23,69.5,47.29,Irrigated,2103.83,75584.62
Akola,2016,Sugarcane,Zaid,27.54,33.8,2651.0,52.2,Red,7.83,166.5,87.82,114.26,Irrigated,73564.23,2026205.55
Akola,2016,Sugarcane,Rabi,28.49,18.1,1689.6,89.8,Sandy,6.68,266.41,59.32,94.8,Irrigated,73788.58,2102180.42
Akola,2016,Sugarcane,Rabi,11.44,28.2,2628.3,45.8,Loamy,6.74,119.65,92.48,125.19,Partially Irrigated,59874.28,684827.09
Akola,2016,Sunflower,Zaid,35.68,21.7,510.8,62.9,Clayey,6.12,78.61,43.27,80.15,Partially Irrigated,1489.33,53145.3
Akola,2016,Sunflower,Kharif,48.52,26.4,523.9,78.1,Laterite,6.11,89.11,66.74,72.62,Irrigated,2201.93,106840.35
Akola,2016,Sunflower,Kharif,19.07,27.6,384.5,44.6,Red,6.99,77.86,24.77,31.53,Rainfed,836.85,15959.69
Akola,2016,Sunflower,Zaid,11.92,25.5,431.2,72.1,Clayey,6.18,115.42,52.28,70.77,Rainfed,1331.49,15875.34
Akola,2016,Sunflower,Kharif,2.92,22.5,397.2,81.0,Red,6.98,66.61,32.24,67.92,Partially Irrigated,1225.88,3575.49
Akola,2016,Sunflower,Rabi,45.32,25.2,616.1,53.4,Clayey,5.99,98.02,70.2,48.66,Irrigated,1624.78,73628.61
Akola,2016,Sunflower,Zaid,42.42,28.0,596.7,78.3,Loamy,6.45,23.66,41.54,86.24,Irrigated,1279.24,54260.27
Akola,2016,Wheat,Zaid,25.36,20.0,395.9,48.5,Clayey,7.57,165.45,74.56,47.09,Rainfed,3136.59,79545.7
Akola,2016,Wheat,Kharif,35.92,21.0,633.0,63.6,Laterite,7.06,170.86,59.09,41.85,Rainfed,3228.94,115984.96
Amravati,2016,Bajra,Rabi,18.28,29.9,376.8,85.3,Sandy,7.58,72.28,32.67,41.06,Irrigated,2772.88,50687.09
Amravati,2016,Bajra,Kharif,34.87,32.3,353.9,72.4,Clayey,7.58,40.11,45.24,17.89,Rainfed,1095.93,38217.72
Amravati,2016,Bajra,Kharif,22.25,33.5,412.4,41.7,Laterite,6.52,63.15,25.73,25.3,Irrigated,1422.69,31653.47
Amravati,2016,Cotton,Rabi,4.49,33.5,707.1,41.2,Sandy,6.71,100.39,44.28,31.69,Partially Irrigated,1972.46,8852.86
Amravati,2016,Cotton,Kharif,36.51,29.3,712.1,67.0,Sandy,6.67,105.05,50.41,43.4,Rainfed,2012.32,73476.96
Amravati,2016,Cotton,Rabi,22.2,28.0,615.4,61.6,Red,7.53,63.3,54.35,50.58,Irrigated,2483.51,55123.17
Amravati,2016,Cotton,Rabi,3.19,33.8,662.7,64.2,Clayey,7.64,58.92,30.45,33.37,Partially Irrigated,1461.76,4655.71
Amravati,2016,Groundnut,Rabi,3.0,32.9,453.2,68.7,Loamy,6.55,28.36,68.85,46.27,Irrigated,1970.19,5916.12
Amravati,2016,Groundnut,Zaid,41.26,27.6,725.9,78.5,Clayey,6.14,17.04,67.4,73.68,Rainfed,1532.17,63211.74
Amravati,2016,Jowar,Zaid,36.51,29.1,517.8,55.8,Clayey,7.07,50.92,37.81,25.9,Irrigated,2381.3,86941.65
Amravati,2016,Jowar,Rabi,48.89,30.1,487.5,46.9,Red,6.75,46.33,24.08,28.79,Irrigated,1858.33,90848.36
Amravati,2016,Jowar,Rabi,38.63,28.9,643.5,82.5,Clayey,7.03,74.45,49.82,60.31,Partially Irrigated,2515.02,97165.33
Amravati,2016,Jowar,Zaid,49.7,30.3,457.5,43.9,Loamy,7.11,56.61,42.11,16.04,Rainfed,1286.33,63924.62
Amravati,2016,Maize,Zaid,25.81,27.7,610.1,57.0,Red,7.47,85.48,19.09,58.69,Partially Irrigated,2795.2,72144.57
Amravati,2016,Maize,Kharif,12.8,20.5,530.6,53.5,Black,6.42,74.18,45.49,26.87,Rainfed,2272.41,29075.51
Amravati,2016,Maize,Rabi,1.96,31.2,624.4,83.1,Clayey,6.34,137.27,36.1,65.1,Irrigated,4111.68,8073.15
Amravati,2016,Maize,Zaid,17.71,20.0,637.0,45.1,Black,7.38,104.3,67.69,32.17,Irrigated,4268.55,75612.73
Amravati,2016,Maize,Zaid,47.12,26.8,662.1,52.9,Red,6.26,133.92,41.44,60.8,Irrigated,4729.86,222854.46
Amravati,2016,Maize,Rabi,14.45,28.3,841.6,65.5,Loamy,5.76,72.18,86.39,66.63,Irrigated,4991.39,72115.17
Amravati,2016,Rice,Zaid,16.95,26.7,1460.8,70.1,Black,6.21,102.13,67.41,70.66,Rainfed,5679.41,96263.7
Amravati,2016,Rice,Rabi,36.76,25.6,1562.5,41.1,Clayey,6.93,68.9,68.15,31.65,Irrigated,5003.36,183937.66
Amravati,2016,Rice,Zaid,11.4,23.6,1761.9,62.6,Red,5.7,77.88,55.22,33.86,Rainfed,2358.05,26889.08
Amravati,2016,Rice,Rabi,6.02,26.9,1446.1,86.3,Clayey,6.12,43.17,65.94,37.5,Partially Irrigated,3475.46,20931.53
Amravati,2016,Rice,Zaid,17.95,26.9,1289.2,83.8,Clayey,6.28,96.7,45.87,68.66,Rainfed,3823.24,68639.83
Amravati,2016,Soybean,Kharif,27.27,24.2,828.0,81.5,Sandy,5.68,22.84,77.75,45.65,Rainfed,1609.53,43884.5
Amravati,2016,Sugarcane,Kharif,42.95,32.3,1814.9,46.4,Red,6.48,217.7,44.07,138.43,Rainfed,60067.07,2579972.29
Amravati,2016,Sugarcane,Rabi,44.48,35.8,2940.4,80.7,Clayey,6.9,212.85,91.74,101.66,Partially Irrigated,69249.65,3080034.51
Amravati,2016,Sugarcane,Kharif,33.02,26.9,1733.7,64.2,Loamy,6.25,244.43,49.78,87.87,Rainfed,46936.56,1550055.23
Amravati,2016,Sugarcane,Kharif,19.06,36.5,2164.7,60.4,Clayey,6.9,172.0,101.97,117.85,Irrigated,81392.58,1551137.87
Amravati,2016,Sugarcane,Kharif,23.85,33.5,2283.1,73.0,Clayey,6.15,157.63,82.44,109.31,Irrigated,71431.72,1703399.84
Amravati,2016,Sugarcane,Kharif,11.23,33.2,1899.5,74.5,Clayey,6.66,206.93,80.0,52.81,Irrigated,63641.14,714700.66
Amravati,2016,Sugarcane,Zaid,28.29,33.4,2214.2,73.7,Sandy,6.67,171.39,114.15,32.93,Irrigated,60414.95,1709036.86
Amravati,2016,Sugarcane,Zaid,21.57,24.8,1485.5,76.6,Loamy,5.91,155.32,62.97,83.39,Irrigated,58518.9,1262212.74
Amravati,2016,Sugarcane,Kharif,37.72,26.4,1786.7,59.6,Loamy,7.58,182.17,92.84,84.65,Rainfed,49894.23,1881909.95
Amravati,2016,Sunflower,Zaid,12.01,20.8,254.2,62.0,Clayey,7.04,83.54,42.74,45.03,Rainfed,795.61,9552.19
Amravati,2016,Sunflower,Rabi,49.16,24.7,657.6,84.0,Loamy,7.33,65.12,60.61,39.24,Rainfed,984.53,48401.93
Amravati,2016,Sunflower,Zaid,2.75,18.3,522.8,55.3,Clayey,7.14,78.55,54.72,52.28,Irrigated,1629.51,4482.85
Amravati,2016,Sunflower,Rabi,6.97,19.2,659.0,61.3,Black,7.09,77.2,63.74,53.87,Rainfed,1189.65,8296.02
Amravati,2016,Sunflower,Rabi,8.6,27.4,634.7,66.1,Sandy,7.02,90.16,61.81,48.37,Irrigated,1659.91,14268.57
Amravati,2016,Wheat,Kharif,13.44,22.0,499.0,44.2,Red,7.36,111.91,54.25,54.16,Irrigated,3553.34,47750.13
Amravati,2016,Wheat,Zaid,35.28,16.2,562.8,68.2,Clayey,7.06,91.12,46.78,43.02,Rainfed,1803.36,63618.13
Amravati,2016,Wheat,Rabi,31.38,17.6,566.1,64.2,Clayey,7.02,145.45,71.38,50.15,Rainfed,3370.12,105751.3
Amravati,2016,Wheat,Zaid,6.83,18.5,426.4,66.2,Laterite,6.48,98.0,52.3,42.97,Rainfed,2454.64,16756.86
Aurangabad,2016,Bajra,Rabi,35.52,25.3,466.4,83.9,Sandy,7.57,65.09,28.57,32.5,Irrigated,1810.4,64313.25
Aurangabad,2016,Bajra,Rabi,48.42,24.6,412.4,80.9,Black,7.56,67.56,34.58,17.83,Rainfed,1350.52,65386.1
Aurangabad,2016,Cotton,Zaid,14.29,17.2,632.2,43.9,Loamy,6.83,64.03,28.57,57.1,Irrigated,1629.41,23292.07
Aurangabad,2016,Cotton,Kharif,48.68,22.1,536.9,42.5,Black,6.57,36.55,33.86,53.55,Partially Irrigated,1441.41,70166.0
Aurangabad,2016,Cotton,Zaid,4.06,38.5,649.7,51.6,Red,6.48,89.13,56.6,49.11,Partially Irrigated,1979.04,8036.84
Aurangabad,2016,Cotton,Kharif,22.0,34.3,1002.9,71.8,Clayey,7.52,58.44,52.93,42.74,Rainfed,1390.15,30590.1
Aurangabad,2016,Cotton,Kharif,12.16,31.9,876.2,88.0,Loamy,7.78,32.11,58.44,56.59,Rainfed,1519.75,18481.09
Aurangabad,2016,Groundnut,Rabi,46.88,24.0,639.4,74.8,Red,6.41,40.62,60.75,57.03,Partially Irrigated,2367.86,111006.22
Aurangabad,2016,Groundnut,Zaid,28.77,24.6,773.8,48.4,Black,7.22,27.76,61.44,65.71,Rainfed,1329.71,38255.24
Aurangabad,2016,Maize,Kharif,15.08,28.2,914.3,64.4,Laterite,5.93,144.17,51.82,53.93,Rainfed,3382.11,50994.45
Aurangabad,2016,Maize,Zaid,18.31,24.0,876.2,48.4,Laterite,5.66,109.63,51.6,59.25,Partially Irrigated,4099.15,75072.89
Aurangabad,2016,Maize,Zaid,41.48,30.2,341.8,67.6,Sandy,6.15,104.21,44.0,47.26,Partially Irrigated,2737.74,113557.56
Aurangabad,2016,Rice,Kharif,19.64,31.1,1267.7,41.6,Sandy,6.75,107.47,26.57,40.87,Irrigated,3850.37,75625.82
Aurangabad,2016,Rice,Rabi,18.07,41.9,1894.7,89.6,Laterite,6.62,66.42,65.92,54.0,Partially Irrigated,3221.26,58214.14
Aurangabad,2016,Soybean,Rabi,25.76,25.2,892.4,64.6,Loamy,6.23,22.79,61.63,43.3,Partially Irrigated,1812.58,46694.46
Aurangabad,2016,Soybean,Zaid,35.58,25.3,489.1,42.0,Clayey,6.42,38.04,57.55,42.47,Rainfed,2145.08,76320.54
Aurangabad,2016,Soybean,Kharif,47.94,28.5,637.2,89.7,Loamy,6.23,21.86,58.91,74.02,Rainfed,1950.35,93498.61
Aurangabad,2016,Soybean,Kharif,2.3,25.3,511.9,84.6,Loamy,5.69,22.8,35.12,47.31,Irrigated,1954.79,4489.97
Aurangabad,2016,Sugarcane,Kharif,35.84,33.0,1891.3,53.9,Clayey,6.47,128.34,101.91,111.37,Rainfed,51976.18,1862832.08
Aurangabad,2016,Sugarcane,Kharif,28.88,27.4,1534.4,74.7,Black,6.64,225.52,116.3,65.24,Irrigated,81966.3,2367562.62
Aurangabad,2016,Sugarcane,Kharif,21.11,23.1,2139.2,54.3,Red,6.19,225.5,72.91,73.86,Irrigated,62863.87,1326964.53
Aurangabad,2016,Sugarcane,Rabi,23.6,25.4,1530.5,51.2,Loamy,5.93,242.16,92.22,72.54,Rainfed,50675.63,1195775.17
Aurangabad,2016,Sugarcane,Rabi,31.92,32.1,1947.0,82.8,Red,6.7,198.93,95.18,132.13,Rainfed,71747.06,2290157.73
Aurangabad,2016,Sugarcane,Rabi,19.25,32.3,2255.6,71.4,Laterite,6.33,232.94,94.54,33.18,Irrigated,79217.47,1525217.44
Aurangabad,2016,Sunflower,Rabi,36.14,26.6,530.3,40.2,Sandy,6.68,43.54,50.54,39.23,Irrigated,1235.48,44653.08
Aurangabad,2016,Sunflower,Rabi,49.96,26.8,577.7,73.1,Laterite,7.55,66.91,62.28,70.93,Partially Irrigated,1615.12,80698.8
Aurangabad,2016,Sunflower,Kharif,28.4,24.2,624.2,76.1,Loamy,6.99,73.95,70.73,46.94,Rainfed,1114.83,31663.68
Aurangabad,2016,Sunflower,Kharif,42.42,27.4,498.0,46.0,Black,6.69,76.22,49.24,54.39,Irrigated,1928.61,81810.61
Aurangabad,2016,Sunflower,Kharif,19.3,32.3,412.8,71.4,Black,6.89,69.36,65.59,40.78,Partially Irrigated,1202.88,23220.3
Aurangabad,2016,Sunflower,Rabi,1.66,28.2,481.9,72.9,Red,5.89,98.52,44.78,24.45,Irrigated,1286.83,2137.69
Aurangabad,2016,Wheat,Kharif,3.97,18.8,409.6,75.0,Sandy,6.68,111.25,77.79,59.9,Irrigated,3653.06,14509.42
Aurangabad,2016,Wheat,Kharif,18.03,21.6,341.0,81.8,Sandy,7.06,91.29,6.83,42.15,Partially Irrigated,1860.07,33539.64
Aurangabad,2016,Wheat,Zaid,36.39,20.9,459.8,86.1,Red,7.09,60.95,62.06,53.45,Partially Irrigated,2259.56,82218.67
Aurangabad,2016,Wheat,Rabi,47.6,19.5,437.3,72.4,Black,6.44,152.25,59.55,50.56,Rainfed,3210.52,152815.33
Aurangabad,2016,Wheat,Rabi,45.7,13.6,509.1,45.9,Black,6.83,178.29,43.43,57.06,Partially Irrigated,2737.3,125087.94
Dhule,2016,Bajra,Kharif,35.45,27.1,354.8,65.6,Clayey,6.79,50.93,39.13,47.0,Rainfed,1265.96,44876.4
Dhule,2016,Bajra,Kharif,2.93,33.5,666.9,67.7,Black,7.23,50.93,37.93,36.43,Irrigated,1683.24,4937.19
Dhule,2016,Bajra,Rabi,12.84,25.4,565.0,44.5,Black,8.2,37.45,40.48,22.02,Partially Irrigated,1113.46,14302.33
Dhule,2016,Bajra,Rabi,29.04,31.4,407.2,86.7,Laterite,5.9,42.13,30.9,29.82,Partially Irrigated,1192.54,34636.71
Dhule,2016,Cotton,Rabi,10.06,27.2,627.9,81.7,Loamy,6.47,91.58,45.22,39.54,Rainfed,1693.93,17033.86
Dhule,2016,Cotton,Kharif,9.85,35.5,767.4,67.6,Black,6.5,69.76,64.56,55.42,Rainfed,2276.42,22431.11
Dhule,2016,Cotton,Zaid,35.4,30.7,1409.2,55.9,Laterite,6.44,103.73,53.69,38.47,Irrigated,1706.93,60432.35
Dhule,2016,Groundnut,Kharif,28.82,21.2,431.4,47.5,Clayey,6.42,29.54,64.43,70.12,Partially Irrigated,1819.44,52440.37
Dhule,2016,Groundnut,Zaid,22.49,24.7,927.1,63.2,Black,6.76,24.63,52.7,74.23,Partially Irrigated,1477.59,33225.28
Dhule,2016,Groundnut,Rabi,26.16,25.6,559.8,69.1,Black,6.13,36.77,59.09,76.29,Rainfed,1878.38,49137.99
Dhule,2016,Jowar,Rabi,23.93,26.6,422.9,74.6,Clayey,6.65,73.62,29.69,20.26,Partially Irrigated,1853.17,44353.1
Dhule,2016,Jowar,Kharif,46.99,37.2,627.9,75.6,Black,7.59,40.97,64.33,32.83,Rainfed,1900.72,89307.77
Dhule,2016,Jowar,Rabi,24.18,29.1,261.4,81.1,Laterite,6.85,45.34,50.83,25.67,Irrigated,2138.02,51693.83
Dhule,2016,Jowar,Zaid,2.46,27.5,396.3,88.4,Red,6.67,22.81,21.19,30.13,Rainfed,1046.76,2570.37
Dhule,2016,Maize,Rabi,6.37,23.6,801.7,72.0,Black,7.25,111.46,52.41,74.22,Partially Irrigated,4251.81,27085.3
Dhule,2016,Maize,Kharif,1.35,23.7,524.4,66.8,Clayey,6.34,108.46,51.43,61.82,Partially Irrigated,4311.98,5822.8
Dhule,2016,Rice,Zaid,29.09,28.4,1398.4,81.0,Black,6.82,113.41,32.83,58.87,Rainfed,3664.37,106614.9
Dhule,2016,Rice,Kharif,34.25,28.0,1938.3,56.8,Loamy,5.87,126.21,47.6,42.21,Rainfed,3901.37,133627.68
Dhule,2016,Rice,Kharif,7.77,28.2,1807.3,62.9,Black,5.97,136.36,56.44,52.92,Irrigated,6409.38,49832.23
Dhule,2016,Rice,Rabi,34.18,25.5,1564.0,80.9,Sandy,6.83,106.57,43.1,61.02,Irrigated,5396.09,184431.12
Dhule,2016,Rice,Zaid,48.88,26.5,1638.1,51.7,Laterite,6.19,107.67,75.71,40.21,Rainfed,3868.93,189118.23
Dhule,2016,Rice,Zaid,16.68,29.2,2136.3,76.5,Red,6.82,167.67,35.84,25.7,Partially Irrigated,4091.21,68257.96
Dhule,2016,Soybean,Zaid,35.44,26.7,819.1,66.3,Red,6.17,25.77,60.65,30.36,Partially Irrigated,1662.45,58924.65
Dhule,2016,Sunflower,Rabi,37.18,24.2,444.6,72.7,Loamy,6.92,46.71,62.54,42.78,Irrigated,1389.31,51648.26
Dhule,2016,Sunflower,Zaid,25.2,23.2,501.7,45.3,Sandy,6.25,85.49,56.35,41.82,Partially Irrigated,1543.35,38891.53
Dhule,2016,Sunflower,Zaid,24.64,23.4,569.5,59.9,Laterite,6.43,80.26,35.55,58.75,Irrigated,1490.09,36710.44
Dhule,2016,Wheat,Rabi,23.85,26.5,577.0,79.0,Clayey,7.02,131.61,69.91,63.02,Partially Irrigated,3421.32,81604.78
Dhule,2016,Wheat,Rabi,11.67,26.8,530.1,50.9,Laterite,6.9,94.44,60.79,53.14,Irrigated,3339.97,38974.71
Dhule,2016,Wheat,Kharif,12.24,22.1,651.9,53.8,Loamy,6.34,155.37,46.32,55.24,Rainfed,3160.64,38671.91
Dhule,2016,Wheat,Rabi,2.35,13.7,357.9,71.1,Black,6.95,156.22,46.96,19.25,Irrigated,2859.83,6708.75
Jalgaon,2016,Bajra,Kharif,45.16,29.7,636.6,70.2,Clayey,7.09,62.1,52.86,16.44,Rainfed,1066.01,48138.47
Jalgaon,2016,Bajra,Zaid,41.62,34.9,591.9,66.0,Red,7.86,67.82,46.52,30.8,Partially Irrigated,1681.8,69997.39
Jalgaon,2016,Cotton,Kharif,26.79,30.6,938.6,66.0,Black,6.63,67.88,26.2,42.24,Partially Irrigated,1602.72,42932.38
Jalgaon,2016,Cotton,Zaid,5.27,27.1,546.8,62.4,Laterite,7.5,77.75,46.87,39.25,Irrigated,1765.93,9305.07
Jalgaon,2016,Groundnut,Rabi,33.93,26.9,572.7,84.3,Laterite,5.7,36.47,57.95,76.75,Irrigated,2780.26,94337.29
Jalgaon,2016,Groundnut,Kharif,7.4,26.5,621.7,86.3,Laterite,7.33,37.31,56.53,79.29,Irrigated,2321.41,17178.44
Jalgaon,2016,Groundnut,Rabi,21.09,19.4,676.4,47.5,Laterite,6.65,34.5,44.79,101.08,Irrigated,2382.54,50250.3
Jalgaon,2016,Jowar,Zaid,45.24,27.8,667.3,52.6,Red,6.92,59.27,48.6,60.58,Partially Irrigated,2457.53,111184.16
Jalgaon,2016,Jowar,Kharif,41.38,34.5,715.1,81.9,Loamy,6.38,79.06,27.5,25.68,Irrigated,1862.9,77084.83
Jalgaon,2016,Jowar,Zaid,4.34,27.6,458.9,55.2,Clayey,7.29,65.12,32.82,26.15,Rainfed,1526.89,6630.09
Jalgaon,2016,Jowar,Zaid,25.11,29.5,542.2,70.8,Clayey,7.41,64.73,73.21,17.15,Irrigated,3142.07,78912.55
Jalgaon,2016,Maize,Rabi,30.33,27.1,634.1,67.1,Clayey,5.83,115.16,66.54,79.03,Partially Irrigated,4328.89,131293.52
Jalgaon,2016,Maize,Rabi,17.53,27.4,685.2,52.4,Loamy,6.65,133.92,46.4,10.95,Irrigated,4779.65,83803.12
Jalgaon,2016,Maize,Kharif,27.13,22.5,180.9,79.1,Clayey,6.81,110.35,42.87,90.04,Rainfed,2837.02,76968.42
Jalgaon,2016,Maize,Zaid,3.76,23.2,825.1,51.3,Loamy,6.79,55.54,51.59,50.42,Irrigated,3716.85,13993.66
Jalgaon,2016,Maize,Zaid,3.08,22.8,742.4,78.2,Clayey,6.02,152.85,83.94,80.22,Irrigated,5046.61,15557.35
Jalgaon,2016,Rice,Rabi,20.5,26.0,1643.6,41.5,Red,5.95,66.7,86.15,53.32,Rainfed,4368.39,89531.95
Jalgaon,2016,Rice,Kharif,30.78,22.2,1335.0,80.7,Laterite,6.66,136.67,45.04,46.75,Irrigated,5135.91,158068.44
Jalgaon,2016,Rice,Zaid,28.34,20.5,1923.3,84.7,Loamy,5.66,112.99,66.66,61.33,Irrigated,4850.02,137447.04
Jalgaon,2016,Rice,Zaid,25.16,33.1,1536.9,53.3,Laterite,6.15,86.11,64.36,46.0,Irrigated,4136.19,104081.93
Jalgaon,2016,Rice,Rabi,2.71,28.9,1465.9,58.5,Red,7.08,61.44,45.91,58.11,Irrigated,4936.76,13361.19
Jalgaon,2016,Soybean,Rabi,20.2,21.2,662.4,72.1,Black,6.76,27.07,63.44,59.15,Rainfed,1654.25,33421.9
Jalgaon,2016,Soybean,Rabi,2.83,20.2,553.2,46.7,Clayey,6.96,36.69,57.27,72.66,Rainfed,2487.13,7050.3
Jalgaon,2016,Soybean,Kharif,35.06,26.2,809.3,58.9,Sandy,6.62,42.13,68.71,21.51,Irrigated,2196.9,77022.32
Jalgaon,2016,Sugarcane,Kharif,35.0,24.6,1693.0,43.6,Red,7.19,187.79,73.36,63.35,Partially Irrigated,56068.29,1962527.51
Jalgaon,2016,Sunflower,Zaid,5.38,19.0,456.7,54.6,Clayey,6.61,109.61,37.92,52.83,Rainfed,1118.74,6016.21
Jalgaon,2016,Sunflower,Rabi,10.41,22.0,388.7,62.5,Sandy,7.21,89.55,37.04,41.28,Rainfed,946.36,9849.37
Jalgaon,2016,Sunflower,Zaid,23.99,29.2,426.2,47.7,Laterite,6.62,95.16,61.51,48.95,Irrigated,1892.43,45405.81
Jalgaon,2016,Sunflower,Zaid,26.19,19.6,461.6,88.8,Red,6.6,109.33,36.09,42.62,Rainfed,993.66,26027.28
Jalgaon,2016,Sunflower,Rabi,49.93,28.3,398.2,84.5,Laterite,5.49,103.26,58.63,23.81,Rainfed,947.69,47316.95
Jalgaon,2016,Wheat,Zaid,12.96,23.1,537.5,73.0,Clayey,6.26,113.92,69.67,26.44,Irrigated,3485.83,45187.63
Jalgaon,2016,Wheat,Rabi,7.1,18.7,693.5,56.2,Loamy,6.66,146.69,44.45,46.39,Rainfed,2877.28,20420.84
Kolhapur,2016,Bajra,Kharif,19.82,30.6,458.8,66.5,Clayey,6.42,41.12,63.92,21.38,Irrigated,1757.05,34826.9
Kolhapur,2016,Bajra,Kharif,36.08,32.9,630.6,57.9,Red,7.07,69.55,16.22,23.85,Irrigated,1648.42,59481.4
Kolhapur,2016,Bajra,Zaid,36.88,27.3,275.6,70.3,Black,7.89,37.28,39.9,31.58,Rainfed,948.37,34973.13
Kolhapur,2016,Cotton,Kharif,25.92,37.0,718.5,42.5,Clayey,5.95,79.31,34.74,41.51,Rainfed,1145.89,29697.71
Kolhapur,2016,Cotton,Rabi,13.8,33.3,599.8,40.5,Red,7.11,60.76,15.71,35.26,Irrigated,1521.21,20993.13
Kolhapur,2016,Cotton,Rabi,47.04,31.7,1342.6,85.7,Black,7.68,39.65,43.75,53.28,Partially Irrigated,1375.91,64725.51
Kolhapur,2016,Cotton,Rabi,21.35,29.7,725.1,59.2,Red,6.93,91.13,45.9,47.4,Irrigated,2368.94,50587.11
Kolhapur,2016,Groundnut,Rabi,47.91,29.4,704.4,71.5,Clayey,6.55,16.5,59.47,121.53,Irrigated,2236.64,107149.15
Kolhapur,2016,Groundnut,Kharif,45.96,30.6,531.5,65.9,Laterite,7.39,26.41,55.67,71.72,Rainfed,1471.86,67651.72
Kolhapur,2016,Groundnut,Rabi,25.01,23.4,450.5,60.1,Sandy,6.09,25.22,41.76,99.25,Irrigated,2367.2,59211.8
Kolhapur,2016,Groundnut,Zaid,28.08,30.0,719.2,51.6,Laterite,6.23,27.41,58.45,82.3,Rainfed,1407.8,39535.93
Kolhapur,2016,Groundnut,Rabi,20.01,27.9,734.2,73.2,Sandy,7.08,15.37,65.89,52.16,Rainfed,1305.18,26114.62
Kolhapur,2016,Jowar,Rabi,45.47,18.0,388.8,72.0,Sandy,6.32,56.17,28.46,29.53,Irrigated,1824.9,82980.43
Kolhapur,2016,Jowar,Kharif,31.4,29.5,523.0,63.4,Sandy,7.01,77.23,32.37,25.44,Rainfed,1738.65,54598.59
Kolhapur,2016,Jowar,Rabi,25.8,24.5,582.2,73.9,Sandy,6.82,39.93,45.68,30.35,Partially Irrigated,1960.37,50569.94
Kolhapur,2016,Maize,Zaid,27.89,25.2,837.8,74.2,Red,6.45,76.47,53.04,37.6,Irrigated,3350.77,93440.79
Kolhapur,2016,Maize,Zaid,14.27,19.0,582.1,40.2,Sandy,6.22,149.78,66.19,38.41,Irrigated,5386.55,76870.23
Kolhapur,2016,Rice,Rabi,37.2,25.5,567.6,88.7,Laterite,6.88,60.08,63.0,46.46,Irrigated,3755.38,139704.17
Kolhapur,2016,Rice,Zaid,19.95,29.3,829.1,56.0,Black,6.11,18.1,51.13,67.37,Rainfed,2494.78,49775.14
Kolhapur,2016,Sugarcane,Kharif,35.06,36.1,1977.1,76.9,Red,6.67,213.21,69.65,123.33,Irrigated,89545.12,3139579.28
Kolhapur,2016,Sugarcane,Zaid,14.07,31.1,2552.8,59.7,Loamy,6.85,210.17,101.57,80.1,Irrigated,65795.54,925468.68
Kolhapur,2016,Sugarcane,Zaid,22.62,28.0,1203.4,85.7,Laterite,6.55,249.87,106.49,79.65,Rainfed,53326.03,1206242.86
Kolhapur,2016,Sunflower,Zaid,47.62,29.9,422.9,76.9,Loamy,6.69,102.93,13.01,63.38,Irrigated,1631.94,77714.17
Kolhapur,2016,Sunflower,Zaid,32.22,31.9,440.2,81.2,Sandy,7.25,85.87,69.29,50.85,Irrigated,1886.8,60790.13
Kolhapur,2016,Sunflower,Rabi,42.74,26.0,391.0,73.4,Loamy,7.15,75.37,81.93,65.45,Partially Irrigated,1905.6,81441.07
Kolhapur,2016,Wheat,Zaid,44.86,19.6,296.6,76.6,Clayey,6.85,177.55,70.19,57.04,Irrigated,4253.12,190799.4
Nagpur,2016,Bajra,Kharif,2.51,33.5,415.0,89.0,Black,7.93,50.78,35.26,19.89,Irrigated,1630.95,4097.59
Nagpur,2016,Cotton,Kharif,10.98,22.7,840.1,79.6,Sandy,7.94,105.92,34.63,55.37,Partially Irrigated,2237.33,24576.07
Nagpur,2016,Cotton,Kharif,14.19,29.3,1161.8,82.9,Black,7.24,64.58,41.13,42.03,Irrigated,2033.02,28847.63
Nagpur,2016,Cotton,Rabi,20.95,31.1,781.7,73.1,Laterite,6.47,82.98,34.91,38.81,Partially Irrigated,1984.05,41558.29
Nagpur,2016,Cotton,Rabi,6.37,37.2,769.0,67.5,Laterite,6.57,102.36,32.57,21.39,Partially Irrigated,1576.13,10042.28
Nagpur,2016,Groundnut,Rabi,20.94,28.2,389.6,89.8,Red,6.72,33.5,43.89,72.52,Irrigated,2039.13,42695.36
Nagpur,2016,Groundnut,Rabi,45.77,27.9,733.5,75.1,Red,6.24,22.48,17.94,63.35,Partially Irrigated,1366.12,62528.92
Nagpur,2016,Groundnut,Rabi,17.32,29.1,400.1,89.5,Black,7.0,40.44,65.38,67.17,Rainfed,1782.29,30864.12
Nagpur,2016,Jowar,Rabi,46.33,26.4,519.2,72.2,Loamy,7.8,66.39,35.74,41.5,Partially Irrigated,2067.32,95773.17
Nagpur,2016,Jowar,Zaid,44.84,38.6,489.6,49.0,Loamy,6.13,65.69,49.07,34.72,Partially Irrigated,2119.42,95040.37
Nagpur,2016,Jowar,Kharif,18.55,28.8,343.9,76.2,Clayey,6.62,53.5,33.66,36.34,Partially Irrigated,1839.85,34129.21
Nagpur,2016,Jowar,Kharif,1.03,24.3,514.2,73.6,Clayey,7.01,39.57,42.2,22.46,Rainfed,1303.25,1347.34
Nagpur,2016,Jowar,Kharif,3.46,18.8,449.4,43.1,Laterite,6.96,32.08,9.73,33.6,Irrigated,1485.28,5143.14
Nagpur,2016,Maize,Zaid,19.96,20.0,455.3,64.0,Black,6.34,133.47,46.99,52.39,Partially Irrigated,3977.22,79395.17
Nagpur,2016,Maize,Zaid,37.06,30.8,545.3,48.9,Black,6.45,101.09,59.57,3.13,Rainfed,2455.06,90978.6
Nagpur,2016,Rice,Zaid,3.52,21.4,1076.8,75.9,Loamy,5.89,73.13,32.86,52.3,Irrigated,2991.49,10516.25
Nagpur,2016,Soybean,Rabi,1.52,29.3,528.7,57.3,Black,6.27,33.7,41.2,52.49,Rainfed,1866.22,2831.07
Nagpur,2016,Soybean,Zaid,39.41,31.6,405.2,47.5,Black,6.41,35.75,68.66,28.24,Irrigated,2396.9,94472.72
Nagpur,2016,Soybean,Zaid,32.51,22.2,236.7,85.3,Loamy,6.43,34.33,101.94,51.52,Irrigated,2644.2,85975.97
Nagpur,2016,Sugarcane,Kharif,8.65,29.1,1896.9,50.9,Red,7.34,149.21,96.57,56.63,Partially Irrigated,55461.49,479881.65
Nagpur,2016,Sugarcane,Rabi,46.03,32.2,2579.1,64.2,Laterite,5.84,135.14,85.71,53.81,Irrigated,56850.41,2617064.37
Nagpur,2016,Sunflower,Kharif,45.55,25.6,604.0,75.1,Clayey,8.17,68.78,39.13,47.86,Rainfed,914.81,41671.58
Nagpur,2016,Sunflower,Rabi,30.5,22.2,447.1,57.0,Clayey,6.95,117.46,55.11,46.06,Irrigated,1910.08,58262.23
Nagpur,2016,Sunflower,Zaid,45.03,28.7,709.9,55.7,Laterite,6.89,97.67,35.71,42.52,Rainfed,883.3,39773.6
Nagpur,2016,Wheat,Rabi,34.93,18.8,480.0,66.0,Laterite,6.6,126.49,49.1,68.42,Irrigated,3960.87,138365.88
Nagpur,2016,Wheat,Zaid,25.74,14.3,602.7,60.2,Loamy,6.78,136.55,55.27,72.11,Partially Irrigated,3662.96,94293.57
Nagpur,2016,Wheat,Kharif,23.06,21.3,714.8,45.1,Clayey,7.23,63.84,73.01,54.96,Rainfed,2467.6,56911.53
Nagpur,2016,Wheat,Rabi,14.33,18.5,652.9,52.3,Laterite,7.13,131.95,57.26,50.04,Irrigated,3392.51,48629.17
Nashik,2016,Cotton,Zaid,17.17,35.0,756.4,50.0,Loamy,6.69,117.21,40.34,41.62,Partially Irrigated,1901.64,32652.11
Nashik,2016,Groundnut,Kharif,4.72,23.2,756.6,55.6,Clayey,7.88,27.74,21.12,101.37,Irrigated,1603.86,7573.49
Nashik,2016,Groundnut,Kharif,26.93,38.4,713.9,40.9,Black,7.01,39.09,52.67,49.5,Irrigated,1896.08,51059.65
Nashik,2016,Groundnut,Rabi,18.88,30.8,507.6,51.5,Sandy,6.0,30.49,39.37,65.98,Partially Irrigated,1616.74,30520.15
Nashik,2016,Jowar,Zaid,35.6,37.7,740.9,61.5,Red,6.91,24.93,45.05,27.27,Partially Irrigated,1260.2,44867.5
Nashik,2016,Jowar,Zaid,25.24,33.6,485.9,44.0,Sandy,6.54,22.19,33.36,23.84,Partially Irrigated,1407.68,35523.39
Nashik,2016,Jowar,Kharif,25.99,29.9,306.7,51.0,Clayey,5.99,29.82,41.58,37.56,Irrigated,2055.39,53425.25
Nashik,2016,Jowar,Zaid,28.22,26.5,568.8,67.1,Black,6.66,63.31,31.91,43.07,Partially Irrigated,2204.8,62217.63
Nashik,2016,Jowar,Rabi,6.46,27.4,496.4,87.2,Clayey,7.33,61.51,37.2,30.06,Rainfed,1565.81,10108.27
Nashik,2016,Maize,Rabi,27.47,19.8,437.9,46.6,Red,7.28,153.18,41.37,58.67,Rainfed,2903.06,79754.29
Nashik,2016,Maize,Rabi,14.94,23.5,619.9,55.1,Sandy,5.88,146.91,52.22,55.91,Rainfed,4316.5,64481.34
Nashik,2016,Maize,Rabi,41.31,29.3,673.8,46.3,Red,6.19,104.17,30.44,47.21,Rainfed,2765.09,114223.48
Nashik,2016,Maize,Zaid,2.46,24.8,658.1,47.7,Black,7.1,112.14,47.7,48.15,Irrigated,4132.45,10176.84
Nashik,2016,Rice,Zaid,3.71,20.4,2095.4,43.2,Laterite,6.26,153.41,42.15,46.29,Partially Irrigated,3824.12,14171.32
Nashik,2016,Soybean,Rabi,44.99,28.9,671.4,46.2,Clayey,6.32,34.03,75.26,83.25,Rainfed,2342.92,105418.89
Nashik,2016,Soybean,Rabi,20.92,23.9,705.6,61.2,Red,7.11,41.12,69.2,43.84,Rainfed,1933.61,40460.15
Nashik,2016,Sugarcane,Zaid,19.16,22.2,2225.1,66.4,Red,6.32,206.59,108.66,142.92,Partially Irrigated,77032.58,1475631.27
Nashik,2016,Sugarcane,Kharif,29.48,27.8,1927.5,78.7,Black,7.63,222.95,103.96,90.02,Irrigated,81614.86,2405979.16
Nashik,2016,Sunflower,Rabi,6.39,24.0,533.5,43.4,Sandy,6.81,58.36,55.26,56.11,Rainfed,1272.25,8125.71
Nashik,2016,Wheat,Zaid,32.33,22.9,327.4,78.4,Red,4.91,167.01,52.14,49.14,Irrigated,2942.49,95120.08
Nashik,2016,Wheat,Rabi,5.98,25.7,337.6,86.3,Sandy,6.34,133.48,73.62,25.95,Partially Irrigated,2069.29,12365.7
Nashik,2016,Wheat,Zaid,34.93,14.6,757.0,50.6,Sandy,7.11,103.05,47.22,49.39,Partially Irrigated,2025.84,70753.89
Pune,2016,Bajra,Rabi,7.01,31.1,426.8,42.0,Laterite,7.62,62.17,37.33,49.49,Rainfed,1662.47,11653.93
Pune,2016,Cotton,Kharif,18.34,31.0,575.0,72.9,Black,6.78,50.27,54.35,50.06,Rainfed,1721.29,31570.89
Pune,2016,Cotton,Kharif,49.44,21.1,691.1,82.6,Loamy,6.21,71.52,41.83,39.61,Rainfed,1222.47,60443.57
Pune,2016,Groundnut,Kharif,5.06,21.4,804.7,82.8,Sandy,5.83,27.45,58.8,55.84,Irrigated,1792.23,9073.74
Pune,2016,Groundnut,Rabi,43.49,27.8,634.3,54.9,Black,5.61,23.74,35.4,76.45,Partially Irrigated,1482.31,64466.08
Pune,2016,Groundnut,Zaid,45.75,27.7,606.8,59.6,Black,7.25,19.03,56.93,85.15,Irrigated,2302.6,105341.25
Pune,2016,Groundnut,Kharif,44.43,20.9,701.1,45.8,Clayey,6.04,29.88,25.68,97.29,Rainfed,1213.16,53902.47
Pune,2016,Jowar,Rabi,18.81,28.0,527.7,56.6,Red,7.51,73.86,47.79,37.3,Rainfed,1887.52,35498.18
Pune,2016,Jowar,Kharif,28.67,29.8,476.6,53.3,Loamy,7.35,64.78,47.89,29.37,Rainfed,2019.61,57892.37
Pune,2016,Jowar,Kharif,15.28,27.9,646.3,41.2,Black,6.57,59.8,40.5,32.06,Rainfed,1750.26,26741.72
Pune,2016,Jowar,Zaid,1.75,26.0,536.7,45.8,Red,6.57,76.59,48.43,31.95,Partially Irrigated,2260.46,3945.88
Pune,2016,Jowar,Zaid,8.76,27.8,280.0,81.1,Laterite,6.82,46.73,45.07,25.39,Rainfed,1458.56,12775.48
Pune,2016,Maize,Kharif,39.79,24.6,737.9,87.6,Clayey,6.46,139.4,39.55,77.96,Rainfed,4091.43,162786.2
Pune,2016,Maize,Zaid,13.42,24.5,821.0,50.5,Laterite,6.38,131.46,54.64,74.18,Partially Irrigated,4419.12,59304.49
Pune,2016,Maize,Rabi,36.13,25.1,663.0,63.9,Sandy,6.42,115.85,63.87,68.14,Irrigated,6262.2,226236.56
Pune,2016,Maize,Zaid,15.15,24.7,459.4,57.7,Red,6.51,109.77,47.61,58.55,Partially Irrigated,3515.97,53276.61
Pune,2016,Rice,Kharif,23.25,32.2,1533.1,86.6,Sandy,6.31,47.93,86.63,42.98,Rainfed,3328.91,77396.32
Pune,2016,Rice,Rabi,47.52,26.3,1859.1,81.9,Black,6.66,120.06,59.53,32.08,Rainfed,3221.79,153090.0
Pune,2016,Soybean,Rabi,45.4,34.9,827.1,82.5,Black,6.8,38.44,103.75,71.48,Rainfed,1727.54,78424.76
Pune,2016,Soybean,Kharif,47.29,31.1,707.8,44.7,Red,6.14,35.71,100.76,48.79,Irrigated,3049.36,144214.16
Pune,2016,Soybean,Rabi,28.03,23.0,512.3,44.9,Red,6.8,30.94,70.14,34.12,Irrigated,2631.13,73755.08
Pune,2016,Soybean,Rabi,32.2,27.6,468.7,79.1,Black,5.57,40.1,78.83,62.06,Irrigated,3049.9,98218.88
Pune,2016,Sugarcane,Rabi,11.21,31.4,1539.2,56.0,Red,5.84,136.48,128.29,104.09,Rainfed,60989.63,683790.05
Pune,2016,Sugarcane,Kharif,46.24,27.6,2339.1,52.8,Loamy,5.92,305.97,105.55,108.15,Partially Irrigated,77990.5,3606064.88
Pune,2016,Sugarcane,Kharif,5.64,30.0,1653.3,76.5,Red,7.18,223.4,86.91,70.04,Partially Irrigated,67767.85,382077.47
Pune,2016,Sunflower,Rabi,22.85,28.6,302.1,49.3,Laterite,6.19,90.39,47.2,42.81,Partially Irrigated,1043.24,23840.49
Pune,2016,Sunflower,Zaid,1.77,11.9,284.3,65.8,Laterite,6.43,65.02,39.3,53.87,Partially Irrigated,751.64,1327.17
Pune,2016,Sunflower,Rabi,37.51,37.5,449.8,45.3,Black,7.31,41.96,44.8,38.14,Rainfed,604.66,22679.08
Pune,2016,Wheat,Rabi,49.24,18.2,582.0,59.7,Clayey,7.37,127.38,45.76,70.84,Partially Irrigated,3527.23,173675.63
Sangli,2016,Bajra,Rabi,36.67,27.6,535.9,78.7,Sandy,7.32,16.39,45.15,35.5,Irrigated,1841.98,67550.25
Sangli,2016,Bajra,Zaid,2.96,28.4,573.0,43.6,Red,6.64,57.25,47.27,45.53,Rainfed,1577.36,4661.51
Sangli,2016,Bajra,Kharif,22.76,31.7,511.0,64.9,Loamy,7.78,82.05,71.02,34.93,Partially Irrigated,2290.72,52135.3
Sangli,2016,Cotton,Kharif,41.65,24.8,1080.7,65.0,Sandy,7.12,98.27,28.63,36.95,Rainfed,1223.83,50978.21
Sangli,2016,Cotton,Zaid,3.91,28.5,875.1,58.6,Laterite,6.78,139.61,35.35,36.1,Irrigated,2441.82,9549.34
Sangli,2016,Cotton,Zaid,45.61,27.4,955.6,71.7,Black,6.67,86.32,18.7,31.78,Irrigated,1743.79,79528.85
Sangli,2016,Cotton,Kharif,23.01,24.4,505.8,41.2,Red,7.16,109.64,44.81,41.57,Partially Irrigated,1984.06,45658.9
Sangli,2016,Groundnut,Rabi,25.55,25.0,609.3,48.4,Sandy,7.17,28.31,60.84,22.99,Rainfed,1608.54,41091.67
Sangli,2016,Groundnut,Kharif,33.22,30.1,498.1,57.4,Red,6.14,10.75,48.05,57.56,Rainfed,947.18,31462.21
Sangli,2016,Groundnut,Kharif,2.91,24.4,658.1,75.5,Clayey,7.06,26.74,48.21,83.37,Rainfed,1516.4,4407.07
Sangli,2016,Groundnut,Zaid,48.98,29.7,240.5,52.8,Red,7.13,34.17,38.8,73.55,Partially Irrigated,1602.76,78510.55
Sangli,2016,Groundnut,Zaid,27.62,28.8,740.9,51.0,Red,6.98,38.78,55.31,75.16,Rainfed,1733.89,47884.6
Sangli,2016,Groundnut,Kharif,22.51,22.7,454.8,64.3,Laterite,6.64,15.87,61.66,53.93,Irrigated,1562.48,35175.71
Sangli,2016,Jowar,Kharif,4.58,33.6,617.1,72.7,Sandy,6.66,69.83,47.67,31.14,Irrigated,2518.02,11522.83
Sangli,2016,Jowar,Kharif,44.24,25.8,449.1,45.2,Sandy,6.31,25.13,35.24,35.67,Partially Irrigated,1598.71,70726.05
Sangli,2016,Maize,Zaid,16.03,30.9,1119.7,41.0,Laterite,6.43,97.95,54.29,57.63,Partially Irrigated,3051.38,48918.32
Sangli,2016,Maize,Zaid,17.91,23.0,754.6,63.1,Laterite,5.82,86.99,33.95,62.07,Partially Irrigated,3641.25,65207.97
Sangli,2016,Maize,Kharif,5.99,22.0,728.3,62.2,Sandy,6.26,54.2,51.75,47.1,Partially Irrigated,2505.78,15003.81
Sangli,2016,Maize,Zaid,2.47,21.7,488.1,57.2,Sandy,6.26,152.22,49.22,54.31,Irrigated,4234.44,10452.09
Sangli,2016,Rice,Zaid,36.6,31.7,1870.5,62.7,Black,5.02,40.61,39.8,43.65,Partially Irrigated,2275.59,83294.99
Sangli,2016,Sugarcane,Rabi,12.15,26.3,1797.2,69.0,Loamy,6.36,186.48,48.35,86.37,Rainfed,45103.92,548036.93
Sangli,2016,Sugarcane,Zaid,2.63,31.1,1809.6,80.7,Sandy,7.53,306.38,88.95,106.87,Partially Irrigated,78925.53,207865.06
Sangli,2016,Sugarcane,Zaid,31.57,34.3,1928.6,56.9,Laterite,7.19,275.92,90.33,83.67,Rainfed,53886.29,1701414.21
Sangli,2016,Sugarcane,Kharif,36.1,27.7,1894.5,54.6,Red,6.85,284.37,42.6,67.28,Partially Irrigated,53948.45,1947289.59
Sangli,2016,Sugarcane,Kharif,11.19,25.1,2312.0,72.4,Laterite,6.95,233.14,76.87,101.38,Irrigated,69923.08,782445.91
Sangli,2016,Sugarcane,Kharif,19.03,29.3,2760.2,53.6,Clayey,6.21,140.79,72.45,95.14,Irrigated,58030.01,1104236.84
Sangli,2016,Sunflower,Kharif,37.03,21.1,393.3,40.3,Clayey,6.63,82.45,58.27,50.58,Irrigated,1421.39,52627.45
Sangli,2016,Sunflower,Kharif,11.11,21.1,515.9,54.4,Laterite,6.52,48.7,66.9,74.03,Irrigated,1876.41,20852.4
Sangli,2016,Sunflower,Kharif,38.31,16.6,550.5,45.7,Clayey,6.67,67.99,53.82,32.88,Partially Irrigated,1124.93,43098.47
Sangli,2016,Sunflower,Kharif,24.45,24.1,502.4,44.8,Clayey,6.18,100.85,45.26,39.15,Partially Irrigated,1342.13,32811.44
Sangli,2016,Sunflower,Kharif,40.96,19.6,634.3,53.8,Black,6.02,79.99,54.06,55.32,Irrigated,1380.68,56553.38
Sangli,2016,Sunflower,Rabi,49.44,26.4,423.3,42.8,Red,6.06,50.03,53.33,24.95,Irrigated,1057.36,52275.61
Sangli,2016,Wheat,Rabi,7.92,22.6,580.8,83.0,Clayey,6.22,144.72,70.46,57.67,Irrigated,4808.32,38079.32
Satara,2016,Bajra,Zaid,46.13,34.3,554.0,83.1,Sandy,7.67,48.89,33.3,20.1,Rainfed,1027.91,47415.96
Satara,2016,Bajra,Kharif,6.23,38.8,585.2,41.4,Black,7.84,64.62,32.06,33.59,Rainfed,1160.07,7226.08
Satara,2016,Bajra,Rabi,10.09,21.4,656.8,85.9,Loamy,8.41,53.29,51.73,26.51,Partially Irrigated,1229.63,12405.16
Satara,2016,Bajra,Zaid,37.16,39.6,458.8,45.8,Loamy,7.83,96.48,28.25,39.09,Rainfed,1703.85,63316.58
Satara,2016,Bajra,Zaid,33.09,29.9,446.3,55.6,Sandy,8.57,55.61,22.9,42.91,Irrigated,2301.04,76135.98
Satara,2016,Cotton,Kharif,7.82,33.8,839.0,63.7,Laterite,7.38,94.9,43.45,41.92,Partially Irrigated,1982.6,15505.16
Satara,2016,Cotton,Rabi,30.61,30.0,905.9,42.6,Loamy,6.64,61.27,35.97,38.57,Irrigated,2171.52,66460.36
Satara,2016,Cotton,Kharif,36.29,35.4,932.8,65.0,Loamy,6.27,77.78,29.76,29.53,Irrigated,1763.18,63985.53
Satara,2016,Cotton,Kharif,14.25,36.4,789.4,86.5,Clayey,6.2,114.8,33.68,49.43,Partially Irrigated,2249.08,32039.83
Satara,2016,Groundnut,Zaid,36.16,30.9,919.3,89.9,Black,6.52,33.44,21.65,23.05,Irrigated,1206.16,43610.31
Satara,2016,Jowar,Rabi,27.85,24.4,616.9,86.9,Clayey,6.82,62.35,36.69,27.08,Rainfed,1385.89,38593.04
Satara,2016,Jowar,Rabi,12.09,30.9,407.0,63.9,Clayey,6.75,47.63,35.2,30.03,Rainfed,1412.44,17071.98
Satara,2016,Jowar,Kharif,22.95,30.2,350.3,76.2,Loamy,7.22,49.28,28.67,35.62,Rainfed,1487.96,34155.05
Satara,2016,Jowar,Rabi,33.92,29.2,461.3,67.1,Black,7.58,50.47,24.83,37.54,Rainfed,1573.57,53369.39
Satara,2016,Maize,Zaid,9.51,28.4,738.8,45.0,Black,6.22,87.68,40.06,19.55,Rainfed,2252.52,21431.18
Satara,2016,Maize,Zaid,15.64,24.1,493.6,41.4,Clayey,6.34,57.8,41.8,48.54,Irrigated,3354.9,52455.56
Satara,2016,Maize,Kharif,29.18,21.9,561.6,54.8,Loamy,6.34,52.25,55.31,74.22,Rainfed,3353.33,97837.66
Satara,2016,Maize,Kharif,5.29,27.4,647.9,81.0,Laterite,5.94,105.89,63.03,58.91,Partially Irrigated,4837.46,25573.64
Satara,2016,Maize,Kharif,48.87,29.8,935.6,59.0,Clayey,6.13,102.95,54.92,28.19,Irrigated,3359.02,164155.98
Satara,2016,Rice,Zaid,39.13,28.5,2141.5,56.5,Clayey,6.94,134.12,62.49,75.96,Irrigated,5898.57,230807.03
Satara,2016,Rice,Zaid,24.38,30.5,1220.0,45.4,Laterite,6.6,133.08,35.15,79.7,Rainfed,4022.81,98094.47
Satara,2016,Soybean,Kharif,18.21,26.0,622.2,58.7,Loamy,6.39,20.62,87.51,67.05,Rainfed,1833.88,33391.7
Satara,2016,Soybean,Kharif,1.8,26.2,499.2,40.1,Laterite,6.3,3.95,72.47,72.42,Irrigated,1945.41,3497.18
Satara,2016,Sugarcane,Rabi,18.59,33.3,1902.8,48.0,Laterite,6.91,159.46,40.85,136.89,Rainfed,41891.06,778662.74
Satara,2016,Sugarcane,Rabi,32.98,25.8,1609.9,64.4,Black,6.71,109.99,106.59,84.53,Partially Irrigated,64844.69,2138503.58
Satara,2016,Sugarcane,Rabi,40.47,33.6,2345.1,59.0,Sandy,7.36,231.43,78.54,129.87,Irrigated,92604.75,3747475.86
Satara,2016,Sugarcane,Kharif,10.77,29.6,1761.1,75.4,Clayey,8.38,239.31,132.69,61.14,Rainfed,61217.81,659148.27
Satara,2016,Sugarcane,Zaid,9.38,33.5,1924.8,77.5,Sandy,6.88,243.76,66.61,104.82,Irrigated,75047.03,704238.53
Satara,2016,Sugarcane,Kharif,13.95,31.6,1953.3,67.1,Laterite,6.08,181.99,116.92,59.36,Rainfed,46997.82,655681.85
Satara,2016,Sunflower,Rabi,16.52,23.7,449.5,49.2,Black,6.9,98.26,47.01,32.55,Rainfed,1185.45,19585.16
Satara,2016,Sunflower,Rabi,44.28,33.2,643.6,83.8,Loamy,6.94,109.1,43.85,73.33,Rainfed,1183.91,52418.16
Satara,2016,Sunflower,Zaid,47.71,25.5,371.7,87.8,Red,6.76,82.32,44.54,44.72,Rainfed,1157.29,55214.2
Satara,2016,Sunflower,Zaid,37.58,26.1,462.3,44.7,Red,5.37,102.87,39.26,34.91,Irrigated,1382.59,51957.89
Satara,2016,Sunflower,Zaid,40.51,26.6,453.0,62.8,Black,6.93,60.86,68.87,58.87,Irrigated,1912.68,77477.11
Satara,2016,Sunflower,Kharif,47.64,21.4,533.4,86.6,Red,6.27,84.73,45.37,44.59,Rainfed,1051.0,50067.42
Satara,2016,Wheat,Zaid,29.44,17.9,326.4,50.4,Laterite,6.22,196.34,35.89,48.17,Rainfed,2589.89,76246.48
Solapur,2016,Cotton,Zaid,33.92,36.0,790.7,64.7,Laterite,6.71,97.2,62.78,29.82,Partially Irrigated,1873.71,63557.47
Solapur,2016,Cotton,Rabi,38.84,28.6,836.4,42.5,Clayey,6.98,110.05,33.15,51.52,Rainfed,1872.54,72736.14
Solapur,2016,Cotton,Kharif,45.65,29.7,785.3,73.5,Laterite,7.72,45.06,40.71,13.41,Irrigated,1627.35,74292.85
Solapur,2016,Cotton,Zaid,25.3,26.8,679.7,87.8,Clayey,8.03,109.0,30.3,46.19,Partially Irrigated,2040.04,51613.8
Solapur,2016,Cotton,Zaid,17.63,37.4,826.6,71.8,Laterite,6.14,93.98,45.37,46.38,Irrigated,2095.18,36941.41
Solapur,2016,Cotton,Rabi,48.36,29.5,656.8,73.2,Clayey,7.0,75.26,27.46,19.82,Irrigated,1718.7,83115.14
Solapur,2016,Cotton,Kharif,22.91,22.9,567.7,76.4,Loamy,6.6,45.03,46.52,19.81,Partially Irrigated,1260.43,28881.11
Solapur,2016,Groundnut,Zaid,45.37,25.9,739.4,77.5,Sandy,6.72,37.84,33.93,67.01,Rainfed,1464.87,66466.52
Solapur,2016,Groundnut,Rabi,29.77,27.3,585.9,49.3,Clayey,6.54,34.06,45.91,76.93,Rainfed,1908.98,56827.75
Solapur,2016,Groundnut,Rabi,43.15,31.2,639.1,50.1,Sandy,6.59,33.76,31.47,109.39,Irrigated,3059.13,131998.56
Solapur,2016,Groundnut,Kharif,34.7,23.9,798.7,67.5,Red,6.87,38.96,68.87,53.86,Partially Irrigated,2354.97,81706.11
Solapur,2016,Groundnut,Rabi,48.34,23.9,707.7,88.7,Clayey,6.25,32.33,52.86,66.39,Irrigated,2466.43,119216.08
Solapur,2016,Jowar,Kharif,36.76,27.1,523.7,58.0,Red,6.8,69.65,35.93,23.25,Irrigated,2218.76,81558.94
Solapur,2016,Jowar,Zaid,6.95,28.2,672.2,62.5,Loamy,7.16,11.06,40.86,35.95,Irrigated,1888.14,13130.2
Solapur,2016,Jowar,Kharif,23.46,29.6,592.5,42.8,Black,7.27,73.96,35.04,21.39,Rainfed,1908.22,44773.95
Solapur,2016,Jowar,Zaid,1.54,32.6,704.8,46.3,Clayey,7.04,69.76,11.42,23.53,Irrigated,1469.1,2268.8
Solapur,2016,Jowar,Rabi,42.01,30.8,565.2,42.9,Loamy,6.44,59.27,25.58,39.97,Irrigated,2501.0,105063.87
Solapur,2016,Maize,Rabi,36.1,22.7,670.1,57.3,Sandy,7.07,70.43,78.33,69.53,Irrigated,5684.13,205195.1
Solapur,2016,Maize,Zaid,25.99,29.1,782.4,58.2,Sandy,6.64,95.28,39.71,45.08,Irrigated,3575.77,92948.92
Solapur,2016,Rice,Zaid,32.86,25.3,1473.1,58.1,Sandy,6.52,126.29,39.97,49.08,Partially Irrigated,4306.81,141518.29
Solapur,2016,Rice,Kharif,19.44,24.7,1393.8,48.9,Loamy,6.45,96.46,54.96,47.38,Irrigated,4457.38,86632.13
Solapur,2016,Rice,Kharif,44.4,26.0,1537.9,64.1,Laterite,6.42,118.69,55.72,62.17,Rainfed,3725.71,165408.3
Solapur,2016,Rice,Kharif,33.53,28.8,1257.5,72.4,Sandy,6.19,102.02,61.69,38.77,Partially Irrigated,3983.1,133564.86
Solapur,2016,Rice,Zaid,14.77,30.4,1720.9,46.0,Loamy,5.98,79.5,52.87,69.71,Rainfed,3996.93,59044.88
Solapur,2016,Rice,Zaid,19.46,24.9,1803.2,58.4,Clayey,6.21,104.29,32.09,71.37,Irrigated,5340.17,103900.98
Solapur,2016,Rice,Kharif,32.98,24.3,1153.1,60.9,Loamy,6.16,131.79,52.86,48.22,Irrigated,5067.07,167127.01
Solapur,2016,Soybean,Rabi,46.74,26.6,550.4,58.4,Sandy,6.89,44.46,59.19,49.83,Partially Irrigated,2773.74,129631.95
Solapur,2016,Soybean,Zaid,34.06,22.8,226.6,45.1,Loamy,6.4,17.7,84.66,61.24,Irrigated,2273.47,77442.0
Solapur,2016,Sugarcane,Rabi,43.53,31.7,2121.7,82.9,Sandy,5.83,166.0,107.92,72.12,Partially Irrigated,65099.05,2834065.24
Solapur,2016,Sunflower,Zaid,7.61,27.4,284.3,62.1,Laterite,7.38,61.3,54.09,56.26,Rainfed,897.16,6830.94
Solapur,2016,Sunflower,Kharif,17.71,18.4,557.4,81.7,Sandy,6.03,93.39,52.68,63.27,Irrigated,1673.75,29634.96
Solapur,2016,Sunflower,Rabi,4.68,19.6,509.6,69.2,Sandy,7.02,90.49,69.19,65.23,Rainfed,1306.45,6114.95
Solapur,2016,Wheat,Zaid,35.29,18.2,557.8,42.4,Black,7.33,133.77,60.17,40.9,Irrigated,4179.57,147478.57
Solapur,2016,Wheat,Zaid,5.45,24.8,575.3,44.4,Laterite,6.96,122.25,45.58,59.49,Irrigated,3279.16,17868.94
Wardha,2016,Bajra,Kharif,44.55,26.8,343.4,42.7,Black,7.06,84.21,31.2,23.34,Irrigated,2116.89,94298.82
Wardha,2016,Bajra,Kharif,16.54,37.6,494.2,61.1,Loamy,7.46,69.64,42.05,24.48,Partially Irrigated,1412.08,23351.05
Wardha,2016,Bajra,Rabi,8.16,28.6,471.1,69.9,Black,7.09,54.91,23.13,34.71,Rainfed,1199.84,9787.67
Wardha,2016,Bajra,Rabi,24.79,29.6,560.4,71.8,Loamy,7.0,34.7,52.87,30.85,Partially Irrigated,1324.02,32819.89
Wardha,2016,Bajra,Zaid,21.32,31.0,383.8,48.9,Red,7.59,53.98,40.74,24.81,Partially Irrigated,1865.17,39773.85
Wardha,2016,Bajra,Rabi,24.29,31.7,524.4,81.6,Loamy,7.58,41.03,44.88,45.49,Irrigated,2265.6,55022.62
Wardha,2016,Cotton,Zaid,18.18,23.1,1088.9,61.9,Laterite,6.87,97.22,58.03,40.89,Rainfed,1522.09,27669.71
Wardha,2016,Cotton,Kharif,36.4,34.6,675.3,56.9,Sandy,6.88,84.85,34.06,27.81,Partially Irrigated,1488.42,54177.25
Wardha,2016,Cotton,Kharif,5.21,26.2,765.6,87.8,Clayey,7.43,81.16,40.51,38.23,Rainfed,1442.03,7519.69
Wardha,2016,Cotton,Kharif,47.82,30.4,768.6,66.9,Black,7.03,82.41,32.74,62.04,Partially Irrigated,2323.92,111124.19
Wardha,2016,Groundnut,Rabi,7.62,23.3,407.9,88.3,Clayey,6.65,47.01,63.7,70.57,Rainfed,1694.13,12906.67
Wardha,2016,Groundnut,Rabi,15.41,23.2,435.5,74.9,Laterite,6.03,21.02,30.1,76.4,Rainfed,1019.3,15704.08
Wardha,2016,Groundnut,Rabi,13.92,25.0,888.1,48.9,Clayey,7.23,29.66,59.36,120.18,Partially Irrigated,2148.35,29908.22
Wardha,2016,Jowar,Zaid,2.04,28.8,633.2,87.0,Loamy,7.61,47.7,33.88,7.64,Rainfed,1089.1,2224.15
Wardha,2016,Jowar,Zaid,25.39,21.4,605.3,82.0,Red,7.4,76.91,44.37,45.02,Irrigated,2542.64,64554.2
Wardha,2016,Jowar,Zaid,6.8,27.8,376.9,43.1,Sandy,5.69,59.48,37.09,37.91,Irrigated,2380.11,16190.95
Wardha,2016,Jowar,Zaid,35.01,28.5,490.5,60.1,Black,7.08,25.42,43.65,30.85,Irrigated,2658.84,93073.99
Wardha,2016,Jowar,Rabi,49.91,31.5,633.4,40.6,Clayey,7.07,5.79,27.65,26.73,Rainfed,777.54,38809.67
Wardha,2016,Jowar,Zaid,18.34,31.5,314.5,68.9,Sandy,6.55,62.08,47.48,22.39,Rainfed,1556.9,28554.29
Wardha,2016,Maize,Zaid,37.17,20.7,793.1,86.2,Loamy,6.11,88.26,42.14,60.98,Rainfed,3315.67,123240.75
Wardha,2016,Maize,Kharif,30.68,15.9,587.5,46.4,Black,6.57,120.67,35.36,51.72,Partially Irrigated,3175.35,97419.54
Wardha,2016,Maize,Rabi,5.7,21.3,437.6,81.7,Sandy,6.72,109.99,22.47,49.02,Irrigated,3597.91,20501.36
Wardha,2016,Maize,Kharif,43.05,26.2,557.2,49.3,Black,6.9,139.74,65.19,71.29,Rainfed,3870.88,166647.72
Wardha,2016,Maize,Zaid,24.66,21.1,470.7,40.5,Loamy,6.54,89.19,55.66,76.33,Rainfed,3078.44,75929.29
Wardha,2016,Rice,Kharif,40.21,35.5,1647.6,76.4,Sandy,6.24,126.88,40.39,28.07,Rainfed,3187.03,128156.56
Wardha,2016,Rice,Zaid,4.68,24.6,1536.3,63.8,Black,6.11,57.27,63.68,68.31,Rainfed,4336.41,20274.88
Wardha,2016,Rice,Rabi,13.52,25.7,1628.1,65.8,Black,5.68,99.62,73.36,35.66,Rainfed,4285.01,57934.9
Wardha,2016,Rice,Kharif,49.3,31.5,2100.1,89.8,Clayey,6.14,78.17,56.14,61.09,Irrigated,4144.02,204284.59
Wardha,2016,Rice,Kharif,19.37,24.6,2104.6,43.4,Red,6.23,144.95,33.43,28.94,Irrigated,4099.72,79399.33
Wardha,2016,Soybean,Rabi,49.47,28.5,404.5,42.6,Clayey,6.53,43.41,52.98,43.03,Partially Irrigated,2038.22,100824.82
Wardha,2016,Soybean,Zaid,26.13,25.5,409.7,78.4,Clayey,6.79,26.04,47.93,41.58,Partially Irrigated,1714.89,44813.09
Wardha,2016,Sugarcane,Zaid,18.47,26.2,2289.2,80.7,Red,6.37,316.55,90.69,146.11,Irrigated,100294.35,1852586.28
Wardha,2016,Sugarcane,Kharif,25.43,32.5,1836.4,40.4,Red,5.63,136.91,78.48,127.7,Rainfed,48651.04,1237070.5
Wardha,2016,Sugarcane,Kharif,15.93,28.1,1855.5,85.2,Sandy,7.64,283.79,92.18,118.28,Irrigated,107098.35,1705866.7
Wardha,2016,Sunflower,Zaid,46.21,17.2,622.3,77.8,Red,7.18,54.08,81.11,38.21,Irrigated,1215.32,56155.31
Wardha,2016,Sunflower,Kharif,40.72,25.1,515.2,53.9,Laterite,7.4,81.29,56.39,65.17,Irrigated,2019.22,82213.29
Wardha,2016,Sunflower,Rabi,46.83,24.8,528.7,84.3,Sandy,5.73,42.86,56.95,52.72,Partially Irrigated,1114.61,52196.32
Wardha,2016,Sunflower,Zaid,45.71,28.5,625.7,63.9,Laterite,6.77,107.79,51.13,43.73,Irrigated,1612.37,73695.41
Wardha,2016,Sunflower,Zaid,24.75,23.1,659.8,49.8,Clayey,6.87,83.71,23.91,42.31,Irrigated,1056.41,26144.88
Wardha,2016,Sunflower,Zaid,36.5,22.3,470.7,55.2,Black,6.61,62.91,47.44,34.27,Irrigated,1440.41,52577.53
Wardha,2016,Sunflower,Zaid,42.01,25.2,363.9,59.0,Clayey,6.41,81.49,85.58,75.02,Rainfed,1610.34,67654.04
Wardha,2016,Wheat,Zaid,32.05,18.0,567.7,70.6,Laterite,6.87,118.7,32.46,47.93,Rainfed,2544.26,81550.82
Wardha,2016,Wheat,Rabi,16.7,21.6,502.3,49.7,Sandy,6.53,106.2,40.78,50.38,Rainfed,2610.94,43608.05
Wardha,2016,Wheat,Kharif,16.55,14.0,526.7,65.8,Laterite,7.19,137.55,47.97,34.73,Irrigated,2966.46,49095.12
Wardha,2016,Wheat,Zaid,19.17,26.0,622.0,61.8,Sandy,8.08,110.38,52.67,60.25,Rainfed,2454.97,47067.83
Yavatmal,2016,Bajra,Zaid,30.17,27.2,336.3,46.5,Clayey,7.61,49.99,45.63,31.3,Rainfed,1103.66,33300.14
Yavatmal,2016,Bajra,Kharif,43.38,34.4,390.2,86.3,Red,7.96,73.83,38.58,33.91,Partially Irrigated,1895.61,82224.51
Yavatmal,2016,Groundnut,Zaid,1.4,25.1,655.1,53.6,Red,7.35,36.01,43.8,72.97,Rainfed,1568.43,2198.67
Yavatmal,2016,Groundnut,Zaid,36.96,25.0,492.2,87.2,Laterite,6.55,22.38,76.55,73.62,Rainfed,1476.86,54579.09
Yavatmal,2016,Groundnut,Kharif,8.21,27.3,706.3,82.7,Sandy,7.53,25.97,79.97,49.53,Rainfed,1575.57,12939.83
Yavatmal,2016,Groundnut,Rabi,26.92,25.0,576.7,49.4,Sandy,6.61,36.27,34.53,39.79,Partially Irrigated,1740.03,46841.09
Yavatmal,2016,Jowar,Zaid,15.46,26.0,459.8,62.0,Loamy,7.07,61.39,52.22,32.62,Partially Irrigated,2508.05,38770.83
Yavatmal,2016,Jowar,Rabi,9.66,29.2,635.0,87.5,Sandy,6.9,52.51,42.86,17.79,Rainfed,1343.44,12979.12
Yavatmal,2016,Jowar,Rabi,4.17,25.2,585.7,59.7,Loamy,7.3,70.25,32.6,20.09,Rainfed,1317.58,5499.36
Yavatmal,2016,Jowar,Kharif,9.7,31.9,536.3,71.6,Clayey,6.64,65.4,33.37,47.97,Partially Irrigated,2408.61,23354.18
Yavatmal,2016,Jowar,Zaid,42.63,30.5,462.6,87.2,Loamy,7.32,56.15,22.25,53.33,Partially Irrigated,2400.06,102307.84
Yavatmal,2016,Jowar,Zaid,29.17,19.8,270.5,61.3,Black,7.53,76.52,60.45,30.94,Rainfed,1866.64,54442.04
Yavatmal,2016,Maize,Rabi,44.24,17.6,777.7,76.2,Laterite,6.27,221.58,46.25,36.77,Partially Irrigated,3726.49,164852.66
Yavatmal,2016,Maize,Kharif,10.23,30.8,650.4,47.5,Sandy,5.86,134.7,69.04,31.32,Irrigated,4646.43,47528.28
Yavatmal,2016,Maize,Kharif,36.25,25.6,653.1,61.3,Loamy,6.44,60.8,55.28,27.18,Irrigated,3399.51,123234.89
Yavatmal,2016,Maize,Rabi,23.79,25.5,691.4,47.2,Laterite,5.63,84.52,49.44,53.2,Irrigated,3689.56,87770.13
Yavatmal,2016,Maize,Rabi,41.9,23.6,515.2,60.8,Black,6.68,105.62,54.09,43.35,Irrigated,4048.14,169635.75
Yavatmal,2016,Rice,Zaid,44.76,30.0,2107.5,74.5,Red,7.21,110.67,32.96,62.33,Irrigated,4287.61,191900.75
Yavatmal,2016,Rice,Rabi,31.2,23.5,1729.8,81.0,Sandy,6.62,49.39,46.21,58.76,Rainfed,2964.77,92505.3
Yavatmal,2016,Rice,Rabi,18.49,29.4,2056.4,42.7,Laterite,6.04,73.8,77.62,71.31,Partially Irrigated,4468.98,82651.45
Yavatmal,2016,Rice,Rabi,35.39,25.2,1071.2,65.9,Clayey,6.37,70.3,51.69,64.76,Irrigated,4831.27,170975.18
Yavatmal,2016,Rice,Zaid,46.32,27.6,1886.7,67.9,Sandy,6.67,107.56,56.83,58.16,Rainfed,3956.32,183246.83
Yavatmal,2016,Rice,Zaid,27.44,30.4,1530.6,78.6,Clayey,6.56,112.81,53.82,43.1,Irrigated,5218.52,143172.59
Yavatmal,2016,Soybean,Zaid,11.46,27.1,374.5,68.8,Sandy,6.04,23.98,93.99,58.0,Irrigated,2818.81,32310.42
Yavatmal,2016,Soybean,Kharif,25.61,21.4,524.9,54.4,Laterite,6.49,30.56,56.65,74.2,Irrigated,2589.75,66333.8
Yavatmal,2016,Soybean,Kharif,27.71,20.6,617.8,60.6,Clayey,7.86,34.08,79.07,41.03,Rainfed,1761.88,48827.42
Yavatmal,2016,Soybean,Zaid,22.04,27.1,700.6,46.2,Loamy,5.67,26.88,77.83,76.74,Irrigated,2765.69,60954.5
Yavatmal,2016,Soybean,Zaid,26.67,28.0,555.2,84.9,Loamy,6.98,37.38,91.26,67.94,Rainfed,2871.35,76575.58
Yavatmal,2016,Sugarcane,Kharif,38.49,22.1,1840.2,71.1,Black,7.35,240.97,91.55,79.47,Partially Irrigated,69038.75,2657474.57
Yavatmal,2016,Sugarcane,Zaid,47.27,36.8,1572.0,88.9,Red,6.99,260.31,83.69,102.49,Rainfed,61979.27,2929708.84
Yavatmal,2016,Sugarcane,Kharif,21.47,30.1,1380.5,44.3,Loamy,6.76,162.72,71.11,93.07,Irrigated,62528.41,1342502.13
Yavatmal,2016,Sugarcane,Kharif,13.53,31.5,1426.3,64.2,Loamy,6.8,307.28,99.67,24.05,Rainfed,53325.01,721410.6
Yavatmal,2016,Sunflower,Kharif,35.64,21.0,385.4,84.0,Loamy,7.1,44.2,48.81,34.18,Rainfed,783.72,27934.07
Yavatmal,2016,Sunflower,Kharif,44.65,20.0,388.2,47.6,Red,6.66,74.49,55.6,53.9,Partially Irrigated,1376.41,61458.07
Yavatmal,2016,Wheat,Rabi,44.49,22.8,633.9,58.9,Clayey,6.86,109.51,67.26,65.62,Partially Irrigated,2908.86,129402.15
Ahmednagar,2017,Bajra,Zaid,27.1,30.3,279.8,52.8,Red,6.92,44.41,50.02,27.88,Rainfed,1148.42,31127.2
Ahmednagar,2017,Bajra,Zaid,22.22,32.0,378.4,51.0,Sandy,7.35,39.85,48.99,46.63,Partially Irrigated,2054.22,45638.53
Ahmednagar,2017,Bajra,Zaid,24.17,28.1,540.1,62.6,Black,6.58,73.45,24.59,38.6,Rainfed,1398.81,33811.42
Ahmednagar,2017,Cotton,Kharif,1.45,30.3,848.4,47.6,Red,7.03,65.28,30.76,27.69,Irrigated,1645.38,2391.46
Ahmednagar,2017,Cotton,Rabi,33.45,32.5,1096.9,45.6,Laterite,7.92,90.74,52.36,20.68,Rainfed,1225.26,40985.26
Ahmednagar,2017,Cotton,Rabi,40.89,33.9,867.0,48.0,Black,6.56,73.51,34.1,24.09,Partially Irrigated,1833.61,74981.26
Ahmednagar,2017,Groundnut,Zaid,19.37,21.8,570.8,61.6,Loamy,6.1,25.04,56.8,58.2,Irrigated,1666.68,32288.09
Ahmednagar,2017,Groundnut,Zaid,44.23,24.9,419.6,88.3,Sandy,6.53,21.83,87.2,73.3,Rainfed,1655.94,73239.03
Ahmednagar,2017,Groundnut,Zaid,14.52,25.2,787.9,72.2,Black,6.16,28.43,60.06,62.22,Irrigated,1919.36,27872.6
Ahmednagar,2017,Jowar,Zaid,32.68,24.6,546.3,57.4,Loamy,6.47,64.54,67.65,34.85,Rainfed,2047.35,66913.11
Ahmednagar,2017,Jowar,Zaid,37.55,31.8,342.0,75.0,Black,6.83,21.74,46.99,28.87,Partially Irrigated,1537.57,57732.7
Ahmednagar,2017,Jowar,Zaid,33.64,22.6,459.2,41.4,Laterite,6.28,57.42,19.15,26.68,Rainfed,1285.35,43243.83
Ahmednagar,2017,Maize,Rabi,7.59,17.6,864.1,76.7,Sandy,6.26,76.95,28.35,65.51,Rainfed,1892.06,14360.42
Ahmednagar,2017,Maize,Zaid,26.6,23.6,546.1,57.3,Sandy,7.02,79.81,48.16,16.17,Irrigated,3038.29,80832.56
Ahmednagar,2017,Rice,Zaid,42.69,25.1,1006.4,71.3,Laterite,7.24,126.59,65.02,64.01,Irrigated,5864.28,250341.31
Ahmednagar,2017,Rice,Zaid,32.07,23.9,1152.8,67.9,Black,6.3,88.79,31.57,44.93,Rainfed,3031.46,97233.33
Ahmednagar,2017,Rice,Kharif,14.5,29.4,1622.8,49.7,Sandy,6.15,79.62,40.44,48.72,Partially Irrigated,3536.72,51266.47
Ahmednagar,2017,Soybean,Zaid,13.58,23.7,766.2,89.7,Black,6.56,28.46,93.62,60.95,Irrigated,2729.34,37065.61
Ahmednagar,2017,Soybean,Zaid,23.66,21.3,465.2,83.7,Sandy,6.36,18.98,81.9,40.27,Rainfed,1514.66,35840.12
Ahmednagar,2017,Soybean,Kharif,19.89,35.5,816.5,55.4,Clayey,7.39,26.61,43.87,44.16,Partially Irrigated,1288.13,25623.2
Ahmednagar,2017,Soybean,Kharif,5.14,19.1,497.0,68.8,Loamy,5.97,40.1,46.95,69.46,Irrigated,2929.7,15046.24
Ahmednagar,2017,Soybean,Rabi,26.71,23.7,510.0,79.2,Laterite,6.49,25.04,110.66,54.68,Irrigated,2731.3,72965.49
Ahmednagar,2017,Soybean,Kharif,24.73,16.9,656.7,43.8,Sandy,5.12,52.19,43.05,45.52,Irrigated,2218.76,54878.76
Ahmednagar,2017,Sugarcane,Rabi,46.85,32.6,2551.3,69.0,Clayey,7.03,190.13,76.57,41.96,Partially Irrigated,50531.95,2367225.46
Ahmednagar,2017,Sugarcane,Zaid,43.91,24.9,2525.1,64.1,Red,6.28,240.81,88.03,149.87,Rainfed,52895.94,2322678.91
Ahmednagar,2017,Sugarcane,Rabi,44.27,35.6,1787.7,56.6,Loamy,6.55,200.45,104.26,129.4,Irrigated,75087.96,3324345.89
Ahmednagar,2017,Sugarcane,Kharif,40.73,29.4,1831.3,45.5,Laterite,7.17,155.14,109.63,67.21,Irrigated,78697.2,3205199.56
Ahmednagar,2017,Sugarcane,Rabi,35.44,32.6,2754.2,82.2,Black,6.9,178.97,86.1,67.78,Irrigated,61438.02,2177626.68
Ahmednagar,2017,Sunflower,Zaid,48.18,21.3,635.7,81.5,Clayey,7.08,70.72,55.09,40.31,Irrigated,1371.08,66055.64
Ahmednagar,2017,Sunflower,Zaid,10.98,27.1,255.2,68.8,Loamy,6.73,126.35,48.47,60.87,Irrigated,2040.36,22402.54
Ahmednagar,2017,Sunflower,Kharif,48.0,21.2,618.3,82.3,Loamy,5.93,67.49,66.57,44.28,Partially Irrigated,1083.78,52017.87
Ahmednagar,2017,Sunflower,Zaid,11.11,22.3,331.4,82.8,Laterite,7.14,78.34,56.22,55.05,Partially Irrigated,1138.08,12643.44
Ahmednagar,2017,Wheat,Kharif,39.98,16.8,813.0,57.3,Black,6.53,94.6,32.18,56.31,Rainfed,1756.81,70233.12
Ahmednagar,2017,Wheat,Rabi,42.26,19.8,405.3,59.1,Laterite,7.25,126.2,81.59,43.95,Rainfed,2640.86,111597.4
Ahmednagar,2017,Wheat,Kharif,16.54,13.6,420.5,84.2,Laterite,7.06,125.59,57.01,49.04,Irrigated,2759.41,45631.42
Akola,2017,Bajra,Rabi,3.67,28.2,224.8,50.2,Clayey,6.77,48.54,48.89,38.6,Irrigated,1839.27,6753.07
Akola,2017,Bajra,Rabi,11.67,27.5,480.3,47.4,Sandy,7.66,60.31,56.0,40.27,Rainfed,1960.41,22884.64
Akola,2017,Bajra,Rabi,27.09,34.2,417.7,40.7,Red,7.63,64.21,12.92,23.5,Rainfed,1206.4,32684.91
Akola,2017,Bajra,Zaid,31.31,32.9,580.2,71.3,Sandy,7.96,34.63,37.58,22.03,Irrigated,1290.15,40391.59
Akola,2017,Bajra,Kharif,42.56,24.6,372.2,56.6,Sandy,7.84,19.99,24.38,49.49,Partially Irrigated,1304.76,55535.6
Akola,2017,Bajra,Zaid,8.02,31.2,425.1,78.9,Black,6.93,46.29,50.88,33.0,Irrigated,1969.83,15790.46
Akola,2017,Cotton,Kharif,5.74,31.0,797.6,78.5,Sandy,7.0,44.51,34.15,22.76,Rainfed,1175.28,6750.93
Akola,2017,Cotton,Zaid,29.58,28.0,595.9,55.9,Clayey,6.59,49.98,54.02,40.59,Partially Irrigated,1754.98,51914.79
Akola,2017,Cotton,Zaid,49.12,29.9,639.6,76.7,Red,6.78,107.43,39.73,26.01,Partially Irrigated,1634.4,80285.03
Akola,2017,Cotton,Rabi,49.49,25.9,1097.5,88.4,Loamy,7.57,104.07,49.78,56.82,Irrigated,2260.35,111863.39
Akola,2017,Cotton,Kharif,49.01,29.7,813.6,65.4,Black,7.72,61.56,28.17,37.19,Rainfed,1665.96,81649.57
Akola,2017,Groundnut,Kharif,20.75,31.3,803.5,88.2,Loamy,6.63,16.91,51.66,40.04,Irrigated,1327.13,27534.05
Akola,2017,Groundnut,Kharif,13.82,24.7,424.3,60.9,Loamy,6.37,26.49,52.77,91.75,Rainfed,1383.05,19115.19
Akola,2017,Jowar,Rabi,45.4,32.9,569.2,78.0,Loamy,6.11,59.59,29.27,30.09,Irrigated,2279.88,103512.96
Akola,2017,Jowar,Zaid,39.57,28.6,410.8,60.0,Loamy,7.22,30.95,23.14,22.96,Partially Irrigated,1241.1,49114.85
Akola,2017,Maize,Rabi,47.49,28.2,552.4,42.8,Clayey,6.12,102.04,65.43,57.53,Rainfed,3514.19,166891.56
Akola,2017,Rice,Zaid,33.11,17.9,823.1,78.4,Red,5.22,82.29,63.2,26.52,Irrigated,3264.87,108105.22
Akola,2017,Rice,Rabi,20.72,34.5,1276.8,45.9,Laterite,5.62,88.46,48.07,34.1,Partially Irrigated,3392.97,70295.19
Akola,2017,Soybean,Rabi,11.52,25.6,606.4,45.7,Black,6.77,18.62,72.93,9.54,Irrigated,2011.64,23176.12
Akola,2017,Soybean,Zaid,37.92,22.7,231.9,61.1,Black,6.78,27.22,87.75,22.93,Irrigated,1739.03,65951.6
Akola,2017,Soybean,Zaid,15.97,27.7,845.0,82.6,Black,6.24,20.53,109.99,41.17,Rainfed,1721.35,27493.83
Akola,2017,Sugarcane,Zaid,17.37,29.9,1741.3,87.7,Black,7.15,280.95,105.4,114.12,Rainfed,69729.56,1211389.59
Akola,2017,Sugarcane,Rabi,30.86,25.9,1878.2,83.4,Black,5.66,287.05,84.82,84.28,Rainfed,62833.46,1938885.18
Akola,2017,Sugarcane,Rabi,38.43,25.3,2523.7,63.0,Red,6.78,282.47,116.62,129.47,Partially Irrigated,74053.31,2846217.76
Akola,2017,Sunflower,Kharif,5.53,19.2,273.6,65.7,Red,7.02,86.61,68.94,63.15,Rainfed,1212.64,6710.6
Akola,2017,Sunflower,Rabi,38.97,24.5,365.8,65.3,Sandy,7.26,114.47,34.25,35.42,Partially Irrigated,1145.9,44653.35
Akola,2017,Sunflower,Rabi,36.61,27.6,341.7,62.0,Clayey,7.07,100.18,47.42,59.11,Irrigated,1802.2,65986.47
Akola,2017,Sunflower,Rabi,21.84,26.3,328.3,88.6,Clayey,6.41,63.47,38.06,48.83,Partially Irrigated,1089.15,23788.87
Akola,2017,Wheat,Zaid,9.41,18.6,772.2,84.4,Laterite,6.29,50.97,80.55,49.76,Partially Irrigated,2250.07,21165.41
Amravati,2017,Bajra,Kharif,30.79,33.7,389.0,87.8,Red,7.01,62.64,59.35,38.07,Irrigated,2296.06,70689.6
Amravati,2017,Bajra,Zaid,17.95,29.2,718.9,88.4,Red,7.53,51.3,30.18,31.26,Partially Irrigated,1331.21,23893.39
Amravati,2017,Bajra,Kharif,46.88,26.0,447.5,63.3,Red,8.28,75.79,29.06,27.8,Partially Irrigated,1616.93,75805.68
Amravati,2017,Bajra,Rabi,48.12,28.1,353.0,86.6,Black,6.62,38.55,29.32,33.22,Rainfed,1218.38,58632.09
Amravati,2017,Bajra,Zaid,8.21,29.7,685.4,77.6,Black,7.0,39.14,46.75,32.3,Partially Irrigated,1394.09,11449.78
Amravati,2017,Bajra,Rabi,30.88,29.5,622.8,51.5,Clayey,6.28,39.06,26.77,24.23,Rainfed,934.26,28850.75
Amravati,2017,Bajra,Rabi,30.59,33.4,434.0,67.0,Sandy,7.51,77.5,16.35,24.21,Partially Irrigated,1421.74,43493.5
Amravati,2017,Bajra,Rabi,39.97,37.5,492.4,85.5,Loamy,7.46,62.8,30.98,19.08,Rainfed,1185.19,47376.59
Amravati,2017,Cotton,Zaid,34.01,25.8,523.1,60.3,Laterite,7.5,69.51,40.85,47.86,Partially Irrigated,1626.35,55319.55
Amravati,2017,Cotton,Rabi,40.26,28.6,473.6,76.8,Clayey,7.56,91.6,53.03,40.66,Partially Irrigated,2059.69,82921.84
Amravati,2017,Cotton,Rabi,2.83,31.6,772.2,55.3,Sandy,7.12,86.71,39.94,48.24,Irrigated,2824.97,7998.74
Amravati,2017,Groundnut,Kharif,22.93,27.9,635.7,44.3,Clayey,6.51,30.34,46.61,83.43,Irrigated,2125.43,48736.62
Amravati,2017,Groundnut,Rabi,47.78,24.6,584.9,88.1,Red,6.07,41.36,55.25,66.23,Partially Irrigated,2163.69,103374.81
Amravati,2017,Groundnut,Zaid,35.29,27.8,562.8,88.3,Loamy,6.81,22.13,33.6,65.75,Rainfed,1071.82,37829.82
Amravati,2017,Jowar,Kharif,25.55,29.3,591.7,64.8,Black,6.61,83.2,44.99,26.7,Irrigated,2743.33,70085.68
Amravati,2017,Jowar,Rabi,16.86,34.7,688.0,61.6,Laterite,7.05,65.94,46.82,42.89,Partially Irrigated,1911.25,32228.67
Amravati,2017,Maize,Rabi,35.09,23.7,567.3,47.0,Laterite,5.74,76.84,42.12,54.69,Irrigated,4088.08,143435.67
Amravati,2017,Maize,Rabi,39.32,34.0,746.2,89.4,Sandy,6.14,96.93,53.49,49.27,Irrigated,3487.17,137125.94
Amravati,2017,Maize,Rabi,30.13,24.3,710.6,53.9,Loamy,5.5,75.06,61.91,69.86,Rainfed,3977.59,119839.68
Amravati,2017,Maize,Rabi,12.17,16.7,736.4,48.0,Black,6.42,143.68,64.92,48.24,Irrigated,4785.79,58253.99
Amravati,2017,Rice,Kharif,34.14,31.6,1349.0,88.9,Loamy,6.43,59.09,30.6,44.58,Rainfed,2489.28,84990.08
Amravati,2017,Rice,Rabi,30.66,30.0,971.2,84.8,Sandy,7.08,112.17,70.68,10.0,Irrigated,4199.58,128769.05
Amravati,2017,Rice,Zaid,29.93,26.4,1638.7,81.3,Clayey,6.72,137.01,25.6,30.56,Rainfed,3641.44,108987.01
Amravati,2017,Soybean,Kharif,23.01,27.5,382.6,63.7,Loamy,6.31,35.51,41.96,33.65,Rainfed,1610.48,37064.32
Amravati,2017,Soybean,Zaid,39.79,22.7,710.7,61.2,Loamy,6.05,42.95,116.48,48.63,Irrigated,3239.5,128910.49
Amravati,2017,Soybean,Kharif,25.07,24.7,686.6,63.6,Black,6.61,19.37,58.89,46.6,Irrigated,2169.84,54388.38
Amravati,2017,Sugarcane,Rabi,30.78,24.5,1717.6,51.0,Clayey,6.81,226.7,29.79,142.39,Rainfed,54326.05,1672149.26
Amravati,2017,Sugarcane,Kharif,16.18,31.7,2386.6,60.1,Laterite,6.84,180.67,98.2,59.8,Irrigated,67215.98,1087348.17
Amravati,2017,Sugarcane,Kharif,17.28,29.7,1767.3,72.8,Black,6.73,285.42,93.44,100.75,Partially Irrigated,83579.2,1444287.17
Amravati,2017,Sugarcane,Kharif,32.54,34.4,1495.8,70.3,Laterite,6.75,149.91,110.1,101.46,Rainfed,56633.93,1843036.33
Amravati,2017,Sugarcane,Rabi,44.76,28.0,1039.4,73.8,Black,6.89,223.03,70.91,87.22,Partially Irrigated,50623.77,2265848.87
Amravati,2017,Sugarcane,Zaid,23.08,31.7,1415.2,73.6,Clayey,6.83,194.87,58.15,47.91,Irrigated,67868.45,1566205.4
Amravati,2017,Sugarcane,Zaid,11.46,32.8,1648.0,54.5,Black,5.65,285.47,103.96,105.57,Rainfed,72599.43,831884.12
Amravati,2017,Sunflower,Rabi,4.02,24.7,316.6,44.3,Laterite,6.99,98.42,52.16,54.96,Rainfed,1374.75,5529.71
Amravati,2017,Sunflower,Zaid,22.86,24.8,590.5,50.2,Sandy,6.28,68.87,51.3,64.85,Rainfed,1247.28,28514.51
Amravati,2017,Sunflower,Zaid,38.09,26.3,515.1,86.6,Sandy,6.29,60.47,50.04,43.16,Irrigated,1620.07,61716.03
Amravati,2017,Wheat,Kharif,13.36,19.7,340.8,76.9,Red,6.49,126.04,50.68,53.62,Irrigated,3844.22,51370.57
Amravati,2017,Wheat,Rabi,39.96,20.1,509.3,77.2,Loamy,6.65,80.65,16.97,51.92,Rainfed,2025.83,80950.76
Amravati,2017,Wheat,Kharif,14.56,16.7,596.2,84.0,Laterite,6.43,146.46,75.27,74.06,Irrigated,4288.5,62426.9
Amravati,2017,Wheat,Zaid,3.6,22.1,728.8,55.8,Laterite,7.2,151.65,56.72,58.96,Partially Irrigated,3347.35,12035.79
Amravati,2017,Wheat,Kharif,24.21,30.2,617.2,78.4,Sandy,6.81,118.42,94.03,60.61,Partially Irrigated,2847.82,68950.37
Amravati,2017,Wheat,Kharif,37.94,20.8,541.0,79.0,Black,7.0,60.99,55.18,11.7,Rainfed,1482.63,56247.2
Amravati,2017,Wheat,Kharif,12.31,28.0,571.7,44.3,Red,6.88,162.76,68.37,57.92,Partially Irrigated,2953.28,36358.34
Amravati,2017,Wheat,Rabi,24.66,24.7,778.4,61.1,Black,7.63,145.37,51.09,62.86,Rainfed,1971.33,48618.14
Amravati,2017,Wheat,Kharif,12.13,21.7,718.1,46.2,Sandy,6.72,96.05,61.86,60.45,Partially Irrigated,3097.37,37571.96
Amravati,2017,Wheat,Kharif,28.88,14.7,580.7,82.7,Sandy,6.29,146.62,59.87,70.15,Rainfed,3123.15,90185.25
Aurangabad,2017,Cotton,Kharif,46.78,32.7,726.2,54.2,Clayey,6.72,94.33,29.12,32.67,Irrigated,1895.33,88658.84
Aurangabad,2017,Cotton,Kharif,41.48,31.9,848.6,43.8,Red,7.94,81.99,32.41,27.16,Partially Irrigated,1517.3,62932.49
Aurangabad,2017,Cotton,Zaid,8.08,35.1,490.4,62.4,Loamy,7.09,74.82,49.02,21.29,Irrigated,1538.69,12438.37
Aurangabad,2017,Jowar,Kharif,40.71,22.7,488.7,80.5,Laterite,7.29,58.96,27.77,30.83,Rainfed,1653.73,67322.26
Aurangabad,2017,Jowar,Rabi,31.86,27.2,425.6,55.0,Black,6.28,46.06,31.0,18.45,Partially Irrigated,1572.34,50087.93
Aurangabad,2017,Jowar,Zaid,1.36,33.8,424.6,62.5,Red,7.95,87.05,38.99,37.62,Irrigated,2628.72,3570.38
Aurangabad,2017,Maize,Rabi,35.6,21.9,584.9,65.6,Laterite,5.62,54.17,40.01,47.46,Rainfed,2269.66,80803.73
Aurangabad,2017,Maize,Kharif,21.51,21.0,449.7,54.7,Clayey,6.56,87.97,75.49,66.17,Partially Irrigated,3511.08,75525.27
Aurangabad,2017,Maize,Zaid,40.21,24.3,705.6,68.7,Sandy,7.53,148.91,38.81,72.97,Irrigated,5801.08,233279.8
Aurangabad,2017,Maize,Rabi,42.01,22.7,1128.4,89.4,Laterite,6.62,45.83,38.49,55.6,Irrigated,2297.63,96525.62
Aurangabad,2017,Maize,Kharif,47.18,26.7,308.3,86.7,Sandy,6.45,146.71,24.51,50.64,Irrigated,3716.9,175354.03
Aurangabad,2017,Maize,Kharif,37.7,26.7,669.7,61.5,Black,5.6,71.13,44.88,34.92,Irrigated,2863.66,107951.79
Aurangabad,2017,Maize,Zaid,46.22,28.2,291.5,83.7,Black,7.59,81.43,37.85,38.26,Rainfed,1868.28,86358.67
Aurangabad,2017,Maize,Kharif,9.77,23.8,826.1,51.0,Red,6.81,158.31,55.85,44.14,Partially Irrigated,4169.79,40721.05
Aurangabad,2017,Rice,Zaid,21.63,28.1,1343.3,43.9,Red,6.24,78.99,48.7,58.14,Irrigated,4686.46,101383.03
Aurangabad,2017,Soybean,Kharif,40.04,25.3,494.1,59.9,Loamy,7.15,26.18,126.84,68.42,Rainfed,2208.87,88434.72
Aurangabad,2017,Soybean,Rabi,22.87,23.0,608.4,69.7,Clayey,7.35,37.42,52.68,18.46,Rainfed,1517.93,34710.27
Aurangabad,2017,Sugarcane,Kharif,2.06,27.4,1422.6,50.3,Red,7.26,213.86,88.65,62.33,Partially Irrigated,47434.59,97758.56
Aurangabad,2017,Sugarcane,Rabi,19.79,25.8,2250.2,82.6,Sandy,7.01,294.58,89.25,77.03,Partially Irrigated,60377.01,1194581.71
Aurangabad,2017,Sugarcane,Kharif,42.07,30.8,2038.4,58.7,Red,7.37,131.23,47.75,86.16,Partially Irrigated,41943.32,1764387.1
Aurangabad,2017,Sunflower,Rabi,7.68,24.0,472.4,54.1,Loamy,6.86,90.39,30.41,45.32,Rainfed,1010.34,7756.98
Aurangabad,2017,Sunflower,Zaid,43.39,24.5,438.4,45.0,Black,6.39,105.32,51.22,34.96,Partially Irrigated,1630.4,70738.69
Aurangabad,2017,Sunflower,Zaid,39.51,31.3,364.5,68.4,Sandy,6.53,35.94,46.83,28.65,Partially Irrigated,716.94,28328.22
Aurangabad,2017,Wheat,Kharif,28.88,22.8,630.1,57.1,Loamy,7.33,116.79,81.49,41.67,Partially Irrigated,3839.24,110872.58
Aurangabad,2017,Wheat,Rabi,22.05,16.5,676.3,68.1,Red,6.37,68.87,31.15,51.47,Irrigated,2127.75,46912.08
Aurangabad,2017,Wheat,Kharif,7.97,20.6,451.3,67.0,Clayey,6.52,158.46,58.45,42.22,Partially Irrigated,3798.82,30292.78
Aurangabad,2017,Wheat,Zaid,13.53,26.8,423.3,89.9,Laterite,7.0,119.58,85.73,35.39,Partially Irrigated,2400.79,32486.5
Aurangabad,2017,Wheat,Rabi,15.67,21.2,604.1,54.8,Black,6.51,134.17,79.32,51.87,Rainfed,3438.1,53888.61
Dhule,2017,Bajra,Zaid,37.29,32.4,308.9,57.3,Clayey,7.02,67.78,27.47,31.1,Irrigated,1500.9,55967.73
Dhule,2017,Cotton,Rabi,22.96,34.7,1010.2,41.4,Black,6.98,117.74,18.47,46.04,Partially Irrigated,1986.23,45606.28
Dhule,2017,Cotton,Zaid,27.39,28.2,1081.5,69.5,Black,7.45,19.34,44.13,26.08,Partially Irrigated,1340.88,36725.64
Dhule,2017,Groundnut,Kharif,35.73,24.3,445.8,56.7,Laterite,6.51,30.2,7.52,94.35,Rainfed,1036.88,37047.28
Dhule,2017,Groundnut,Zaid,12.41,26.5,643.0,47.1,Red,7.34,26.49,57.64,55.76,Partially Irrigated,1957.28,24293.56
Dhule,2017,Jowar,Zaid,4.25,24.7,515.5,41.1,Loamy,7.12,37.63,28.66,35.81,Partially Irrigated,1746.73,7431.27
Dhule,2017,Jowar,Zaid,11.83,23.5,525.9,40.0,Sandy,7.19,74.8,43.44,23.7,Rainfed,1817.91,21504.36
Dhule,2017,Maize,Rabi,15.49,24.6,494.8,50.9,Loamy,6.98,93.71,38.39,44.6,Irrigated,3866.96,59883.96
Dhule,2017,Maize,Kharif,29.31,26.5,350.9,87.7,Sandy,5.94,66.69,84.96,10.67,Rainfed,1872.82,54886.89
Dhule,2017,Maize,Zaid,23.66,25.2,607.8,41.6,Loamy,5.42,160.11,38.51,32.62,Irrigated,5514.39,130481.42
Dhule,2017,Maize,Kharif,34.25,21.3,788.9,48.5,Red,6.02,131.77,39.73,40.02,Irrigated,3576.93,122525.32
Dhule,2017,Rice,Rabi,18.62,28.5,1126.5,66.3,Sandy,6.14,57.79,56.03,69.81,Irrigated,4119.92,76703.16
Dhule,2017,Rice,Zaid,7.24,32.6,1479.1,66.7,Sandy,5.24,157.63,44.74,48.83,Irrigated,5732.16,41527.03
Dhule,2017,Rice,Zaid,40.56,26.7,1658.4,61.2,Red,5.77,94.45,49.64,71.68,Rainfed,3888.61,157727.9
Dhule,2017,Rice,Rabi,3.84,21.7,1545.7,49.1,Red,6.32,82.52,11.54,40.0,Rainfed,2168.02,8319.99
Dhule,2017,Rice,Zaid,3.14,33.6,1619.1,40.5,Black,6.76,102.0,71.22,65.84,Rainfed,4311.56,13547.72
Dhule,2017,Rice,Kharif,37.25,25.5,2026.7,58.1,Clayey,6.29,118.39,48.13,29.26,Partially Irrigated,3860.55,143793.37
Dhule,2017,Soybean,Kharif,30.54,25.0,579.9,50.4,Sandy,7.34,49.84,83.65,35.28,Rainfed,2695.89,82330.94
Dhule,2017,Soybean,Zaid,7.12,19.2,538.2,54.3,Loamy,5.85,42.29,26.07,70.55,Partially Irrigated,2069.35,14723.65
Dhule,2017,Soybean,Rabi,41.54,26.2,479.2,53.3,Clayey,5.79,17.67,111.24,66.68,Irrigated,2914.95,121089.64
Dhule,2017,Soybean,Zaid,36.71,25.6,587.2,55.5,Black,6.63,41.07,76.14,62.88,Partially Irrigated,3444.2,126445.4
Dhule,2017,Soybean,Zaid,21.38,23.6,594.7,66.5,Clayey,6.73,29.81,56.85,56.97,Rainfed,1985.84,42465.59
Dhule,2017,Soybean,Rabi,32.77,19.5,502.3,48.8,Loamy,6.97,37.56,57.39,34.85,Irrigated,2696.78,88367.85
Dhule,2017,Soybean,Rabi,28.79,28.0,524.3,65.0,Loamy,6.9,26.89,58.51,54.74,Rainfed,1564.22,45027.84
Dhule,2017,Sugarcane,Rabi,8.27,31.7,2432.8,48.5,Laterite,6.73,169.88,106.56,62.49,Partially Irrigated,63386.27,524000.63
Dhule,2017,Sunflower,Rabi,6.31,26.9,338.4,76.6,Black,6.59,130.33,57.37,35.47,Irrigated,2033.73,12838.57
Dhule,2017,Sunflower,Kharif,40.43,29.2,483.7,51.7,Black,6.24,99.25,68.38,49.62,Partially Irrigated,1600.4,64706.29
Dhule,2017,Sunflower,Kharif,38.88,22.7,588.0,64.3,Red,6.77,120.14,54.06,47.32,Rainfed,1403.4,54559.41
Dhule,2017,Wheat,Kharif,43.29,14.5,605.7,44.5,Sandy,7.28,161.05,88.51,23.66,Irrigated,3962.26,171540.17
Jalgaon,2017,Bajra,Kharif,8.18,29.7,433.8,81.0,Clayey,6.5,50.3,30.41,39.26,Rainfed,1516.8,12407.88
Jalgaon,2017,Bajra,Zaid,48.75,27.9,425.4,61.5,Sandy,8.42,81.37,45.62,32.53,Irrigated,2581.64,125841.97
Jalgaon,2017,Bajra,Zaid,9.7,36.9,427.8,81.4,Sandy,6.9,87.98,31.79,46.4,Rainfed,2125.11,20610.51
Jalgaon,2017,Cotton,Zaid,30.72,34.7,874.5,61.3,Loamy,6.53,58.23,11.79,60.07,Partially Irrigated,1418.16,43564.5
Jalgaon,2017,Cotton,Zaid,28.34,27.6,717.2,50.9,Laterite,6.65,82.97,27.08,37.67,Irrigated,1824.76,51708.56
Jalgaon,2017,Cotton,Zaid,31.4,29.7,728.0,47.7,Red,7.6,83.54,33.51,40.35,Rainfed,1325.86,41627.38
Jalgaon,2017,Cotton,Rabi,19.91,30.2,519.3,61.9,Sandy,6.63,68.0,41.09,16.35,Rainfed,958.08,19072.74
Jalgaon,2017,Cotton,Zaid,22.03,30.4,674.4,40.1,Black,6.94,77.09,38.22,63.66,Rainfed,2298.56,50625.94
Jalgaon,2017,Cotton,Zaid,36.64,40.1,563.6,41.3,Laterite,7.06,100.33,26.19,27.71,Irrigated,1667.43,61100.46
Jalgaon,2017,Groundnut,Zaid,48.39,28.6,618.0,73.4,Laterite,5.97,33.85,47.19,90.7,Partially Irrigated,1922.74,93039.86
Jalgaon,2017,Groundnut,Kharif,26.86,33.3,766.0,72.5,Red,6.15,29.25,79.22,64.83,Rainfed,1765.44,47424.32
Jalgaon,2017,Groundnut,Kharif,49.45,29.7,690.8,89.0,Red,5.91,37.92,57.33,101.29,Partially Irrigated,2351.94,116308.84
Jalgaon,2017,Groundnut,Kharif,37.02,24.1,580.1,80.3,Red,6.34,20.96,36.64,48.15,Partially Irrigated,1446.52,53551.87
Jalgaon,2017,Jowar,Zaid,31.52,34.4,464.6,51.0,Loamy,6.84,39.15,42.37,33.61,Irrigated,2037.35,64227.09
Jalgaon,2017,Jowar,Zaid,23.49,29.8,292.5,56.2,Clayey,7.43,79.84,40.87,26.93,Partially Irrigated,2148.26,50455.79
Jalgaon,2017,Jowar,Rabi,40.56,34.2,392.2,75.8,Red,6.45,40.46,48.4,27.12,Partially Irrigated,1793.39,72741.75
Jalgaon,2017,Maize,Rabi,14.93,22.7,777.1,52.9,Sandy,6.92,106.36,58.04,30.94,Rainfed,2896.68,43247.89
Jalgaon,2017,Maize,Kharif,41.9,22.7,763.5,82.4,Clayey,6.37,119.01,37.65,44.26,Rainfed,2995.07,125479.61
Jalgaon,2017,Rice,Kharif,46.08,24.2,1688.0,44.6,Loamy,7.38,152.8,61.07,53.8,Rainfed,4382.47,201953.58
Jalgaon,2017,Rice,Kharif,15.72,29.9,1487.8,66.2,Black,6.4,109.41,47.7,55.23,Rainfed,3626.11,57004.31
Jalgaon,2017,Rice,Rabi,7.34,28.0,1465.3,64.1,Laterite,6.76,93.29,62.97,41.84,Rainfed,3603.6,26438.43
Jalgaon,2017,Soybean,Rabi,1.51,27.1,759.2,57.1,Laterite,6.68,16.74,94.99,25.99,Irrigated,1674.41,2535.38
Jalgaon,2017,Sugarcane,Zaid,27.29,32.8,2583.3,60.5,Loamy,7.16,145.31,88.22,108.9,Rainfed,53543.61,1461448.31
Jalgaon,2017,Sugarcane,Kharif,35.04,27.0,2396.4,42.5,Sandy,6.84,235.23,52.83,76.14,Irrigated,55980.89,1961509.5
Jalgaon,2017,Sugarcane,Kharif,21.25,26.7,1920.2,50.1,Red,6.72,127.24,95.57,101.27,Partially Irrigated,51960.92,1104289.95
Jalgaon,2017,Sugarcane,Kharif,17.08,33.9,1922.9,76.7,Laterite,6.57,322.74,69.69,136.08,Rainfed,71991.73,1229425.75
Jalgaon,2017,Sugarcane,Kharif,20.96,24.7,2091.4,53.9,Red,6.55,283.57,63.62,97.18,Irrigated,73790.25,1546463.46
Jalgaon,2017,Sunflower,Kharif,37.84,28.3,446.7,46.6,Laterite,7.26,100.94,32.85,62.3,Partially Irrigated,1568.56,59353.38
Jalgaon,2017,Sunflower,Zaid,14.98,21.3,525.4,88.3,Laterite,6.99,54.68,62.34,35.56,Partially Irrigated,1255.28,18810.05
Jalgaon,2017,Sunflower,Zaid,4.83,27.1,557.1,48.1,Clayey,6.97,100.0,69.24,51.17,Rainfed,1376.13,6652.03
Jalgaon,2017,Sunflower,Rabi,47.45,25.1,403.9,56.4,Red,6.53,80.19,64.18,41.71,Rainfed,1225.94,58176.32
Jalgaon,2017,Sunflower,Kharif,2.49,27.6,466.2,44.8,Laterite,6.25,132.65,24.79,42.5,Rainfed,1363.98,3397.35
Jalgaon,2017,Sunflower,Zaid,27.38,22.3,536.5,59.0,Clayey,7.13,103.67,50.85,41.63,Irrigated,1528.04,41835.63
Jalgaon,2017,Sunflower,Kharif,48.32,21.0,409.4,50.5,Laterite,7.06,81.94,26.52,62.98,Irrigated,1494.6,72220.07
Jalgaon,2017,Sunflower,Zaid,25.18,21.6,591.1,85.5,Loamy,6.86,50.29,39.69,59.94,Irrigated,1233.73,31069.19
Jalgaon,2017,Wheat,Kharif,1.55,24.2,653.1,68.4,Sandy,7.17,173.18,20.41,37.5,Rainfed,2412.97,3737.03
Jalgaon,2017,Wheat,Rabi,29.34,20.4,530.7,41.2,Laterite,6.06,169.92,48.99,55.41,Irrigated,4227.07,124002.2
Jalgaon,2017,Wheat,Kharif,5.49,23.9,519.0,58.3,Clayey,7.05,136.15,66.81,32.89,Rainfed,2806.49,15400.44
Jalgaon,2017,Wheat,Rabi,36.9,21.4,499.6,64.5,Loamy,6.2,119.11,73.24,55.16,Partially Irrigated,3978.4,146810.68
Kolhapur,2017,Bajra,Rabi,30.36,29.1,360.3,87.2,Clayey,6.37,78.18,48.97,32.06,Partially Irrigated,1771.56,53783.93
Kolhapur,2017,Bajra,Rabi,21.7,33.4,642.5,79.0,Loamy,6.91,59.88,48.15,45.29,Rainfed,1280.29,27780.06
Kolhapur,2017,Bajra,Rabi,46.46,33.6,420.6,67.2,Black,6.97,74.94,36.42,25.89,Partially Irrigated,1754.96,81527.79
Kolhapur,2017,Bajra,Kharif,3.31,37.2,389.7,55.6,Sandy,7.59,44.12,51.35,32.78,Partially Irrigated,1761.44,5833.06
Kolhapur,2017,Cotton,Rabi,24.02,28.4,1150.6,82.6,Clayey,7.27,74.87,62.97,67.21,Rainfed,1843.55,44280.87
Kolhapur,2017,Cotton,Rabi,44.82,29.4,966.6,58.0,Sandy,6.64,93.25,47.35,39.44,Irrigated,2456.44,110089.12
Kolhapur,2017,Groundnut,Zaid,24.38,21.1,516.0,67.9,Clayey,6.23,27.71,53.84,95.06,Partially Irrigated,2051.56,50013.64
Kolhapur,2017,Groundnut,Kharif,38.23,23.7,959.1,57.3,Laterite,5.61,22.44,48.39,82.39,Partially Irrigated,1340.88,51261.12
Kolhapur,2017,Jowar,Rabi,32.91,25.5,533.1,61.0,Laterite,6.07,64.05,14.41,29.23,Rainfed,1494.23,49176.25
Kolhapur,2017,Jowar,Zaid,10.15,26.0,485.2,60.5,Black,6.5,46.75,57.93,25.83,Partially Irrigated,2357.61,23933.43
Kolhapur,2017,Jowar,Kharif,26.14,24.1,714.9,69.4,Sandy,7.07,31.63,33.93,45.2,Rainfed,1463.36,38248.53
Kolhapur,2017,Maize,Rabi,17.51,24.0,850.5,52.4,Loamy,7.25,125.51,44.77,44.76,Irrigated,3915.17,68566.97
Kolhapur,2017,Maize,Zaid,28.28,26.4,614.1,76.3,Clayey,6.93,123.33,70.41,50.43,Irrigated,5998.41,169615.22
Kolhapur,2017,Maize,Zaid,19.77,21.3,435.2,41.0,Loamy,6.54,93.48,32.89,68.32,Rainfed,3283.82,64913.08
Kolhapur,2017,Maize,Kharif,14.96,30.6,484.2,77.8,Red,7.12,116.43,70.0,15.26,Partially Irrigated,2632.2,39379.09
Kolhapur,2017,Rice,Zaid,39.41,23.8,1759.8,67.2,Black,6.73,77.92,37.7,61.28,Irrigated,4759.49,187572.14
Kolhapur,2017,Rice,Kharif,10.56,30.6,1348.1,59.2,Clayey,6.56,102.61,69.89,67.17,Irrigated,6039.92,63796.98
Kolhapur,2017,Rice,Rabi,12.41,20.0,1924.7,78.3,Sandy,5.42,75.93,59.04,62.55,Irrigated,4627.73,57433.97
Kolhapur,2017,Rice,Zaid,20.0,25.8,1236.5,88.2,Loamy,6.59,95.99,53.63,44.6,Rainfed,2896.92,57951.2
Kolhapur,2017,Rice,Rabi,35.09,32.9,802.3,69.6,Black,5.79,119.69,12.62,66.05,Partially Irrigated,3158.56,110818.65
Kolhapur,2017,Rice,Kharif,31.78,26.5,1886.3,47.1,Clayey,6.42,126.76,19.74,50.8,Rainfed,3484.12,110711.8
Kolhapur,2017,Soybean,Kharif,39.4,26.4,297.6,41.2,Black,6.76,41.29,58.03,40.75,Partially Irrigated,1876.8,73953.7
Kolhapur,2017,Soybean,Rabi,16.18,21.5,664.9,60.4,Red,6.72,41.06,58.57,60.83,Rainfed,2293.74,37119.98
Kolhapur,2017,Sunflower,Zaid,34.13,25.8,221.8,73.8,Sandy,7.01,84.84,57.96,48.21,Rainfed,1085.83,37055.88
Kolhapur,2017,Sunflower,Rabi,21.18,26.5,708.9,85.6,Black,5.88,116.53,54.46,59.1,Irrigated,2002.84,42421.43
Kolhapur,2017,Wheat,Zaid,4.35,21.4,608.6,78.7,Black,6.76,109.4,61.34,40.19,Partially Irrigated,3090.07,13448.34
Kolhapur,2017,Wheat,Zaid,10.12,18.5,470.1,45.2,Sandy,6.36,125.9,54.24,27.89,Irrigated,3124.25,31617.4
Kolhapur,2017,Wheat,Kharif,48.65,24.6,502.4,85.8,Black,6.36,91.86,48.5,32.15,Partially Irrigated,2340.09,113856.41
Kolhapur,2017,Wheat,Kharif,27.26,20.4,534.5,51.1,Loamy,6.22,52.47,41.7,24.42,Rainfed,1781.06,48548.4
Kolhapur,2017,Wheat,Rabi,40.32,17.1,532.2,55.7,Red,6.43,113.51,103.44,58.56,Irrigated,4988.14,201117.39
Kolhapur,2017,Wheat,Zaid,24.41,20.4,659.3,80.0,Loamy,6.81,151.14,58.9,50.75,Irrigated,4614.95,112648.11
Nagpur,2017,Bajra,Zaid,13.59,28.9,402.5,51.1,Clayey,7.31,40.87,45.05,37.62,Partially Irrigated,1562.42,21236.89
Nagpur,2017,Bajra,Kharif,14.39,34.1,350.7,47.0,Loamy,7.31,87.44,21.72,22.07,Rainfed,1257.85,18103.8
Nagpur,2017,Bajra,Kharif,34.68,30.3,224.0,57.1,Black,7.47,35.08,45.33,25.82,Rainfed,976.08,33853.85
Nagpur,2017,Cotton,Kharif,18.57,28.1,472.8,44.6,Red,6.45,91.96,47.75,24.7,Rainfed,1548.1,28755.11
Nagpur,2017,Cotton,Kharif,42.96,29.5,542.7,83.9,Red,6.95,74.47,42.28,49.68,Irrigated,2340.42,100544.65
Nagpur,2017,Cotton,Rabi,27.76,39.9,756.0,43.3,Red,6.97,64.74,36.56,58.47,Irrigated,2014.68,55928.68
Nagpur,2017,Groundnut,Zaid,35.19,29.7,482.5,60.6,Sandy,6.52,39.66,51.14,77.41,Rainfed,1743.74,61354.78
Nagpur,2017,Groundnut,Rabi,40.53,33.3,356.2,73.1,Sandy,6.54,22.73,37.54,80.97,Partially Irrigated,1542.09,62497.8
Nagpur,2017,Groundnut,Kharif,15.44,30.5,535.5,51.4,Sandy,6.21,32.23,26.31,82.26,Rainfed,1742.74,26905.6
Nagpur,2017,Groundnut,Rabi,25.22,28.5,702.6,73.9,Red,6.94,41.31,39.32,82.64,Rainfed,1761.06,44421.26
Nagpur,2017,Groundnut,Rabi,42.42,23.7,447.5,66.6,Red,6.68,29.22,68.48,52.71,Irrigated,2266.56,96145.49
Nagpur,2017,Groundnut,Zaid,17.82,29.0,749.1,46.9,Clayey,6.73,34.71,82.51,83.46,Irrigated,2453.42,43716.71
Nagpur,2017,Jowar,Zaid,38.0,29.1,675.1,59.6,Sandy,8.14,73.67,36.85,19.96,Rainfed,1391.34,52872.67
Nagpur,2017,Jowar,Rabi,12.71,35.6,559.7,55.2,Black,6.86,49.22,45.28,32.84,Irrigated,2819.39,35841.45
Nagpur,2017,Jowar,Kharif,20.93,29.0,369.1,86.5,Red,7.29,90.0,36.75,54.2,Rainfed,2096.93,43894.85
Nagpur,2017,Jowar,Kharif,11.0,32.2,580.5,82.7,Black,5.97,62.23,31.38,39.84,Partially Irrigated,1985.42,21835.54
Nagpur,2017,Maize,Rabi,33.74,28.5,791.5,65.2,Loamy,6.94,86.85,29.29,43.77,Partially Irrigated,3184.58,107445.89
Nagpur,2017,Maize,Zaid,49.77,20.6,750.8,65.0,Laterite,6.22,118.45,52.5,56.78,Rainfed,2916.06,145121.08
Nagpur,2017,Rice,Rabi,16.08,23.5,1091.0,73.4,Clayey,6.19,109.78,71.2,42.78,Rainfed,3814.38,61335.07
Nagpur,2017,Rice,Kharif,46.73,25.4,2435.4,47.1,Laterite,6.4,113.82,63.48,46.95,Irrigated,3762.22,175809.94
Nagpur,2017,Rice,Zaid,8.2,36.3,1271.2,82.3,Sandy,6.02,127.36,83.94,47.86,Rainfed,3377.7,27698.65
Nagpur,2017,Rice,Kharif,30.92,23.4,1299.5,87.7,Clayey,6.29,149.1,45.1,14.97,Rainfed,3030.53,93702.51
Nagpur,2017,Soybean,Rabi,23.17,37.5,727.2,81.0,Loamy,5.72,30.91,92.94,58.99,Rainfed,1514.48,35092.14
Nagpur,2017,Soybean,Zaid,11.64,27.5,646.2,81.6,Black,6.16,39.02,30.2,53.12,Irrigated,2457.95,28616.27
Nagpur,2017,Soybean,Kharif,23.96,20.2,216.2,58.8,Sandy,6.34,15.84,80.95,56.5,Rainfed,1365.53,32712.5
Nagpur,2017,Sugarcane,Kharif,45.55,24.6,2684.4,77.5,Red,6.27,157.16,95.67,123.03,Partially Irrigated,62516.88,2847540.94
Nagpur,2017,Sugarcane,Zaid,20.31,36.2,2133.5,53.8,Clayey,6.58,142.55,64.1,128.73,Irrigated,66481.41,1350116.51
Nagpur,2017,Sugarcane,Kharif,18.91,28.2,1628.2,86.5,Sandy,7.13,212.03,52.32,114.09,Partially Irrigated,59572.44,1126485.22
Nagpur,2017,Sugarcane,Kharif,24.68,24.3,1604.9,62.5,Clayey,5.8,268.66,93.6,65.13,Irrigated,72856.59,1797790.44
Nagpur,2017,Sunflower,Zaid,31.32,23.8,586.6,82.5,Black,6.39,80.16,62.81,46.53,Rainfed,1111.78,34822.7
Nagpur,2017,Sunflower,Zaid,49.62,16.1,530.6,85.7,Sandy,6.28,87.29,6.17,48.38,Partially Irrigated,970.38,48149.87
Nagpur,2017,Wheat,Rabi,5.98,27.0,657.9,74.0,Sandy,6.75,210.33,100.54,54.85,Irrigated,4391.89,26273.03
Nagpur,2017,Wheat,Kharif,22.29,19.5,594.7,70.6,Clayey,6.15,133.99,0.0,29.22,Partially Irrigated,1969.84,43908.09
Nashik,2017,Cotton,Zaid,26.95,23.6,643.2,74.1,Red,7.3,65.8,35.6,55.73,Irrigated,1848.74,49821.71
Nashik,2017,Cotton,Rabi,32.17,36.6,848.3,51.8,Black,7.04,105.1,30.48,42.4,Partially Irrigated,2017.21,64895.74
Nashik,2017,Cotton,Kharif,39.83,30.1,493.6,87.0,Loamy,6.09,121.15,37.45,72.51,Irrigated,2432.15,96878.21
Nashik,2017,Cotton,Rabi,37.28,29.9,790.6,89.6,Loamy,6.37,57.37,43.01,33.58,Irrigated,2002.66,74660.52
Nashik,2017,Groundnut,Rabi,14.61,32.2,417.0,77.8,Red,6.53,44.99,45.98,97.78,Partially Irrigated,2000.11,29222.52
Nashik,2017,Groundnut,Rabi,19.17,25.1,869.6,54.0,Clayey,7.29,38.33,84.84,39.69,Rainfed,1663.53,31895.93
Nashik,2017,Groundnut,Rabi,11.19,28.7,629.2,79.6,Red,7.46,29.08,47.81,49.73,Rainfed,1691.7,18924.0
Nashik,2017,Groundnut,Rabi,37.08,30.6,329.8,88.1,Loamy,7.36,28.75,38.44,62.81,Partially Irrigated,1226.68,45480.67
Nashik,2017,Groundnut,Kharif,9.09,30.5,584.4,80.3,Clayey,6.6,30.6,31.27,75.95,Irrigated,2156.89,19609.78
Nashik,2017,Groundnut,Kharif,31.06,27.5,609.2,78.4,Laterite,6.78,21.17,54.72,62.16,Irrigated,2097.91,65159.19
Nashik,2017,Groundnut,Zaid,31.09,27.0,417.0,81.3,Laterite,6.58,18.14,43.19,44.19,Rainfed,1013.23,31501.12
Nashik,2017,Jowar,Zaid,7.02,31.5,426.5,70.9,Loamy,7.03,82.46,48.28,28.19,Rainfed,1711.04,12013.05
Nashik,2017,Jowar,Zaid,27.99,22.0,633.0,69.8,Red,7.67,72.2,23.91,32.88,Irrigated,2056.43,57562.65
Nashik,2017,Jowar,Rabi,19.21,26.8,496.8,88.8,Red,6.89,83.91,21.2,31.75,Partially Irrigated,2184.64,41968.76
Nashik,2017,Maize,Zaid,39.61,23.9,725.3,80.6,Laterite,6.59,77.23,93.81,36.31,Partially Irrigated,4568.77,180971.25
Nashik,2017,Maize,Rabi,17.37,35.2,755.7,40.4,Loamy,6.9,129.21,42.45,47.74,Partially Irrigated,3660.6,63588.8
Nashik,2017,Maize,Rabi,47.58,27.2,671.4,89.5,Laterite,5.04,56.66,61.62,80.29,Partially Irrigated,3948.54,187885.2
Nashik,2017,Maize,Rabi,9.73,28.1,771.1,79.5,Clayey,6.86,87.77,61.7,57.8,Partially Irrigated,3874.06,37692.67
Nashik,2017,Rice,Zaid,31.04,27.5,1308.6,76.7,Loamy,6.1,88.09,33.55,39.92,Irrigated,3902.36,121120.29
Nashik,2017,Rice,Rabi,40.93,26.3,1670.0,68.7,Sandy,5.87,129.12,59.88,12.51,Irrigated,4191.78,171548.83
Nashik,2017,Rice,Rabi,29.52,26.2,1557.2,45.4,Sandy,5.94,117.78,46.61,54.71,Partially Irrigated,4981.31,147048.91
Nashik,2017,Rice,Kharif,42.35,31.7,1598.0,68.3,Black,5.6,56.21,69.86,54.2,Irrigated,4461.88,188949.12
Nashik,2017,Rice,Kharif,23.17,31.3,1561.1,49.6,Sandy,6.29,105.98,51.25,67.42,Partially Irrigated,4307.69,99815.26
Nashik,2017,Rice,Kharif,37.24,20.2,1855.7,58.4,Laterite,6.07,93.2,48.78,72.82,Rainfed,3537.84,131745.1
Nashik,2017,Rice,Rabi,3.21,25.7,1584.5,42.7,Laterite,7.13,51.19,31.65,36.91,Partially Irrigated,2693.52,8645.63
Nashik,2017,Rice,Kharif,28.6,25.1,1404.6,61.6,Clayey,6.42,101.03,69.81,32.98,Irrigated,6152.96,175956.5
Nashik,2017,Rice,Zaid,18.08,27.7,1481.6,50.7,Clayey,6.09,93.9,46.03,59.4,Partially Irrigated,4426.3,80026.14
Nashik,2017,Soybean,Zaid,19.94,20.1,763.0,59.5,Black,6.26,23.79,43.51,79.85,Irrigated,2472.35,49309.45
Nashik,2017,Soybean,Rabi,6.89,33.0,631.5,60.9,Clayey,6.58,45.72,80.47,61.31,Irrigated,3509.45,24172.39
Nashik,2017,Soybean,Rabi,24.08,19.2,504.6,76.5,Laterite,6.7,22.8,60.43,58.62,Irrigated,2536.98,61098.4
Nashik,2017,Soybean,Zaid,13.31,24.5,548.5,65.2,Red,6.83,31.63,91.04,50.0,Rainfed,2229.11,29679.08
Nashik,2017,Soybean,Zaid,11.03,24.4,722.1,86.7,Laterite,5.89,26.88,116.44,68.54,Irrigated,3416.2,37685.08
Nashik,2017,Sugarcane,Rabi,26.27,30.0,2419.2,89.6,Loamy,6.56,227.84,69.47,134.99,Rainfed,67436.99,1771454.64
Nashik,2017,Sugarcane,Rabi,5.41,33.9,1928.4,63.4,Red,6.53,253.6,97.69,91.03,Irrigated,86004.56,465318.14
Nashik,2017,Sugarcane,Kharif,46.42,27.2,2834.7,69.9,Laterite,6.15,53.49,59.79,86.67,Rainfed,24887.25,1155308.46
Nashik,2017,Sugarcane,Rabi,20.23,31.2,2469.3,60.3,Laterite,7.06,202.77,74.92,91.59,Irrigated,80560.34,1629945.02
Nashik,2017,Sugarcane,Rabi,21.01,26.3,1602.4,71.4,Laterite,7.38,210.72,96.54,71.67,Rainfed,48687.32,1023029.6
Nashik,2017,Sugarcane,Zaid,3.68,33.0,2468.8,60.1,Black,7.18,287.93,62.22,132.17,Irrigated,98412.1,362494.17
Nashik,2017,Sugarcane,Kharif,38.14,30.4,2143.2,51.9,Black,7.18,228.36,120.73,59.82,Partially Irrigated,73507.47,2803835.7
Nashik,2017,Sunflower,Rabi,1.38,20.7,471.7,48.0,Loamy,7.19,94.62,56.28,4.49,Irrigated,1136.2,1566.57
Nashik,2017,Sunflower,Kharif,37.2,24.7,458.0,60.4,Black,7.79,75.62,31.44,41.57,Irrigated,1500.52,55817.35
Nashik,2017,Sunflower,Zaid,27.88,30.2,545.3,46.7,Red,7.04,69.95,45.27,62.58,Irrigated,1390.33,38767.24
Nashik,2017,Wheat,Kharif,42.47,19.6,673.0,40.5,Clayey,6.41,159.2,95.64,52.79,Rainfed,3859.38,163898.53
Nashik,2017,Wheat,Rabi,30.92,18.1,875.7,52.9,Clayey,6.89,132.23,60.96,76.78,Rainfed,2468.67,76327.51
Nashik,2017,Wheat,Zaid,21.88,18.9,549.0,45.7,Loamy,6.61,160.95,73.47,45.13,Partially Irrigated,3847.01,84159.78
Pune,2017,Bajra,Kharif,14.87,36.5,437.1,62.6,Sandy,7.21,56.64,50.93,25.64,Partially Irrigated,1851.66,27528.63
Pune,2017,Bajra,Kharif,24.01,26.4,315.7,82.3,Loamy,7.68,53.4,27.39,18.49,Irrigated,1335.15,32057.24
Pune,2017,Bajra,Rabi,24.65,28.9,314.1,83.9,Clayey,7.15,76.2,39.68,39.31,Rainfed,1416.06,34906.08
Pune,2017,Groundnut,Kharif,37.19,36.4,707.8,45.2,Laterite,6.49,29.56,48.99,85.0,Rainfed,1492.96,55526.77
Pune,2017,Groundnut,Zaid,6.9,25.5,386.8,72.8,Black,6.84,23.81,65.94,60.94,Rainfed,1498.98,10344.3
Pune,2017,Groundnut,Zaid,38.18,30.3,616.7,54.0,Black,5.19,28.96,52.65,100.35,Rainfed,1685.18,64335.6
Pune,2017,Jowar,Zaid,45.74,23.4,535.9,53.4,Clayey,6.69,46.51,46.27,13.49,Rainfed,1326.77,60684.99
Pune,2017,Jowar,Rabi,35.59,28.4,655.1,80.5,Loamy,7.38,52.39,35.2,40.07,Irrigated,2240.06,79727.07
Pune,2017,Jowar,Zaid,45.89,29.4,446.7,73.2,Clayey,7.34,76.43,51.16,49.03,Rainfed,2577.66,118296.15
Pune,2017,Jowar,Zaid,33.79,25.1,582.7,43.6,Loamy,7.8,65.99,48.97,30.73,Irrigated,2639.74,89204.87
Pune,2017,Maize,Rabi,9.97,17.3,667.3,65.6,Clayey,6.68,121.66,43.8,62.96,Partially Irrigated,3975.53,39638.85
Pune,2017,Maize,Kharif,14.26,26.6,591.3,82.9,Sandy,6.73,48.73,33.26,47.19,Irrigated,3401.56,48504.33
Pune,2017,Maize,Zaid,26.91,29.6,553.3,78.6,Red,6.29,71.94,50.57,52.92,Rainfed,2742.83,73798.35
Pune,2017,Rice,Rabi,7.85,26.8,1173.3,86.7,Red,7.07,176.25,60.59,53.42,Rainfed,3931.78,30849.95
Pune,2017,Rice,Rabi,33.68,30.1,1188.2,64.8,Sandy,5.1,22.73,48.51,43.09,Partially Irrigated,2659.2,89558.2
Pune,2017,Rice,Zaid,8.47,30.2,1243.0,74.1,Red,6.24,131.57,73.85,40.87,Rainfed,3827.74,32421.84
Pune,2017,Soybean,Zaid,43.58,20.8,724.2,87.6,Loamy,6.33,34.43,53.7,49.71,Irrigated,2741.71,119474.03
Pune,2017,Soybean,Kharif,28.17,30.3,824.4,50.5,Red,7.45,30.56,67.95,63.54,Rainfed,1678.06,47270.53
Pune,2017,Soybean,Kharif,29.11,29.3,728.0,84.5,Clayey,8.11,21.89,97.99,37.22,Irrigated,2065.12,60113.43
Pune,2017,Sugarcane,Zaid,10.27,33.0,2581.2,56.3,Laterite,7.27,164.05,78.35,125.38,Irrigated,78287.7,803821.49
Pune,2017,Sunflower,Rabi,15.96,22.3,417.6,60.5,Black,6.48,67.46,36.47,69.92,Partially Irrigated,1260.68,20117.88
Pune,2017,Sunflower,Zaid,36.72,26.8,634.0,67.7,Loamy,6.34,111.55,52.9,49.19,Partially Irrigated,1314.66,48270.89
Pune,2017,Wheat,Rabi,14.59,15.0,550.1,57.0,Loamy,7.18,60.03,94.01,60.35,Rainfed,3053.68,44553.1
Pune,2017,Wheat,Zaid,39.98,14.0,575.5,42.6,Laterite,6.36,166.19,55.01,14.95,Partially Irrigated,2575.61,102985.48
Pune,2017,Wheat,Rabi,23.57,17.7,426.0,55.0,Sandy,7.02,106.44,33.24,18.68,Partially Irrigated,1863.38,43916.77
Pune,2017,Wheat,Rabi,23.83,18.0,563.8,63.1,Red,6.56,234.63,51.67,62.77,Rainfed,4023.01,95865.84
Sangli,2017,Bajra,Rabi,4.78,34.2,303.3,52.0,Laterite,7.66,49.78,43.22,53.86,Irrigated,1939.73,9272.03
Sangli,2017,Bajra,Rabi,34.52,33.6,324.8,79.6,Black,7.15,69.83,39.76,21.2,Partially Irrigated,1579.77,54529.27
Sangli,2017,Bajra,Zaid,35.11,32.9,309.0,71.0,Loamy,7.03,67.85,33.59,21.7,Partially Irrigated,1401.28,49200.98
Sangli,2017,Bajra,Rabi,22.44,31.5,312.2,71.4,Loamy,6.1,53.41,44.86,36.54,Irrigated,1783.26,40023.81
Sangli,2017,Bajra,Rabi,18.55,30.2,435.3,41.9,Black,6.69,62.93,48.66,32.83,Partially Irrigated,2187.28,40580.4
Sangli,2017,Cotton,Zaid,33.59,34.1,935.1,45.8,Laterite,7.15,77.92,53.61,38.17,Rainfed,1368.63,45973.57
Sangli,2017,Cotton,Kharif,28.24,25.7,622.1,51.1,Red,7.83,131.63,27.11,37.23,Rainfed,1784.09,50381.78
Sangli,2017,Cotton,Zaid,47.39,31.2,700.5,55.0,Black,6.26,50.31,28.72,16.84,Rainfed,896.06,42462.73
Sangli,2017,Groundnut,Rabi,39.78,36.8,590.7,72.1,Clayey,5.92,30.14,57.39,101.86,Irrigated,1990.32,79168.42
Sangli,2017,Groundnut,Rabi,43.29,22.4,796.8,83.7,Black,6.72,27.99,73.42,96.02,Rainfed,1859.79,80507.19
Sangli,2017,Groundnut,Zaid,37.99,28.8,599.6,88.0,Laterite,7.93,34.41,44.12,63.64,Irrigated,2019.61,76722.78
Sangli,2017,Jowar,Rabi,6.77,24.0,553.8,73.6,Black,6.36,50.27,79.22,20.15,Partially Irrigated,2341.16,15838.03
Sangli,2017,Maize,Kharif,31.82,26.3,517.7,54.2,Loamy,6.87,78.82,55.39,51.24,Partially Irrigated,3554.44,113089.37
Sangli,2017,Maize,Zaid,27.65,25.1,540.2,88.2,Loamy,7.05,71.55,41.32,72.4,Rainfed,3379.07,93443.5
Sangli,2017,Maize,Kharif,7.05,29.4,515.8,72.5,Sandy,6.37,82.47,41.95,53.22,Partially Irrigated,3090.6,21775.35
Sangli,2017,Rice,Rabi,32.07,20.6,821.7,67.3,Black,6.84,82.69,71.49,65.13,Partially Irrigated,3644.64,116886.85
Sangli,2017,Rice,Rabi,34.92,32.7,1433.9,76.7,Black,5.85,129.67,34.96,55.0,Rainfed,4258.14,148679.72
Sangli,2017,Soybean,Kharif,12.47,26.8,876.6,87.2,Laterite,7.3,22.3,129.14,14.14,Irrigated,1914.63,23873.2
Sangli,2017,Soybean,Rabi,1.56,23.4,465.4,45.8,Black,6.36,26.95,55.9,52.03,Rainfed,1908.19,2985.89
Sangli,2017,Soybean,Kharif,9.82,21.9,420.7,67.2,Laterite,6.59,32.21,71.58,47.34,Rainfed,1809.81,17774.29
Sangli,2017,Soybean,Rabi,20.12,25.0,855.1,49.7,Sandy,5.77,20.56,67.71,64.66,Irrigated,1919.89,38637.51
Sangli,2017,Soybean,Kharif,8.84,19.5,699.6,70.3,Loamy,7.15,19.6,85.99,51.19,Rainfed,1625.5,14373.56
Sangli,2017,Soybean,Kharif,43.33,29.4,342.4,87.1,Loamy,6.73,26.65,58.0,61.62,Irrigated,2148.83,93108.61
Sangli,2017,Sugarcane,Kharif,20.19,22.8,1524.7,64.9,Loamy,7.38,31.0,81.0,65.68,Partially Irrigated,28115.16,567691.77
Sangli,2017,Sugarcane,Kharif,24.18,28.8,2354.1,89.6,Laterite,7.31,240.62,84.63,145.55,Irrigated,100378.08,2427305.77
Sangli,2017,Sugarcane,Rabi,13.73,31.2,2010.7,50.7,Sandy,6.35,152.07,81.26,143.99,Partially Irrigated,67581.81,928139.88
Sangli,2017,Sunflower,Zaid,44.26,24.5,410.3,69.2,Red,6.96,66.48,56.21,53.76,Rainfed,981.05,43418.78
Sangli,2017,Sunflower,Rabi,31.47,28.2,615.2,74.6,Black,6.99,105.8,39.52,13.6,Irrigated,1366.07,42991.55
Sangli,2017,Wheat,Kharif,47.21,17.8,620.1,75.6,Black,6.04,62.44,56.11,34.75,Partially Irrigated,2082.1,98291.58
Sangli,2017,Wheat,Rabi,45.88,16.2,331.0,47.7,Laterite,7.45,188.12,40.14,10.03,Rainfed,1960.34,89943.73
Sangli,2017,Wheat,Kharif,30.41,14.6,593.7,62.0,Black,6.16,168.1,64.78,36.65,Partially Irrigated,2833.95,86172.15
Sangli,2017,Wheat,Zaid,32.36,19.5,290.5,41.1,Laterite,6.61,144.38,73.32,44.44,Partially Irrigated,3011.47,97454.99
Sangli,2017,Wheat,Zaid,28.98,24.3,534.8,41.9,Sandy,7.24,136.47,59.92,41.22,Partially Irrigated,3048.14,88341.33
Sangli,2017,Wheat,Kharif,40.96,20.2,219.9,54.7,Laterite,6.72,107.33,74.84,61.98,Irrigated,3890.24,159325.88
Satara,2017,Bajra,Zaid,33.28,33.3,501.7,52.5,Red,6.49,58.96,49.82,31.2,Irrigated,1923.84,64026.17
Satara,2017,Bajra,Rabi,10.34,29.2,488.6,45.1,Black,8.28,40.44,43.77,16.36,Rainfed,1161.21,12011.81
Satara,2017,Bajra,Zaid,38.93,29.3,331.6,74.9,Laterite,6.94,57.62,40.35,46.99,Rainfed,1317.85,51309.43
Satara,2017,Cotton,Rabi,18.05,22.4,680.7,66.3,Red,6.44,102.31,38.41,33.72,Rainfed,1372.38,24777.61
Satara,2017,Cotton,Zaid,41.14,35.1,484.2,47.6,Black,6.81,61.71,71.03,45.03,Irrigated,2703.33,111221.14
Satara,2017,Cotton,Rabi,11.62,27.6,678.0,40.2,Red,6.96,78.22,27.26,38.42,Rainfed,1316.81,15298.24
Satara,2017,Groundnut,Rabi,21.74,25.1,584.3,55.0,Black,6.73,34.86,50.68,72.86,Rainfed,1720.76,37406.95
Satara,2017,Jowar,Zaid,40.69,32.1,488.8,60.5,Black,5.89,103.54,57.95,27.44,Irrigated,3515.62,143035.52
Satara,2017,Jowar,Zaid,18.58,28.5,675.4,59.8,Laterite,7.01,73.03,64.13,26.58,Rainfed,1839.53,34183.19
Satara,2017,Jowar,Rabi,23.8,24.3,530.3,77.9,Black,6.66,40.14,52.27,39.07,Rainfed,1902.84,45292.42
Satara,2017,Maize,Zaid,11.46,29.5,637.2,48.7,Clayey,6.18,170.53,77.38,23.77,Partially Irrigated,4024.01,46095.94
Satara,2017,Maize,Kharif,33.2,25.0,661.6,75.3,Clayey,6.25,136.67,57.29,49.33,Partially Irrigated,4001.41,132847.4
Satara,2017,Rice,Rabi,21.83,28.8,977.5,41.6,Black,6.16,136.03,60.48,47.43,Rainfed,4481.62,97845.58
Satara,2017,Rice,Kharif,27.07,30.0,1505.8,63.9,Red,6.49,106.75,61.82,46.28,Irrigated,6161.3,166760.62
Satara,2017,Rice,Zaid,23.88,25.3,1541.1,60.1,Loamy,6.5,84.34,32.91,47.07,Rainfed,2580.58,61626.69
Satara,2017,Rice,Zaid,21.05,22.5,1844.8,81.9,Clayey,6.56,81.14,44.69,56.05,Rainfed,3477.04,73197.4
Satara,2017,Soybean,Rabi,7.52,30.3,343.0,62.6,Black,6.31,42.92,86.98,35.63,Irrigated,2307.44,17354.85
Satara,2017,Soybean,Kharif,3.73,28.7,703.7,50.9,Red,7.43,31.88,35.94,71.66,Rainfed,1959.96,7303.36
Satara,2017,Soybean,Rabi,42.32,25.6,824.7,56.4,Laterite,7.0,49.77,48.46,36.2,Rainfed,1838.66,77815.16
Satara,2017,Sugarcane,Zaid,4.52,23.3,2149.3,69.4,Sandy,6.21,152.52,92.99,90.93,Partially Irrigated,56819.03,256760.37
Satara,2017,Sugarcane,Zaid,16.4,31.5,2772.8,46.0,Sandy,5.67,228.95,95.85,122.43,Rainfed,62098.49,1018280.81
Satara,2017,Sugarcane,Zaid,26.29,32.2,2049.7,88.5,Laterite,6.89,267.63,47.27,83.43,Partially Irrigated,64504.22,1695832.96
Satara,2017,Sugarcane,Kharif,11.99,32.8,450.4,61.2,Laterite,6.5,34.95,60.84,88.33,Irrigated,34999.61,419805.46
Satara,2017,Sunflower,Kharif,5.19,29.3,453.4,85.3,Sandy,6.85,64.94,55.35,79.23,Irrigated,1875.04,9727.45
Satara,2017,Sunflower,Rabi,8.71,27.9,549.2,72.1,Laterite,6.53,35.32,45.94,42.44,Irrigated,1185.81,10329.07
Satara,2017,Sunflower,Rabi,20.29,31.6,458.2,69.6,Black,6.7,86.22,70.14,52.67,Irrigated,1691.79,34327.04
Satara,2017,Sunflower,Rabi,5.26,29.4,443.0,81.8,Laterite,6.75,85.49,40.18,50.32,Rainfed,1109.09,5830.75
Satara,2017,Sunflower,Zaid,25.91,23.5,525.5,70.8,Black,6.85,82.24,39.67,39.28,Partially Irrigated,1247.61,32327.94
Satara,2017,Sunflower,Zaid,10.82,28.7,426.2,47.6,Sandy,7.15,55.43,39.19,18.42,Irrigated,943.02,10201.63
Satara,2017,Sunflower,Zaid,26.38,14.3,505.7,56.9,Loamy,6.13,87.27,55.81,70.9,Irrigated,1799.75,47482.1
Satara,2017,Wheat,Kharif,23.21,9.4,700.1,60.0,Laterite,6.16,132.64,65.22,46.18,Partially Irrigated,2599.91,60346.98
Solapur,2017,Bajra,Zaid,43.5,17.3,414.3,75.4,Black,7.37,47.34,23.8,35.31,Irrigated,1407.38,61226.48
Solapur,2017,Bajra,Zaid,32.63,27.8,363.7,46.1,Sandy,7.22,28.83,41.53,41.32,Partially Irrigated,1487.87,48545.25
Solapur,2017,Bajra,Kharif,12.81,29.7,486.2,47.1,Black,6.75,65.61,54.16,30.54,Rainfed,1581.05,20246.82
Solapur,2017,Cotton,Rabi,30.92,29.0,743.2,75.3,Black,6.91,75.99,38.19,39.32,Rainfed,1968.35,60851.88
Solapur,2017,Cotton,Kharif,44.69,36.2,655.8,84.3,Red,7.07,61.99,36.79,31.15,Partially Irrigated,1543.2,68964.62
Solapur,2017,Cotton,Rabi,35.47,29.8,733.3,65.6,Sandy,6.08,69.31,50.54,18.2,Rainfed,1265.73,44889.79
Solapur,2017,Cotton,Rabi,45.85,28.5,895.1,84.1,Sandy,7.3,99.18,51.72,47.18,Irrigated,3020.61,138487.09
Solapur,2017,Groundnut,Rabi,19.9,22.7,532.3,83.3,Black,6.37,29.08,37.67,58.08,Rainfed,1184.79,23583.19
Solapur,2017,Groundnut,Rabi,19.1,32.4,433.0,57.3,Red,6.62,31.68,49.14,96.27,Rainfed,1468.17,28039.3
Solapur,2017,Groundnut,Rabi,8.48,34.8,803.6,58.9,Clayey,6.05,23.98,44.2,68.96,Partially Irrigated,1130.02,9585.67
Solapur,2017,Jowar,Zaid,24.29,32.9,469.3,74.0,Loamy,7.63,60.0,32.92,29.76,Irrigated,2058.69,50005.99
Solapur,2017,Jowar,Kharif,43.42,29.4,638.3,59.0,Sandy,7.48,74.32,55.41,46.17,Rainfed,2054.21,89195.39
Solapur,2017,Maize,Rabi,42.2,24.6,595.9,51.9,Sandy,6.12,97.17,47.97,61.58,Partially Irrigated,4517.19,190618.44
Solapur,2017,Maize,Rabi,47.11,25.4,550.1,45.8,Red,7.4,94.91,57.5,40.15,Partially Irrigated,2992.62,140987.46
Solapur,2017,Maize,Rabi,44.75,24.6,608.6,86.2,Clayey,7.02,140.42,30.56,66.74,Irrigated,5237.84,234384.02
Solapur,2017,Maize,Rabi,39.94,19.9,722.8,56.5,Laterite,6.35,140.13,51.98,48.88,Irrigated,4962.24,198198.15
Solapur,2017,Maize,Zaid,20.7,26.7,551.6,40.8,Clayey,6.5,95.81,36.21,43.97,Rainfed,2842.01,58838.58
Solapur,2017,Rice,Rabi,33.0,28.2,1067.4,66.4,Red,6.42,119.38,41.01,41.94,Rainfed,3164.5,104440.26
Solapur,2017,Rice,Kharif,48.76,22.5,1327.0,70.3,Sandy,5.95,111.63,41.03,59.16,Partially Irrigated,4023.72,196195.02
Solapur,2017,Rice,Kharif,42.72,23.1,1031.5,73.1,Clayey,5.86,105.12,58.92,70.23,Rainfed,4396.28,187807.21
Solapur,2017,Rice,Zaid,13.35,24.0,1108.5,58.4,Loamy,5.55,111.42,36.09,55.19,Rainfed,3473.66,46370.31
Solapur,2017,Sugarcane,Kharif,45.13,29.8,1742.4,65.2,Black,5.89,152.89,89.75,151.59,Partially Irrigated,67213.05,3033506.82
Solapur,2017,Sunflower,Zaid,15.37,29.8,350.4,77.6,Red,7.06,95.08,49.82,36.54,Irrigated,1216.68,18697.06
Solapur,2017,Sunflower,Zaid,13.04,26.4,494.6,49.3,Loamy,6.45,92.46,49.39,67.89,Partially Irrigated,1907.82,24883.76
Solapur,2017,Wheat,Kharif,25.37,21.4,699.1,56.3,Laterite,6.87,74.52,35.65,55.81,Rainfed,2112.49,53584.25
Solapur,2017,Wheat,Rabi,18.65,10.7,686.5,81.8,Sandy,6.81,96.94,25.83,68.52,Irrigated,2406.95,44883.9
Wardha,2017,Cotton,Rabi,10.95,29.9,868.7,83.4,Clayey,7.02,108.77,29.09,47.34,Irrigated,2728.81,29893.66
Wardha,2017,Cotton,Zaid,22.92,35.2,491.6,83.2,Clayey,7.12,42.05,30.54,35.27,Partially Irrigated,1224.41,28063.39
Wardha,2017,Jowar,Kharif,44.39,27.4,307.9,44.8,Black,7.04,22.13,30.1,35.72,Partially Irrigated,1400.8,62176.96
Wardha,2017,Jowar,Rabi,1.4,26.0,549.2,51.4,Sandy,6.83,50.93,35.63,32.66,Partially Irrigated,2150.9,3011.2
Wardha,2017,Jowar,Zaid,28.52,28.3,321.9,53.8,Clayey,5.87,43.98,39.74,17.17,Rainfed,1208.23,34457.17
Wardha,2017,Maize,Rabi,18.39,21.3,743.1,65.5,Sandy,7.16,100.02,53.21,58.39,Rainfed,2898.17,53286.67
Wardha,2017,Maize,Zaid,32.62,24.6,464.1,72.1,Laterite,6.5,85.99,47.82,46.48,Irrigated,4079.72,133067.92
Wardha,2017,Maize,Zaid,39.52,23.9,727.0,64.9,Loamy,5.75,153.92,70.76,45.84,Partially Irrigated,4503.77,177988.96
Wardha,2017,Maize,Kharif,3.39,32.8,845.8,80.4,Loamy,6.9,95.18,38.77,46.43,Partially Irrigated,2764.39,9375.07
Wardha,2017,Rice,Zaid,11.26,25.1,2072.6,65.5,Sandy,6.2,128.21,56.03,51.65,Partially Irrigated,4158.34,46810.75
Wardha,2017,Rice,Zaid,37.59,31.2,1974.0,78.3,Red,5.46,114.93,70.65,37.96,Irrigated,4604.72,173072.53
Wardha,2017,Rice,Kharif,42.59,37.1,1394.1,54.5,Laterite,6.48,139.05,35.78,72.15,Irrigated,5054.44,215254.81
Wardha,2017,Rice,Kharif,1.64,34.4,1352.4,86.9,Black,6.25,90.08,65.54,68.58,Irrigated,6249.6,10221.68
Wardha,2017,Soybean,Zaid,26.97,23.2,660.8,62.1,Clayey,6.66,19.96,53.34,32.14,Rainfed,1302.61,35124.84
Wardha,2017,Soybean,Kharif,3.31,23.9,878.1,88.1,Red,7.27,43.81,88.71,30.85,Rainfed,1715.27,5676.58
Wardha,2017,Soybean,Rabi,32.85,22.2,562.1,71.5,Clayey,6.61,24.81,105.96,35.13,Rainfed,1756.64,57703.75
Wardha,2017,Soybean,Rabi,39.96,20.9,754.1,44.0,Clayey,5.95,25.66,71.08,61.31,Irrigated,2716.5,108557.16
Wardha,2017,Sugarcane,Rabi,21.85,32.3,2712.4,74.4,Black,6.67,91.2,79.54,103.05,Rainfed,36222.57,791322.86
Wardha,2017,Sugarcane,Zaid,27.09,22.1,2075.9,69.8,Black,6.34,120.77,114.22,140.89,Partially Irrigated,72203.96,1955700.55
Wardha,2017,Sunflower,Kharif,40.1,24.3,551.6,67.6,Red,6.19,60.85,43.18,36.8,Rainfed,952.7,38200.5
Wardha,2017,Sunflower,Rabi,49.11,22.6,602.4,81.0,Loamy,6.9,24.02,40.52,65.33,Irrigated,1011.76,49692.39
Wardha,2017,Sunflower,Rabi,15.44,27.2,225.0,67.0,Loamy,7.95,121.89,48.59,32.97,Partially Irrigated,1235.94,19083.76
Wardha,2017,Wheat,Kharif,36.69,21.2,405.5,71.0,Clayey,6.7,109.34,88.06,58.27,Rainfed,2778.84,101954.92
Wardha,2017,Wheat,Rabi,48.08,13.3,525.6,57.6,Sandy,6.8,133.65,35.75,50.61,Irrigated,2770.19,133180.48
Wardha,2017,Wheat,Kharif,45.41,21.0,595.1,54.6,Clayey,6.74,92.98,66.99,48.2,Partially Irrigated,3291.42,149469.4
Wardha,2017,Wheat,Rabi,41.4,18.3,472.9,74.5,Red,6.81,122.56,72.46,40.65,Irrigated,4067.79,168425.71
Yavatmal,2017,Bajra,Rabi,46.3,28.7,451.6,41.0,Loamy,7.16,60.46,33.02,16.39,Partially Irrigated,1410.39,65301.31
Yavatmal,2017,Bajra,Zaid,5.93,21.9,540.1,62.2,Sandy,8.11,78.28,24.53,37.19,Partially Irrigated,1789.58,10605.19
Yavatmal,2017,Bajra,Zaid,5.47,32.9,433.8,48.1,Loamy,7.39,34.87,55.53,17.82,Irrigated,1627.44,8908.28
Yavatmal,2017,Bajra,Rabi,1.64,28.2,452.6,73.9,Black,7.49,40.0,42.8,26.7,Rainfed,1336.84,2187.2
Yavatmal,2017,Cotton,Kharif,48.91,28.9,346.1,58.6,Loamy,6.95,90.77,36.09,33.99,Partially Irrigated,1451.31,70976.95
Yavatmal,2017,Groundnut,Kharif,15.18,36.6,528.5,60.6,Red,5.58,22.94,67.17,74.4,Partially Irrigated,1542.69,23421.9
Yavatmal,2017,Groundnut,Kharif,12.42,23.9,449.6,79.9,Black,6.65,17.27,40.35,51.17,Rainfed,892.34,11081.75
Yavatmal,2017,Groundnut,Kharif,7.81,24.4,692.1,87.7,Black,6.26,29.51,43.02,53.7,Rainfed,1421.33,11106.01
Yavatmal,2017,Jowar,Kharif,21.4,31.6,546.1,42.6,Black,7.3,28.37,32.17,31.62,Irrigated,2139.13,45770.5
Yavatmal,2017,Jowar,Rabi,31.22,34.6,513.9,68.8,Red,6.5,56.72,43.82,22.25,Partially Irrigated,1969.13,61466.84
Yavatmal,2017,Maize,Kharif,36.77,19.4,611.2,68.3,Black,5.83,130.37,23.57,45.21,Rainfed,2560.84,94152.44
Yavatmal,2017,Maize,Rabi,33.97,30.2,605.3,49.8,Clayey,6.79,65.2,48.55,68.06,Irrigated,4238.24,143985.65
Yavatmal,2017,Maize,Zaid,12.1,34.7,633.7,59.6,Red,5.92,80.87,63.76,32.11,Irrigated,3220.74,38970.68
Yavatmal,2017,Maize,Zaid,41.77,27.7,724.9,86.0,Laterite,6.14,125.31,36.27,30.03,Irrigated,3601.96,150469.35
Yavatmal,2017,Maize,Zaid,29.97,22.4,723.7,58.6,Clayey,6.09,97.34,37.3,38.47,Rainfed,2346.87,70327.34
Yavatmal,2017,Rice,Rabi,40.14,32.2,2293.6,73.6,Loamy,5.58,52.1,37.84,51.32,Partially Irrigated,2543.27,102095.86
Yavatmal,2017,Rice,Kharif,20.96,24.4,1494.9,76.3,Red,7.01,70.25,76.2,31.25,Partially Irrigated,4156.51,87114.7
Yavatmal,2017,Soybean,Zaid,21.94,30.6,687.9,74.0,Loamy,5.33,24.46,101.17,30.28,Partially Irrigated,1817.21,39877.96
Yavatmal,2017,Soybean,Zaid,16.97,25.6,785.2,78.8,Laterite,7.07,27.39,76.55,44.89,Partially Irrigated,1962.02,33297.22
Yavatmal,2017,Soybean,Kharif,4.04,33.0,628.3,77.1,Loamy,7.18,30.89,54.39,59.19,Rainfed,1613.72,6516.95
Yavatmal,2017,Soybean,Kharif,6.01,22.6,771.9,80.2,Clayey,6.24,30.02,104.0,65.77,Partially Irrigated,2615.12,15719.22
Yavatmal,2017,Soybean,Rabi,35.08,19.8,699.4,86.0,Loamy,7.35,44.0,78.74,29.77,Rainfed,1901.65,66702.16
Yavatmal,2017,Sugarcane,Rabi,11.48,35.5,2238.2,56.9,Black,7.19,183.79,120.94,60.69,Partially Irrigated,73240.74,840868.94
Yavatmal,2017,Sugarcane,Rabi,16.83,28.2,1934.4,69.5,Red,7.21,244.75,75.57,65.27,Irrigated,68936.88,1160300.63
Yavatmal,2017,Sugarcane,Zaid,12.39,25.6,3225.9,72.4,Sandy,7.82,169.86,100.85,85.17,Rainfed,40907.61,506784.86
Yavatmal,2017,Sugarcane,Kharif,3.92,35.2,2168.9,84.7,Loamy,7.63,121.31,83.2,110.52,Rainfed,50133.95,196665.71
Yavatmal,2017,Wheat,Zaid,46.14,27.5,473.0,63.5,Laterite,6.53,99.31,58.19,39.08,Irrigated,2808.76,129596.85
Yavatmal,2017,Wheat,Rabi,31.58,17.6,537.0,50.1,Sandy,6.36,148.11,93.8,53.92,Rainfed,3497.28,110460.77
Ahmednagar,2018,Bajra,Rabi,39.66,28.6,581.7,71.9,Sandy,7.72,43.07,35.14,28.56,Rainfed,1086.46,43088.49
Ahmednagar,2018,Bajra,Zaid,47.75,27.6,556.4,46.5,Clayey,7.63,54.65,35.63,22.0,Rainfed,1112.15,53107.28
Ahmednagar,2018,Bajra,Kharif,24.5,33.5,423.9,86.9,Black,7.26,97.07,37.78,26.38,Partially Irrigated,1848.18,45278.4
Ahmednagar,2018,Bajra,Rabi,7.18,34.4,398.9,84.6,Loamy,8.66,64.52,55.88,42.06,Irrigated,2306.99,16571.4
Ahmednagar,2018,Cotton,Rabi,18.79,31.4,921.6,45.6,Red,7.47,74.65,52.78,57.43,Irrigated,2408.56,45247.68
Ahmednagar,2018,Cotton,Rabi,6.62,33.2,802.5,50.0,Sandy,7.69,111.88,34.25,32.54,Rainfed,1634.17,10813.73
Ahmednagar,2018,Cotton,Zaid,15.79,31.3,963.5,79.9,Loamy,7.06,101.8,57.03,45.28,Rainfed,1832.32,28935.69
Ahmednagar,2018,Cotton,Kharif,37.92,28.8,523.1,86.6,Clayey,7.31,95.41,44.77,58.09,Irrigated,2832.04,107380.99
Ahmednagar,2018,Groundnut,Kharif,2.06,35.5,659.8,44.3,Red,7.33,27.6,62.3,49.71,Rainfed,1476.54,3042.77
Ahmednagar,2018,Groundnut,Kharif,38.71,26.8,455.3,75.1,Black,6.64,20.79,56.23,97.3,Partially Irrigated,1810.08,70063.91
Ahmednagar,2018,Groundnut,Zaid,35.3,30.1,520.6,50.2,Black,7.29,41.13,52.4,70.04,Partially Irrigated,1919.07,67742.1
Ahmednagar,2018,Groundnut,Zaid,27.29,29.3,796.8,53.9,Black,6.37,35.33,33.46,41.53,Irrigated,1508.08,41149.92
Ahmednagar,2018,Jowar,Zaid,9.1,35.6,524.9,61.8,Black,6.27,81.44,48.1,14.56,Irrigated,2647.32,24098.99
Ahmednagar,2018,Jowar,Kharif,44.8,28.0,374.0,61.4,Red,7.12,65.99,29.59,33.22,Irrigated,2243.0,100497.3
Ahmednagar,2018,Jowar,Zaid,15.37,27.9,470.6,67.7,Clayey,7.25,66.15,35.81,32.47,Partially Irrigated,2351.64,36145.19
Ahmednagar,2018,Jowar,Zaid,18.84,31.8,503.6,84.3,Red,6.37,78.42,59.23,29.45,Partially Irrigated,2773.93,52253.95
Ahmednagar,2018,Maize,Rabi,46.64,28.5,703.2,56.5,Black,6.29,133.5,55.17,46.9,Partially Irrigated,3588.41,167358.98
Ahmednagar,2018,Maize,Kharif,35.61,20.3,459.5,64.4,Laterite,7.54,117.53,27.32,70.94,Rainfed,2574.15,91670.83
Ahmednagar,2018,Rice,Kharif,23.14,30.1,1507.5,89.0,Sandy,6.47,104.8,21.71,56.09,Rainfed,3010.1,69644.02
Ahmednagar,2018,Soybean,Zaid,16.84,20.4,376.4,56.8,Loamy,7.45,29.89,58.69,70.44,Partially Irrigated,2105.72,35457.11
Ahmednagar,2018,Sugarcane,Rabi,36.77,33.3,1800.8,77.4,Sandy,7.2,254.29,76.05,131.51,Irrigated,79594.98,2926678.18
Ahmednagar,2018,Sugarcane,Rabi,6.04,34.8,2280.4,69.1,Laterite,6.38,260.21,110.97,103.7,Rainfed,55376.07,334279.91
Ahmednagar,2018,Sunflower,Zaid,5.97,29.5,508.3,56.8,Laterite,6.36,56.9,51.3,66.93,Rainfed,1001.57,5975.92
Ahmednagar,2018,Wheat,Kharif,30.87,25.6,594.9,89.3,Red,6.78,62.48,61.13,51.35,Rainfed,2005.19,61891.66
Ahmednagar,2018,Wheat,Rabi,31.9,23.5,527.9,72.5,Loamy,6.37,118.03,66.79,22.93,Rainfed,2285.7,72922.37
Ahmednagar,2018,Wheat,Zaid,42.21,20.7,393.7,73.9,Loamy,6.79,66.32,60.47,63.23,Rainfed,2281.99,96314.66
Ahmednagar,2018,Wheat,Kharif,44.89,24.6,488.5,41.3,Sandy,6.9,97.76,62.4,49.08,Partially Irrigated,2653.68,119112.41
Ahmednagar,2018,Wheat,Rabi,21.14,26.6,756.5,40.8,Sandy,6.58,106.85,73.88,76.82,Irrigated,3733.1,78933.31
Ahmednagar,2018,Wheat,Kharif,19.49,23.1,359.3,82.5,Laterite,7.09,205.64,58.93,50.32,Partially Irrigated,3044.1,59336.72
Ahmednagar,2018,Wheat,Zaid,24.51,20.8,836.9,83.1,Clayey,6.15,58.9,35.45,54.92,Irrigated,2132.18,52259.67
Akola,2018,Cotton,Rabi,2.88,26.4,1088.5,73.8,Laterite,6.29,107.43,53.73,45.78,Rainfed,1521.5,4385.61
Akola,2018,Cotton,Zaid,39.53,27.0,1283.8,85.7,Loamy,6.58,89.2,66.96,43.85,Irrigated,2427.59,95959.06
Akola,2018,Cotton,Kharif,16.58,28.2,738.8,64.2,Loamy,5.48,65.22,36.86,42.18,Irrigated,2038.26,33785.69
Akola,2018,Cotton,Kharif,37.38,37.9,542.2,51.9,Sandy,6.86,87.11,46.17,19.22,Partially Irrigated,1543.78,57705.3
Akola,2018,Groundnut,Rabi,17.53,27.7,733.9,76.6,Laterite,6.24,37.84,51.44,77.35,Rainfed,2012.98,35283.23
Akola,2018,Groundnut,Kharif,21.42,29.9,574.1,57.2,Black,6.5,18.22,41.36,96.46,Rainfed,1486.7,31838.95
Akola,2018,Groundnut,Rabi,17.28,26.5,645.8,66.2,Laterite,6.4,37.23,43.92,81.7,Rainfed,2077.92,35912.8
Akola,2018,Jowar,Kharif,47.92,33.0,458.2,49.4,Clayey,6.57,57.46,43.8,31.71,Partially Irrigated,1938.37,92889.37
Akola,2018,Jowar,Rabi,34.65,32.9,505.6,89.8,Clayey,7.27,83.8,42.4,26.66,Rainfed,2062.2,71465.02
Akola,2018,Jowar,Rabi,1.1,26.7,739.8,45.1,Clayey,6.82,67.56,28.2,25.23,Partially Irrigated,1761.05,1934.97
Akola,2018,Jowar,Zaid,16.57,29.5,485.1,77.9,Laterite,6.37,46.07,31.88,23.12,Partially Irrigated,1427.91,23656.13
Akola,2018,Jowar,Rabi,34.23,31.8,564.0,46.8,Laterite,7.51,72.99,61.91,32.43,Rainfed,1851.25,63367.04
Akola,2018,Jowar,Kharif,18.15,25.8,506.5,40.5,Loamy,7.15,51.05,40.77,17.56,Irrigated,1848.78,33558.93
Akola,2018,Maize,Zaid,20.53,34.8,579.8,89.3,Laterite,7.25,91.84,42.1,42.31,Partially Irrigated,2446.7,50225.49
Akola,2018,Maize,Kharif,36.92,29.6,628.2,53.9,Laterite,6.76,86.32,36.82,24.02,Rainfed,2327.8,85943.44
Akola,2018,Rice,Rabi,8.82,26.7,1829.5,62.8,Sandy,6.69,116.87,60.86,32.25,Rainfed,3339.08,29457.41
Akola,2018,Rice,Zaid,29.33,30.0,659.3,83.8,Sandy,6.14,112.0,84.33,23.55,Irrigated,4941.17,144903.1
Akola,2018,Rice,Kharif,42.36,29.4,1607.7,56.1,Clayey,6.48,120.84,34.55,69.14,Rainfed,4156.81,176077.45
Akola,2018,Rice,Rabi,38.56,20.7,2052.1,69.2,Loamy,6.76,124.45,64.41,16.9,Irrigated,3636.69,140230.68
Akola,2018,Rice,Kharif,14.3,27.9,2158.1,82.8,Sandy,6.58,78.88,54.39,32.51,Irrigated,3402.92,48649.76
Akola,2018,Soybean,Kharif,25.94,32.0,472.8,85.1,Laterite,6.36,39.99,109.22,65.13,Partially Irrigated,2853.34,74010.47
Akola,2018,Soybean,Kharif,7.64,29.3,518.9,77.1,Loamy,6.54,35.21,52.11,64.09,Rainfed,2113.66,16158.48
Akola,2018,Soybean,Rabi,40.66,22.2,650.4,58.0,Red,6.38,18.2,58.17,48.35,Irrigated,2293.16,93248.37
Akola,2018,Soybean,Kharif,40.8,25.9,682.2,74.4,Clayey,6.22,22.75,62.0,73.01,Rainfed,1675.08,68336.45
Akola,2018,Soybean,Rabi,6.16,27.5,389.4,86.0,Loamy,6.5,9.41,34.5,58.3,Rainfed,1157.73,7129.75
Akola,2018,Sugarcane,Kharif,33.17,27.2,1701.1,85.9,Sandy,6.76,142.76,70.23,120.59,Rainfed,55075.37,1827121.3
Akola,2018,Sugarcane,Kharif,1.1,30.4,2370.2,86.3,Sandy,6.13,128.48,118.23,76.96,Irrigated,71380.94,78658.32
Akola,2018,Sugarcane,Rabi,17.42,33.8,2556.8,74.5,Clayey,6.81,213.84,56.03,59.44,Rainfed,42863.61,746679.18
Akola,2018,Sugarcane,Kharif,23.31,30.6,2540.3,57.6,Sandy,7.17,177.06,52.01,127.69,Rainfed,54436.57,1268756.26
Akola,2018,Sugarcane,Rabi,45.69,34.7,1115.8,74.4,Clayey,6.53,229.26,118.33,113.95,Irrigated,78590.84,3590438.77
Akola,2018,Sugarcane,Rabi,8.11,41.4,2751.1,63.4,Black,6.75,180.67,84.65,67.93,Partially Irrigated,43816.4,355144.57
Akola,2018,Sunflower,Kharif,9.61,23.3,421.1,85.7,Sandy,6.9,69.19,60.72,58.91,Partially Irrigated,1599.37,15375.37
Akola,2018,Sunflower,Rabi,29.48,22.2,620.1,77.8,Loamy,6.08,37.67,66.37,59.94,Partially Irrigated,1234.63,36397.47
Akola,2018,Sunflower,Zaid,17.59,22.5,345.9,51.5,Sandy,7.42,88.58,41.35,68.31,Rainfed,1299.93,22866.76
Akola,2018,Sunflower,Kharif,18.06,22.2,619.1,66.9,Sandy,7.12,72.64,45.21,44.91,Rainfed,855.04,15441.28
Akola,2018,Sunflower,Kharif,43.31,24.8,577.9,45.7,Sandy,6.79,72.95,50.9,59.57,Irrigated,1782.9,77211.0
Akola,2018,Sunflower,Rabi,38.22,34.8,510.1,57.2,Loamy,6.18,68.19,43.1,43.72,Partially Irrigated,922.35,35255.73
Akola,2018,Wheat,Zaid,22.77,24.6,893.6,62.9,Sandy,6.1,51.31,62.35,24.37,Rainfed,1273.95,29001.51
Akola,2018,Wheat,Zaid,3.73,17.5,659.6,69.1,Laterite,6.56,123.29,69.57,86.01,Partially Irrigated,4263.77,15888.49
Akola,2018,Wheat,Rabi,46.65,18.3,351.2,88.0,Red,7.3,73.6,47.38,45.05,Partially Irrigated,2156.63,100612.65
Akola,2018,Wheat,Zaid,26.76,19.8,506.6,58.2,Sandy,6.72,135.98,57.52,63.02,Irrigated,4488.04,120090.06
Akola,2018,Wheat,Zaid,44.19,16.0,354.9,89.4,Red,6.52,94.73,68.87,58.52,Partially Irrigated,2795.54,123526.09
Amravati,2018,Bajra,Kharif,3.88,25.1,624.7,47.3,Clayey,7.6,60.79,57.41,36.89,Rainfed,1316.34,5113.62
Amravati,2018,Bajra,Kharif,38.2,29.6,409.0,76.5,Clayey,7.67,53.43,40.97,35.42,Partially Irrigated,1623.8,62032.83
Amravati,2018,Bajra,Rabi,19.3,27.7,563.8,89.5,Clayey,7.56,70.3,32.15,26.03,Irrigated,1728.24,33358.03
Amravati,2018,Cotton,Rabi,7.36,28.4,850.5,82.0,Clayey,6.9,91.68,42.73,46.94,Partially Irrigated,1966.75,14472.03
Amravati,2018,Cotton,Kharif,38.24,27.5,918.3,67.9,Black,6.85,59.99,24.72,54.36,Irrigated,2310.96,88367.43
Amravati,2018,Cotton,Zaid,3.47,30.1,1172.8,85.4,Red,7.13,73.12,12.57,42.19,Rainfed,1111.56,3862.09
Amravati,2018,Cotton,Rabi,10.74,34.8,578.8,85.7,Sandy,7.17,32.48,28.23,39.06,Rainfed,992.78,10664.51
Amravati,2018,Groundnut,Rabi,6.17,24.1,535.4,64.5,Loamy,6.43,33.26,63.05,75.23,Partially Irrigated,2094.89,12917.64
Amravati,2018,Groundnut,Kharif,34.5,31.1,819.9,80.9,Laterite,6.98,30.25,54.74,128.53,Irrigated,2468.35,85168.52
Amravati,2018,Jowar,Kharif,22.62,28.1,639.0,77.2,Laterite,7.61,68.64,57.02,26.95,Irrigated,2589.38,58572.48
Amravati,2018,Jowar,Zaid,32.69,29.9,181.6,76.3,Loamy,6.84,59.71,44.98,34.54,Irrigated,1943.51,63537.87
Amravati,2018,Jowar,Zaid,9.52,23.3,664.7,71.8,Laterite,6.56,89.05,42.78,22.26,Irrigated,2533.93,24122.28
Amravati,2018,Jowar,Kharif,46.79,27.2,477.0,87.9,Laterite,7.79,34.91,22.67,32.4,Irrigated,1868.83,87443.02
Amravati,2018,Maize,Kharif,37.99,30.2,876.9,67.7,Black,6.78,95.31,55.14,68.65,Irrigated,3803.39,144486.07
Amravati,2018,Maize,Kharif,9.31,25.0,834.1,52.3,Laterite,6.84,109.72,28.42,68.71,Irrigated,4257.39,39635.06
Amravati,2018,Maize,Zaid,1.58,27.6,997.4,51.0,Red,6.09,131.61,46.57,23.41,Irrigated,3498.05,5535.43
Amravati,2018,Maize,Rabi,18.27,29.1,439.9,42.8,Sandy,6.43,140.91,27.3,46.08,Partially Irrigated,3187.44,58226.08
Amravati,2018,Maize,Rabi,35.53,26.5,888.6,53.5,Red,6.08,94.07,28.11,56.63,Rainfed,2759.6,98059.26
Amravati,2018,Maize,Kharif,43.57,29.2,427.3,53.8,Black,6.64,35.66,79.97,30.39,Rainfed,2315.57,100893.94
Amravati,2018,Rice,Kharif,31.52,26.4,1186.3,62.1,Loamy,7.07,62.81,49.83,36.87,Partially Irrigated,3273.29,103185.03
Amravati,2018,Soybean,Zaid,20.67,22.8,677.0,47.0,Loamy,5.95,18.4,35.44,30.06,Partially Irrigated,1216.5,25148.06
Amravati,2018,Soybean,Kharif,5.03,19.5,665.6,67.5,Clayey,5.96,32.95,80.1,52.26,Rainfed,1748.86,8794.5
Amravati,2018,Sugarcane,Zaid,41.81,26.9,2115.8,40.8,Black,6.5,168.72,70.17,81.2,Rainfed,48152.76,2013479.1
Amravati,2018,Sugarcane,Rabi,25.3,31.5,1753.6,85.2,Red,6.75,271.71,64.75,156.87,Partially Irrigated,79382.12,2008099.82
Amravati,2018,Sugarcane,Kharif,8.17,31.1,1790.8,41.2,Sandy,6.02,103.76,85.64,110.09,Partially Irrigated,54905.9,448455.13
Amravati,2018,Sunflower,Kharif,1.66,20.2,521.5,54.1,Red,6.24,63.15,40.62,66.34,Rainfed,1010.26,1681.62
Amravati,2018,Sunflower,Zaid,6.23,24.8,466.7,48.9,Sandy,6.96,94.68,43.85,91.01,Partially Irrigated,1712.83,10667.02
Amravati,2018,Sunflower,Kharif,24.83,29.2,580.0,53.8,Loamy,7.37,106.66,59.25,54.92,Rainfed,1255.26,31167.74
Amravati,2018,Sunflower,Rabi,24.63,26.0,537.4,66.2,Clayey,6.87,60.04,36.06,66.44,Rainfed,1115.01,27464.32
Amravati,2018,Wheat,Kharif,24.6,16.7,682.5,51.0,Sandy,6.81,153.25,35.96,77.71,Rainfed,3114.45,76626.5
Amravati,2018,Wheat,Rabi,14.67,19.4,614.5,40.2,Red,7.1,162.29,60.32,87.13,Partially Irrigated,4057.29,59511.66
Amravati,2018,Wheat,Kharif,24.44,22.6,538.6,64.0,Loamy,6.8,119.29,87.66,38.14,Partially Irrigated,3830.25,93629.41
Amravati,2018,Wheat,Rabi,19.76,18.3,425.6,74.2,Loamy,6.5,161.59,71.23,42.5,Irrigated,5021.64,99229.07
Amravati,2018,Wheat,Kharif,12.68,17.9,498.2,75.1,Red,7.35,194.89,20.01,57.8,Irrigated,4311.56,54689.08
Aurangabad,2018,Bajra,Rabi,27.13,30.1,486.9,76.1,Loamy,7.08,48.19,46.64,15.27,Irrigated,1619.85,43950.73
Aurangabad,2018,Bajra,Zaid,49.5,31.4,484.4,55.7,Sandy,7.34,22.93,56.67,37.18,Rainfed,1652.66,81809.7
Aurangabad,2018,Cotton,Kharif,38.0,31.5,1203.1,44.9,Laterite,7.15,86.12,43.55,36.68,Partially Irrigated,1779.2,67605.82
Aurangabad,2018,Cotton,Kharif,14.72,29.2,778.1,88.6,Loamy,6.7,111.59,39.64,22.63,Rainfed,1658.14,24400.99
Aurangabad,2018,Cotton,Rabi,24.28,20.8,554.4,58.9,Red,6.6,79.85,32.28,29.56,Irrigated,1361.63,33060.51
Aurangabad,2018,Cotton,Rabi,26.02,26.5,776.5,73.1,Red,6.74,106.7,45.87,57.72,Irrigated,2676.47,69648.36
Aurangabad,2018,Groundnut,Zaid,10.99,27.2,641.7,73.1,Clayey,7.02,42.27,38.93,130.26,Irrigated,2925.09,32140.18
Aurangabad,2018,Groundnut,Kharif,23.68,28.9,655.3,58.4,Black,6.6,22.1,58.25,63.67,Rainfed,1333.64,31575.03
Aurangabad,2018,Jowar,Rabi,36.33,25.5,302.8,71.3,Sandy,6.71,80.46,57.82,28.76,Irrigated,2398.99,87158.83
Aurangabad,2018,Maize,Rabi,43.37,25.6,1050.7,48.0,Loamy,6.16,64.77,26.95,32.14,Partially Irrigated,1822.5,79041.28
Aurangabad,2018,Maize,Zaid,3.34,26.9,691.0,57.3,Loamy,6.39,89.75,59.94,51.4,Partially Irrigated,4230.71,14143.28
Aurangabad,2018,Maize,Zaid,45.07,27.3,382.8,45.8,Laterite,7.3,20.17,47.45,20.23,Irrigated,2074.75,93499.25
Aurangabad,2018,Soybean,Kharif,35.77,28.1,704.7,81.0,Red,6.57,28.42,95.42,44.39,Rainfed,1690.73,60476.44
Aurangabad,2018,Soybean,Kharif,27.39,28.3,551.6,51.7,Sandy,6.63,23.08,64.88,38.34,Irrigated,2182.27,59768.62
Aurangabad,2018,Soybean,Zaid,45.96,24.6,388.4,66.3,Black,5.86,20.17,107.57,40.33,Irrigated,2139.53,98332.57
Aurangabad,2018,Sugarcane,Kharif,29.75,28.7,2130.1,52.1,Black,7.0,179.64,94.22,81.36,Rainfed,58368.79,1736181.58
Aurangabad,2018,Sugarcane,Zaid,15.39,30.8,1628.5,62.4,Loamy,6.8,130.82,86.65,49.16,Irrigated,61141.4,940757.62
Aurangabad,2018,Sunflower,Kharif,23.72,27.6,604.8,48.7,Sandy,6.96,44.19,40.34,24.52,Rainfed,666.29,15804.64
Aurangabad,2018,Sunflower,Rabi,5.23,26.2,530.0,62.4,Sandy,6.7,63.25,46.63,26.54,Rainfed,911.7,4769.1
Aurangabad,2018,Wheat,Zaid,38.15,23.0,293.9,82.2,Red,6.41,168.04,54.69,64.68,Irrigated,3739.0,142634.6
Dhule,2018,Bajra,Kharif,22.85,29.6,345.5,56.7,Red,7.45,43.27,40.96,28.56,Partially Irrigated,1765.45,40333.08
Dhule,2018,Bajra,Kharif,22.85,35.4,246.1,63.2,Laterite,7.06,102.33,26.3,35.91,Rainfed,1238.53,28302.76
Dhule,2018,Bajra,Zaid,14.37,21.7,487.2,88.2,Laterite,7.49,50.48,27.22,23.62,Irrigated,1578.89,22681.55
Dhule,2018,Bajra,Kharif,7.65,32.4,431.0,63.5,Red,8.07,64.24,33.39,34.11,Irrigated,1952.07,14940.51
Dhule,2018,Bajra,Zaid,6.63,32.9,463.1,46.9,Laterite,6.98,91.73,49.3,25.93,Rainfed,1743.59,11562.69
Dhule,2018,Cotton,Kharif,24.34,39.4,720.1,64.1,Loamy,7.83,107.48,40.21,58.71,Irrigated,2177.16,52991.74
Dhule,2018,Cotton,Rabi,12.52,21.1,638.1,59.1,Sandy,6.45,120.64,22.05,57.74,Partially Irrigated,1731.97,21681.65
Dhule,2018,Cotton,Zaid,28.01,29.7,731.5,77.6,Sandy,6.8,47.64,28.2,44.96,Rainfed,1434.33,40173.09
Dhule,2018,Groundnut,Zaid,34.34,26.3,620.3,87.1,Red,5.49,40.07,61.69,46.88,Partially Irrigated,2336.46,80222.53
Dhule,2018,Groundnut,Kharif,31.08,29.4,383.2,58.0,Laterite,6.71,33.9,17.54,63.1,Irrigated,1537.47,47791.7
Dhule,2018,Groundnut,Rabi,14.51,24.3,678.1,70.1,Sandy,5.66,37.06,63.63,79.6,Partially Irrigated,2111.71,30637.11
Dhule,2018,Jowar,Rabi,7.57,25.6,455.6,62.7,Laterite,6.28,64.66,48.05,19.75,Partially Irrigated,1892.06,14322.97
Dhule,2018,Jowar,Zaid,6.67,27.1,442.9,68.1,Loamy,6.76,66.14,33.62,44.7,Partially Irrigated,1964.21,13094.55
Dhule,2018,Jowar,Kharif,43.32,28.1,493.9,51.9,Sandy,6.72,61.94,54.35,28.54,Partially Irrigated,2203.17,95431.14
Dhule,2018,Jowar,Zaid,16.27,30.4,480.2,70.6,Black,7.36,76.02,33.77,31.15,Partially Irrigated,2663.52,43347.2
Dhule,2018,Maize,Zaid,30.45,29.4,540.2,82.0,Laterite,6.96,85.61,43.51,82.79,Partially Irrigated,4111.3,125190.19
Dhule,2018,Maize,Rabi,23.98,28.4,578.8,80.1,Clayey,5.87,135.02,7.7,62.51,Irrigated,3799.85,91104.32
Dhule,2018,Maize,Zaid,27.01,29.7,1044.3,63.5,Loamy,7.18,119.9,52.02,29.31,Partially Irrigated,2412.62,65153.47
Dhule,2018,Maize,Rabi,15.51,24.9,679.2,43.0,Black,5.72,79.63,48.44,55.92,Irrigated,4552.5,70631.37
Dhule,2018,Rice,Zaid,33.06,31.9,1277.2,82.6,Red,5.5,136.5,69.25,77.15,Rainfed,4276.45,141392.77
Dhule,2018,Rice,Zaid,4.88,26.6,2327.5,57.4,Sandy,6.74,108.13,31.99,52.3,Irrigated,3857.6,18823.39
Dhule,2018,Soybean,Kharif,8.57,25.2,551.8,71.8,Clayey,6.22,28.12,34.65,37.91,Partially Irrigated,1912.14,16384.23
Dhule,2018,Soybean,Zaid,4.24,24.4,534.5,50.4,Loamy,7.38,37.37,40.38,69.9,Rainfed,2135.46,9046.16
Dhule,2018,Soybean,Rabi,30.52,17.7,391.2,52.3,Sandy,6.49,11.26,86.49,39.49,Rainfed,1272.39,38828.91
Dhule,2018,Soybean,Kharif,30.9,19.1,592.1,70.8,Sandy,7.04,26.13,98.25,73.14,Partially Irrigated,2357.35,72836.63
Dhule,2018,Soybean,Kharif,13.58,25.4,712.4,44.6,Black,6.73,34.72,79.33,65.96,Irrigated,3394.87,46103.1
Dhule,2018,Sugarcane,Rabi,23.16,31.6,3091.3,76.6,Loamy,6.42,170.97,72.31,112.72,Rainfed,48499.29,1123417.89
Dhule,2018,Sugarcane,Zaid,49.02,36.4,2366.8,40.4,Laterite,6.47,201.31,98.9,103.89,Irrigated,85007.69,4167099.66
Dhule,2018,Sugarcane,Kharif,20.55,31.7,2141.3,56.8,Black,7.01,156.56,90.28,77.88,Partially Irrigated,62087.1,1275581.62
Dhule,2018,Sugarcane,Rabi,38.15,35.9,1966.2,54.2,Loamy,7.16,244.33,75.95,32.7,Rainfed,45046.69,1718582.77
Dhule,2018,Sugarcane,Rabi,28.15,33.9,2058.9,84.8,Clayey,6.53,199.28,70.49,99.46,Rainfed,54981.56,1547637.79
Dhule,2018,Sugarcane,Rabi,45.57,27.4,1897.6,86.8,Red,7.26,372.55,75.34,159.86,Irrigated,100312.8,4571216.01
Dhule,2018,Sugarcane,Rabi,33.26,33.6,1691.0,71.6,Red,6.27,55.04,85.96,51.36,Irrigated,42510.07,1413917.89
Dhule,2018,Sunflower,Rabi,47.47,20.7,619.1,87.0,Black,7.07,98.7,24.92,70.32,Irrigated,1758.54,83485.96
Dhule,2018,Sunflower,Rabi,41.05,35.1,358.3,49.3,Clayey,6.94,56.08,40.04,28.65,Irrigated,868.33,35646.23
Dhule,2018,Sunflower,Kharif,49.22,23.5,457.7,53.4,Loamy,6.87,94.71,61.8,48.78,Irrigated,2136.73,105160.29
Dhule,2018,Wheat,Rabi,8.96,22.4,438.6,47.8,Black,7.15,79.29,59.07,52.95,Partially Irrigated,2201.23,19715.81
Dhule,2018,Wheat,Kharif,28.76,22.9,589.7,60.0,Black,6.98,143.99,63.19,36.32,Partially Irrigated,3067.06,88219.87
Dhule,2018,Wheat,Kharif,27.56,22.4,615.0,80.3,Black,6.15,181.22,52.74,62.33,Irrigated,5109.16,140822.29
Dhule,2018,Wheat,Rabi,49.87,17.8,358.7,58.6,Black,6.76,160.66,83.53,46.74,Partially Irrigated,2981.01,148670.89
Dhule,2018,Wheat,Rabi,37.5,13.8,584.3,63.9,Sandy,7.15,186.64,11.02,57.98,Rainfed,2588.11,97065.15
Jalgaon,2018,Bajra,Zaid,24.83,35.7,396.7,40.6,Red,7.92,95.99,48.62,44.11,Irrigated,2845.82,70666.01
Jalgaon,2018,Bajra,Kharif,12.95,27.3,626.6,54.7,Loamy,7.92,70.39,20.6,8.22,Partially Irrigated,863.22,11180.35
Jalgaon,2018,Cotton,Zaid,19.25,25.9,840.9,57.6,Clayey,7.84,137.88,41.72,30.92,Partially Irrigated,1934.58,37238.55
Jalgaon,2018,Groundnut,Rabi,28.34,23.9,642.9,57.2,Black,6.12,16.35,42.22,95.36,Rainfed,1339.48,37962.37
Jalgaon,2018,Groundnut,Kharif,4.43,27.5,800.7,61.9,Black,7.28,42.58,55.66,58.62,Rainfed,1563.95,6936.08
Jalgaon,2018,Groundnut,Zaid,21.37,29.8,748.5,67.0,Loamy,6.12,30.5,20.79,88.65,Partially Irrigated,1600.61,34205.74
Jalgaon,2018,Groundnut,Rabi,47.03,25.2,673.1,71.2,Loamy,7.19,26.54,38.68,39.38,Irrigated,1465.39,68920.95
Jalgaon,2018,Groundnut,Kharif,14.81,22.7,430.0,71.0,Red,6.7,50.52,51.31,71.9,Partially Irrigated,2055.65,30447.42
Jalgaon,2018,Groundnut,Zaid,27.66,21.4,557.2,82.3,Clayey,6.97,25.29,9.74,77.07,Partially Irrigated,1168.73,32326.68
Jalgaon,2018,Groundnut,Zaid,31.54,19.8,412.3,85.7,Red,6.53,45.53,27.58,59.93,Partially Irrigated,1599.79,50456.35
Jalgaon,2018,Groundnut,Zaid,48.05,33.5,681.8,54.4,Black,6.15,31.1,37.02,45.38,Partially Irrigated,1345.92,64670.69
Jalgaon,2018,Jowar,Rabi,5.11,31.0,661.1,89.4,Clayey,6.75,56.76,41.92,45.56,Irrigated,2283.51,11678.27
Jalgaon,2018,Maize,Kharif,8.81,19.0,635.9,70.1,Sandy,5.47,130.24,55.8,63.2,Irrigated,5246.54,46201.42
Jalgaon,2018,Maize,Zaid,20.26,24.5,562.1,48.1,Loamy,6.24,106.94,72.72,53.89,Rainfed,4666.58,94552.29
Jalgaon,2018,Maize,Zaid,40.76,17.4,758.1,72.0,Clayey,6.12,49.48,22.71,42.52,Partially Irrigated,1747.31,71213.26
Jalgaon,2018,Maize,Kharif,28.44,22.6,538.4,68.2,Sandy,6.96,85.17,57.39,60.55,Partially Irrigated,3380.46,96151.9
Jalgaon,2018,Rice,Zaid,36.35,32.9,1323.4,72.5,Red,6.69,105.33,40.8,52.64,Rainfed,3299.81,119931.79
Jalgaon,2018,Rice,Zaid,31.01,26.9,1043.3,40.4,Loamy,6.82,157.0,53.91,20.21,Rainfed,3458.54,107240.82
Jalgaon,2018,Rice,Rabi,42.45,29.1,1848.9,51.0,Loamy,5.4,105.53,76.48,60.21,Irrigated,5171.13,219536.85
Jalgaon,2018,Rice,Zaid,28.67,17.3,1501.5,85.2,Black,7.24,151.66,28.51,31.59,Partially Irrigated,4251.84,121887.57
Jalgaon,2018,Rice,Zaid,18.96,24.5,1117.3,72.2,Clayey,5.9,134.29,40.85,20.0,Irrigated,4030.43,76403.87
Jalgaon,2018,Soybean,Rabi,47.71,27.2,853.3,40.2,Loamy,6.21,23.24,49.03,29.12,Rainfed,1096.75,52327.3
Jalgaon,2018,Soybean,Rabi,45.65,22.0,692.6,56.2,Sandy,5.88,38.9,114.63,56.45,Rainfed,2330.05,106369.95
Jalgaon,2018,Soybean,Zaid,19.99,21.6,608.3,48.2,Laterite,6.71,16.81,59.04,67.7,Rainfed,1814.29,36265.32
Jalgaon,2018,Soybean,Rabi,26.6,23.5,863.9,62.6,Black,6.81,36.61,65.92,42.74,Irrigated,2027.15,53918.8
Jalgaon,2018,Sugarcane,Rabi,15.28,33.7,2506.3,72.7,Clayey,7.68,234.17,101.41,102.82,Irrigated,78143.85,1194348.79
Jalgaon,2018,Sugarcane,Zaid,43.04,26.0,1644.0,73.5,Red,6.63,239.69,58.49,77.66,Rainfed,44251.72,1904799.86
Jalgaon,2018,Sugarcane,Kharif,4.07,27.3,2701.3,73.8,Red,6.48,223.64,94.82,63.82,Irrigated,76394.43,310939.93
Jalgaon,2018,Sugarcane,Kharif,24.55,24.3,1385.7,89.7,Red,6.14,151.14,106.17,47.36,Partially Irrigated,51181.64,1256330.13
Jalgaon,2018,Sugarcane,Zaid,12.28,28.2,1896.7,84.2,Black,6.94,157.3,110.73,100.66,Partially Irrigated,80271.97,985367.65
Jalgaon,2018,Sunflower,Rabi,26.4,20.6,716.7,66.5,Red,7.68,81.56,36.98,47.07,Irrigated,1289.54,34041.5
Jalgaon,2018,Sunflower,Kharif,4.16,14.2,435.6,75.6,Black,6.2,92.19,40.09,38.31,Irrigated,1098.42,4570.67
Jalgaon,2018,Sunflower,Zaid,47.47,23.2,444.1,71.8,Laterite,6.55,78.43,62.26,41.33,Partially Irrigated,1251.92,59424.75
Jalgaon,2018,Sunflower,Kharif,14.28,21.9,317.0,69.6,Loamy,6.39,94.91,41.64,56.01,Partially Irrigated,1435.95,20503.91
Jalgaon,2018,Wheat,Kharif,17.94,17.6,650.9,43.2,Laterite,6.08,152.16,83.23,88.82,Rainfed,3419.18,61325.5
Jalgaon,2018,Wheat,Rabi,4.42,16.2,621.3,57.2,Sandy,6.7,118.43,67.43,54.32,Rainfed,2431.65,10755.77
Jalgaon,2018,Wheat,Rabi,23.99,29.1,575.9,73.0,Loamy,6.38,108.78,67.41,34.79,Irrigated,3425.89,82197.45
Jalgaon,2018,Wheat,Zaid,46.14,22.0,477.9,63.8,Loamy,6.76,178.67,86.78,36.09,Irrigated,5689.31,262502.29
Jalgaon,2018,Wheat,Kharif,23.53,27.7,754.8,81.2,Sandy,6.12,156.29,59.48,36.32,Irrigated,2554.24,60090.36
Jalgaon,2018,Wheat,Zaid,38.2,22.6,677.7,40.2,Sandy,6.3,88.3,70.04,73.83,Partially Irrigated,3098.57,118366.27
Jalgaon,2018,Wheat,Kharif,10.9,13.7,465.4,58.4,Laterite,6.22,149.24,52.16,32.68,Rainfed,1885.34,20548.34
Kolhapur,2018,Bajra,Rabi,34.87,24.9,281.7,45.5,Laterite,7.27,62.76,22.4,31.39,Rainfed,1066.22,37178.47
Kolhapur,2018,Bajra,Zaid,2.67,24.1,440.4,42.9,Sandy,6.83,75.29,32.23,29.91,Partially Irrigated,1831.62,4894.75
Kolhapur,2018,Cotton,Kharif,12.55,29.5,634.3,68.1,Sandy,7.97,82.24,33.64,26.56,Partially Irrigated,1467.12,18412.43
Kolhapur,2018,Groundnut,Rabi,30.51,31.9,515.8,43.5,Red,7.03,34.98,49.5,113.28,Partially Irrigated,2605.4,79492.12
Kolhapur,2018,Groundnut,Zaid,11.74,28.0,896.5,40.6,Black,6.03,30.36,61.8,110.11,Rainfed,1448.13,17002.14
Kolhapur,2018,Groundnut,Kharif,31.83,31.1,423.8,74.8,Black,6.02,22.22,74.84,44.61,Rainfed,1188.88,37841.34
Kolhapur,2018,Groundnut,Rabi,5.67,30.5,651.9,71.4,Red,6.54,26.18,45.69,83.7,Irrigated,2270.44,12870.79
Kolhapur,2018,Jowar,Zaid,22.41,32.1,597.3,47.9,Loamy,6.5,65.43,49.19,41.04,Partially Irrigated,2570.7,57598.3
Kolhapur,2018,Jowar,Zaid,27.09,28.0,559.4,83.9,Clayey,6.64,81.42,43.81,23.84,Irrigated,2427.83,65758.49
Kolhapur,2018,Jowar,Zaid,18.65,25.2,408.1,49.0,Clayey,6.74,57.61,43.72,45.97,Partially Irrigated,2371.92,44231.31
Kolhapur,2018,Jowar,Kharif,23.08,28.9,801.2,67.3,Clayey,6.84,71.19,35.64,26.99,Rainfed,1626.88,37547.75
Kolhapur,2018,Maize,Zaid,38.33,26.0,256.8,64.6,Clayey,7.03,106.7,49.18,54.28,Rainfed,2837.19,108744.23
Kolhapur,2018,Maize,Zaid,46.77,32.6,705.4,84.8,Laterite,6.29,83.69,19.69,52.13,Partially Irrigated,2427.12,113515.89
Kolhapur,2018,Maize,Zaid,17.33,26.6,535.7,52.8,Clayey,7.02,150.4,56.51,44.91,Irrigated,5600.5,97035.98
Kolhapur,2018,Maize,Rabi,25.02,17.9,274.1,41.9,Laterite,6.04,90.22,48.23,24.27,Partially Irrigated,2296.75,57467.84
Kolhapur,2018,Rice,Rabi,8.43,23.1,1193.6,77.2,Sandy,6.29,85.67,57.18,55.0,Irrigated,4410.15,37186.66
Kolhapur,2018,Rice,Rabi,24.3,28.2,1924.5,42.3,Red,5.19,75.49,68.73,47.82,Rainfed,3336.98,81098.45
Kolhapur,2018,Rice,Kharif,22.17,30.0,1193.8,41.4,Laterite,5.78,59.24,79.16,43.23,Partially Irrigated,3698.13,81994.23
Kolhapur,2018,Rice,Rabi,29.45,29.9,1345.5,41.5,Clayey,6.94,113.46,35.63,49.47,Partially Irrigated,4657.86,137186.99
Kolhapur,2018,Rice,Rabi,43.8,27.2,1358.3,57.1,Loamy,5.63,139.05,40.85,32.56,Rainfed,3228.53,141406.88
Kolhapur,2018,Soybean,Kharif,11.92,22.4,624.7,57.0,Laterite,6.8,34.48,46.2,41.03,Rainfed,1972.59,23522.13
Kolhapur,2018,Soybean,Kharif,40.87,24.4,728.7,75.9,Laterite,5.39,28.91,64.28,56.85,Rainfed,1939.71,79280.24
Kolhapur,2018,Sugarcane,Rabi,22.11,32.6,2935.9,82.5,Laterite,6.91,271.66,40.07,116.05,Rainfed,54390.78,1202568.83
Kolhapur,2018,Sugarcane,Rabi,46.36,30.0,1573.8,71.3,Loamy,7.03,133.08,68.84,97.56,Rainfed,41798.92,1937789.69
Kolhapur,2018,Sugarcane,Rabi,7.52,36.9,1020.6,86.6,Clayey,7.17,153.22,44.62,95.45,Irrigated,54201.24,407716.26
Kolhapur,2018,Sugarcane,Kharif,45.1,27.9,1908.0,81.7,Laterite,6.83,249.32,84.96,127.73,Irrigated,102161.21,4607312.58
Kolhapur,2018,Sugarcane,Zaid,39.2,32.9,2651.2,74.7,Laterite,5.98,272.32,86.74,104.27,Partially Irrigated,71142.68,2788684.07
Kolhapur,2018,Sunflower,Zaid,45.69,28.0,625.5,45.7,Laterite,6.02,27.3,55.47,65.65,Irrigated,1148.01,52449.32
Kolhapur,2018,Sunflower,Kharif,46.42,23.0,340.6,40.6,Clayey,7.25,69.92,57.46,56.38,Irrigated,1709.65,79362.77
Kolhapur,2018,Sunflower,Zaid,34.29,20.5,582.7,65.4,Red,6.84,77.0,65.33,41.13,Partially Irrigated,1252.64,42948.06
Kolhapur,2018,Sunflower,Rabi,42.15,26.6,551.3,63.5,Black,6.42,40.31,54.64,79.17,Irrigated,1713.63,72235.21
Kolhapur,2018,Wheat,Kharif,42.63,23.2,568.1,46.7,Sandy,6.34,118.51,93.48,42.04,Partially Irrigated,3056.64,130316.27
Kolhapur,2018,Wheat,Kharif,39.17,23.4,549.1,82.8,Laterite,6.33,142.48,80.24,49.86,Irrigated,4503.6,176402.25
Kolhapur,2018,Wheat,Kharif,43.0,21.1,512.7,70.8,Red,6.51,122.03,55.84,34.91,Irrigated,3845.61,165350.46
Nagpur,2018,Bajra,Zaid,47.9,35.1,343.2,77.7,Sandy,6.7,60.21,28.95,23.0,Partially Irrigated,1368.29,65536.08
Nagpur,2018,Bajra,Kharif,13.81,26.9,485.7,85.5,Loamy,7.52,59.52,19.32,38.18,Rainfed,1309.79,18092.32
Nagpur,2018,Cotton,Kharif,23.26,38.0,1196.8,50.1,Laterite,6.71,86.26,39.14,27.71,Rainfed,1122.69,26112.82
Nagpur,2018,Cotton,Zaid,3.19,28.6,806.2,78.9,Black,6.83,31.32,36.0,26.62,Irrigated,1535.29,4903.49
Nagpur,2018,Cotton,Kharif,12.82,32.4,671.6,42.2,Red,7.02,55.04,36.52,34.81,Rainfed,1401.43,17960.27
Nagpur,2018,Cotton,Kharif,24.91,29.6,987.5,43.5,Loamy,6.84,47.43,33.14,23.29,Irrigated,1345.55,33514.84
Nagpur,2018,Cotton,Kharif,19.77,23.5,873.1,48.4,Laterite,6.74,92.45,47.05,39.11,Partially Irrigated,1947.78,38513.12
Nagpur,2018,Groundnut,Zaid,5.79,27.2,700.2,69.9,Sandy,6.97,22.73,58.76,57.04,Partially Irrigated,1685.37,9752.72
Nagpur,2018,Groundnut,Zaid,30.97,32.2,284.9,43.1,Red,7.0,26.8,46.35,100.38,Irrigated,2070.85,64127.61
Nagpur,2018,Jowar,Zaid,33.73,33.1,529.7,71.1,Laterite,6.37,70.84,18.5,21.26,Rainfed,1147.93,38717.03
Nagpur,2018,Jowar,Rabi,28.8,28.4,333.6,83.7,Red,6.79,72.14,29.2,33.8,Irrigated,2471.86,71181.2
Nagpur,2018,Jowar,Rabi,7.3,23.7,495.4,68.5,Laterite,6.87,29.45,51.35,32.87,Irrigated,1854.59,13547.59
Nagpur,2018,Jowar,Zaid,19.42,19.5,493.3,72.9,Red,6.91,69.61,55.7,22.87,Partially Irrigated,2056.14,39939.2
Nagpur,2018,Jowar,Kharif,44.84,24.6,662.8,51.6,Black,6.73,43.07,15.32,18.17,Partially Irrigated,1346.34,60367.27
Nagpur,2018,Jowar,Kharif,1.39,25.7,495.5,64.1,Laterite,6.91,50.66,34.7,25.15,Rainfed,1361.54,1896.12
Nagpur,2018,Maize,Rabi,9.22,26.3,677.3,61.5,Laterite,6.52,68.74,31.5,27.66,Rainfed,2124.48,19593.86
Nagpur,2018,Maize,Rabi,36.46,25.2,585.4,84.2,Red,6.48,92.45,46.86,59.13,Rainfed,3223.67,117546.67
Nagpur,2018,Maize,Rabi,10.74,21.8,531.5,42.6,Red,6.25,64.39,25.15,37.67,Partially Irrigated,2186.82,23494.26
Nagpur,2018,Maize,Kharif,13.55,25.9,534.9,77.0,Red,6.79,97.27,38.57,71.61,Rainfed,2831.2,38363.92
Nagpur,2018,Rice,Kharif,33.23,28.7,1980.2,40.2,Black,6.11,67.87,55.2,55.62,Partially Irrigated,4495.91,149392.32
Nagpur,2018,Rice,Rabi,31.47,28.7,1987.2,79.5,Red,6.32,108.14,41.07,61.54,Partially Irrigated,4449.95,140059.64
Nagpur,2018,Rice,Kharif,33.85,25.9,1588.5,62.6,Loamy,6.4,108.99,50.24,54.53,Rainfed,3261.73,110397.79
Nagpur,2018,Soybean,Rabi,35.22,27.2,598.4,79.8,Loamy,5.78,32.6,109.02,42.92,Rainfed,2466.96,86876.62
Nagpur,2018,Soybean,Kharif,21.25,31.9,710.6,67.2,Sandy,6.98,35.36,31.96,68.58,Irrigated,2150.8,45699.65
Nagpur,2018,Soybean,Zaid,20.88,20.9,797.3,47.5,Black,6.38,28.22,64.39,32.44,Irrigated,1810.52,37801.72
Nagpur,2018,Soybean,Zaid,32.07,22.3,704.1,45.9,Clayey,7.11,31.4,65.72,55.75,Rainfed,1806.32,57936.88
Nagpur,2018,Sugarcane,Kharif,36.24,30.4,2841.5,56.5,Loamy,6.5,252.83,19.1,105.79,Irrigated,67944.75,2462371.03
Nagpur,2018,Sugarcane,Rabi,48.35,31.3,2003.5,55.1,Loamy,5.94,144.81,76.44,73.4,Partially Irrigated,50004.84,2417610.83
Nagpur,2018,Sunflower,Rabi,34.87,28.8,567.4,66.5,Red,6.75,112.62,47.77,39.81,Irrigated,1711.2,59669.32
Nagpur,2018,Sunflower,Kharif,11.65,24.7,289.6,88.3,Loamy,6.49,99.46,41.52,17.35,Irrigated,1431.72,16686.55
Nagpur,2018,Sunflower,Zaid,40.26,26.8,356.2,88.5,Loamy,6.07,82.4,64.41,42.01,Rainfed,1058.09,42597.5
Nagpur,2018,Sunflower,Kharif,26.64,20.8,613.6,48.5,Black,6.65,86.69,45.43,37.12,Irrigated,1424.34,37943.76
Nagpur,2018,Sunflower,Zaid,48.39,24.9,445.3,53.5,Clayey,7.15,94.92,41.66,63.23,Irrigated,1737.84,84091.5
Nagpur,2018,Wheat,Rabi,33.97,17.7,307.0,44.1,Clayey,6.71,89.46,29.23,53.28,Partially Irrigated,2124.49,72160.07
Nagpur,2018,Wheat,Kharif,39.71,24.5,525.7,41.2,Clayey,6.76,123.91,77.57,80.79,Rainfed,3403.67,135172.72
Nagpur,2018,Wheat,Rabi,40.23,19.8,492.6,89.6,Sandy,6.61,182.8,55.23,38.66,Rainfed,2759.55,111026.42
Nagpur,2018,Wheat,Zaid,27.53,14.9,525.4,45.3,Clayey,6.53,93.85,35.45,46.76,Irrigated,2908.83,80085.73
Nagpur,2018,Wheat,Zaid,6.5,17.0,678.7,61.7,Clayey,6.54,140.07,57.59,58.48,Partially Irrigated,3001.44,19498.77
Nashik,2018,Bajra,Kharif,25.96,26.2,377.4,61.1,Black,7.21,51.26,62.49,38.72,Irrigated,2118.4,54996.02
Nashik,2018,Cotton,Rabi,36.02,26.0,559.3,58.6,Red,6.58,74.66,32.02,55.53,Irrigated,2219.59,79957.85
Nashik,2018,Groundnut,Zaid,19.2,29.0,696.5,62.1,Sandy,6.75,44.96,68.89,51.37,Rainfed,2230.52,42815.63
Nashik,2018,Groundnut,Kharif,25.68,27.9,732.7,89.7,Laterite,7.43,37.86,60.74,81.66,Partially Irrigated,2142.59,55030.32
Nashik,2018,Groundnut,Rabi,42.89,23.8,864.7,78.4,Clayey,6.47,38.54,35.87,38.31,Partially Irrigated,1535.96,65875.66
Nashik,2018,Groundnut,Zaid,21.26,29.2,468.8,87.9,Laterite,7.24,38.51,68.61,27.32,Partially Irrigated,1780.4,37849.4
Nashik,2018,Groundnut,Rabi,3.5,28.1,602.4,87.1,Clayey,7.08,38.02,41.03,77.72,Rainfed,1514.19,5303.33
Nashik,2018,Groundnut,Zaid,4.52,25.0,625.7,85.4,Laterite,6.93,46.69,55.56,12.21,Rainfed,1556.31,7036.85
Nashik,2018,Jowar,Zaid,16.68,27.5,521.8,77.5,Laterite,7.38,22.94,44.76,26.71,Rainfed,1357.41,22635.21
Nashik,2018,Jowar,Rabi,10.07,28.0,531.2,75.3,Laterite,7.09,58.95,54.34,50.83,Irrigated,3137.82,31597.86
Nashik,2018,Jowar,Rabi,25.08,24.2,490.1,65.2,Black,6.57,74.92,26.56,25.88,Irrigated,2504.45,62803.95
Nashik,2018,Maize,Kharif,20.61,21.6,578.0,81.0,Loamy,7.57,54.72,83.58,70.71,Partially Irrigated,4528.32,93351.1
Nashik,2018,Maize,Rabi,38.92,28.2,569.8,64.6,Laterite,6.06,106.02,54.88,48.75,Irrigated,4936.61,192127.06
Nashik,2018,Rice,Rabi,10.81,27.2,1264.5,80.3,Laterite,7.14,142.95,41.31,33.33,Irrigated,5418.46,58576.75
Nashik,2018,Soybean,Rabi,47.36,21.2,480.3,84.9,Loamy,6.72,22.4,82.53,23.62,Partially Irrigated,1754.3,83083.33
Nashik,2018,Soybean,Rabi,34.53,16.5,580.3,56.6,Laterite,6.8,41.84,100.07,22.93,Irrigated,2735.9,94468.2
Nashik,2018,Sugarcane,Rabi,48.03,33.8,1973.6,56.1,Clayey,6.71,135.98,79.12,69.54,Irrigated,75166.08,3610339.75
Nashik,2018,Sugarcane,Kharif,45.01,33.4,2750.3,47.8,Loamy,7.51,193.05,54.08,66.22,Rainfed,30894.35,1390668.06
Nashik,2018,Sugarcane,Zaid,33.71,37.5,1750.4,43.5,Clayey,6.94,229.3,99.11,77.3,Irrigated,69101.11,2329588.59
Nashik,2018,Sugarcane,Zaid,17.2,22.5,1968.9,48.3,Sandy,6.38,168.15,87.71,106.1,Partially Irrigated,57756.63,993499.54
Nashik,2018,Sunflower,Kharif,34.01,29.5,368.5,59.4,Sandy,6.61,89.24,55.04,39.28,Partially Irrigated,1205.63,41005.85
Nashik,2018,Sunflower,Rabi,21.4,27.5,504.3,65.0,Laterite,7.17,60.82,65.59,41.99,Partially Irrigated,1147.41,24559.13
Nashik,2018,Sunflower,Kharif,14.39,28.6,388.6,78.8,Loamy,7.36,74.34,43.38,33.66,Rainfed,848.74,12213.36
Nashik,2018,Wheat,Rabi,19.57,19.5,459.5,73.4,Laterite,5.96,150.03,78.15,71.77,Irrigated,4383.13,85788.79
Nashik,2018,Wheat,Kharif,30.39,29.9,702.1,76.1,Clayey,7.1,172.32,48.45,76.42,Partially Irrigated,3276.34,99568.59
Nashik,2018,Wheat,Rabi,29.57,21.7,502.4,67.4,Clayey,7.55,81.33,54.65,64.36,Rainfed,2104.42,62237.08
Nashik,2018,Wheat,Rabi,45.29,18.7,809.4,75.9,Clayey,6.04,112.69,28.19,16.63,Partially Irrigated,1397.64,63294.76
Nashik,2018,Wheat,Kharif,30.55,17.1,535.0,85.1,Laterite,6.86,129.32,23.64,44.13,Rainfed,2095.38,64015.61
Pune,2018,Bajra,Kharif,2.61,24.5,605.8,54.8,Sandy,7.2,78.61,32.16,40.92,Partially Irrigated,1991.68,5193.66
Pune,2018,Bajra,Kharif,38.03,33.9,384.2,53.3,Clayey,7.54,50.97,40.39,32.49,Rainfed,1201.76,45707.65
Pune,2018,Bajra,Rabi,14.76,28.7,446.1,89.4,Clayey,6.07,58.25,55.03,31.09,Partially Irrigated,1667.25,24602.61
Pune,2018,Bajra,Zaid,28.52,34.6,459.6,83.1,Red,7.21,51.4,42.63,37.82,Partially Irrigated,1811.37,51652.16
Pune,2018,Cotton,Rabi,6.49,27.4,964.2,42.7,Black,7.82,70.97,32.81,29.17,Irrigated,1980.59,12858.37
Pune,2018,Cotton,Rabi,36.02,30.6,646.5,40.9,Sandy,6.01,98.41,47.35,65.35,Partially Irrigated,2110.69,76025.84
Pune,2018,Groundnut,Zaid,42.67,31.7,694.5,75.0,Sandy,6.58,27.71,41.78,55.99,Irrigated,1934.16,82538.31
Pune,2018,Groundnut,Zaid,38.9,24.8,530.5,54.5,Laterite,5.97,37.69,33.21,70.11,Irrigated,2071.21,80579.29
Pune,2018,Jowar,Rabi,27.86,26.3,391.2,73.2,Clayey,7.09,76.88,40.15,55.82,Partially Irrigated,2178.05,60678.46
Pune,2018,Jowar,Rabi,45.26,28.1,341.4,71.0,Sandy,7.52,65.0,33.06,25.44,Irrigated,1940.31,87812.97
Pune,2018,Jowar,Kharif,42.03,26.7,548.8,58.2,Clayey,6.68,26.22,25.73,20.08,Partially Irrigated,1232.39,51799.86
Pune,2018,Jowar,Kharif,35.84,28.3,653.7,77.4,Sandy,6.68,63.25,45.73,56.02,Partially Irrigated,2138.17,76624.14
Pune,2018,Jowar,Zaid,25.44,24.3,750.8,66.5,Sandy,6.87,33.71,29.66,30.46,Rainfed,1130.86,28765.58
Pune,2018,Jowar,Kharif,37.03,27.0,584.9,50.3,Clayey,6.9,45.93,39.94,23.17,Irrigated,2249.48,83294.1
Pune,2018,Maize,Zaid,30.03,30.9,874.3,76.7,Loamy,6.7,79.43,54.86,45.63,Partially Irrigated,3043.68,91387.08
Pune,2018,Maize,Rabi,46.43,26.0,692.8,43.4,Black,6.82,119.65,55.61,37.23,Irrigated,4608.53,213970.88
Pune,2018,Maize,Zaid,42.29,17.8,855.4,44.3,Clayey,7.32,94.1,30.99,39.96,Partially Irrigated,2609.77,110363.46
Pune,2018,Maize,Kharif,29.06,30.1,686.4,49.2,Laterite,6.91,123.62,50.72,76.97,Partially Irrigated,4211.18,122388.73
Pune,2018,Maize,Kharif,31.87,19.2,547.2,64.6,Laterite,7.31,97.47,49.0,87.91,Rainfed,3338.61,106416.91
Pune,2018,Rice,Zaid,7.46,26.2,1715.6,51.2,Loamy,6.39,109.61,40.82,5.96,Partially Irrigated,2705.37,20178.09
Pune,2018,Rice,Rabi,8.15,20.2,2148.6,70.4,Red,5.48,85.89,58.89,44.0,Irrigated,3216.68,26221.96
Pune,2018,Soybean,Rabi,1.97,23.0,845.6,66.2,Sandy,7.33,33.97,79.63,65.58,Rainfed,1928.39,3799.19
Pune,2018,Soybean,Rabi,46.13,34.3,608.2,60.8,Sandy,6.17,40.37,65.7,77.75,Rainfed,2270.12,104723.82
Pune,2018,Sugarcane,Zaid,48.62,30.2,1335.7,52.0,Loamy,6.47,257.98,45.26,83.74,Irrigated,75046.89,3648817.71
Pune,2018,Sugarcane,Zaid,22.86,34.7,2388.3,61.7,Laterite,7.45,147.8,48.94,96.57,Irrigated,51272.7,1172122.75
Pune,2018,Sugarcane,Rabi,19.46,29.4,1352.0,57.0,Red,7.35,166.55,59.92,137.53,Irrigated,75028.93,1460427.69
Pune,2018,Sunflower,Zaid,31.27,19.3,453.3,58.1,Laterite,6.55,74.25,43.52,50.83,Partially Irrigated,1354.04,42344.52
Pune,2018,Wheat,Zaid,5.35,15.7,538.2,44.0,Clayey,6.45,96.34,75.54,30.06,Irrigated,2753.13,14733.56
Pune,2018,Wheat,Kharif,21.0,18.8,672.9,52.0,Sandy,7.09,147.22,76.96,51.78,Irrigated,4854.32,101956.6
Pune,2018,Wheat,Rabi,22.5,18.4,838.6,64.9,Sandy,6.66,122.11,52.5,23.92,Irrigated,2389.84,53781.96
Pune,2018,Wheat,Zaid,13.24,21.3,715.7,69.3,Black,6.32,79.04,77.61,53.87,Irrigated,3058.81,40488.86
Pune,2018,Wheat,Rabi,14.0,23.5,495.2,79.4,Clayey,6.84,139.11,31.73,57.62,Irrigated,3657.63,51210.62
Sangli,2018,Bajra,Kharif,23.49,27.9,320.0,49.1,Red,6.84,71.5,22.31,37.03,Partially Irrigated,1764.1,41435.33
Sangli,2018,Bajra,Zaid,37.99,32.4,708.8,88.3,Red,6.77,50.43,44.2,41.19,Irrigated,1669.44,63424.49
Sangli,2018,Bajra,Rabi,40.81,25.6,399.2,57.2,Laterite,8.25,70.16,20.33,33.02,Rainfed,1387.33,56616.0
Sangli,2018,Cotton,Zaid,29.09,34.7,766.0,55.1,Red,6.46,70.13,47.33,26.41,Partially Irrigated,1604.54,46680.93
Sangli,2018,Cotton,Kharif,12.08,31.6,535.6,77.0,Sandy,5.98,113.25,59.77,58.65,Partially Irrigated,1922.92,23221.41
Sangli,2018,Cotton,Zaid,3.46,27.0,795.6,83.2,Sandy,7.43,78.82,37.23,33.1,Rainfed,1535.88,5307.98
Sangli,2018,Groundnut,Zaid,30.21,25.4,374.1,81.8,Red,7.0,19.49,52.24,64.0,Rainfed,1275.11,38522.0
Sangli,2018,Groundnut,Kharif,22.14,27.8,561.8,50.9,Red,6.44,40.84,53.0,95.51,Rainfed,2465.68,54581.99
Sangli,2018,Groundnut,Zaid,48.16,29.5,485.7,45.3,Black,6.98,21.32,47.86,99.31,Partially Irrigated,1859.68,89553.04
Sangli,2018,Groundnut,Rabi,1.99,24.4,959.8,78.9,Loamy,6.63,24.7,65.53,77.07,Irrigated,1872.97,3720.79
Sangli,2018,Jowar,Rabi,8.71,35.9,418.5,89.6,Laterite,6.53,56.08,39.15,39.92,Rainfed,1823.84,15885.25
Sangli,2018,Jowar,Rabi,14.36,30.8,748.0,44.8,Sandy,6.64,58.25,53.74,1.73,Rainfed,1155.66,16592.1
Sangli,2018,Maize,Zaid,16.17,27.3,807.7,48.1,Clayey,5.84,154.94,67.69,42.96,Irrigated,5900.17,95387.25
Sangli,2018,Maize,Rabi,2.42,25.1,672.4,65.0,Loamy,6.88,32.65,27.24,30.52,Irrigated,2522.95,6097.15
Sangli,2018,Maize,Rabi,47.09,22.7,752.2,66.6,Laterite,6.13,74.71,43.05,51.68,Irrigated,4176.89,196673.15
Sangli,2018,Maize,Zaid,9.74,29.9,1014.3,83.8,Loamy,7.05,114.47,50.67,48.16,Irrigated,3479.73,33885.95
Sangli,2018,Rice,Zaid,23.16,24.5,1452.5,66.5,Clayey,5.59,125.97,58.99,65.91,Partially Irrigated,5858.76,135694.02
Sangli,2018,Rice,Zaid,11.12,21.6,1308.3,55.4,Laterite,5.47,73.09,49.01,76.81,Irrigated,3944.29,43846.93
Sangli,2018,Rice,Zaid,36.02,27.0,2138.4,50.1,Clayey,6.69,80.81,22.56,50.11,Rainfed,2487.09,89589.69
Sangli,2018,Soybean,Zaid,9.6,24.7,349.7,62.9,Loamy,7.03,25.41,65.79,36.14,Partially Irrigated,1673.8,16063.42
Sangli,2018,Soybean,Rabi,11.73,30.8,502.9,63.8,Black,6.93,25.31,66.35,64.92,Partially Irrigated,2003.38,23497.01
Sangli,2018,Soybean,Zaid,26.41,21.2,565.6,73.7,Clayey,6.08,35.66,80.04,54.91,Partially Irrigated,2332.59,61599.66
Sangli,2018,Soybean,Rabi,46.78,22.4,561.6,79.2,Black,6.19,35.27,62.55,55.03,Partially Irrigated,2212.52,103503.24
Sangli,2018,Sugarcane,Rabi,32.4,32.2,1358.8,72.5,Red,6.64,289.44,83.57,89.89,Partially Irrigated,77897.49,2523916.74
Sangli,2018,Sugarcane,Zaid,42.63,38.0,1597.5,70.0,Laterite,6.38,80.0,74.19,52.34,Partially Irrigated,32453.68,1383614.26
Sangli,2018,Sunflower,Rabi,48.13,29.5,581.0,89.1,Black,6.2,69.95,43.39,62.77,Irrigated,1518.57,73095.17
Sangli,2018,Sunflower,Rabi,10.21,22.5,511.2,80.1,Black,7.65,66.96,57.03,33.93,Partially Irrigated,1228.93,12543.7
Sangli,2018,Sunflower,Rabi,19.29,29.6,458.9,41.3,Clayey,7.99,57.5,71.2,61.42,Partially Irrigated,1223.85,23602.66
Sangli,2018,Sunflower,Rabi,12.31,20.7,643.5,66.8,Clayey,6.57,60.3,52.51,40.16,Irrigated,1371.95,16895.48
Sangli,2018,Sunflower,Kharif,28.26,30.0,587.6,87.0,Red,6.62,106.75,33.06,41.96,Irrigated,1275.09,36034.46
Sangli,2018,Sunflower,Rabi,33.67,27.1,358.0,84.8,Black,6.67,114.12,38.05,60.05,Partially Irrigated,1257.42,42333.69
Sangli,2018,Wheat,Rabi,44.41,19.4,701.7,64.9,Loamy,6.92,129.93,77.3,46.79,Partially Irrigated,3570.54,158585.23
Satara,2018,Bajra,Zaid,12.41,31.9,350.7,69.7,Clayey,6.85,79.38,13.96,19.25,Partially Irrigated,1479.35,18360.27
Satara,2018,Bajra,Kharif,3.66,27.6,489.1,40.7,Black,8.2,104.78,27.18,12.87,Irrigated,1972.58,7219.44
Satara,2018,Bajra,Rabi,37.35,31.7,596.5,72.6,Red,7.08,58.0,46.28,16.24,Partially Irrigated,1628.89,60834.22
Satara,2018,Bajra,Zaid,30.11,26.7,554.8,83.5,Black,7.16,55.53,44.05,35.78,Partially Irrigated,1417.39,42671.75
Satara,2018,Bajra,Kharif,49.86,25.5,593.3,83.7,Black,6.59,80.6,40.7,30.92,Irrigated,1927.15,96086.36
Satara,2018,Bajra,Zaid,13.4,23.8,459.8,48.9,Red,7.23,70.88,50.34,33.14,Partially Irrigated,1966.26,26354.89
Satara,2018,Cotton,Kharif,5.17,21.4,975.3,70.4,Clayey,6.31,65.72,36.61,32.57,Irrigated,1355.39,7004.33
Satara,2018,Cotton,Rabi,36.42,35.3,967.8,63.9,Red,7.59,80.42,48.05,43.67,Irrigated,2378.7,86637.43
Satara,2018,Cotton,Kharif,10.14,32.2,501.1,66.7,Sandy,7.24,97.38,34.35,46.5,Partially Irrigated,1848.22,18738.83
Satara,2018,Cotton,Rabi,46.87,32.7,1343.7,68.2,Loamy,7.18,124.37,44.21,63.11,Rainfed,1302.31,61043.54
Satara,2018,Cotton,Rabi,37.66,27.9,775.2,77.0,Laterite,6.79,62.65,26.92,24.01,Partially Irrigated,1298.72,48915.65
Satara,2018,Cotton,Rabi,14.87,29.9,832.7,84.8,Red,7.12,80.84,44.22,40.55,Rainfed,1701.61,25309.15
Satara,2018,Groundnut,Rabi,48.3,25.0,795.2,63.6,Laterite,6.06,17.18,59.77,71.98,Irrigated,2033.42,98218.55
Satara,2018,Groundnut,Zaid,27.59,27.3,512.0,73.6,Black,6.5,31.71,68.21,64.89,Partially Irrigated,2029.31,55983.97
Satara,2018,Maize,Zaid,19.95,30.6,624.3,68.9,Loamy,5.7,88.79,55.36,37.38,Irrigated,3721.55,74238.21
Satara,2018,Maize,Kharif,30.9,23.3,482.4,55.5,Loamy,6.52,108.2,88.56,61.71,Rainfed,4680.63,144642.39
Satara,2018,Maize,Kharif,19.35,28.4,430.1,45.5,Black,5.95,121.26,64.46,48.21,Partially Irrigated,3973.86,76903.37
Satara,2018,Rice,Kharif,9.63,25.2,1808.6,86.1,Clayey,6.72,120.87,52.4,37.98,Irrigated,5738.31,55265.13
Satara,2018,Rice,Zaid,20.08,22.2,1838.2,69.6,Loamy,6.89,78.98,44.98,45.17,Rainfed,2877.25,57784.29
Satara,2018,Rice,Rabi,19.16,32.0,1548.5,40.9,Loamy,6.8,77.82,54.98,43.19,Rainfed,3018.69,57833.29
Satara,2018,Rice,Zaid,14.74,27.5,1125.5,82.0,Red,5.88,96.67,57.8,45.27,Irrigated,4881.47,71969.05
Satara,2018,Soybean,Zaid,12.35,26.9,504.6,46.8,Red,6.86,29.54,70.34,52.15,Irrigated,2451.83,30274.08
Satara,2018,Soybean,Zaid,27.8,27.0,545.0,80.9,Black,5.65,24.66,94.53,60.73,Rainfed,1910.53,53120.12
Satara,2018,Soybean,Rabi,39.16,32.6,472.3,81.0,Loamy,6.86,35.36,44.19,50.75,Partially Irrigated,1854.53,72619.34
Satara,2018,Soybean,Kharif,28.63,29.6,565.0,49.2,Black,6.72,25.2,61.06,72.32,Partially Irrigated,2441.24,69892.92
Satara,2018,Soybean,Kharif,41.4,26.4,743.7,58.0,Black,6.56,25.95,83.64,59.55,Irrigated,2711.25,112245.7
Satara,2018,Sugarcane,Zaid,1.42,26.6,998.3,64.0,Loamy,6.69,131.42,58.97,90.98,Irrigated,52336.28,74496.96
Satara,2018,Sunflower,Zaid,24.07,28.0,744.6,74.4,Red,6.35,87.94,45.43,53.63,Rainfed,1037.72,24980.63
Satara,2018,Sunflower,Kharif,5.69,21.5,360.7,81.8,Loamy,6.72,64.66,27.24,35.06,Partially Irrigated,807.44,4594.92
Satara,2018,Sunflower,Kharif,36.25,24.4,456.9,42.2,Clayey,6.77,82.54,41.2,56.19,Partially Irrigated,1466.65,53169.6
Satara,2018,Sunflower,Kharif,23.51,26.1,576.8,76.4,Black,7.95,135.0,37.96,97.98,Irrigated,2009.41,47240.46
Satara,2018,Wheat,Rabi,29.52,14.6,499.2,61.2,Red,6.48,132.8,73.2,69.5,Partially Irrigated,3020.1,89148.6
Satara,2018,Wheat,Kharif,36.33,26.2,480.5,60.5,Sandy,6.45,153.92,64.54,47.93,Partially Irrigated,3195.34,116090.79
Satara,2018,Wheat,Zaid,2.78,28.5,528.9,81.8,Black,7.25,129.02,27.79,39.18,Irrigated,2862.77,7954.03
Solapur,2018,Bajra,Rabi,19.53,29.4,254.2,81.7,Laterite,6.84,82.58,58.6,19.39,Partially Irrigated,1556.93,30414.03
Solapur,2018,Cotton,Zaid,9.53,31.1,658.4,78.2,Sandy,7.5,61.84,22.94,58.02,Partially Irrigated,1490.84,14209.7
Solapur,2018,Cotton,Kharif,5.95,25.0,890.0,52.6,Sandy,6.79,92.99,27.07,32.31,Irrigated,1891.85,11257.23
Solapur,2018,Groundnut,Rabi,33.5,27.7,647.5,84.1,Black,6.04,14.64,53.18,77.05,Irrigated,2231.04,74745.46
Solapur,2018,Groundnut,Rabi,35.41,26.7,543.2,81.1,Sandy,7.36,18.31,52.46,64.98,Rainfed,1235.62,43753.97
Solapur,2018,Groundnut,Kharif,17.55,31.6,611.8,57.2,Loamy,7.37,8.58,68.55,64.21,Partially Irrigated,1586.78,27841.12
Solapur,2018,Groundnut,Zaid,44.2,28.3,688.3,78.5,Red,5.22,16.42,24.13,76.34,Partially Irrigated,1432.02,63289.92
Solapur,2018,Groundnut,Rabi,3.18,26.0,466.7,74.5,Sandy,6.24,26.0,36.58,49.37,Rainfed,1221.67,3885.14
Solapur,2018,Jowar,Kharif,17.31,33.4,604.9,76.9,Black,6.55,47.75,24.58,34.59,Irrigated,2119.79,36684.18
Solapur,2018,Jowar,Zaid,11.01,24.1,627.3,50.1,Black,6.63,83.77,23.71,32.83,Rainfed,1929.86,21245.68
Solapur,2018,Maize,Kharif,21.31,23.2,744.5,40.3,Clayey,5.93,117.29,86.95,48.37,Partially Irrigated,4221.68,89970.42
Solapur,2018,Maize,Rabi,47.5,28.6,100.0,71.1,Loamy,5.88,50.36,43.67,33.08,Rainfed,1610.6,76499.99
Solapur,2018,Maize,Rabi,3.32,20.1,625.2,81.5,Red,6.09,46.87,33.63,70.37,Rainfed,2495.0,8287.53
Solapur,2018,Maize,Zaid,12.89,26.6,524.2,61.2,Clayey,6.74,117.55,48.44,32.71,Rainfed,2469.12,31822.4
Solapur,2018,Maize,Rabi,43.9,22.0,705.5,78.3,Clayey,7.97,161.46,38.87,40.97,Rainfed,3459.78,151897.21
Solapur,2018,Rice,Rabi,20.72,28.5,1445.9,86.5,Loamy,5.35,57.5,62.14,43.43,Partially Irrigated,3669.65,76029.15
Solapur,2018,Rice,Rabi,23.99,28.4,1495.9,47.5,Sandy,5.32,126.63,63.12,46.24,Partially Irrigated,5043.99,121028.72
Solapur,2018,Rice,Kharif,15.13,26.3,1084.1,62.9,Clayey,5.96,100.7,59.46,41.37,Irrigated,5612.84,84920.19
Solapur,2018,Soybean,Kharif,24.21,26.4,766.8,78.7,Sandy,6.99,25.57,77.41,24.11,Partially Irrigated,1537.05,37218.47
Solapur,2018,Soybean,Rabi,29.38,27.8,256.2,47.6,Black,6.1,19.75,60.63,11.97,Irrigated,1371.4,40285.23
Solapur,2018,Soybean,Zaid,32.61,26.9,535.8,43.2,Clayey,6.29,41.06,76.12,54.96,Irrigated,3084.29,100579.01
Solapur,2018,Soybean,Kharif,26.09,23.3,602.2,77.5,Laterite,6.72,25.77,104.0,56.52,Irrigated,2899.87,75671.35
Solapur,2018,Sugarcane,Kharif,7.11,24.9,1684.7,50.9,Loamy,6.96,33.55,74.54,67.37,Rainfed,26415.44,187711.79
Solapur,2018,Sugarcane,Kharif,40.86,30.0,2215.2,47.0,Red,6.46,212.25,79.17,104.09,Irrigated,70066.14,2862559.47
Solapur,2018,Sunflower,Rabi,20.18,31.7,406.1,40.2,Sandy,5.99,110.3,41.72,88.37,Rainfed,1336.61,26979.17
Solapur,2018,Sunflower,Zaid,16.97,22.2,597.7,73.5,Loamy,6.8,31.09,63.25,75.9,Irrigated,1582.6,26850.32
Solapur,2018,Sunflower,Kharif,46.1,28.1,517.5,42.3,Loamy,7.08,69.9,48.94,42.33,Partially Irrigated,1084.56,49994.05
Solapur,2018,Sunflower,Kharif,32.19,19.6,364.4,70.6,Red,6.55,66.08,61.22,31.57,Rainfed,774.32,24921.6
Solapur,2018,Sunflower,Kharif,36.15,24.0,555.1,84.4,Red,6.61,47.34,60.99,69.53,Irrigated,1667.37,60277.31
Solapur,2018,Sunflower,Kharif,9.82,33.0,448.3,88.2,Black,7.23,100.57,58.27,55.91,Partially Irrigated,1592.75,15639.76
Solapur,2018,Wheat,Rabi,1.05,16.5,452.1,73.1,Sandy,7.36,190.06,80.97,31.32,Partially Irrigated,3522.8,3714.76
Solapur,2018,Wheat,Rabi,31.96,21.2,661.6,80.6,Red,7.65,131.7,63.99,54.83,Rainfed,3056.95,97693.87
Solapur,2018,Wheat,Zaid,13.67,18.7,407.3,72.7,Loamy,7.73,140.19,38.99,41.45,Partially Irrigated,2592.03,35421.6
Solapur,2018,Wheat,Kharif,40.96,22.4,566.1,77.6,Laterite,7.49,114.95,23.55,44.24,Irrigated,2446.76,100212.82
Wardha,2018,Bajra,Rabi,36.97,30.7,424.7,66.6,Clayey,7.74,36.69,25.75,35.21,Partially Irrigated,1157.03,42777.74
Wardha,2018,Bajra,Rabi,37.54,30.8,411.0,73.8,Loamy,7.09,51.16,38.24,42.02,Irrigated,2410.74,90510.69
Wardha,2018,Bajra,Kharif,45.37,31.9,192.7,54.1,Loamy,7.24,53.88,37.52,27.82,Irrigated,1472.81,66825.82
Wardha,2018,Bajra,Kharif,12.97,34.3,550.4,53.7,Clayey,7.21,55.56,28.97,37.24,Irrigated,1525.7,19784.3
Wardha,2018,Bajra,Rabi,13.06,28.2,366.2,45.0,Clayey,7.6,52.68,36.45,12.74,Partially Irrigated,1205.33,15738.47
Wardha,2018,Bajra,Zaid,15.84,34.6,354.1,76.5,Red,7.53,72.17,30.38,37.5,Rainfed,1341.59,21248.96
Wardha,2018,Bajra,Kharif,21.51,28.2,367.9,64.6,Sandy,7.49,71.84,41.11,22.48,Rainfed,1686.89,36289.38
Wardha,2018,Cotton,Kharif,9.09,26.0,778.0,70.2,Sandy,6.26,49.67,43.92,56.33,Rainfed,1740.58,15825.82
Wardha,2018,Cotton,Rabi,30.61,35.8,296.4,67.2,Red,7.27,64.73,19.81,44.87,Partially Irrigated,1223.42,37451.28
Wardha,2018,Cotton,Kharif,13.05,30.7,1049.0,82.8,Loamy,7.45,80.76,48.05,23.07,Irrigated,1910.27,24930.05
Wardha,2018,Cotton,Kharif,33.83,29.0,1081.5,67.3,Sandy,6.5,63.18,23.49,41.36,Irrigated,1681.42,56889.79
Wardha,2018,Cotton,Rabi,21.03,30.0,992.5,70.7,Black,7.01,87.98,34.95,56.61,Irrigated,2417.45,50844.46
Wardha,2018,Groundnut,Rabi,2.39,29.6,641.4,79.8,Black,6.05,26.54,15.18,54.09,Irrigated,1728.57,4123.61
Wardha,2018,Groundnut,Rabi,18.64,34.2,547.4,75.0,Loamy,5.69,20.2,31.78,69.52,Rainfed,1116.65,20812.44
Wardha,2018,Jowar,Zaid,42.81,24.1,469.7,50.0,Red,6.54,46.36,51.0,30.07,Rainfed,1482.2,63449.08
Wardha,2018,Jowar,Rabi,44.0,33.3,328.5,61.2,Clayey,6.36,74.26,47.68,28.43,Rainfed,1531.11,67375.46
Wardha,2018,Maize,Zaid,37.87,15.6,436.4,84.9,Loamy,6.0,74.91,42.77,57.61,Irrigated,2928.82,110924.31
Wardha,2018,Maize,Kharif,31.27,23.2,950.0,57.2,Red,6.75,113.82,67.42,46.06,Irrigated,4395.7,137441.84
Wardha,2018,Maize,Rabi,4.68,24.6,414.8,55.9,Sandy,7.09,38.94,63.84,31.58,Irrigated,2826.54,13240.96
Wardha,2018,Maize,Kharif,22.21,24.6,746.5,44.6,Black,6.3,71.35,79.65,39.8,Irrigated,4002.73,88905.31
Wardha,2018,Rice,Rabi,8.2,22.9,1561.4,70.6,Sandy,5.82,91.79,34.22,42.87,Rainfed,2697.46,22107.21
Wardha,2018,Soybean,Rabi,48.86,24.2,439.5,42.1,Sandy,6.67,31.71,84.9,43.47,Partially Irrigated,2173.95,106226.1
Wardha,2018,Soybean,Rabi,48.0,19.9,703.3,49.1,Loamy,6.13,23.66,56.81,45.64,Partially Irrigated,1874.62,89987.31
Wardha,2018,Soybean,Rabi,30.63,24.2,706.7,77.5,Sandy,6.81,25.46,60.1,18.98,Rainfed,1487.59,45558.15
Wardha,2018,Sugarcane,Rabi,38.18,22.9,2273.3,60.0,Loamy,7.05,216.79,84.86,68.57,Rainfed,43353.16,1655219.7
Wardha,2018,Sugarcane,Zaid,1.64,31.9,2551.4,51.5,Black,7.41,178.5,35.33,110.81,Partially Irrigated,49243.61,80893.32
Wardha,2018,Sugarcane,Rabi,7.7,27.7,916.5,61.2,Sandy,5.91,77.49,87.05,145.75,Partially Irrigated,45446.29,349836.72
Wardha,2018,Sugarcane,Zaid,46.07,29.1,2412.2,83.0,Sandy,6.49,204.71,68.52,166.36,Rainfed,57806.57,2663168.22
Wardha,2018,Sunflower,Zaid,44.71,28.5,449.5,87.3,Laterite,7.36,95.97,58.27,48.27,Rainfed,1303.5,58282.5
Wardha,2018,Sunflower,Zaid,4.85,21.1,469.1,43.6,Loamy,7.26,62.75,58.29,70.59,Irrigated,1889.75,9169.75
Wardha,2018,Sunflower,Zaid,27.6,27.0,449.0,84.2,Black,7.26,52.6,56.46,59.13,Irrigated,1530.14,42237.36
Wardha,2018,Wheat,Rabi,36.81,20.2,274.1,46.8,Loamy,6.55,132.07,65.2,73.78,Partially Irrigated,3375.95,124255.33
Wardha,2018,Wheat,Kharif,14.59,20.2,375.3,79.2,Black,6.3,156.64,76.15,36.26,Partially Irrigated,3334.26,48644.55
Wardha,2018,Wheat,Kharif,46.71,25.8,638.7,49.6,Red,6.19,157.09,64.97,46.09,Irrigated,3625.27,169328.75
Wardha,2018,Wheat,Rabi,22.45,19.5,455.5,82.3,Loamy,6.67,121.7,27.17,59.89,Rainfed,2899.93,65097.1
Yavatmal,2018,Bajra,Kharif,16.72,35.5,439.9,77.9,Red,6.9,51.64,27.42,37.81,Irrigated,2205.53,36883.55
Yavatmal,2018,Bajra,Kharif,41.14,27.1,490.8,67.0,Black,7.45,90.49,49.7,34.98,Partially Irrigated,2259.12,92931.34
Yavatmal,2018,Bajra,Zaid,38.87,22.7,459.8,54.2,Black,7.95,67.64,27.1,12.2,Partially Irrigated,1132.88,44039.6
Yavatmal,2018,Bajra,Rabi,31.2,29.0,438.1,71.6,Red,7.63,55.75,48.61,21.07,Rainfed,1693.75,52849.25
Yavatmal,2018,Bajra,Rabi,46.94,30.5,433.6,66.7,Sandy,6.71,67.85,37.09,27.75,Rainfed,1702.15,79900.11
Yavatmal,2018,Bajra,Kharif,28.83,34.8,460.2,65.6,Black,7.77,52.1,34.49,18.13,Partially Irrigated,1078.32,31083.12
Yavatmal,2018,Cotton,Zaid,48.03,35.9,262.8,52.0,Laterite,7.11,115.1,72.58,21.36,Rainfed,1424.0,68389.6
Yavatmal,2018,Cotton,Kharif,41.59,22.6,736.7,78.7,Laterite,6.88,106.47,34.62,42.05,Irrigated,2264.07,94157.91
Yavatmal,2018,Cotton,Zaid,35.21,29.2,1041.9,74.4,Loamy,5.9,74.66,55.64,47.33,Rainfed,1675.87,59012.58
Yavatmal,2018,Groundnut,Zaid,29.88,33.8,826.6,52.1,Loamy,6.25,32.37,54.41,65.08,Partially Irrigated,1695.06,50653.99
Yavatmal,2018,Groundnut,Rabi,49.87,38.3,841.5,57.9,Black,6.36,47.4,32.13,51.79,Partially Irrigated,1622.71,80929.03
Yavatmal,2018,Groundnut,Rabi,30.99,24.5,585.6,62.7,Red,5.71,44.95,67.73,61.53,Irrigated,2555.93,79198.0
Yavatmal,2018,Groundnut,Rabi,6.57,23.2,686.6,74.1,Sandy,7.16,27.97,44.58,74.5,Partially Irrigated,2045.44,13442.24
Yavatmal,2018,Groundnut,Zaid,42.76,24.5,524.6,75.8,Red,6.24,29.56,82.96,68.97,Irrigated,2517.43,107654.7
Yavatmal,2018,Jowar,Kharif,6.35,27.7,641.7,82.3,Sandy,6.93,78.06,68.0,31.73,Partially Irrigated,2812.8,17872.41
Yavatmal,2018,Jowar,Rabi,25.57,27.7,441.2,86.8,Laterite,6.33,72.28,35.29,26.2,Partially Irrigated,1732.28,44301.74
Yavatmal,2018,Jowar,Zaid,33.12,30.9,401.3,69.6,Red,7.89,74.06,21.82,50.52,Rainfed,1924.57,63748.7
Yavatmal,2018,Jowar,Rabi,14.52,29.1,513.9,74.0,Sandy,7.75,52.98,23.05,21.85,Rainfed,1345.43,19532.45
Yavatmal,2018,Jowar,Rabi,25.06,26.6,617.0,76.9,Clayey,6.25,48.94,42.69,30.03,Irrigated,2373.81,59491.55
Yavatmal,2018,Jowar,Zaid,3.83,33.0,494.5,45.9,Sandy,6.95,60.81,40.48,31.0,Rainfed,1607.67,6156.97
Yavatmal,2018,Rice,Zaid,8.96,24.3,1239.9,76.6,Sandy,7.17,92.15,63.96,47.0,Irrigated,5359.7,48037.65
Yavatmal,2018,Rice,Zaid,17.97,28.0,1486.6,58.0,Laterite,6.37,90.17,70.3,27.52,Irrigated,5663.05,101780.48
Yavatmal,2018,Soybean,Kharif,23.1,24.8,888.7,86.9,Red,6.57,40.02,94.56,54.03,Rainfed,2356.86,54443.98
Yavatmal,2018,Sugarcane,Kharif,23.56,25.4,2108.2,63.5,Black,7.55,164.74,45.36,119.15,Partially Irrigated,64862.55,1527903.66
Yavatmal,2018,Sugarcane,Kharif,48.2,34.1,1767.2,55.9,Black,5.73,238.45,34.61,77.4,Rainfed,44271.26,2133701.38
Yavatmal,2018,Sugarcane,Kharif,28.67,33.1,985.5,47.7,Loamy,6.93,149.6,51.0,120.98,Rainfed,34926.36,1001241.51
Yavatmal,2018,Sunflower,Rabi,5.41,25.0,509.8,75.0,Loamy,7.32,26.58,38.19,42.95,Irrigated,1172.55,6347.76
Yavatmal,2018,Sunflower,Zaid,17.1,23.9,439.3,46.6,Sandy,6.23,58.66,56.52,51.97,Irrigated,1629.79,27866.59
Yavatmal,2018,Sunflower,Kharif,41.55,27.1,460.1,69.8,Laterite,6.15,85.79,51.37,38.77,Rainfed,1104.8,45901.88
Yavatmal,2018,Sunflower,Zaid,31.58,27.1,335.8,40.3,Laterite,7.03,60.98,30.13,43.98,Irrigated,1110.99,35080.83
Yavatmal,2018,Wheat,Rabi,41.33,22.8,382.7,60.3,Clayey,6.3,133.22,74.25,41.44,Irrigated,4045.2,167176.62
Yavatmal,2018,Wheat,Zaid,23.98,18.2,542.1,78.7,Laterite,6.8,170.01,50.39,39.61,Irrigated,3649.47,87503.27
Yavatmal,2018,Wheat,Zaid,2.29,20.7,474.7,85.8,Clayey,6.84,55.98,60.5,43.11,Rainfed,2005.03,4595.39
Ahmednagar,2019,Bajra,Kharif,4.38,28.2,383.0,86.8,Clayey,6.12,66.05,36.73,38.73,Partially Irrigated,1642.56,7195.24
Ahmednagar,2019,Bajra,Rabi,14.35,27.7,412.2,45.7,Loamy,7.86,47.26,29.8,32.08,Rainfed,1316.94,18903.45
Ahmednagar,2019,Bajra,Rabi,7.08,37.4,630.2,58.5,Red,7.92,38.76,22.82,24.12,Partially Irrigated,921.43,6520.17
Ahmednagar,2019,Bajra,Zaid,41.92,25.4,477.5,50.3,Clayey,8.0,56.92,42.13,34.29,Irrigated,1959.48,82140.83
Ahmednagar,2019,Bajra,Kharif,47.81,32.5,401.9,78.7,Loamy,6.73,88.11,39.51,21.06,Irrigated,1870.22,89424.41
Ahmednagar,2019,Bajra,Kharif,43.82,30.8,378.1,43.1,Loamy,7.12,76.88,31.21,34.86,Partially Irrigated,2005.66,87897.23
Ahmednagar,2019,Bajra,Rabi,19.82,28.0,464.1,60.8,Black,7.97,65.45,49.49,30.5,Irrigated,2189.67,43402.05
Ahmednagar,2019,Cotton,Rabi,44.72,32.2,1265.2,56.3,Clayey,7.33,47.58,50.34,38.66,Rainfed,1119.7,50074.71
Ahmednagar,2019,Cotton,Kharif,30.24,25.2,757.5,50.1,Laterite,7.08,73.5,37.7,31.62,Partially Irrigated,1710.87,51739.42
Ahmednagar,2019,Cotton,Zaid,12.08,33.8,1032.6,61.1,Black,7.62,82.86,24.27,64.17,Irrigated,2669.67,32247.76
Ahmednagar,2019,Groundnut,Kharif,25.82,32.4,531.7,88.7,Clayey,5.82,49.23,59.81,45.18,Rainfed,1800.84,46494.59
Ahmednagar,2019,Groundnut,Rabi,13.66,29.2,713.7,47.7,Laterite,6.22,30.41,31.19,105.38,Partially Irrigated,2161.05,29515.3
Ahmednagar,2019,Groundnut,Kharif,18.93,25.4,307.6,82.5,Clayey,6.53,21.3,41.28,57.11,Irrigated,1321.0,25005.58
Ahmednagar,2019,Jowar,Kharif,25.32,34.7,616.6,76.0,Black,6.26,65.59,41.76,32.97,Rainfed,1674.89,42402.81
Ahmednagar,2019,Jowar,Kharif,30.25,29.9,544.8,87.3,Sandy,7.54,63.42,44.0,40.9,Partially Irrigated,2547.31,77049.44
Ahmednagar,2019,Jowar,Rabi,10.33,31.7,496.1,48.6,Loamy,6.87,80.24,29.56,15.94,Rainfed,1753.84,18111.77
Ahmednagar,2019,Jowar,Rabi,35.26,27.5,399.7,79.8,Clayey,6.7,65.75,37.78,42.71,Irrigated,2326.86,82048.15
Ahmednagar,2019,Jowar,Zaid,28.68,35.7,643.3,53.5,Black,7.07,41.67,35.03,34.26,Partially Irrigated,1821.66,52237.0
Ahmednagar,2019,Maize,Kharif,42.18,22.0,651.8,47.1,Loamy,6.41,97.63,44.38,47.57,Partially Irrigated,3566.04,150429.71
Ahmednagar,2019,Maize,Kharif,2.34,17.0,681.4,42.2,Clayey,5.78,80.9,50.97,29.74,Rainfed,2257.19,5290.92
Ahmednagar,2019,Maize,Rabi,31.25,27.0,636.9,50.1,Black,6.52,77.52,39.68,50.67,Irrigated,3351.38,104735.1
Ahmednagar,2019,Maize,Kharif,9.9,27.2,398.9,60.2,Clayey,6.32,114.34,33.4,50.7,Rainfed,2684.86,26567.24
Ahmednagar,2019,Maize,Zaid,48.88,29.2,649.7,61.0,Loamy,5.95,114.36,31.23,63.52,Partially Irrigated,4361.93,213230.07
Ahmednagar,2019,Rice,Zaid,14.36,29.6,1088.8,76.2,Black,6.36,52.55,56.85,52.54,Irrigated,4786.83,68757.05
Ahmednagar,2019,Rice,Rabi,7.15,27.1,1977.2,59.9,Loamy,6.35,111.67,34.71,58.86,Irrigated,4285.01,30626.32
Ahmednagar,2019,Soybean,Rabi,39.77,27.4,589.7,47.4,Clayey,6.81,54.69,54.98,53.78,Partially Irrigated,2562.37,101901.07
Ahmednagar,2019,Soybean,Kharif,39.72,29.9,555.0,62.2,Black,6.13,31.05,78.83,41.67,Rainfed,1720.34,68333.61
Ahmednagar,2019,Sugarcane,Zaid,42.7,31.4,1942.3,55.1,Clayey,6.66,256.18,127.56,125.65,Partially Irrigated,85713.38,3660374.63
Ahmednagar,2019,Sugarcane,Zaid,37.9,29.5,1347.7,73.9,Black,6.84,157.51,104.92,137.44,Rainfed,67913.86,2574257.64
Ahmednagar,2019,Sugarcane,Rabi,17.46,29.9,2009.4,70.3,Black,7.14,179.76,76.99,75.96,Partially Irrigated,73065.8,1275845.9
Ahmednagar,2019,Sunflower,Zaid,12.83,22.4,504.4,59.0,Clayey,7.42,59.72,53.46,58.97,Rainfed,1104.9,14175.79
Ahmednagar,2019,Wheat,Zaid,28.46,20.3,442.7,67.6,Loamy,6.94,148.62,68.49,45.44,Rainfed,3307.31,94126.65
Ahmednagar,2019,Wheat,Zaid,30.54,21.1,573.6,46.0,Red,6.87,183.41,37.96,48.75,Irrigated,4117.26,125727.96
Ahmednagar,2019,Wheat,Rabi,16.92,23.3,284.7,47.7,Red,6.33,116.19,72.0,49.92,Partially Irrigated,2499.71,42288.05
Ahmednagar,2019,Wheat,Kharif,47.36,21.8,482.8,82.0,Red,6.97,122.19,63.19,24.57,Irrigated,3708.23,175608.97
Akola,2019,Bajra,Rabi,44.65,25.5,367.5,53.2,Loamy,6.93,49.34,35.72,26.14,Partially Irrigated,1207.39,53909.92
Akola,2019,Bajra,Rabi,49.59,27.0,399.4,56.5,Loamy,7.92,47.3,44.72,35.26,Rainfed,1412.26,70040.42
Akola,2019,Bajra,Kharif,1.72,21.8,434.3,41.5,Loamy,7.29,87.72,52.67,24.82,Partially Irrigated,1849.53,3177.16
Akola,2019,Bajra,Zaid,32.02,26.9,100.0,69.4,Clayey,7.69,76.62,52.67,24.24,Irrigated,1586.94,50816.31
Akola,2019,Bajra,Rabi,4.19,34.5,279.1,71.9,Red,7.07,78.73,55.64,28.63,Partially Irrigated,1698.13,7113.6
Akola,2019,Bajra,Zaid,8.06,25.2,645.0,41.6,Black,7.56,47.06,42.06,30.42,Irrigated,1706.57,13762.66
Akola,2019,Bajra,Kharif,3.71,37.2,510.9,67.0,Sandy,6.99,75.61,42.18,24.69,Rainfed,1581.38,5866.56
Akola,2019,Cotton,Rabi,18.67,32.5,861.5,56.8,Laterite,6.2,112.54,32.59,27.36,Rainfed,1606.35,29991.37
Akola,2019,Cotton,Rabi,26.61,24.0,733.0,85.3,Clayey,6.17,106.62,34.75,46.78,Partially Irrigated,1770.09,47107.37
Akola,2019,Cotton,Zaid,37.53,33.2,594.9,77.7,Loamy,7.68,84.61,41.87,31.55,Rainfed,1355.71,50885.8
Akola,2019,Groundnut,Rabi,43.37,24.3,660.4,79.0,Laterite,6.51,32.21,33.55,86.02,Rainfed,1535.59,66605.78
Akola,2019,Groundnut,Rabi,49.46,27.4,614.6,64.7,Sandy,7.05,12.05,65.49,88.29,Partially Irrigated,2092.36,103494.74
Akola,2019,Groundnut,Rabi,8.59,27.3,622.3,65.6,Laterite,6.55,16.62,46.79,46.98,Partially Irrigated,1438.29,12350.24
Akola,2019,Jowar,Rabi,30.01,27.1,625.1,75.5,Clayey,6.73,70.68,52.68,15.29,Partially Irrigated,2181.72,65466.0
Akola,2019,Jowar,Kharif,43.21,25.9,628.3,57.8,Loamy,6.54,59.06,45.03,26.67,Irrigated,2260.49,97681.09
Akola,2019,Jowar,Rabi,6.01,25.1,426.3,67.7,Clayey,7.15,75.12,47.92,32.38,Partially Irrigated,2460.22,14780.92
Akola,2019,Jowar,Rabi,33.94,26.7,455.2,44.0,Sandy,6.29,52.85,41.59,45.64,Partially Irrigated,2395.08,81285.39
Akola,2019,Maize,Zaid,44.14,26.2,619.6,69.6,Red,7.16,71.37,14.91,44.73,Irrigated,3045.55,134423.21
Akola,2019,Maize,Zaid,15.78,27.5,885.1,65.1,Sandy,6.6,121.28,71.05,36.76,Irrigated,5002.82,78930.12
Akola,2019,Maize,Rabi,32.07,17.7,776.9,65.6,Laterite,7.04,141.08,53.25,42.23,Rainfed,3108.73,99694.11
Akola,2019,Rice,Zaid,26.96,26.0,2395.5,44.7,Sandy,6.63,124.78,33.12,33.6,Partially Irrigated,3242.63,87433.98
Akola,2019,Rice,Rabi,14.88,31.3,1170.2,86.1,Sandy,6.57,86.63,39.4,67.73,Partially Irrigated,3168.04,47151.61
Akola,2019,Rice,Zaid,13.88,21.0,970.1,52.1,Laterite,5.9,70.02,55.66,57.71,Irrigated,4067.15,56440.81
Akola,2019,Rice,Rabi,26.26,26.7,1052.4,50.0,Black,6.0,120.77,23.66,26.32,Irrigated,4426.34,116221.99
Akola,2019,Rice,Zaid,19.32,27.7,1644.1,78.3,Sandy,6.89,38.53,69.79,34.65,Rainfed,2559.82,49460.25
Akola,2019,Soybean,Kharif,3.92,20.3,436.1,60.8,Red,5.92,28.92,42.54,58.47,Irrigated,1948.27,7640.56
Akola,2019,Soybean,Kharif,20.69,24.9,691.8,63.8,Laterite,6.26,34.74,88.25,55.92,Irrigated,3568.33,73816.03
Akola,2019,Soybean,Kharif,44.1,23.4,655.7,45.9,Laterite,6.49,35.14,67.95,47.9,Partially Irrigated,2537.44,111899.62
Akola,2019,Sugarcane,Zaid,33.7,31.4,1761.5,50.5,Red,7.24,167.39,107.16,103.45,Rainfed,51836.52,1746852.36
Akola,2019,Sugarcane,Rabi,48.57,25.0,1976.4,42.2,Red,6.4,129.29,71.87,86.33,Partially Irrigated,43283.91,2102122.67
Akola,2019,Sunflower,Rabi,30.17,28.4,345.9,80.7,Red,7.11,98.23,35.76,71.52,Partially Irrigated,1341.34,40468.18
Akola,2019,Sunflower,Kharif,38.32,28.5,605.0,47.2,Loamy,6.99,101.84,25.62,69.39,Partially Irrigated,1250.88,47928.81
Akola,2019,Sunflower,Zaid,46.37,22.7,579.7,63.4,Red,6.48,94.34,41.1,22.51,Irrigated,1263.72,58601.17
Akola,2019,Sunflower,Rabi,49.9,23.8,493.2,51.7,Red,6.99,82.22,65.39,68.57,Rainfed,1376.13,68667.81
Akola,2019,Wheat,Zaid,47.75,17.2,420.6,85.6,Red,6.47,155.67,56.03,29.92,Rainfed,2654.23,126736.39
Akola,2019,Wheat,Rabi,14.13,20.6,816.3,44.8,Sandy,5.92,118.2,57.16,46.84,Partially Irrigated,2384.45,33682.88
Amravati,2019,Bajra,Kharif,29.49,25.1,373.5,70.8,Red,7.38,60.09,34.6,3.87,Irrigated,1490.61,43951.62
Amravati,2019,Bajra,Rabi,4.63,29.9,390.7,59.9,Black,7.46,45.64,44.75,30.96,Partially Irrigated,1760.64,8155.01
Amravati,2019,Bajra,Rabi,8.82,26.8,589.7,50.7,Loamy,8.26,65.21,25.46,19.88,Irrigated,1383.33,12198.15
Amravati,2019,Bajra,Zaid,15.65,28.6,612.3,48.1,Black,6.94,44.5,42.62,19.33,Partially Irrigated,1364.12,21347.51
Amravati,2019,Bajra,Rabi,7.92,26.0,462.4,85.3,Sandy,7.5,53.37,27.83,23.57,Rainfed,1157.93,9168.14
Amravati,2019,Cotton,Zaid,26.97,31.0,562.8,80.3,Black,6.7,90.94,34.49,31.66,Partially Irrigated,1792.62,48341.8
Amravati,2019,Cotton,Zaid,25.57,32.3,950.2,41.0,Loamy,6.51,128.03,55.81,37.85,Irrigated,2753.7,70413.78
Amravati,2019,Cotton,Rabi,40.55,26.1,1020.3,57.0,Loamy,7.3,57.09,25.94,42.57,Irrigated,1632.58,66192.97
Amravati,2019,Cotton,Zaid,20.47,30.5,960.3,77.6,Clayey,7.02,73.73,29.56,50.4,Irrigated,1809.96,37052.76
Amravati,2019,Jowar,Rabi,27.49,34.0,603.6,88.8,Red,5.99,63.36,32.06,37.67,Rainfed,1514.04,41622.63
Amravati,2019,Jowar,Kharif,19.68,30.9,543.5,40.3,Black,7.01,73.57,49.4,33.98,Rainfed,2360.99,46458.6
Amravati,2019,Jowar,Kharif,48.02,34.3,497.7,88.6,Black,6.58,41.13,30.34,8.98,Irrigated,1768.84,84940.78
Amravati,2019,Maize,Zaid,15.02,25.5,659.4,85.9,Black,5.97,171.37,58.31,64.44,Rainfed,3843.59,57724.6
Amravati,2019,Maize,Kharif,7.46,32.8,662.7,71.5,Black,6.39,141.32,70.63,51.27,Rainfed,3593.11,26807.29
Amravati,2019,Rice,Rabi,30.03,25.5,1891.6,73.9,Red,5.43,113.88,53.6,54.58,Rainfed,3672.32,110272.48
Amravati,2019,Rice,Zaid,40.23,25.5,918.3,79.3,Red,5.96,127.68,23.28,56.46,Rainfed,3143.01,126428.22
Amravati,2019,Rice,Rabi,2.92,31.4,1562.3,56.2,Laterite,6.66,74.85,69.2,80.14,Partially Irrigated,4312.79,12609.88
Amravati,2019,Rice,Rabi,20.99,26.6,2124.6,84.9,Sandy,6.93,71.31,38.02,59.55,Rainfed,2371.17,49769.27
Amravati,2019,Soybean,Zaid,42.13,29.8,800.0,48.8,Clayey,7.41,31.01,93.97,43.37,Rainfed,1424.18,60005.31
Amravati,2019,Soybean,Zaid,25.33,23.2,474.4,64.1,Sandy,6.67,27.44,70.59,43.77,Partially Irrigated,2240.11,56739.15
Amravati,2019,Soybean,Kharif,47.46,21.1,676.4,76.3,Loamy,7.03,37.38,75.0,57.02,Partially Irrigated,2322.55,110223.45
Amravati,2019,Soybean,Rabi,30.86,23.5,587.8,62.3,Laterite,6.48,40.13,92.37,11.07,Irrigated,2770.53,85506.77
Amravati,2019,Soybean,Kharif,2.29,27.0,605.7,54.8,Clayey,6.29,48.7,76.33,47.35,Irrigated,4003.77,9152.14
Amravati,2019,Sugarcane,Zaid,48.89,30.2,1616.2,85.8,Clayey,6.97,157.85,79.54,82.3,Partially Irrigated,65718.19,3212654.44
Amravati,2019,Sugarcane,Zaid,7.07,27.0,2577.3,77.6,Loamy,7.02,206.84,63.77,107.2,Rainfed,48739.65,344829.2
Amravati,2019,Sunflower,Rabi,7.3,14.5,381.8,80.5,Clayey,6.52,66.51,44.22,44.38,Partially Irrigated,851.92,6215.64
Amravati,2019,Sunflower,Kharif,8.27,28.5,601.5,81.4,Sandy,6.75,74.84,47.23,62.28,Rainfed,1249.39,10329.77
Amravati,2019,Sunflower,Zaid,46.78,18.2,506.7,73.7,Black,6.79,61.24,20.53,48.51,Irrigated,1201.79,56217.98
Amravati,2019,Sunflower,Kharif,22.58,30.6,577.8,77.1,Red,6.54,131.75,74.26,58.04,Partially Irrigated,1777.62,40144.55
Amravati,2019,Wheat,Rabi,33.36,13.1,602.8,53.6,Sandy,6.15,130.01,55.13,39.57,Partially Irrigated,2227.29,74301.11
Amravati,2019,Wheat,Rabi,21.29,18.0,673.3,64.1,Loamy,7.94,116.38,10.66,52.51,Irrigated,2633.66,56080.1
Amravati,2019,Wheat,Rabi,4.48,18.1,520.0,52.5,Sandy,6.5,54.16,91.81,52.97,Irrigated,4118.09,18450.58
Amravati,2019,Wheat,Rabi,38.78,24.8,688.8,47.4,Red,7.36,165.79,64.66,41.16,Partially Irrigated,2707.83,105008.1
Aurangabad,2019,Bajra,Kharif,39.62,40.4,337.8,40.3,Red,7.34,57.61,45.73,25.34,Irrigated,1717.42,68052.07
Aurangabad,2019,Bajra,Zaid,49.29,36.0,277.8,55.5,Sandy,7.5,46.39,37.49,19.79,Partially Irrigated,1120.86,55251.5
Aurangabad,2019,Bajra,Rabi,46.1,30.1,537.8,55.6,Red,7.84,65.51,28.1,29.05,Rainfed,1602.86,73891.62
Aurangabad,2019,Bajra,Zaid,46.18,31.7,449.9,76.7,Sandy,7.03,81.85,44.85,22.98,Rainfed,1752.1,80905.68
Aurangabad,2019,Bajra,Rabi,46.6,35.0,246.1,65.1,Red,6.62,76.41,39.06,17.45,Rainfed,1106.75,51576.34
Aurangabad,2019,Cotton,Zaid,38.13,26.0,619.6,55.1,Clayey,7.52,83.68,57.49,34.42,Partially Irrigated,1607.69,61294.16
Aurangabad,2019,Cotton,Rabi,29.72,29.8,1039.3,73.5,Loamy,7.16,110.91,39.42,31.4,Partially Irrigated,1681.52,49968.74
Aurangabad,2019,Cotton,Kharif,10.35,31.1,768.2,63.6,Black,6.46,76.67,57.1,19.11,Irrigated,2386.46,24704.7
Aurangabad,2019,Cotton,Rabi,25.86,23.8,821.4,42.3,Sandy,6.64,62.48,27.18,49.06,Rainfed,1249.64,32310.79
Aurangabad,2019,Groundnut,Kharif,8.74,24.8,725.9,60.6,Clayey,7.46,43.97,54.33,69.75,Rainfed,1862.47,16271.23
Aurangabad,2019,Groundnut,Rabi,46.87,25.5,575.9,69.8,Red,6.19,33.27,43.9,71.4,Irrigated,2715.83,127291.14
Aurangabad,2019,Jowar,Zaid,10.44,33.2,405.2,82.5,Loamy,7.36,14.1,34.81,8.58,Rainfed,783.74,8185.5
Aurangabad,2019,Jowar,Rabi,43.83,28.0,396.9,87.9,Black,6.45,60.16,50.55,16.98,Irrigated,2187.4,95865.38
Aurangabad,2019,Jowar,Rabi,26.16,27.9,429.1,71.0,Sandy,7.14,61.33,21.52,36.9,Partially Irrigated,1653.58,43254.34
Aurangabad,2019,Maize,Rabi,17.85,27.8,706.7,63.6,Laterite,5.8,80.25,64.13,53.88,Rainfed,2924.46,52198.09
Aurangabad,2019,Maize,Zaid,20.83,30.7,416.6,40.6,Red,6.89,125.81,54.87,54.72,Irrigated,4237.3,88243.25
Aurangabad,2019,Rice,Rabi,36.9,24.8,1443.2,79.2,Clayey,5.98,48.78,33.25,68.54,Irrigated,3833.5,141464.87
Aurangabad,2019,Rice,Rabi,11.66,24.1,1100.2,70.0,Red,5.21,89.15,28.28,28.85,Partially Irrigated,2860.68,33352.8
Aurangabad,2019,Rice,Rabi,11.61,32.2,1403.6,52.7,Laterite,5.78,91.6,33.23,61.78,Rainfed,3243.7,37662.02
Aurangabad,2019,Rice,Kharif,49.46,24.6,1305.1,67.3,Red,6.65,102.95,48.91,44.45,Rainfed,3088.11,152726.88
Aurangabad,2019,Rice,Zaid,18.07,31.8,531.6,52.5,Loamy,6.25,123.0,60.01,49.64,Rainfed,2905.97,52501.55
Aurangabad,2019,Soybean,Kharif,43.55,24.0,546.8,53.5,Clayey,6.52,23.81,67.25,34.48,Partially Irrigated,2201.65,95871.38
Aurangabad,2019,Soybean,Rabi,14.13,28.9,614.5,89.9,Clayey,5.76,45.05,54.52,37.49,Rainfed,1936.26,27351.22
Aurangabad,2019,Soybean,Kharif,38.55,25.4,521.1,67.3,Laterite,6.79,19.4,96.07,57.31,Irrigated,3189.72,122966.77
Aurangabad,2019,Soybean,Zaid,35.58,23.4,673.4,75.3,Black,5.61,24.68,82.32,52.43,Partially Irrigated,2060.08,73293.6
Aurangabad,2019,Soybean,Rabi,18.07,26.5,515.1,41.0,Sandy,5.9,23.22,67.26,47.78,Rainfed,1695.75,30640.58
Aurangabad,2019,Soybean,Zaid,22.86,21.6,645.4,52.7,Loamy,6.68,17.4,74.99,28.9,Rainfed,1302.4,29766.69
Aurangabad,2019,Sugarcane,Rabi,35.8,23.0,1539.2,73.5,Loamy,6.97,117.8,105.57,92.26,Partially Irrigated,46747.66,1673495.6
Aurangabad,2019,Sugarcane,Zaid,10.94,36.0,2242.5,52.8,Red,5.77,217.56,77.31,125.49,Partially Irrigated,56316.02,615936.75
Aurangabad,2019,Sunflower,Kharif,17.79,21.9,540.4,89.6,Sandy,7.87,72.5,49.27,52.45,Irrigated,1437.91,25581.07
Aurangabad,2019,Sunflower,Zaid,6.27,30.0,590.5,56.1,Laterite,7.09,79.62,47.95,54.75,Partially Irrigated,1366.26,8572.56
Aurangabad,2019,Wheat,Rabi,5.35,19.6,407.7,50.3,Red,6.78,39.39,58.16,50.63,Rainfed,2069.64,11065.2
Aurangabad,2019,Wheat,Zaid,31.41,25.6,683.3,45.6,Loamy,6.81,169.42,66.89,49.66,Rainfed,3193.55,100300.75
Aurangabad,2019,Wheat,Zaid,43.62,17.7,705.0,78.7,Black,6.32,80.53,63.29,22.19,Partially Irrigated,1962.97,85621.4
Aurangabad,2019,Wheat,Zaid,38.5,20.7,580.9,49.8,Sandy,5.92,162.15,44.19,35.23,Rainfed,2981.34,114788.37
Aurangabad,2019,Wheat,Kharif,40.05,17.0,710.9,56.2,Sandy,7.01,132.29,24.45,37.67,Irrigated,2927.73,117262.72
Aurangabad,2019,Wheat,Kharif,36.07,15.7,631.3,82.2,Loamy,6.6,166.1,65.2,35.27,Irrigated,3944.78,142304.4
Dhule,2019,Bajra,Kharif,34.86,26.9,400.3,77.5,Sandy,7.14,57.0,52.6,26.01,Irrigated,1941.93,67701.1
Dhule,2019,Bajra,Kharif,32.21,27.2,449.5,78.8,Loamy,7.05,65.21,67.1,20.38,Rainfed,1829.11,58924.4
Dhule,2019,Cotton,Kharif,39.49,34.0,689.1,60.1,Red,6.36,85.54,42.74,45.73,Rainfed,1761.75,69566.92
Dhule,2019,Cotton,Kharif,17.17,25.3,536.0,41.9,Laterite,7.09,51.08,36.86,51.55,Partially Irrigated,1669.57,28662.22
Dhule,2019,Groundnut,Kharif,16.94,23.8,595.7,52.4,Sandy,6.34,37.68,72.91,93.3,Rainfed,2393.81,40553.64
Dhule,2019,Groundnut,Zaid,5.22,25.5,546.7,74.7,Clayey,7.19,25.92,36.51,82.82,Irrigated,1993.78,10413.05
Dhule,2019,Groundnut,Zaid,31.58,23.7,573.9,62.3,Clayey,7.27,36.13,41.86,85.23,Irrigated,2110.09,66636.06
Dhule,2019,Groundnut,Rabi,15.07,34.2,672.5,64.9,Black,6.24,29.08,66.04,79.89,Rainfed,1602.82,24153.16
Dhule,2019,Groundnut,Kharif,13.55,29.7,1083.7,51.9,Sandy,6.38,27.14,45.84,59.54,Rainfed,1292.24,17510.38
Dhule,2019,Groundnut,Kharif,49.54,25.7,551.4,82.1,Black,7.59,19.03,65.29,95.83,Irrigated,1945.27,96376.78
Dhule,2019,Jowar,Kharif,6.59,32.3,571.6,46.5,Laterite,7.27,39.41,36.97,12.24,Rainfed,1185.66,7817.82
Dhule,2019,Jowar,Zaid,11.18,25.7,581.9,50.8,Clayey,7.39,49.17,43.98,18.46,Rainfed,1490.45,16665.25
Dhule,2019,Jowar,Rabi,16.19,29.5,471.7,50.0,Sandy,7.01,94.76,44.18,32.48,Partially Irrigated,2889.23,46777.51
Dhule,2019,Maize,Rabi,13.58,25.9,512.5,74.0,Black,6.97,111.1,33.24,49.38,Rainfed,2633.85,35768.59
Dhule,2019,Rice,Zaid,47.65,29.1,1664.0,55.9,Red,4.97,104.24,70.23,72.47,Partially Irrigated,4425.44,210884.11
Dhule,2019,Rice,Rabi,42.02,24.0,959.0,78.8,Loamy,7.11,134.18,42.88,54.8,Irrigated,5121.17,215215.88
Dhule,2019,Soybean,Kharif,19.51,22.0,481.7,52.6,Loamy,6.06,23.96,77.05,57.42,Rainfed,1573.67,30709.66
Dhule,2019,Soybean,Rabi,24.7,28.1,368.7,64.4,Red,6.03,24.22,92.25,37.0,Irrigated,2007.17,49581.12
Dhule,2019,Soybean,Rabi,28.52,17.4,490.3,71.9,Clayey,6.3,8.16,34.58,46.68,Irrigated,1406.43,40117.54
Dhule,2019,Sugarcane,Zaid,48.63,30.7,1521.9,79.0,Black,6.83,197.16,52.46,93.54,Rainfed,50266.94,2444484.24
Dhule,2019,Sugarcane,Rabi,46.49,31.4,1793.9,61.2,Laterite,6.56,125.82,68.75,89.24,Rainfed,39545.56,1838302.91
Dhule,2019,Sugarcane,Zaid,38.01,28.7,2347.2,56.7,Sandy,6.28,216.82,50.7,142.88,Partially Irrigated,69084.35,2626118.17
Dhule,2019,Sugarcane,Kharif,18.49,23.7,2711.7,84.1,Loamy,6.39,137.42,81.32,113.8,Partially Irrigated,46512.29,859848.62
Dhule,2019,Sunflower,Rabi,16.91,24.3,714.0,58.8,Black,6.31,25.37,54.27,53.11,Rainfed,895.62,15144.18
Dhule,2019,Sunflower,Rabi,28.28,23.7,645.9,70.9,Red,6.81,84.31,59.3,37.8,Partially Irrigated,1293.76,36584.65
Dhule,2019,Sunflower,Rabi,38.12,26.6,286.4,70.8,Sandy,6.56,66.08,51.71,61.56,Partially Irrigated,1075.13,40984.07
Dhule,2019,Sunflower,Zaid,13.78,25.4,563.2,45.4,Black,6.04,91.76,64.82,40.68,Irrigated,1998.85,27548.61
Dhule,2019,Wheat,Zaid,43.71,19.6,490.1,79.2,Clayey,6.24,155.58,50.7,50.09,Irrigated,4272.79,186752.67
Jalgaon,2019,Cotton,Zaid,24.53,28.6,980.4,86.3,Clayey,6.47,100.75,55.3,69.69,Partially Irrigated,2013.72,49402.78
Jalgaon,2019,Cotton,Zaid,32.15,27.5,858.1,49.5,Sandy,7.93,81.97,45.09,47.49,Rainfed,1432.93,46070.63
Jalgaon,2019,Cotton,Rabi,20.89,28.8,998.6,45.5,Clayey,6.94,77.96,56.87,38.78,Partially Irrigated,1887.57,39432.35
Jalgaon,2019,Cotton,Kharif,49.3,25.5,811.9,54.0,Laterite,7.15,77.42,34.28,20.61,Partially Irrigated,1568.61,77330.85
Jalgaon,2019,Groundnut,Kharif,1.02,41.5,396.3,64.1,Sandy,6.13,32.18,24.43,61.13,Irrigated,1434.62,1465.75
Jalgaon,2019,Groundnut,Kharif,35.51,25.0,736.9,42.1,Black,7.01,48.19,75.48,45.73,Partially Irrigated,2270.3,80625.76
Jalgaon,2019,Groundnut,Zaid,35.38,36.6,774.3,66.4,Black,6.55,43.6,49.23,45.77,Irrigated,1930.66,68315.39
Jalgaon,2019,Groundnut,Zaid,31.54,21.3,991.4,49.7,Red,6.49,29.1,24.9,93.14,Rainfed,1236.53,38998.97
Jalgaon,2019,Groundnut,Kharif,42.34,26.0,379.6,84.2,Sandy,6.11,23.45,70.47,89.96,Partially Irrigated,1693.16,71685.51
Jalgaon,2019,Groundnut,Kharif,5.64,31.7,512.3,87.9,Black,6.21,34.47,48.64,96.42,Partially Irrigated,2136.44,12041.32
Jalgaon,2019,Jowar,Rabi,8.57,27.9,603.2,58.9,Laterite,7.32,37.11,35.92,47.52,Rainfed,1440.08,12342.31
Jalgaon,2019,Jowar,Zaid,27.25,32.3,481.1,75.9,Black,7.39,68.59,51.72,42.29,Rainfed,2280.29,62129.68
Jalgaon,2019,Jowar,Rabi,36.25,32.2,501.3,88.6,Clayey,8.31,51.64,30.0,40.17,Partially Irrigated,1730.2,62712.42
Jalgaon,2019,Maize,Kharif,10.81,24.3,424.9,78.4,Black,5.89,172.88,50.66,45.02,Irrigated,5282.26,57124.84
Jalgaon,2019,Maize,Rabi,17.0,20.0,1003.2,77.4,Loamy,6.1,83.77,37.03,72.72,Irrigated,3698.87,62865.81
Jalgaon,2019,Rice,Rabi,17.55,28.6,497.0,63.8,Laterite,5.47,147.0,61.09,43.91,Partially Irrigated,4066.96,71373.71
Jalgaon,2019,Rice,Rabi,48.81,22.4,1202.8,51.1,Black,5.88,51.4,55.13,63.42,Irrigated,4292.26,209504.22
Jalgaon,2019,Soybean,Rabi,8.19,24.2,601.4,84.6,Clayey,7.48,12.09,63.49,59.21,Irrigated,1974.99,16171.84
Jalgaon,2019,Soybean,Kharif,41.95,19.9,746.9,47.8,Black,6.81,25.73,61.18,77.94,Rainfed,1525.72,64009.1
Jalgaon,2019,Sugarcane,Kharif,27.41,27.4,1817.9,75.2,Clayey,6.11,288.55,91.79,93.13,Irrigated,94005.89,2576707.29
Jalgaon,2019,Sugarcane,Zaid,41.31,26.8,1705.7,74.1,Sandy,7.39,378.38,58.33,93.82,Rainfed,72566.33,2997655.35
Jalgaon,2019,Sugarcane,Kharif,6.11,29.1,1698.9,70.7,Laterite,6.56,224.39,34.53,60.36,Rainfed,41660.73,254671.4
Jalgaon,2019,Sugarcane,Rabi,25.35,30.2,1941.6,42.2,Clayey,6.48,277.43,83.55,73.63,Irrigated,91492.35,2319609.79
Jalgaon,2019,Sugarcane,Zaid,6.03,31.4,2070.0,58.1,Loamy,6.34,277.61,56.62,80.88,Rainfed,62253.76,375144.23
Jalgaon,2019,Sugarcane,Rabi,32.62,30.1,2504.1,76.0,Clayey,6.91,215.88,96.83,100.72,Rainfed,66476.71,2168591.27
Jalgaon,2019,Sugarcane,Zaid,23.07,36.7,2147.7,58.8,Clayey,6.62,188.27,96.4,62.66,Irrigated,70021.82,1615622.88
Jalgaon,2019,Sugarcane,Rabi,48.52,30.0,1717.2,71.5,Red,7.35,245.64,96.52,116.31,Irrigated,93596.24,4541429.16
Jalgaon,2019,Sugarcane,Zaid,7.63,29.3,1182.5,86.0,Laterite,6.46,191.36,76.49,84.73,Partially Irrigated,50941.45,388657.89
Jalgaon,2019,Sunflower,Zaid,5.67,27.2,369.3,63.8,Red,6.3,103.32,34.52,57.57,Irrigated,1636.08,9278.17
Jalgaon,2019,Sunflower,Kharif,12.6,18.0,522.6,77.3,Loamy,6.1,91.4,29.08,42.16,Rainfed,1040.1,13109.06
Jalgaon,2019,Wheat,Kharif,41.63,21.1,730.7,65.2,Sandy,6.87,109.16,58.12,46.89,Partially Irrigated,2380.97,99117.41
Jalgaon,2019,Wheat,Zaid,7.42,7.9,515.9,57.4,Laterite,7.38,185.47,37.02,30.88,Irrigated,2795.55,20754.7
Kolhapur,2019,Bajra,Rabi,22.94,33.8,442.9,50.5,Red,7.4,33.89,25.24,42.21,Irrigated,1849.3,42427.5
Kolhapur,2019,Bajra,Zaid,4.6,32.9,608.5,62.9,Sandy,7.43,31.6,41.22,17.05,Partially Irrigated,1126.46,5178.81
Kolhapur,2019,Bajra,Kharif,44.7,36.6,425.4,52.0,Loamy,7.23,81.46,34.44,45.57,Partially Irrigated,2025.35,90528.15
Kolhapur,2019,Cotton,Kharif,33.88,35.7,127.3,73.1,Loamy,6.73,104.69,39.57,51.36,Irrigated,1800.08,60983.07
Kolhapur,2019,Cotton,Kharif,3.94,32.2,813.0,51.0,Clayey,6.66,73.07,34.91,38.46,Rainfed,1419.22,5592.19
Kolhapur,2019,Groundnut,Kharif,29.53,27.9,399.4,43.7,Loamy,6.7,52.09,61.14,98.66,Rainfed,1888.43,55759.61
Kolhapur,2019,Groundnut,Zaid,19.92,31.9,207.5,46.4,Black,6.22,28.38,57.39,63.61,Irrigated,1581.87,31506.66
Kolhapur,2019,Groundnut,Zaid,46.16,30.7,622.7,43.9,Red,6.76,35.92,36.79,98.08,Rainfed,2113.5,97566.13
Kolhapur,2019,Groundnut,Rabi,12.45,29.8,508.6,79.0,Red,6.5,39.24,61.9,66.59,Irrigated,2853.2,35531.28
Kolhapur,2019,Groundnut,Rabi,22.6,30.3,559.9,82.2,Loamy,5.79,37.04,26.57,78.24,Partially Irrigated,1830.25,41371.21
Kolhapur,2019,Groundnut,Kharif,37.48,28.7,752.6,82.0,Clayey,7.25,32.81,65.31,87.65,Partially Irrigated,1923.57,72090.98
Kolhapur,2019,Groundnut,Kharif,1.24,22.9,726.8,71.7,Red,6.85,27.23,80.21,62.43,Partially Irrigated,2036.0,2521.81
Kolhapur,2019,Jowar,Rabi,22.47,27.4,535.9,41.2,Clayey,6.22,54.57,42.99,21.96,Irrigated,2055.58,46190.34
Kolhapur,2019,Jowar,Kharif,26.55,25.0,414.7,44.4,Red,7.23,49.57,43.39,17.51,Partially Irrigated,1497.72,39757.55
Kolhapur,2019,Jowar,Kharif,32.35,33.9,517.9,71.4,Sandy,7.03,90.21,68.78,34.78,Rainfed,2490.52,80562.36
Kolhapur,2019,Jowar,Zaid,47.56,34.3,507.9,66.3,Loamy,6.78,60.75,32.4,22.13,Partially Irrigated,1676.95,79754.13
Kolhapur,2019,Jowar,Zaid,35.59,37.9,388.8,61.9,Loamy,7.39,88.55,60.35,34.16,Irrigated,2594.15,92314.31
Kolhapur,2019,Maize,Rabi,7.09,24.1,221.2,60.2,Laterite,7.71,123.54,49.71,46.06,Irrigated,3991.08,28312.95
Kolhapur,2019,Maize,Rabi,23.76,29.5,610.2,55.6,Black,6.41,104.44,44.66,66.32,Partially Irrigated,3989.42,94797.19
Kolhapur,2019,Rice,Rabi,25.52,22.6,1477.9,78.2,Loamy,5.19,97.1,52.55,32.77,Rainfed,3182.79,81213.07
Kolhapur,2019,Rice,Rabi,8.06,27.0,1800.6,89.7,Red,7.17,59.07,48.35,35.76,Partially Irrigated,2679.28,21606.27
Kolhapur,2019,Soybean,Rabi,16.04,31.6,480.8,59.3,Laterite,5.87,33.18,91.71,54.28,Rainfed,2160.08,34644.11
Kolhapur,2019,Soybean,Rabi,27.19,23.1,513.3,85.8,Red,5.95,16.71,54.47,67.88,Rainfed,1870.74,50871.81
Kolhapur,2019,Soybean,Rabi,12.85,22.3,827.1,65.8,Red,6.13,37.74,44.98,33.45,Irrigated,2155.12,27690.95
Kolhapur,2019,Soybean,Kharif,29.9,26.2,356.4,45.5,Loamy,7.03,21.15,53.21,43.24,Irrigated,1587.1,47447.77
Kolhapur,2019,Soybean,Rabi,49.05,19.9,842.3,65.0,Laterite,6.67,53.12,89.28,20.66,Partially Irrigated,1920.46,94202.65
Kolhapur,2019,Soybean,Zaid,34.96,25.2,426.5,56.5,Red,6.31,30.41,54.99,57.85,Rainfed,1963.83,68653.25
Kolhapur,2019,Soybean,Kharif,2.01,24.0,670.6,44.3,Clayey,6.1,29.42,69.51,37.05,Irrigated,2464.79,4961.56
Kolhapur,2019,Sugarcane,Rabi,47.24,35.1,2403.7,54.2,Clayey,6.42,206.43,58.87,95.23,Rainfed,53566.11,2530427.7
Kolhapur,2019,Sugarcane,Kharif,1.5,26.8,1712.3,85.0,Sandy,6.21,246.13,97.64,147.05,Partially Irrigated,74692.52,111769.97
Kolhapur,2019,Sunflower,Rabi,26.52,26.4,543.3,87.8,Black,6.26,95.89,49.74,43.97,Irrigated,1729.72,45877.16
Kolhapur,2019,Sunflower,Zaid,30.97,24.8,301.2,60.7,Red,7.39,68.76,30.49,60.36,Rainfed,1041.16,32245.13
Kolhapur,2019,Sunflower,Kharif,31.96,18.2,503.0,48.4,Laterite,7.17,94.27,42.51,26.19,Rainfed,1013.39,32383.4
Kolhapur,2019,Sunflower,Kharif,14.89,24.4,569.3,59.5,Black,7.33,127.21,45.69,22.56,Rainfed,1152.09,17152.47
Kolhapur,2019,Sunflower,Rabi,48.89,19.6,552.9,51.9,Black,7.52,82.78,53.41,42.33,Irrigated,1294.28,63272.74
Kolhapur,2019,Wheat,Kharif,2.75,25.6,506.1,84.5,Clayey,6.62,119.38,35.22,61.47,Rainfed,1955.9,5383.25
Nagpur,2019,Cotton,Kharif,49.54,29.5,562.4,76.6,Sandy,6.68,111.91,45.2,40.35,Irrigated,2614.44,129513.64
Nagpur,2019,Cotton,Kharif,26.93,31.5,364.0,79.3,Clayey,6.01,91.01,54.37,30.97,Partially Irrigated,1391.1,37455.62
Nagpur,2019,Cotton,Kharif,28.23,29.1,737.6,82.6,Laterite,7.19,80.11,37.36,28.48,Rainfed,1366.4,38575.23
Nagpur,2019,Cotton,Kharif,43.74,23.7,777.1,48.4,Black,7.26,98.92,34.58,42.85,Irrigated,2692.19,117752.54
Nagpur,2019,Cotton,Kharif,11.45,31.3,805.7,70.5,Clayey,7.94,93.57,37.49,38.81,Irrigated,2162.9,24770.35
Nagpur,2019,Cotton,Rabi,11.21,26.5,960.4,81.5,Black,6.23,38.18,36.11,45.01,Partially Irrigated,1397.42,15665.89
Nagpur,2019,Cotton,Zaid,31.51,32.9,785.3,74.6,Laterite,7.48,56.97,61.06,44.08,Irrigated,2378.85,74969.4
Nagpur,2019,Cotton,Zaid,20.96,28.0,656.7,88.7,Black,6.56,80.67,51.91,36.38,Rainfed,2017.31,42287.04
Nagpur,2019,Groundnut,Zaid,41.32,25.4,428.6,88.7,Clayey,5.87,20.92,54.15,85.37,Irrigated,1794.29,74149.15
Nagpur,2019,Groundnut,Rabi,4.28,26.4,772.0,67.1,Sandy,6.2,31.9,68.0,59.67,Rainfed,1747.13,7480.69
Nagpur,2019,Groundnut,Zaid,14.51,22.9,455.6,45.2,Red,6.35,38.13,63.4,73.4,Partially Irrigated,2088.09,30303.94
Nagpur,2019,Groundnut,Kharif,28.22,25.0,684.4,76.1,Sandy,7.16,26.57,24.67,94.23,Partially Irrigated,1614.99,45581.98
Nagpur,2019,Jowar,Kharif,13.8,37.1,610.6,53.7,Sandy,6.82,66.41,45.79,28.97,Rainfed,1441.81,19896.62
Nagpur,2019,Jowar,Kharif,3.92,23.4,380.1,45.2,Sandy,6.3,42.73,50.32,32.72,Rainfed,1457.96,5710.72
Nagpur,2019,Jowar,Zaid,1.51,29.2,255.0,56.7,Laterite,7.11,94.67,38.61,33.37,Rainfed,1977.04,2994.88
Nagpur,2019,Jowar,Rabi,25.84,34.0,669.8,66.7,Laterite,7.49,68.62,11.24,43.06,Partially Irrigated,1575.0,40692.34
Nagpur,2019,Soybean,Zaid,1.65,31.3,584.9,86.7,Red,6.42,31.91,49.14,34.76,Rainfed,1495.45,2464.83
Nagpur,2019,Soybean,Zaid,27.49,20.7,485.2,54.0,Black,5.87,27.52,103.12,42.42,Partially Irrigated,2327.45,63979.95
Nagpur,2019,Soybean,Rabi,4.02,21.0,508.4,88.9,Clayey,5.82,54.19,54.88,57.88,Rainfed,2405.42,9658.13
Nagpur,2019,Soybean,Rabi,40.87,26.2,502.7,86.6,Black,7.4,42.08,78.08,61.91,Irrigated,3876.27,158435.72
Nagpur,2019,Sugarcane,Rabi,21.03,28.0,2141.3,77.8,Sandy,7.03,101.52,71.7,82.77,Partially Irrigated,45423.68,955382.57
Nagpur,2019,Sugarcane,Kharif,16.37,35.1,1742.6,53.0,Clayey,6.38,197.82,68.24,83.51,Irrigated,70382.0,1152103.77
Nagpur,2019,Sugarcane,Rabi,2.79,33.0,2918.6,50.7,Loamy,6.42,144.19,69.38,111.33,Rainfed,35585.66,99426.95
Nagpur,2019,Sunflower,Rabi,20.2,31.1,522.7,52.9,Clayey,6.97,117.94,56.46,48.96,Partially Irrigated,1561.2,31531.66
Nagpur,2019,Sunflower,Rabi,47.47,26.7,456.7,69.2,Red,6.85,92.67,37.47,60.9,Rainfed,1189.98,56489.11
Nagpur,2019,Sunflower,Zaid,18.93,30.2,303.2,51.1,Sandy,6.95,57.89,46.76,30.31,Partially Irrigated,770.85,14591.43
Nagpur,2019,Sunflower,Rabi,21.68,21.7,326.9,85.1,Clayey,6.67,87.09,34.46,30.48,Irrigated,1049.84,22758.49
Nagpur,2019,Wheat,Zaid,2.35,22.1,415.6,48.7,Laterite,6.77,192.03,41.42,59.38,Rainfed,3215.33,7543.36
Nagpur,2019,Wheat,Kharif,25.17,14.8,595.2,85.0,Laterite,7.3,179.07,63.94,37.37,Irrigated,3416.22,85983.16
Nagpur,2019,Wheat,Kharif,22.45,25.5,584.7,70.5,Black,7.02,75.02,85.01,61.42,Rainfed,2643.64,59355.44
Nagpur,2019,Wheat,Zaid,35.67,19.1,577.2,64.7,Laterite,5.66,116.75,56.81,51.92,Partially Irrigated,2815.84,100436.52
Nagpur,2019,Wheat,Zaid,13.47,17.5,613.4,59.8,Sandy,7.26,143.17,72.16,63.32,Partially Irrigated,3508.74,47245.34
Nagpur,2019,Wheat,Zaid,44.79,14.2,347.6,79.0,Red,6.55,96.2,35.57,77.66,Irrigated,3269.8,146451.29
Nagpur,2019,Wheat,Rabi,18.42,14.3,790.7,77.8,Clayey,6.89,125.53,55.22,49.56,Irrigated,2717.78,50071.01
Nashik,2019,Bajra,Zaid,34.28,29.4,364.6,70.1,Black,7.16,67.35,49.18,18.83,Rainfed,1454.16,49849.57
Nashik,2019,Bajra,Rabi,44.96,23.9,410.7,60.6,Loamy,6.96,65.87,54.91,27.69,Rainfed,1267.84,57005.99
Nashik,2019,Bajra,Zaid,4.09,28.9,373.7,45.7,Clayey,7.24,82.84,48.77,49.98,Rainfed,1934.21,7911.65
Nashik,2019,Bajra,Zaid,15.91,31.8,494.5,83.3,Laterite,6.65,38.94,52.34,25.25,Partially Irrigated,1611.52,25635.29
Nashik,2019,Bajra,Rabi,18.86,33.8,287.3,44.9,Laterite,7.24,26.47,67.81,36.84,Partially Irrigated,1653.2,31185.95
Nashik,2019,Bajra,Zaid,41.81,33.2,163.3,63.5,Clayey,7.25,81.18,25.24,36.51,Rainfed,1312.93,54893.63
Nashik,2019,Cotton,Rabi,1.32,25.0,975.4,47.5,Sandy,6.99,31.49,12.38,40.71,Partially Irrigated,928.21,1227.28
Nashik,2019,Cotton,Kharif,20.67,26.7,1105.5,59.3,Sandy,7.07,119.27,15.26,46.68,Partially Irrigated,1485.78,30707.5
Nashik,2019,Groundnut,Zaid,34.3,31.4,591.6,87.2,Clayey,7.65,24.02,67.51,104.04,Irrigated,2427.04,83254.17
Nashik,2019,Groundnut,Zaid,12.01,26.8,364.1,42.2,Sandy,5.98,41.04,41.82,101.98,Irrigated,2376.91,28536.03
Nashik,2019,Groundnut,Rabi,29.58,25.3,559.1,72.7,Black,7.06,37.25,64.64,70.19,Partially Irrigated,2401.56,71030.0
Nashik,2019,Groundnut,Zaid,20.53,27.7,493.7,82.0,Clayey,5.81,19.67,52.62,52.52,Irrigated,1746.0,35844.64
Nashik,2019,Groundnut,Kharif,24.53,22.6,678.9,64.4,Sandy,6.44,19.41,51.82,55.43,Rainfed,1238.96,30395.77
Nashik,2019,Jowar,Rabi,15.33,29.8,556.1,60.9,Red,6.21,55.55,41.71,35.45,Irrigated,2177.99,33385.02
Nashik,2019,Jowar,Zaid,33.26,32.3,463.0,65.8,Black,7.52,42.58,54.59,34.53,Irrigated,2910.37,96801.96
Nashik,2019,Jowar,Rabi,32.68,23.6,359.0,43.0,Loamy,6.43,68.03,53.7,43.71,Partially Irrigated,2490.25,81382.24
Nashik,2019,Maize,Rabi,44.53,26.8,830.6,82.9,Red,6.32,142.62,51.02,28.53,Irrigated,4578.76,203913.75
Nashik,2019,Maize,Zaid,37.87,22.6,556.2,72.1,Black,7.22,93.82,51.03,45.54,Partially Irrigated,3541.27,134106.56
Nashik,2019,Maize,Rabi,19.01,18.7,656.9,59.7,Sandy,5.82,104.99,41.59,44.54,Rainfed,2854.43,54249.88
Nashik,2019,Maize,Zaid,39.49,24.6,625.4,85.7,Black,6.16,63.91,52.13,42.51,Irrigated,3872.69,152930.6
Nashik,2019,Maize,Zaid,39.02,25.8,757.2,76.7,Clayey,6.59,177.38,55.21,58.34,Rainfed,4486.66,175085.36
Nashik,2019,Rice,Rabi,31.81,29.4,1625.7,82.6,Black,6.29,114.2,49.55,57.87,Irrigated,6633.76,211047.69
Nashik,2019,Soybean,Zaid,17.91,27.1,623.6,49.3,Loamy,6.29,22.84,88.37,54.26,Rainfed,1783.99,31945.29
Nashik,2019,Soybean,Rabi,14.53,23.0,621.9,66.9,Loamy,5.85,32.9,49.47,41.96,Irrigated,2691.04,39094.77
Nashik,2019,Soybean,Rabi,34.34,19.2,575.4,66.4,Red,6.25,19.59,81.82,66.27,Rainfed,1861.66,63930.81
Nashik,2019,Soybean,Kharif,33.53,25.7,417.2,64.8,Clayey,6.28,37.52,108.76,8.15,Rainfed,2017.74,67655.48
Nashik,2019,Sugarcane,Rabi,21.33,25.1,761.2,75.2,Clayey,6.2,131.41,84.03,88.15,Rainfed,37912.25,808543.26
Nashik,2019,Sugarcane,Kharif,32.11,35.1,1506.0,75.0,Clayey,7.07,196.99,59.17,42.76,Partially Irrigated,45459.46,1459725.72
Nashik,2019,Sunflower,Zaid,41.63,22.2,513.7,41.8,Clayey,6.86,68.37,74.58,53.38,Rainfed,1478.14,61533.44
Nashik,2019,Sunflower,Rabi,18.13,25.4,587.4,82.1,Black,7.12,108.56,48.02,49.99,Partially Irrigated,1591.96,28859.6
Nashik,2019,Sunflower,Zaid,36.1,20.2,382.3,63.8,Laterite,7.12,73.49,55.57,40.65,Rainfed,1002.63,36192.45
Nashik,2019,Sunflower,Kharif,3.54,29.7,376.6,65.4,Black,6.15,79.01,55.41,48.25,Rainfed,982.14,3480.99
Nashik,2019,Wheat,Kharif,32.92,19.2,534.2,60.7,Sandy,5.92,115.22,54.17,52.59,Irrigated,3429.5,112909.37
Nashik,2019,Wheat,Zaid,20.86,17.7,474.6,40.1,Loamy,6.23,156.85,45.23,42.62,Rainfed,2908.04,60661.91
Nashik,2019,Wheat,Kharif,4.58,20.9,584.4,79.7,Red,7.25,95.12,44.2,33.51,Partially Irrigated,2593.4,11887.35
Pune,2019,Bajra,Kharif,14.83,33.5,376.7,88.7,Black,7.09,58.05,57.51,32.42,Partially Irrigated,1906.14,28270.5
Pune,2019,Bajra,Zaid,45.08,29.1,256.5,62.8,Red,7.68,58.98,42.35,28.69,Irrigated,1939.88,87439.95
Pune,2019,Bajra,Rabi,35.07,30.6,450.9,52.0,Loamy,6.97,68.78,27.93,20.57,Partially Irrigated,1572.68,55160.51
Pune,2019,Cotton,Rabi,19.07,28.5,717.4,86.2,Laterite,6.7,103.29,53.64,24.17,Partially Irrigated,2335.83,44532.66
Pune,2019,Groundnut,Kharif,48.23,25.7,536.8,51.3,Loamy,6.53,27.53,64.82,104.55,Partially Irrigated,1912.95,92267.55
Pune,2019,Groundnut,Rabi,49.99,25.3,597.9,82.6,Loamy,6.68,39.14,60.93,93.91,Irrigated,2503.18,125145.95
Pune,2019,Groundnut,Kharif,20.8,25.4,522.9,76.0,Sandy,6.51,24.06,66.93,59.36,Irrigated,2516.89,52357.54
Pune,2019,Maize,Rabi,9.15,28.0,808.7,63.7,Black,6.21,157.32,66.56,75.88,Partially Irrigated,4198.2,38424.02
Pune,2019,Maize,Kharif,39.14,22.3,379.6,70.6,Red,5.58,119.11,37.27,29.27,Partially Irrigated,2392.92,93663.0
Pune,2019,Maize,Kharif,36.43,26.4,588.1,70.6,Red,5.38,91.64,96.67,58.71,Irrigated,5089.53,185418.66
Pune,2019,Rice,Rabi,22.17,30.8,928.5,47.0,Laterite,5.8,57.63,71.98,46.61,Irrigated,3610.23,80021.78
Pune,2019,Rice,Zaid,24.17,22.3,1554.1,55.6,Black,5.9,80.71,30.1,61.29,Rainfed,3340.37,80742.38
Pune,2019,Rice,Kharif,6.6,31.5,1589.0,79.5,Red,6.75,147.92,72.28,19.38,Rainfed,3304.72,21802.69
Pune,2019,Rice,Kharif,29.24,26.8,2267.9,51.3,Black,6.29,130.78,51.25,50.24,Rainfed,4274.26,124989.75
Pune,2019,Rice,Kharif,25.45,31.9,1691.4,49.2,Loamy,5.77,30.06,95.04,37.12,Rainfed,3250.29,82733.11
Pune,2019,Rice,Zaid,8.45,26.6,1976.5,45.4,Loamy,6.42,113.13,23.02,72.79,Rainfed,3785.82,32000.18
Pune,2019,Soybean,Rabi,1.06,23.4,689.3,58.4,Black,7.08,28.5,71.26,50.36,Irrigated,2677.27,2847.28
Pune,2019,Soybean,Kharif,36.51,24.4,257.6,60.8,Red,6.05,36.41,100.1,40.19,Partially Irrigated,2310.71,84352.63
Pune,2019,Soybean,Rabi,37.6,24.8,620.2,83.5,Red,6.79,34.37,47.56,69.98,Rainfed,2019.41,75931.39
Pune,2019,Sugarcane,Kharif,4.23,32.6,2883.3,85.4,Black,6.8,137.1,74.48,129.1,Partially Irrigated,56596.09,239155.96
Pune,2019,Sugarcane,Kharif,2.74,25.8,1565.9,59.1,Clayey,6.1,112.27,104.23,54.56,Rainfed,37848.96,103783.43
Pune,2019,Sugarcane,Zaid,7.93,26.2,1922.3,51.0,Red,6.91,203.95,125.08,84.7,Rainfed,62278.49,493656.54
Pune,2019,Sugarcane,Zaid,46.93,30.5,1591.4,65.8,Clayey,6.09,235.23,115.42,76.8,Rainfed,61554.91,2888610.06
Pune,2019,Sunflower,Rabi,36.86,23.2,365.0,71.9,Black,6.65,65.34,52.14,50.15,Rainfed,1017.93,37522.69
Pune,2019,Sunflower,Zaid,41.66,24.5,487.4,66.0,Laterite,5.62,61.5,31.0,31.87,Rainfed,908.28,37834.46
Pune,2019,Sunflower,Zaid,7.31,16.3,495.1,74.6,Loamy,7.02,20.07,54.84,68.33,Partially Irrigated,1147.45,8385.15
Pune,2019,Sunflower,Kharif,21.26,24.6,427.5,44.7,Clayey,6.68,75.77,88.05,42.25,Irrigated,2058.78,43779.46
Pune,2019,Sunflower,Zaid,34.68,31.2,573.0,43.1,Black,6.14,84.76,55.32,63.33,Irrigated,1702.2,59039.41
Pune,2019,Wheat,Zaid,32.94,19.5,596.0,49.5,Clayey,6.98,154.77,52.96,52.97,Irrigated,4817.56,158697.24
Pune,2019,Wheat,Kharif,3.51,13.0,529.5,59.0,Black,6.49,118.47,63.32,49.81,Irrigated,3155.76,11066.68
Pune,2019,Wheat,Kharif,35.37,15.5,636.9,82.3,Black,6.49,142.37,73.78,31.77,Irrigated,3528.97,124836.98
Sangli,2019,Bajra,Rabi,28.11,27.1,307.7,71.9,Black,6.73,64.65,38.95,40.9,Rainfed,1266.01,35592.37
Sangli,2019,Bajra,Kharif,37.63,26.4,483.0,43.6,Red,7.16,82.82,43.19,32.63,Partially Irrigated,2419.1,91037.18
Sangli,2019,Bajra,Zaid,30.29,32.2,389.1,44.8,Loamy,6.62,47.03,28.63,37.5,Partially Irrigated,1578.16,47797.83
Sangli,2019,Bajra,Kharif,40.75,22.0,409.2,56.8,Laterite,6.85,102.98,45.03,22.28,Irrigated,2108.98,85940.81
Sangli,2019,Cotton,Kharif,12.55,33.0,848.7,55.8,Red,7.85,99.8,61.27,35.22,Irrigated,2935.88,36842.07
Sangli,2019,Cotton,Kharif,1.95,32.8,677.6,52.1,Loamy,6.6,94.07,59.36,56.07,Irrigated,2951.15,5763.38
Sangli,2019,Groundnut,Kharif,35.33,27.7,433.1,69.9,Sandy,5.48,25.11,21.01,63.07,Partially Irrigated,1314.99,46461.7
Sangli,2019,Groundnut,Kharif,13.84,17.3,569.9,81.3,Red,6.12,24.24,50.25,72.51,Partially Irrigated,1405.95,19457.54
Sangli,2019,Groundnut,Zaid,28.34,29.7,473.9,70.5,Sandy,6.87,39.66,40.41,87.33,Irrigated,2845.43,80641.99
Sangli,2019,Groundnut,Rabi,15.77,25.7,687.5,76.3,Black,6.49,20.12,59.98,101.04,Irrigated,2466.07,38884.43
Sangli,2019,Jowar,Zaid,23.94,28.3,531.3,70.2,Laterite,6.45,90.83,40.55,27.82,Partially Irrigated,2117.91,50694.57
Sangli,2019,Jowar,Zaid,20.66,27.7,330.9,87.0,Black,6.78,66.04,29.01,18.96,Rainfed,1365.66,28216.59
Sangli,2019,Jowar,Zaid,8.81,25.4,573.3,55.1,Loamy,8.31,58.33,31.8,36.36,Irrigated,1951.81,17195.8
Sangli,2019,Jowar,Rabi,17.45,25.8,719.0,60.3,Red,6.94,96.39,21.9,19.51,Rainfed,1324.03,23101.89
Sangli,2019,Jowar,Zaid,34.76,27.6,563.1,44.5,Laterite,7.28,69.92,54.94,46.73,Partially Irrigated,2971.63,103302.0
Sangli,2019,Jowar,Rabi,45.89,28.7,602.4,41.6,Clayey,6.43,32.74,19.38,28.01,Irrigated,1557.12,71454.92
Sangli,2019,Jowar,Kharif,30.17,31.3,549.0,78.1,Red,6.82,43.97,45.28,24.59,Rainfed,1384.53,41776.61
Sangli,2019,Maize,Rabi,18.45,25.1,670.7,51.9,Loamy,6.17,85.39,41.11,37.04,Partially Irrigated,3121.06,57579.57
Sangli,2019,Maize,Zaid,42.87,28.9,438.6,42.0,Sandy,7.26,122.93,31.38,41.41,Partially Irrigated,2907.13,124642.37
Sangli,2019,Maize,Kharif,33.53,29.2,490.8,46.8,Laterite,6.82,80.87,38.54,53.81,Rainfed,2763.54,92655.69
Sangli,2019,Rice,Zaid,47.56,18.2,1793.5,82.4,Clayey,4.61,75.46,68.13,49.49,Partially Irrigated,3871.72,184153.31
Sangli,2019,Rice,Kharif,41.38,23.9,1783.7,87.8,Clayey,7.11,60.53,47.9,70.66,Irrigated,5007.2,207199.52
Sangli,2019,Soybean,Zaid,32.74,12.9,601.4,69.3,Red,6.18,31.7,46.79,61.73,Partially Irrigated,1938.57,63474.59
Sangli,2019,Soybean,Kharif,11.61,25.3,588.4,56.7,Black,6.21,22.54,83.79,21.04,Irrigated,1980.5,23001.63
Sangli,2019,Soybean,Kharif,37.69,25.0,470.9,41.4,Sandy,6.97,29.42,73.67,26.96,Irrigated,2238.12,84352.93
Sangli,2019,Soybean,Kharif,49.94,19.9,683.3,51.9,Loamy,7.46,28.64,64.26,54.37,Irrigated,2299.28,114822.99
Sangli,2019,Sunflower,Kharif,10.27,22.4,544.8,80.5,Laterite,7.57,52.99,69.49,32.1,Rainfed,1095.82,11258.44
Sangli,2019,Sunflower,Kharif,15.87,21.7,414.4,55.8,Clayey,7.39,90.35,64.13,29.63,Rainfed,1218.77,19342.09
Sangli,2019,Wheat,Zaid,33.82,13.6,442.9,71.3,Loamy,6.56,85.99,71.97,35.18,Partially Irrigated,2830.89,95735.02
Sangli,2019,Wheat,Zaid,31.08,18.1,567.9,70.4,Clayey,7.43,98.96,64.12,70.28,Partially Irrigated,2870.19,89195.59
Sangli,2019,Wheat,Kharif,49.45,19.7,544.3,56.5,Laterite,5.79,117.7,54.62,49.29,Rainfed,2836.27,140263.31
Sangli,2019,Wheat,Zaid,25.41,21.9,539.2,79.9,Black,6.33,143.53,14.44,43.02,Partially Irrigated,2793.65,70979.35
Sangli,2019,Wheat,Rabi,15.63,24.7,487.4,78.0,Black,7.26,163.66,66.37,47.54,Rainfed,3056.71,47761.61
Satara,2019,Bajra,Zaid,3.73,35.8,616.1,83.5,Clayey,6.39,94.0,35.61,28.12,Rainfed,1524.15,5685.88
Satara,2019,Bajra,Rabi,26.06,27.4,438.7,77.4,Red,8.07,35.31,34.55,34.07,Irrigated,1838.44,47917.96
Satara,2019,Bajra,Rabi,41.52,29.2,614.1,60.1,Clayey,7.38,93.64,33.96,50.08,Partially Irrigated,1996.53,82905.29
Satara,2019,Bajra,Kharif,8.05,32.2,508.5,47.6,Loamy,7.0,45.09,55.44,23.93,Partially Irrigated,1697.93,13668.52
Satara,2019,Bajra,Rabi,47.87,32.3,356.6,79.3,Black,6.83,82.29,37.03,46.82,Partially Irrigated,1809.17,86610.71
Satara,2019,Cotton,Zaid,41.46,31.5,761.8,88.5,Red,6.45,85.29,54.62,33.84,Rainfed,1660.63,68849.5
Satara,2019,Cotton,Zaid,2.82,26.8,574.4,61.6,Sandy,6.77,67.77,31.99,38.61,Partially Irrigated,1646.42,4643.74
Satara,2019,Groundnut,Zaid,24.99,24.7,612.3,46.7,Laterite,5.7,30.54,49.27,71.17,Irrigated,1878.88,46961.49
Satara,2019,Groundnut,Rabi,34.16,29.3,609.1,44.9,Loamy,6.7,16.58,26.93,83.73,Irrigated,1921.76,65651.98
Satara,2019,Groundnut,Zaid,22.68,25.5,632.9,64.9,Sandy,5.54,19.88,42.93,79.81,Irrigated,1889.26,42849.14
Satara,2019,Rice,Zaid,12.11,25.2,1425.9,66.0,Clayey,6.37,53.32,54.96,62.5,Irrigated,5139.28,62217.0
Satara,2019,Rice,Zaid,17.99,29.2,1555.6,70.3,Loamy,6.58,84.5,31.48,43.15,Partially Irrigated,3428.8,61694.09
Satara,2019,Rice,Kharif,39.39,28.4,1499.4,77.1,Loamy,6.75,118.4,39.6,60.28,Irrigated,5074.59,199897.23
Satara,2019,Soybean,Zaid,4.03,20.0,606.2,88.3,Sandy,7.8,41.79,74.92,61.49,Rainfed,2062.96,8309.41
Satara,2019,Soybean,Zaid,44.19,26.2,522.9,46.0,Loamy,5.65,22.0,34.68,60.88,Partially Irrigated,1899.92,83954.17
Satara,2019,Soybean,Rabi,24.71,22.3,535.3,68.0,Red,5.7,35.32,61.36,60.41,Partially Irrigated,2331.81,57622.41
Satara,2019,Soybean,Rabi,32.32,25.5,416.8,75.8,Clayey,6.76,22.41,77.0,35.07,Rainfed,1555.79,50281.09
Satara,2019,Soybean,Zaid,44.44,25.0,359.4,56.4,Red,6.09,28.93,63.45,46.9,Partially Irrigated,1797.05,79868.14
Satara,2019,Sunflower,Zaid,24.84,31.4,695.3,41.1,Black,7.3,45.9,56.83,37.74,Rainfed,782.8,19447.27
Satara,2019,Sunflower,Rabi,27.64,21.2,735.0,72.2,Black,6.45,87.02,48.11,52.18,Irrigated,1179.47,32602.57
Satara,2019,Sunflower,Kharif,10.88,28.3,261.8,60.8,Loamy,6.54,36.75,34.68,33.83,Irrigated,828.95,9015.17
Satara,2019,Wheat,Rabi,10.85,19.1,465.2,49.4,Clayey,7.73,135.56,98.28,48.2,Partially Irrigated,3573.92,38779.03
Satara,2019,Wheat,Kharif,34.59,14.2,438.2,48.9,Loamy,5.81,158.61,70.58,50.15,Irrigated,4350.44,150502.63
Solapur,2019,Bajra,Zaid,26.49,31.6,392.7,53.6,Laterite,6.33,59.49,44.02,21.47,Rainfed,1109.68,29393.67
Solapur,2019,Bajra,Kharif,37.43,28.5,659.2,53.7,Black,7.75,43.37,54.63,46.29,Rainfed,1445.99,54129.3
Solapur,2019,Cotton,Kharif,22.33,22.5,898.6,64.1,Clayey,5.78,83.46,35.21,43.6,Partially Irrigated,1731.27,38660.88
Solapur,2019,Cotton,Rabi,25.96,29.0,1129.3,70.1,Sandy,6.68,95.6,40.65,31.09,Partially Irrigated,1430.16,37133.66
Solapur,2019,Cotton,Kharif,6.54,29.1,897.7,72.7,Sandy,6.97,68.45,44.77,36.5,Irrigated,2005.34,13106.56
Solapur,2019,Cotton,Zaid,25.22,26.1,916.6,45.6,Red,6.88,90.29,43.69,15.48,Partially Irrigated,1421.97,35864.35
Solapur,2019,Groundnut,Kharif,17.09,25.6,548.8,82.9,Clayey,6.52,29.72,59.86,39.84,Partially Irrigated,1525.28,26068.04
Solapur,2019,Groundnut,Kharif,43.62,24.4,819.3,78.3,Laterite,5.76,22.38,39.41,53.16,Irrigated,1654.34,72163.62
Solapur,2019,Groundnut,Zaid,1.59,31.3,847.9,56.7,Clayey,6.28,19.46,75.38,96.01,Partially Irrigated,1597.06,2532.78
Solapur,2019,Jowar,Rabi,16.27,26.6,585.1,40.1,Laterite,7.56,24.99,53.57,29.4,Rainfed,1250.42,20340.57
Solapur,2019,Jowar,Zaid,3.23,26.3,611.6,59.3,Sandy,7.49,56.06,55.25,43.24,Irrigated,3016.88,9742.0
Solapur,2019,Jowar,Zaid,22.97,33.8,499.7,40.6,Clayey,6.22,79.49,32.93,32.28,Irrigated,2588.65,59472.69
Solapur,2019,Maize,Rabi,19.36,15.0,478.6,65.7,Red,5.99,172.67,65.9,64.66,Partially Irrigated,3569.69,69111.0
Solapur,2019,Maize,Zaid,15.38,21.9,465.6,80.7,Laterite,5.61,79.23,42.94,48.99,Partially Irrigated,3095.59,47598.23
Solapur,2019,Maize,Kharif,33.79,18.9,977.8,84.9,Laterite,5.99,141.92,59.39,62.0,Rainfed,3281.6,110872.64
Solapur,2019,Rice,Kharif,21.07,23.6,1737.7,42.7,Black,6.43,171.0,61.48,61.0,Irrigated,7573.3,159561.66
Solapur,2019,Soybean,Zaid,38.55,20.4,577.2,44.4,Laterite,6.44,29.87,108.51,29.24,Irrigated,2965.11,114293.67
Solapur,2019,Soybean,Rabi,26.54,25.1,408.0,47.5,Black,7.44,13.3,76.89,54.24,Partially Irrigated,1506.44,39988.01
Solapur,2019,Sugarcane,Kharif,4.95,25.0,2436.8,52.2,Sandy,6.91,188.42,129.93,99.99,Partially Irrigated,63221.82,312646.78
Solapur,2019,Sugarcane,Rabi,47.24,31.2,1706.9,75.2,Loamy,6.7,179.85,111.99,90.07,Irrigated,69675.71,3291188.91
Solapur,2019,Sunflower,Zaid,33.85,20.2,278.0,85.9,Red,6.77,73.57,22.88,69.33,Rainfed,767.05,25962.49
Solapur,2019,Sunflower,Rabi,47.72,33.4,570.9,76.4,Sandy,6.34,54.97,38.19,38.0,Partially Irrigated,916.46,43736.07
Solapur,2019,Sunflower,Kharif,45.94,23.2,538.3,68.7,Red,6.87,103.46,57.66,41.22,Rainfed,1323.4,60795.84
Solapur,2019,Sunflower,Rabi,41.88,29.3,609.5,58.0,Black,7.04,114.4,23.44,54.67,Partially Irrigated,1122.6,47012.28
Solapur,2019,Wheat,Kharif,43.2,22.6,644.9,77.1,Clayey,7.14,181.17,69.66,73.32,Partially Irrigated,4365.84,188612.19
Solapur,2019,Wheat,Rabi,23.14,19.3,440.6,61.9,Red,6.89,215.44,76.93,37.01,Irrigated,4988.2,115402.14
Wardha,2019,Bajra,Kharif,43.24,34.2,457.7,46.5,Black,7.76,83.01,12.91,39.63,Partially Irrigated,1776.61,76816.96
Wardha,2019,Cotton,Rabi,21.68,30.6,857.7,44.1,Red,6.54,71.6,31.86,17.27,Partially Irrigated,1411.89,30606.66
Wardha,2019,Cotton,Zaid,38.18,23.1,865.1,50.4,Red,8.05,3.59,53.43,46.76,Rainfed,1207.57,46107.2
Wardha,2019,Groundnut,Zaid,2.67,27.6,636.6,60.4,Black,5.33,39.23,32.86,75.05,Partially Irrigated,1730.48,4623.45
Wardha,2019,Jowar,Rabi,32.12,28.0,441.8,71.3,Loamy,7.58,60.18,28.22,34.16,Rainfed,1432.55,46012.88
Wardha,2019,Jowar,Kharif,33.01,27.9,458.1,47.5,Black,7.9,76.14,28.52,37.78,Irrigated,2691.55,88849.01
Wardha,2019,Jowar,Rabi,46.25,26.2,614.4,85.7,Black,7.23,53.5,38.65,28.17,Rainfed,1968.04,91029.37
Wardha,2019,Jowar,Kharif,2.74,32.6,474.2,72.2,Loamy,6.53,80.41,34.56,25.19,Rainfed,1659.34,4546.5
Wardha,2019,Maize,Zaid,14.48,25.8,659.1,45.9,Black,6.32,70.58,48.18,68.7,Partially Irrigated,3613.61,52325.99
Wardha,2019,Maize,Zaid,17.58,20.2,1058.8,58.7,Loamy,5.37,121.89,49.67,71.02,Partially Irrigated,3831.42,67364.68
Wardha,2019,Rice,Zaid,37.97,32.7,1507.9,56.0,Red,6.13,125.62,45.93,40.8,Partially Irrigated,4691.51,178148.74
Wardha,2019,Rice,Rabi,13.0,22.3,1858.5,70.3,Laterite,5.5,100.69,38.68,41.98,Irrigated,3276.18,42577.57
Wardha,2019,Rice,Kharif,24.33,20.5,1691.3,74.4,Black,6.48,136.9,46.66,47.45,Partially Irrigated,4991.11,121442.44
Wardha,2019,Rice,Zaid,10.78,28.1,1495.6,83.4,Sandy,5.8,77.64,59.73,72.82,Partially Irrigated,4386.98,47284.16
Wardha,2019,Soybean,Zaid,10.06,24.7,599.8,52.2,Loamy,7.32,25.08,88.91,45.18,Irrigated,2486.99,25008.96
Wardha,2019,Sugarcane,Zaid,48.56,31.4,1401.7,61.2,Black,5.94,178.92,78.58,139.27,Partially Irrigated,69159.98,3358597.66
Wardha,2019,Sugarcane,Kharif,32.43,26.7,1713.6,41.1,Laterite,7.01,118.61,74.35,119.08,Partially Irrigated,52660.53,1707554.78
Wardha,2019,Sugarcane,Rabi,40.51,41.2,2380.4,44.5,Laterite,6.26,146.19,66.3,70.84,Rainfed,28373.22,1149511.5
Wardha,2019,Wheat,Rabi,20.92,21.8,449.2,54.7,Loamy,7.7,134.18,62.0,52.29,Rainfed,3078.39,64409.06
Wardha,2019,Wheat,Rabi,12.27,16.0,521.1,45.2,Loamy,6.85,158.55,56.57,58.06,Partially Irrigated,4054.34,49761.18
Wardha,2019,Wheat,Zaid,16.16,23.7,584.8,58.8,Laterite,6.69,64.27,50.06,15.91,Irrigated,1797.47,29038.75
Yavatmal,2019,Bajra,Kharif,28.3,30.8,614.2,56.2,Red,7.77,58.54,60.94,37.74,Partially Irrigated,2179.96,61682.73
Yavatmal,2019,Bajra,Rabi,16.19,24.3,415.9,70.4,Laterite,7.37,76.88,56.79,27.74,Rainfed,1744.46,28250.95
Yavatmal,2019,Cotton,Kharif,44.32,23.4,874.7,81.6,Clayey,7.65,57.65,65.58,64.35,Irrigated,2795.65,123915.27
Yavatmal,2019,Groundnut,Zaid,10.66,21.9,610.1,48.3,Sandy,6.73,51.12,57.84,74.34,Partially Irrigated,2542.1,27100.16
Yavatmal,2019,Groundnut,Rabi,4.44,31.1,638.0,82.3,Sandy,6.22,29.9,77.7,76.68,Rainfed,1944.82,8626.82
Yavatmal,2019,Groundnut,Kharif,26.46,28.0,867.6,47.9,Sandy,6.4,27.82,58.64,65.81,Partially Irrigated,2006.8,53107.49
Yavatmal,2019,Groundnut,Kharif,47.02,27.7,798.7,69.1,Sandy,7.04,38.21,20.27,68.04,Irrigated,2362.7,111091.57
Yavatmal,2019,Groundnut,Rabi,38.19,27.3,571.3,40.7,Laterite,6.61,12.01,49.56,52.51,Irrigated,1769.4,67581.71
Yavatmal,2019,Jowar,Zaid,34.76,30.2,497.4,56.7,Clayey,6.76,94.42,46.08,35.07,Irrigated,3585.16,124625.17
Yavatmal,2019,Jowar,Kharif,32.08,30.6,629.1,45.1,Loamy,7.21,28.77,64.91,28.36,Rainfed,1761.07,56500.58
Yavatmal,2019,Jowar,Kharif,13.4,27.5,427.6,75.3,Black,7.24,61.56,17.29,23.47,Partially Irrigated,1900.97,25470.16
Yavatmal,2019,Jowar,Rabi,48.24,20.8,761.1,81.6,Black,6.75,76.78,26.24,32.27,Rainfed,1563.0,75393.44
Yavatmal,2019,Jowar,Kharif,19.33,28.0,302.8,49.3,Sandy,7.34,50.4,48.89,20.74,Rainfed,1295.36,25045.23
Yavatmal,2019,Jowar,Kharif,2.08,32.4,406.2,61.2,Loamy,7.06,75.72,24.29,35.97,Partially Irrigated,1717.56,3578.57
Yavatmal,2019,Jowar,Rabi,16.12,22.8,361.6,40.9,Red,6.53,77.03,50.88,28.69,Partially Irrigated,1809.57,29165.53
Yavatmal,2019,Maize,Zaid,26.65,21.1,478.0,53.9,Sandy,6.84,136.07,38.74,49.33,Rainfed,2557.25,68162.42
Yavatmal,2019,Maize,Kharif,19.3,24.7,925.8,61.5,Loamy,5.78,41.68,66.93,36.62,Irrigated,3152.17,60836.82
Yavatmal,2019,Maize,Zaid,38.37,30.1,698.6,43.8,Laterite,5.81,119.79,66.9,27.7,Rainfed,2667.79,102376.39
Yavatmal,2019,Rice,Rabi,15.36,30.4,1462.0,47.3,Laterite,5.74,67.3,51.37,58.74,Irrigated,4323.43,66392.54
Yavatmal,2019,Rice,Zaid,26.32,25.8,1976.0,53.5,Sandy,6.98,72.74,58.11,39.58,Irrigated,3970.12,104483.95
Yavatmal,2019,Rice,Zaid,29.39,31.1,1652.6,76.6,Sandy,6.17,56.11,50.62,55.48,Irrigated,4693.83,137950.57
Yavatmal,2019,Rice,Zaid,32.44,33.2,473.5,83.7,Sandy,6.25,93.29,34.12,55.91,Irrigated,2795.13,90687.61
Yavatmal,2019,Soybean,Kharif,39.45,26.0,645.2,61.1,Sandy,6.43,34.04,60.61,36.54,Rainfed,1887.58,74472.91
Yavatmal,2019,Soybean,Kharif,35.77,27.1,593.8,80.9,Loamy,6.56,39.76,95.38,34.48,Irrigated,3181.82,113803.66
Yavatmal,2019,Soybean,Zaid,37.14,22.4,684.0,75.8,Clayey,6.25,40.08,77.48,50.84,Partially Irrigated,2782.85,103363.32
Yavatmal,2019,Soybean,Kharif,44.69,25.7,641.6,65.9,Red,6.59,38.93,63.19,36.37,Partially Irrigated,2319.53,103649.81
Yavatmal,2019,Soybean,Rabi,18.13,24.1,583.6,81.2,Red,6.74,10.37,53.75,34.46,Rainfed,1164.69,21118.96
Yavatmal,2019,Soybean,Rabi,48.45,23.2,526.4,55.8,Black,5.56,27.2,67.95,55.37,Partially Irrigated,2066.17,100115.87
Yavatmal,2019,Sugarcane,Zaid,35.96,29.7,2012.8,49.2,Laterite,6.72,232.23,67.54,139.6,Irrigated,102172.39,3674191.51
Yavatmal,2019,Sugarcane,Kharif,48.72,35.8,2447.7,44.5,Red,6.82,228.97,22.62,112.86,Rainfed,37543.14,1829283.4
Yavatmal,2019,Sugarcane,Kharif,31.18,28.4,2326.7,49.6,Clayey,6.28,235.45,63.35,88.18,Rainfed,61093.09,1905020.63
Yavatmal,2019,Sugarcane,Kharif,16.11,27.7,1856.8,53.0,Sandy,7.77,306.12,69.79,86.28,Irrigated,93890.72,1512426.75
Yavatmal,2019,Sugarcane,Rabi,34.72,34.9,2707.4,69.2,Sandy,7.16,234.51,118.88,66.13,Irrigated,66966.48,2325324.58
Yavatmal,2019,Sugarcane,Kharif,46.22,27.4,2754.2,69.2,Loamy,6.76,161.42,67.22,74.49,Irrigated,52769.99,2438811.43
Yavatmal,2019,Sunflower,Zaid,31.33,28.7,438.3,71.5,Loamy,6.69,69.56,62.24,30.38,Partially Irrigated,1188.47,37232.98
Yavatmal,2019,Sunflower,Kharif,43.03,25.9,610.3,65.4,Black,6.4,100.63,49.35,46.62,Irrigated,1716.65,73863.59
Yavatmal,2019,Sunflower,Zaid,2.31,24.5,456.4,81.6,Laterite,6.65,39.66,31.38,56.58,Rainfed,931.19,2152.16
Yavatmal,2019,Sunflower,Zaid,31.3,15.8,448.8,63.8,Laterite,7.3,74.14,54.04,44.82,Partially Irrigated,1155.15,36160.98
Yavatmal,2019,Sunflower,Kharif,40.82,32.3,360.7,45.1,Loamy,6.73,58.61,54.17,61.13,Irrigated,1411.81,57627.77
Yavatmal,2019,Sunflower,Zaid,25.94,22.6,684.6,66.9,Red,6.44,38.37,41.14,46.12,Partially Irrigated,924.08,23974.64
Yavatmal,2019,Sunflower,Rabi,45.2,26.0,595.9,65.3,Sandy,6.8,117.0,44.16,53.51,Rainfed,1262.12,57043.65
Ahmednagar,2020,Bajra,Kharif,2.66,34.2,371.5,53.9,Black,6.91,48.21,45.34,30.13,Rainfed,1242.06,3303.97
Ahmednagar,2020,Bajra,Kharif,11.77,30.0,418.0,76.3,Loamy,7.88,46.3,25.02,27.89,Partially Irrigated,1157.79,13625.45
Ahmednagar,2020,Bajra,Zaid,30.18,26.1,660.8,74.6,Loamy,7.65,72.66,57.62,30.1,Rainfed,1194.62,36054.94
Ahmednagar,2020,Bajra,Zaid,26.5,30.0,608.5,54.9,Red,7.56,71.5,30.71,24.31,Irrigated,2129.3,56425.12
Ahmednagar,2020,Bajra,Kharif,35.44,26.6,500.8,63.7,Black,6.53,67.34,34.18,32.98,Irrigated,1749.03,61986.19
Ahmednagar,2020,Cotton,Rabi,49.16,35.4,977.2,88.8,Black,7.61,68.16,52.66,37.76,Rainfed,1454.91,71529.75
Ahmednagar,2020,Cotton,Zaid,13.89,26.7,921.0,84.6,Sandy,6.33,72.6,15.59,23.42,Partially Irrigated,1105.49,15356.21
Ahmednagar,2020,Cotton,Zaid,28.15,37.1,900.4,48.9,Red,7.37,65.66,22.05,39.85,Partially Irrigated,1134.51,31941.34
Ahmednagar,2020,Cotton,Zaid,2.64,29.2,1064.3,56.3,Laterite,7.67,77.11,23.92,34.17,Partially Irrigated,1313.83,3465.21
Ahmednagar,2020,Cotton,Kharif,11.21,36.3,548.2,83.7,Laterite,7.48,91.01,61.66,37.4,Partially Irrigated,2098.83,23525.27
Ahmednagar,2020,Cotton,Rabi,12.17,31.8,914.4,43.7,Red,6.93,57.44,56.15,38.78,Irrigated,2305.36,28060.17
Ahmednagar,2020,Cotton,Kharif,29.99,33.5,585.8,72.8,Black,6.67,122.71,47.05,31.94,Rainfed,1742.28,52251.45
Ahmednagar,2020,Cotton,Zaid,38.81,33.6,878.9,57.7,Clayey,5.76,98.74,38.59,47.77,Rainfed,1481.52,57491.98
Ahmednagar,2020,Groundnut,Zaid,18.8,29.0,617.3,80.4,Black,6.63,45.22,43.16,90.27,Partially Irrigated,2551.2,47963.44
Ahmednagar,2020,Groundnut,Kharif,7.01,27.2,745.3,76.7,Loamy,6.46,29.8,49.87,50.1,Partially Irrigated,1764.04,12359.84
Ahmednagar,2020,Groundnut,Rabi,28.38,18.9,642.8,49.3,Black,6.5,28.25,69.09,74.57,Irrigated,2223.99,63106.58
Ahmednagar,2020,Groundnut,Zaid,11.93,25.3,363.0,46.3,Clayey,6.61,33.33,28.78,49.98,Partially Irrigated,1396.11,16650.5
Ahmednagar,2020,Groundnut,Rabi,5.5,22.5,470.7,62.5,Laterite,6.08,18.84,45.96,83.95,Partially Irrigated,1546.84,8508.68
Ahmednagar,2020,Groundnut,Zaid,22.06,29.3,636.2,72.1,Loamy,6.36,24.23,73.47,59.02,Irrigated,2291.75,50566.19
Ahmednagar,2020,Groundnut,Zaid,6.87,32.1,605.6,64.6,Black,6.79,35.79,42.97,50.38,Partially Irrigated,1833.61,12589.62
Ahmednagar,2020,Groundnut,Rabi,3.89,34.8,291.4,79.5,Black,7.08,32.2,67.17,83.45,Irrigated,2079.79,8081.53
Ahmednagar,2020,Jowar,Kharif,3.73,32.3,647.1,66.1,Black,6.74,67.78,37.27,7.85,Rainfed,1253.07,4676.11
Ahmednagar,2020,Jowar,Rabi,18.1,32.3,579.4,66.4,Black,7.06,27.68,26.15,36.3,Rainfed,1244.19,22523.56
Ahmednagar,2020,Jowar,Zaid,16.65,28.2,612.8,42.7,Loamy,6.29,69.25,43.13,18.64,Partially Irrigated,1794.98,29881.63
Ahmednagar,2020,Jowar,Zaid,46.96,33.6,611.9,61.5,Clayey,7.44,42.37,46.23,24.28,Irrigated,2034.06,95528.84
Ahmednagar,2020,Jowar,Zaid,33.38,28.1,416.0,79.1,Sandy,6.7,98.47,50.68,40.8,Partially Irrigated,2877.62,96065.75
Ahmednagar,2020,Jowar,Zaid,10.1,31.7,527.8,58.1,Black,7.02,73.44,51.78,29.24,Partially Irrigated,2736.23,27637.65
Ahmednagar,2020,Maize,Zaid,27.73,26.9,988.2,44.1,Clayey,6.47,86.03,34.49,50.19,Irrigated,2804.79,77786.72
Ahmednagar,2020,Maize,Zaid,8.86,28.3,405.3,67.5,Red,6.15,126.0,30.41,64.39,Partially Irrigated,3437.92,30454.15
Ahmednagar,2020,Maize,Kharif,14.16,24.0,734.8,67.8,Sandy,6.32,135.42,58.08,61.87,Irrigated,6280.15,88913.03
Ahmednagar,2020,Rice,Kharif,37.12,32.3,1110.0,72.3,Sandy,5.57,65.12,38.8,46.41,Rainfed,2423.18,89957.4
Ahmednagar,2020,Rice,Kharif,34.51,26.7,1256.4,53.3,Black,6.13,59.71,23.61,50.43,Rainfed,2750.04,94902.69
Ahmednagar,2020,Rice,Zaid,36.87,23.5,1055.4,47.0,Laterite,6.83,117.23,47.92,55.57,Irrigated,4844.56,178623.96
Ahmednagar,2020,Rice,Zaid,29.4,32.1,979.4,41.9,Black,5.79,87.73,41.3,29.99,Rainfed,2524.2,74199.03
Ahmednagar,2020,Soybean,Kharif,17.28,21.5,599.6,86.8,Loamy,6.52,26.56,80.34,86.1,Irrigated,3347.45,57829.24
Ahmednagar,2020,Soybean,Kharif,17.4,23.6,433.8,75.4,Laterite,6.65,32.3,28.27,87.57,Rainfed,2200.66,38292.57
Ahmednagar,2020,Soybean,Rabi,7.11,31.5,511.2,86.2,Loamy,6.81,28.16,84.97,55.08,Irrigated,2305.37,16381.07
Ahmednagar,2020,Soybean,Zaid,48.77,24.4,744.1,63.9,Loamy,6.6,20.46,58.02,45.2,Rainfed,1449.39,70691.65
Ahmednagar,2020,Sugarcane,Kharif,28.67,23.4,2453.9,48.8,Sandy,6.65,185.46,60.15,117.6,Rainfed,51947.23,1489416.55
Ahmednagar,2020,Sugarcane,Rabi,21.25,31.3,1372.9,88.3,Loamy,6.46,106.57,101.05,84.76,Partially Irrigated,49947.05,1061618.2
Ahmednagar,2020,Sunflower,Kharif,5.84,27.7,525.3,67.4,Laterite,6.68,64.48,32.88,73.5,Irrigated,1836.47,10718.17
Ahmednagar,2020,Sunflower,Kharif,10.28,23.7,674.6,63.6,Clayey,7.56,56.73,55.31,52.98,Irrigated,1326.75,13633.53
Ahmednagar,2020,Wheat,Rabi,49.21,17.5,337.0,84.6,Sandy,7.15,132.73,56.67,26.11,Partially Irrigated,2320.26,114175.88
Ahmednagar,2020,Wheat,Rabi,49.82,17.6,467.6,42.1,Sandy,6.8,131.07,62.73,42.38,Irrigated,3241.66,161486.61
Akola,2020,Bajra,Kharif,12.19,26.3,322.4,45.8,Clayey,6.81,47.76,50.57,29.13,Rainfed,1089.21,13280.54
Akola,2020,Cotton,Kharif,29.69,30.3,842.4,81.0,Clayey,7.46,97.19,56.32,49.95,Rainfed,2041.03,60600.8
Akola,2020,Cotton,Zaid,1.71,28.4,712.1,53.5,Sandy,7.88,88.05,50.75,64.69,Partially Irrigated,2286.68,3910.5
Akola,2020,Groundnut,Zaid,34.4,26.5,595.3,81.5,Black,6.83,45.68,56.16,44.07,Irrigated,2219.22,76345.68
Akola,2020,Groundnut,Zaid,24.81,20.5,822.2,73.5,Clayey,6.7,23.83,43.24,125.88,Irrigated,1800.2,44668.48
Akola,2020,Jowar,Zaid,15.79,29.5,599.5,61.9,Laterite,7.0,49.77,30.64,37.93,Rainfed,1736.77,27420.54
Akola,2020,Jowar,Kharif,39.12,30.9,425.0,61.5,Red,6.89,81.89,42.57,32.37,Irrigated,2602.46,101799.51
Akola,2020,Jowar,Zaid,24.66,33.6,301.4,45.1,Laterite,7.64,53.65,44.46,28.08,Irrigated,1971.72,48627.2
Akola,2020,Jowar,Rabi,29.76,29.9,507.1,85.8,Loamy,6.82,78.89,43.35,20.29,Rainfed,1862.87,55444.8
Akola,2020,Jowar,Zaid,25.74,22.1,518.5,67.8,Laterite,5.99,17.03,37.97,21.02,Partially Irrigated,1209.31,31122.46
Akola,2020,Maize,Rabi,6.44,21.9,1025.4,72.1,Red,5.6,118.65,25.85,69.43,Irrigated,3154.44,20301.5
Akola,2020,Maize,Kharif,8.75,27.0,638.0,84.2,Laterite,5.62,68.58,54.82,47.78,Irrigated,4443.13,38865.23
Akola,2020,Rice,Zaid,18.41,30.2,622.7,43.3,Clayey,6.37,54.09,21.99,38.53,Irrigated,2662.65,49026.79
Akola,2020,Rice,Kharif,10.75,29.6,1622.2,69.0,Laterite,5.84,67.65,44.83,59.89,Irrigated,4759.06,51152.96
Akola,2020,Rice,Kharif,23.66,34.6,1281.3,75.7,Clayey,6.57,115.38,65.27,44.85,Partially Irrigated,3917.87,92715.22
Akola,2020,Soybean,Kharif,22.07,28.2,569.5,42.7,Red,6.81,21.69,37.61,57.22,Partially Irrigated,1709.08,37721.42
Akola,2020,Soybean,Zaid,32.18,17.7,671.4,45.7,Sandy,6.29,49.4,47.67,51.65,Irrigated,3133.26,100825.33
Akola,2020,Soybean,Rabi,17.39,25.9,526.2,51.2,Clayey,6.76,41.37,90.42,44.12,Partially Irrigated,2980.99,51843.44
Akola,2020,Sugarcane,Zaid,4.12,31.3,2542.1,59.0,Laterite,6.83,176.23,70.93,39.54,Irrigated,56704.02,233759.1
Akola,2020,Sugarcane,Kharif,2.14,27.7,1936.2,44.2,Black,6.65,270.7,76.43,97.37,Rainfed,67827.03,145478.86
Akola,2020,Sugarcane,Kharif,2.98,24.5,2950.4,82.1,Red,6.62,230.78,63.54,130.74,Partially Irrigated,52462.27,156246.54
Akola,2020,Sugarcane,Kharif,1.38,27.4,2219.7,66.0,Red,7.46,115.41,74.3,87.49,Partially Irrigated,42294.4,58271.2
Akola,2020,Sunflower,Zaid,46.8,30.1,570.9,67.1,Loamy,6.36,48.82,23.76,68.82,Rainfed,818.94,38323.27
Akola,2020,Sunflower,Zaid,13.77,28.8,602.5,49.5,Red,7.17,111.39,53.01,22.24,Partially Irrigated,1291.94,17784.59
Akola,2020,Wheat,Kharif,37.51,18.0,524.0,50.1,Loamy,7.04,122.47,74.32,58.1,Partially Irrigated,3677.21,137949.61
Akola,2020,Wheat,Rabi,39.33,20.0,673.3,57.5,Black,6.52,110.03,44.21,66.65,Irrigated,3978.72,156491.84
Akola,2020,Wheat,Rabi,46.36,17.0,287.9,77.6,Black,7.18,124.28,69.44,80.14,Rainfed,2851.91,132212.59
Amravati,2020,Bajra,Rabi,47.6,35.4,492.0,61.5,Red,7.76,57.75,36.97,33.44,Partially Irrigated,1539.7,73285.79
Amravati,2020,Bajra,Rabi,22.34,27.2,414.4,86.8,Clayey,7.37,71.82,30.73,27.1,Irrigated,2201.57,49184.96
Amravati,2020,Bajra,Rabi,18.05,31.4,716.9,62.0,Laterite,7.83,84.11,24.68,12.75,Rainfed,1110.72,20051.71
Amravati,2020,Cotton,Zaid,5.8,34.6,900.7,81.8,Loamy,6.85,81.15,39.68,45.48,Partially Irrigated,1761.12,10217.57
Amravati,2020,Cotton,Rabi,3.26,31.3,341.7,40.6,Laterite,7.46,84.21,34.1,48.29,Rainfed,1485.1,4835.44
Amravati,2020,Groundnut,Kharif,23.03,29.7,505.6,85.0,Sandy,6.76,23.34,46.83,46.34,Irrigated,1896.95,43688.9
Amravati,2020,Groundnut,Kharif,2.13,23.6,739.5,51.1,Loamy,5.54,36.66,61.56,8.67,Rainfed,1409.91,3001.54
Amravati,2020,Jowar,Rabi,49.28,30.3,219.3,82.4,Clayey,6.0,65.65,27.85,30.56,Rainfed,1137.03,56035.89
Amravati,2020,Jowar,Kharif,15.85,28.1,322.7,47.8,Loamy,7.72,65.33,41.23,16.7,Irrigated,1993.66,31593.02
Amravati,2020,Jowar,Rabi,48.12,24.3,507.0,65.9,Sandy,7.06,80.29,43.77,44.61,Rainfed,2263.42,108912.73
Amravati,2020,Jowar,Zaid,4.22,27.9,791.6,89.8,Red,7.5,42.93,30.17,27.93,Rainfed,1224.15,5166.36
Amravati,2020,Jowar,Zaid,46.98,25.3,405.8,80.5,Laterite,7.35,59.75,30.11,26.49,Rainfed,1505.96,70748.37
Amravati,2020,Maize,Zaid,6.92,21.7,624.8,45.8,Clayey,6.57,110.3,55.93,64.59,Irrigated,4999.56,34588.73
Amravati,2020,Rice,Kharif,6.8,32.1,1385.9,59.2,Laterite,7.19,146.3,42.67,33.21,Partially Irrigated,3775.27,25666.06
Amravati,2020,Rice,Rabi,40.77,29.3,1362.1,55.6,Sandy,6.57,109.48,40.65,56.5,Irrigated,5748.85,234380.22
Amravati,2020,Rice,Zaid,32.68,21.2,1812.0,42.1,Sandy,6.05,88.96,31.6,53.81,Rainfed,2657.34,86839.71
Amravati,2020,Soybean,Kharif,17.18,27.3,946.1,53.3,Loamy,6.99,9.79,90.57,86.99,Partially Irrigated,1985.1,34098.5
Amravati,2020,Sugarcane,Zaid,21.01,28.6,1185.0,89.3,Sandy,7.36,216.15,111.79,114.61,Partially Irrigated,64647.0,1358295.43
Amravati,2020,Sugarcane,Rabi,29.86,30.6,2680.4,59.9,Clayey,6.95,179.41,75.0,81.6,Irrigated,64079.64,1913369.67
Amravati,2020,Sugarcane,Kharif,20.07,31.7,1053.3,89.2,Red,6.95,225.82,99.78,103.32,Partially Irrigated,64866.32,1301883.75
Amravati,2020,Sugarcane,Zaid,28.91,31.4,2932.6,71.5,Loamy,6.87,163.74,69.48,62.78,Rainfed,36639.56,1059295.41
Amravati,2020,Sugarcane,Zaid,9.44,32.5,2783.1,57.3,Sandy,6.25,247.36,74.31,119.37,Rainfed,57404.28,542137.42
Amravati,2020,Sunflower,Rabi,46.64,27.6,468.7,89.1,Black,7.27,92.73,62.54,65.68,Rainfed,1338.41,62426.67
Amravati,2020,Sunflower,Rabi,33.62,33.8,549.0,56.9,Sandy,6.84,100.11,48.47,37.36,Partially Irrigated,1292.05,43442.1
Amravati,2020,Sunflower,Rabi,10.46,25.6,524.4,88.4,Loamy,7.63,75.89,32.83,42.97,Partially Irrigated,1144.18,11965.53
Amravati,2020,Sunflower,Zaid,45.83,23.9,504.4,60.6,Loamy,6.67,62.81,40.42,33.8,Irrigated,1474.27,67560.05
Amravati,2020,Sunflower,Zaid,27.91,23.4,409.4,79.5,Red,6.89,101.3,73.3,33.6,Irrigated,1665.96,46492.53
Amravati,2020,Sunflower,Kharif,36.69,26.6,478.8,70.6,Red,7.79,78.6,37.0,58.04,Rainfed,1199.31,44000.23
Amravati,2020,Sunflower,Kharif,13.37,29.3,555.8,67.0,Black,6.45,99.98,50.41,39.88,Partially Irrigated,1161.63,15529.03
Amravati,2020,Sunflower,Kharif,21.22,23.5,458.4,61.0,Laterite,6.75,80.18,63.93,63.45,Partially Irrigated,1825.38,38728.84
Amravati,2020,Wheat,Zaid,19.78,18.8,350.7,42.4,Sandy,6.96,140.68,28.03,65.96,Rainfed,2628.7,51989.24
Aurangabad,2020,Bajra,Kharif,45.66,27.9,543.9,42.8,Red,7.2,48.88,37.96,33.09,Partially Irrigated,1610.51,73542.52
Aurangabad,2020,Bajra,Rabi,13.26,28.6,536.8,67.3,Sandy,6.99,73.02,29.5,34.99,Partially Irrigated,2048.25,27160.77
Aurangabad,2020,Bajra,Kharif,16.06,27.1,487.8,66.6,Black,7.14,66.17,37.26,24.6,Partially Irrigated,1582.99,25428.6
Aurangabad,2020,Cotton,Kharif,41.67,27.9,679.9,55.7,Clayey,6.73,109.84,23.28,32.3,Partially Irrigated,1796.5,74860.0
Aurangabad,2020,Groundnut,Kharif,7.38,24.0,609.0,42.5,Red,6.32,33.84,33.11,75.06,Partially Irrigated,1824.97,13469.18
Aurangabad,2020,Groundnut,Rabi,15.04,32.4,426.5,85.4,Red,6.62,15.98,65.93,72.26,Partially Irrigated,1382.85,20796.69
Aurangabad,2020,Groundnut,Kharif,13.65,27.6,314.6,69.1,Black,6.09,50.39,72.15,81.56,Partially Irrigated,2317.51,31633.01
Aurangabad,2020,Groundnut,Kharif,10.08,24.3,677.7,69.7,Laterite,5.5,17.31,46.73,74.91,Irrigated,1783.27,17969.38
Aurangabad,2020,Jowar,Rabi,7.81,28.7,499.7,47.9,Loamy,7.43,84.01,46.05,24.98,Rainfed,1986.43,15509.51
Aurangabad,2020,Jowar,Kharif,26.65,23.2,426.2,77.8,Red,7.29,70.38,26.55,26.4,Partially Irrigated,1905.36,50771.61
Aurangabad,2020,Jowar,Kharif,32.74,20.2,625.2,56.5,Sandy,6.83,54.54,36.17,28.99,Partially Irrigated,1522.58,49849.47
Aurangabad,2020,Jowar,Zaid,46.16,24.6,656.4,43.5,Laterite,6.5,50.03,48.34,38.16,Partially Irrigated,1891.5,87305.29
Aurangabad,2020,Jowar,Kharif,30.35,28.3,468.5,55.5,Laterite,7.18,68.62,63.28,20.58,Partially Irrigated,2084.21,63257.12
Aurangabad,2020,Jowar,Rabi,36.33,32.2,485.8,86.2,Clayey,7.04,65.7,39.47,34.27,Irrigated,2944.09,106973.09
Aurangabad,2020,Jowar,Rabi,20.83,24.3,569.0,41.5,Loamy,6.62,53.3,36.39,34.84,Partially Irrigated,1962.88,40877.75
Aurangabad,2020,Maize,Rabi,23.52,16.2,899.2,42.2,Laterite,6.4,63.04,56.72,55.57,Rainfed,2014.4,47386.01
Aurangabad,2020,Maize,Kharif,3.2,21.6,853.1,63.9,Black,6.4,116.0,45.25,49.66,Rainfed,2494.54,7994.6
Aurangabad,2020,Maize,Kharif,49.17,25.6,795.4,58.3,Sandy,6.32,135.09,19.88,58.54,Partially Irrigated,3335.95,164031.58
Aurangabad,2020,Maize,Kharif,38.84,25.0,302.2,42.5,Red,7.49,130.83,47.74,46.31,Rainfed,2715.02,105455.79
Aurangabad,2020,Maize,Rabi,43.39,25.0,627.0,79.1,Red,6.78,78.49,50.38,47.54,Rainfed,3295.26,142972.15
Aurangabad,2020,Rice,Kharif,23.85,32.0,1422.9,71.3,Loamy,6.48,104.18,86.16,57.37,Partially Irrigated,4930.64,117592.39
Aurangabad,2020,Rice,Kharif,2.48,24.1,2025.0,60.9,Red,5.92,170.16,58.6,72.24,Partially Irrigated,4260.28,10567.62
Aurangabad,2020,Soybean,Rabi,26.42,17.2,663.7,52.2,Laterite,7.64,28.07,71.0,35.59,Irrigated,2055.3,54299.79
Aurangabad,2020,Soybean,Kharif,37.64,24.8,536.3,52.9,Black,6.18,49.26,104.98,60.96,Partially Irrigated,3405.63,128199.32
Aurangabad,2020,Soybean,Rabi,42.91,30.0,706.8,64.9,Red,6.45,42.54,59.02,47.18,Partially Irrigated,1917.09,82253.92
Aurangabad,2020,Sugarcane,Kharif,24.18,32.3,1842.5,49.1,Laterite,7.91,134.83,110.85,101.64,Partially Irrigated,56283.19,1361036.88
Aurangabad,2020,Sugarcane,Kharif,22.29,27.8,2231.7,65.0,Sandy,6.81,152.89,113.01,176.33,Rainfed,78357.24,1746633.96
Aurangabad,2020,Sunflower,Rabi,19.83,33.8,327.7,78.0,Black,6.71,71.71,70.96,96.31,Rainfed,1058.49,20987.38
Aurangabad,2020,Sunflower,Rabi,42.3,27.4,486.5,88.4,Sandy,6.68,96.22,59.15,67.18,Rainfed,1340.68,56715.54
Aurangabad,2020,Sunflower,Kharif,9.31,18.0,388.0,68.4,Loamy,5.66,55.14,55.64,65.92,Partially Irrigated,1172.77,10915.8
Aurangabad,2020,Wheat,Rabi,21.33,24.0,327.9,86.5,Loamy,7.34,140.12,42.6,38.06,Irrigated,3282.29,70027.36
Aurangabad,2020,Wheat,Zaid,22.1,19.9,118.7,73.0,Red,7.72,111.7,43.71,24.05,Irrigated,2197.78,48565.3
Aurangabad,2020,Wheat,Kharif,22.87,22.0,589.1,78.5,Clayey,7.95,150.37,43.43,54.75,Partially Irrigated,2850.38,65174.25
Dhule,2020,Bajra,Rabi,7.46,23.7,449.7,79.9,Loamy,7.08,32.76,49.86,31.12,Rainfed,1373.66,10248.51
Dhule,2020,Bajra,Kharif,34.46,28.9,377.7,68.7,Sandy,7.44,86.87,58.19,44.3,Rainfed,1715.68,59114.61
Dhule,2020,Bajra,Zaid,37.14,29.4,520.6,44.3,Laterite,7.18,51.53,27.99,34.75,Partially Irrigated,1541.68,57261.7
Dhule,2020,Bajra,Rabi,7.11,24.3,779.1,82.8,Black,6.99,92.24,54.86,30.87,Rainfed,1139.4,8096.48
Dhule,2020,Cotton,Kharif,22.5,36.7,396.0,69.1,Black,6.78,99.45,43.13,55.25,Rainfed,1592.99,35837.21
Dhule,2020,Cotton,Rabi,40.84,32.9,935.2,63.0,Laterite,7.43,99.8,41.46,23.84,Rainfed,1672.45,68303.92
Dhule,2020,Cotton,Kharif,48.41,29.7,573.5,74.7,Sandy,7.33,75.06,32.64,68.36,Irrigated,2269.62,109870.52
Dhule,2020,Jowar,Kharif,4.26,27.0,341.7,45.9,Laterite,6.9,37.73,34.96,11.33,Rainfed,972.44,4144.57
Dhule,2020,Jowar,Zaid,14.83,26.5,263.9,80.8,Red,6.43,38.89,54.23,32.17,Partially Irrigated,1661.7,24646.6
Dhule,2020,Maize,Rabi,12.99,19.2,554.4,40.1,Laterite,6.32,103.63,60.24,36.66,Rainfed,2930.19,38052.82
Dhule,2020,Maize,Zaid,2.59,20.8,635.5,71.5,Red,7.1,112.72,58.17,48.92,Rainfed,2900.52,7525.95
Dhule,2020,Maize,Zaid,26.24,33.2,563.2,54.4,Red,6.01,86.07,15.75,56.37,Irrigated,2675.07,70184.25
Dhule,2020,Rice,Zaid,39.29,22.5,1498.8,55.8,Loamy,7.12,130.1,24.35,55.41,Partially Irrigated,4023.81,158081.19
Dhule,2020,Rice,Kharif,5.45,29.1,1887.7,46.4,Black,6.69,66.88,56.38,55.56,Rainfed,3409.95,18578.15
Dhule,2020,Rice,Kharif,37.12,29.0,1488.9,42.8,Laterite,5.34,92.65,41.58,54.9,Irrigated,4943.72,183502.6
Dhule,2020,Rice,Kharif,21.98,30.2,2340.2,84.8,Sandy,6.76,125.15,52.03,55.62,Partially Irrigated,3662.19,80508.52
Dhule,2020,Soybean,Kharif,44.25,29.4,444.6,72.0,Black,7.24,25.67,87.93,53.54,Partially Irrigated,2280.39,100916.35
Dhule,2020,Soybean,Kharif,28.42,28.3,766.1,56.8,Clayey,6.15,35.77,83.15,74.97,Irrigated,2762.09,78496.17
Dhule,2020,Soybean,Rabi,27.76,23.7,621.9,55.8,Laterite,6.58,38.71,55.83,88.46,Partially Irrigated,3066.33,85111.03
Dhule,2020,Soybean,Kharif,8.7,16.8,470.8,74.1,Red,6.45,32.9,79.56,52.54,Irrigated,2311.68,20102.07
Dhule,2020,Soybean,Zaid,13.01,18.4,433.8,78.6,Red,7.03,37.45,98.41,61.38,Irrigated,3324.27,43256.3
Dhule,2020,Soybean,Zaid,10.78,24.9,522.5,72.8,Laterite,6.7,25.03,72.06,33.81,Rainfed,1611.21,17370.44
Dhule,2020,Sugarcane,Rabi,24.11,29.7,1363.5,58.8,Laterite,6.88,222.26,55.1,136.24,Partially Irrigated,57140.76,1377710.65
Dhule,2020,Sunflower,Kharif,46.28,23.6,580.6,62.8,Laterite,6.9,84.36,39.99,20.67,Rainfed,1012.73,46867.84
Dhule,2020,Sunflower,Rabi,25.52,26.9,440.3,72.6,Sandy,6.09,55.74,34.08,46.54,Rainfed,945.65,24133.49
Dhule,2020,Sunflower,Kharif,2.73,29.9,515.1,81.5,Laterite,6.92,106.76,50.51,29.7,Partially Irrigated,1352.26,3696.53
Dhule,2020,Wheat,Rabi,43.83,17.2,545.4,71.0,Black,6.08,138.9,48.99,53.42,Partially Irrigated,2937.51,128752.72
Dhule,2020,Wheat,Kharif,28.87,11.8,896.6,56.9,Red,6.7,157.82,97.91,55.74,Rainfed,1994.9,57586.65
Dhule,2020,Wheat,Zaid,14.1,21.5,500.1,80.6,Loamy,7.67,138.91,89.86,59.76,Partially Irrigated,3821.0,53874.34
Dhule,2020,Wheat,Zaid,3.78,19.1,477.9,77.2,Laterite,7.08,110.65,51.49,82.29,Irrigated,4292.37,16235.9
Jalgaon,2020,Bajra,Zaid,5.41,28.3,352.4,54.7,Loamy,7.53,36.45,61.6,23.84,Rainfed,1224.04,6627.69
Jalgaon,2020,Bajra,Rabi,20.51,28.8,391.9,76.7,Sandy,7.25,87.34,19.83,29.71,Irrigated,2446.89,50178.82
Jalgaon,2020,Cotton,Kharif,1.92,30.6,1103.0,86.8,Red,6.64,19.77,38.81,39.12,Rainfed,983.88,1884.92
Jalgaon,2020,Cotton,Kharif,40.24,30.8,637.2,83.2,Black,7.11,63.92,15.03,41.73,Partially Irrigated,1362.14,54806.47
Jalgaon,2020,Cotton,Zaid,14.66,36.7,761.1,46.6,Red,7.12,70.71,37.11,65.01,Irrigated,2024.93,29679.43
Jalgaon,2020,Groundnut,Rabi,38.4,21.1,827.1,49.1,Laterite,7.38,27.68,7.77,65.74,Irrigated,1201.71,46144.75
Jalgaon,2020,Groundnut,Rabi,39.51,20.8,631.5,58.2,Black,6.49,34.29,47.19,107.77,Irrigated,2423.57,95758.08
Jalgaon,2020,Groundnut,Rabi,44.53,28.6,591.3,50.5,Loamy,6.37,35.32,47.79,35.65,Rainfed,1416.59,63084.37
Jalgaon,2020,Jowar,Kharif,13.91,31.4,556.1,52.8,Black,6.26,53.23,19.89,30.98,Partially Irrigated,2046.16,28462.52
Jalgaon,2020,Jowar,Zaid,44.26,32.9,361.8,77.6,Clayey,6.84,40.36,13.51,27.63,Rainfed,933.31,41312.84
Jalgaon,2020,Jowar,Rabi,8.89,26.3,644.1,49.2,Laterite,7.09,45.31,38.17,39.79,Partially Irrigated,1907.44,16961.56
Jalgaon,2020,Jowar,Rabi,3.92,24.3,532.2,67.8,Loamy,7.79,51.96,21.06,31.53,Rainfed,1415.95,5548.55
Jalgaon,2020,Jowar,Kharif,6.04,30.2,425.0,80.1,Red,6.7,56.64,39.95,35.4,Rainfed,1546.56,9344.78
Jalgaon,2020,Jowar,Kharif,6.17,28.3,558.7,89.1,Laterite,7.04,50.34,42.01,47.57,Irrigated,2878.25,17771.76
Jalgaon,2020,Maize,Kharif,45.4,17.3,512.3,72.3,Sandy,6.93,111.83,49.93,26.44,Rainfed,2385.09,108280.5
Jalgaon,2020,Maize,Zaid,10.72,27.9,886.6,50.3,Red,6.48,93.67,66.65,66.33,Rainfed,3140.86,33675.83
Jalgaon,2020,Maize,Kharif,29.15,23.1,763.0,60.8,Sandy,6.54,59.53,27.67,49.69,Irrigated,3165.19,92257.72
Jalgaon,2020,Maize,Kharif,4.62,22.6,377.1,82.9,Red,6.21,102.42,38.17,49.67,Rainfed,2536.81,11716.2
Jalgaon,2020,Maize,Zaid,48.9,28.0,616.6,62.2,Red,8.05,149.54,40.4,35.51,Rainfed,3364.08,164519.2
Jalgaon,2020,Maize,Kharif,16.9,21.7,700.1,85.3,Laterite,6.0,122.14,64.55,34.7,Irrigated,5053.89,85413.23
Jalgaon,2020,Rice,Rabi,18.22,27.7,1435.3,58.6,Sandy,5.59,140.38,67.78,63.47,Irrigated,7030.54,128130.64
Jalgaon,2020,Rice,Rabi,35.3,24.5,1849.4,60.4,Red,6.5,140.27,40.07,37.95,Irrigated,5151.59,181867.37
Jalgaon,2020,Rice,Rabi,6.68,31.5,1250.0,80.3,Clayey,6.25,128.14,50.16,54.87,Irrigated,6390.87,42677.92
Jalgaon,2020,Rice,Rabi,49.46,20.9,817.4,43.0,Black,5.92,116.64,55.46,53.25,Irrigated,5083.51,251411.06
Jalgaon,2020,Soybean,Rabi,16.62,23.6,400.8,45.6,Loamy,5.5,22.76,83.22,31.62,Irrigated,2360.28,39239.65
Jalgaon,2020,Soybean,Zaid,19.97,25.1,484.1,76.0,Clayey,6.98,21.34,40.65,37.91,Partially Irrigated,1518.92,30339.25
Jalgaon,2020,Sugarcane,Zaid,49.1,35.8,1754.9,45.0,Black,6.45,276.46,77.27,88.52,Irrigated,89681.75,4403789.45
Jalgaon,2020,Sugarcane,Rabi,22.23,25.4,2132.3,65.8,Red,6.31,149.08,70.26,133.63,Rainfed,49753.11,1105877.89
Jalgaon,2020,Sugarcane,Kharif,11.77,32.2,2546.5,79.1,Sandy,7.58,294.35,97.64,65.62,Rainfed,50542.06,594805.39
Jalgaon,2020,Sugarcane,Zaid,16.54,30.3,1758.0,65.4,Laterite,6.83,111.63,39.42,93.14,Rainfed,39209.1,648620.74
Jalgaon,2020,Sugarcane,Zaid,24.7,29.4,2230.9,76.4,Black,6.84,74.13,95.25,116.71,Rainfed,58026.24,1432968.41
Jalgaon,2020,Sunflower,Zaid,46.35,24.5,409.6,74.8,Sandy,6.31,77.81,80.69,61.57,Irrigated,2138.28,99110.39
Jalgaon,2020,Sunflower,Zaid,26.12,24.0,856.3,76.6,Loamy,7.03,76.49,90.25,39.72,Irrigated,1587.64,41463.76
Jalgaon,2020,Sunflower,Rabi,29.36,27.3,524.8,61.4,Red,6.55,99.9,14.13,34.7,Partially Irrigated,985.07,28918.02
Jalgaon,2020,Sunflower,Rabi,33.98,23.1,564.8,67.4,Clayey,5.79,65.82,50.71,86.0,Partially Irrigated,1429.39,48569.43
Jalgaon,2020,Sunflower,Rabi,45.92,21.0,511.0,72.7,Laterite,6.43,75.16,56.74,61.28,Rainfed,1356.67,62295.78
Jalgaon,2020,Sunflower,Zaid,46.03,23.5,556.7,75.3,Laterite,5.49,72.69,60.22,76.9,Irrigated,1792.25,82498.73
Jalgaon,2020,Wheat,Zaid,47.49,20.7,494.9,41.2,Clayey,6.66,77.45,94.31,43.05,Irrigated,4334.66,205846.48
Jalgaon,2020,Wheat,Zaid,30.16,21.7,468.9,50.9,Laterite,6.47,145.17,43.36,68.39,Rainfed,2961.23,89297.24
Jalgaon,2020,Wheat,Kharif,49.58,12.7,581.6,79.5,Red,6.51,99.92,54.02,71.39,Partially Irrigated,2561.84,127012.31
Jalgaon,2020,Wheat,Rabi,1.24,22.4,715.4,42.3,Loamy,6.42,150.68,52.12,46.22,Rainfed,2750.3,3416.08
Jalgaon,2020,Wheat,Kharif,28.11,24.6,667.6,60.1,Red,6.84,92.64,67.09,47.75,Partially Irrigated,2595.84,72974.61
Jalgaon,2020,Wheat,Zaid,14.02,25.8,520.2,82.7,Sandy,7.42,110.31,67.95,53.7,Irrigated,3290.19,46119.84
Jalgaon,2020,Wheat,Rabi,12.18,20.8,442.8,66.1,Red,6.26,126.57,38.48,49.69,Partially Irrigated,2706.59,32963.76
Jalgaon,2020,Wheat,Kharif,21.77,20.9,667.6,66.9,Loamy,6.72,177.93,46.45,42.77,Irrigated,4448.12,96855.06
Kolhapur,2020,Bajra,Zaid,33.07,23.8,467.7,50.1,Red,7.13,67.65,32.31,15.49,Irrigated,1578.25,52190.34
Kolhapur,2020,Bajra,Rabi,30.74,27.9,264.2,64.2,Clayey,7.78,73.03,30.05,41.21,Irrigated,2198.75,67599.7
Kolhapur,2020,Bajra,Rabi,11.19,32.8,459.6,85.4,Black,6.71,64.26,60.89,27.2,Partially Irrigated,2187.49,24486.36
Kolhapur,2020,Bajra,Zaid,9.46,17.7,452.6,78.7,Clayey,7.17,56.03,4.99,41.32,Partially Irrigated,1345.81,12727.55
Kolhapur,2020,Bajra,Zaid,47.01,30.4,301.0,74.8,Clayey,7.63,45.48,42.8,32.45,Irrigated,1614.1,75874.99
Kolhapur,2020,Bajra,Rabi,18.72,33.8,577.9,61.5,Black,6.79,28.78,46.92,31.18,Irrigated,1373.7,25709.66
Kolhapur,2020,Cotton,Rabi,34.42,25.5,491.5,76.7,Red,7.1,95.41,33.45,45.78,Partially Irrigated,1525.13,52491.6
Kolhapur,2020,Cotton,Rabi,36.72,28.9,832.5,81.6,Clayey,7.23,53.77,47.33,33.83,Partially Irrigated,1811.8,66528.42
Kolhapur,2020,Groundnut,Kharif,31.24,26.2,500.6,65.4,Red,6.49,39.69,44.01,56.29,Irrigated,2376.58,74235.42
Kolhapur,2020,Groundnut,Zaid,26.39,24.7,481.5,60.0,Loamy,7.17,40.64,48.39,90.99,Rainfed,1769.87,46699.33
Kolhapur,2020,Groundnut,Zaid,22.5,23.6,632.0,43.7,Clayey,6.41,36.46,39.64,82.35,Partially Irrigated,1725.69,38823.55
Kolhapur,2020,Groundnut,Rabi,4.9,25.9,539.3,74.0,Laterite,6.52,45.84,49.83,80.82,Partially Irrigated,2137.49,10475.25
Kolhapur,2020,Jowar,Rabi,15.32,24.3,510.6,40.2,Red,6.88,69.33,48.58,20.97,Irrigated,2765.68,42367.84
Kolhapur,2020,Jowar,Kharif,30.88,22.9,549.9,43.2,Black,7.09,76.53,32.26,41.47,Irrigated,2634.44,81344.1
Kolhapur,2020,Jowar,Zaid,40.33,32.7,740.2,74.7,Loamy,7.47,36.88,59.46,41.41,Irrigated,2385.75,96215.56
Kolhapur,2020,Jowar,Zaid,26.92,33.1,571.4,42.8,Black,7.74,36.54,43.5,34.61,Rainfed,1578.54,42496.09
Kolhapur,2020,Jowar,Rabi,28.34,25.3,786.8,54.0,Laterite,7.03,56.58,44.66,35.54,Irrigated,2286.65,64797.02
Kolhapur,2020,Jowar,Rabi,48.85,23.7,743.3,65.2,Sandy,7.27,42.79,40.21,34.97,Partially Irrigated,1723.77,84209.33
Kolhapur,2020,Maize,Kharif,31.01,25.1,630.5,58.2,Laterite,6.47,85.98,50.32,73.29,Irrigated,5349.59,165871.09
Kolhapur,2020,Maize,Zaid,9.16,32.7,621.6,51.4,Clayey,6.56,76.72,51.79,40.89,Rainfed,2614.35,23943.6
Kolhapur,2020,Maize,Zaid,34.28,31.0,690.6,47.9,Red,5.8,104.26,36.31,55.17,Rainfed,2442.1,83723.28
Kolhapur,2020,Maize,Zaid,23.14,21.3,432.9,72.8,Sandy,6.58,63.84,74.61,60.47,Rainfed,2988.49,69146.32
Kolhapur,2020,Maize,Zaid,43.45,28.9,599.4,51.5,Black,6.38,158.1,39.61,57.63,Rainfed,3382.16,146962.19
Kolhapur,2020,Maize,Rabi,10.08,27.2,620.0,84.8,Black,6.56,116.48,67.99,50.07,Irrigated,4607.93,46455.46
Kolhapur,2020,Maize,Kharif,48.88,22.3,731.1,46.2,Red,6.62,87.7,75.25,40.54,Rainfed,2994.22,146352.2
Kolhapur,2020,Maize,Kharif,6.45,30.3,589.2,77.5,Black,6.84,121.99,52.66,61.87,Irrigated,4668.71,30099.33
Kolhapur,2020,Rice,Rabi,16.25,33.0,1415.7,48.1,Clayey,6.76,64.85,65.41,40.28,Irrigated,4053.65,65865.42
Kolhapur,2020,Rice,Kharif,6.92,20.2,1040.1,69.7,Laterite,6.64,111.87,69.72,40.53,Rainfed,2918.96,20187.48
Kolhapur,2020,Rice,Kharif,28.02,29.5,1831.6,89.5,Black,6.05,72.76,41.41,47.67,Rainfed,2607.68,73073.64
Kolhapur,2020,Rice,Zaid,27.58,30.6,1712.3,79.1,Laterite,5.73,114.46,47.93,68.84,Partially Irrigated,3913.43,107946.84
Kolhapur,2020,Soybean,Zaid,22.57,23.3,447.6,61.7,Black,6.46,28.9,101.78,59.46,Partially Irrigated,2974.02,67122.89
Kolhapur,2020,Soybean,Rabi,9.81,24.8,556.4,53.3,Black,6.23,41.2,58.01,30.93,Irrigated,2958.15,29026.26
Kolhapur,2020,Sugarcane,Zaid,1.65,29.1,1156.7,74.7,Clayey,7.1,64.23,49.8,102.73,Irrigated,48157.14,79564.26
Kolhapur,2020,Sugarcane,Zaid,7.06,29.0,2236.6,73.4,Laterite,6.24,258.33,106.15,68.98,Irrigated,77802.25,549108.73
Kolhapur,2020,Sunflower,Zaid,31.14,29.2,506.4,77.0,Laterite,7.29,105.29,29.33,35.93,Rainfed,1136.9,35397.86
Kolhapur,2020,Sunflower,Rabi,44.41,22.9,444.4,67.4,Clayey,6.96,82.93,71.6,27.58,Partially Irrigated,1530.3,67968.16
Kolhapur,2020,Sunflower,Rabi,13.66,30.7,640.7,76.5,Sandy,6.0,114.58,31.06,54.16,Rainfed,972.12,13274.51
Kolhapur,2020,Sunflower,Zaid,45.12,20.4,299.7,81.9,Black,6.88,126.26,50.3,58.56,Irrigated,1617.53,72975.21
Kolhapur,2020,Wheat,Zaid,13.36,23.7,337.5,84.9,Sandy,6.92,173.24,45.56,70.49,Rainfed,2848.59,38066.49
Kolhapur,2020,Wheat,Kharif,9.7,18.9,666.5,54.7,Black,7.34,163.86,70.4,57.34,Rainfed,2931.39,28442.89
Kolhapur,2020,Wheat,Kharif,35.66,19.0,677.0,69.1,Loamy,7.04,112.34,103.32,21.06,Irrigated,4484.95,159940.57
Kolhapur,2020,Wheat,Zaid,41.11,14.0,631.9,75.5,Laterite,7.93,99.58,68.57,53.17,Partially Irrigated,2848.99,117115.02
Kolhapur,2020,Wheat,Rabi,6.63,12.7,646.8,69.0,Sandy,7.16,132.07,66.37,59.28,Irrigated,3808.5,25249.86
Nagpur,2020,Bajra,Kharif,4.18,26.6,357.5,74.8,Black,6.87,68.23,39.23,33.1,Irrigated,1710.14,7147.92
Nagpur,2020,Bajra,Zaid,10.3,31.3,385.3,47.8,Clayey,7.48,72.91,34.14,37.47,Irrigated,2081.7,21447.26
Nagpur,2020,Bajra,Kharif,40.57,31.6,409.2,42.9,Black,7.26,67.4,48.26,34.49,Irrigated,2138.92,86776.78
Nagpur,2020,Cotton,Kharif,28.72,33.2,994.3,77.8,Loamy,7.0,102.24,49.09,47.76,Irrigated,2880.73,82733.86
Nagpur,2020,Groundnut,Zaid,6.71,23.6,743.4,60.7,Clayey,5.93,18.39,54.05,79.38,Rainfed,1476.66,9909.52
Nagpur,2020,Groundnut,Zaid,12.31,24.5,418.0,83.0,Loamy,6.3,35.51,51.21,78.18,Rainfed,1312.79,16162.81
Nagpur,2020,Groundnut,Zaid,18.26,28.0,459.4,54.6,Clayey,6.45,23.95,48.62,65.48,Irrigated,1992.51,36386.68
Nagpur,2020,Groundnut,Rabi,7.21,23.8,366.6,40.9,Black,5.54,23.43,48.06,72.1,Irrigated,1752.87,12643.48
Nagpur,2020,Groundnut,Zaid,33.27,23.3,461.5,42.3,Laterite,6.26,16.4,29.07,53.17,Partially Irrigated,876.41,29155.71
Nagpur,2020,Groundnut,Zaid,8.88,24.0,331.2,63.8,Sandy,6.85,27.86,31.57,99.13,Irrigated,1865.05,16568.84
Nagpur,2020,Groundnut,Kharif,38.0,26.0,723.7,53.1,Clayey,6.97,14.85,58.37,63.4,Irrigated,2004.4,76157.44
Nagpur,2020,Groundnut,Zaid,36.78,22.8,461.9,72.1,Clayey,6.39,29.54,65.09,55.58,Partially Irrigated,1846.97,67936.15
Nagpur,2020,Jowar,Rabi,19.25,22.9,788.6,64.5,Clayey,7.08,89.25,49.79,14.11,Irrigated,2109.27,40601.6
Nagpur,2020,Jowar,Zaid,32.04,25.0,203.9,80.1,Red,6.55,52.34,36.45,33.45,Irrigated,1664.58,53334.82
Nagpur,2020,Maize,Zaid,27.44,22.8,701.0,74.3,Clayey,5.9,98.81,35.39,23.41,Rainfed,2469.54,67759.81
Nagpur,2020,Maize,Zaid,10.71,20.6,969.0,54.4,Black,6.23,103.78,87.99,49.69,Partially Irrigated,3119.66,33418.1
Nagpur,2020,Maize,Zaid,12.02,25.4,609.8,50.7,Clayey,6.51,108.18,64.37,30.76,Irrigated,4345.95,52256.09
Nagpur,2020,Maize,Zaid,39.22,28.1,615.3,49.3,Red,6.6,140.04,40.92,46.28,Rainfed,3035.0,119026.58
Nagpur,2020,Maize,Kharif,24.77,24.7,541.5,75.8,Laterite,6.19,94.46,60.13,60.02,Irrigated,5264.91,130415.65
Nagpur,2020,Rice,Rabi,26.36,29.1,1845.1,49.4,Red,6.19,79.52,29.28,28.02,Irrigated,3596.56,94815.68
Nagpur,2020,Rice,Rabi,4.67,24.2,1804.8,73.7,Black,6.51,73.65,30.78,48.92,Irrigated,4186.86,19531.87
Nagpur,2020,Rice,Rabi,24.15,31.4,1236.2,63.2,Sandy,6.8,115.78,42.65,69.94,Partially Irrigated,4221.31,101939.65
Nagpur,2020,Rice,Zaid,12.76,23.9,1755.9,42.1,Black,6.61,84.86,46.45,40.47,Irrigated,3730.7,47599.37
Nagpur,2020,Soybean,Rabi,18.71,20.2,409.4,77.4,Clayey,7.02,17.06,92.74,69.33,Irrigated,2516.22,47084.31
Nagpur,2020,Soybean,Zaid,18.37,24.9,771.7,89.7,Loamy,6.13,29.33,64.12,51.69,Partially Irrigated,1911.46,35113.5
Nagpur,2020,Soybean,Zaid,15.73,27.2,595.5,73.7,Loamy,6.21,41.16,62.76,24.25,Rainfed,2076.53,32671.79
Nagpur,2020,Soybean,Zaid,20.8,26.4,554.2,84.0,Laterite,6.75,31.82,87.22,56.58,Partially Irrigated,2781.55,57866.2
Nagpur,2020,Sugarcane,Kharif,20.86,26.7,1680.9,79.2,Sandy,6.63,244.65,90.12,108.0,Rainfed,66503.37,1387322.9
Nagpur,2020,Sugarcane,Zaid,18.41,33.6,2117.0,53.5,Laterite,7.63,197.67,65.74,160.81,Rainfed,63040.38,1160586.51
Nagpur,2020,Sugarcane,Rabi,2.3,27.1,3429.3,40.7,Loamy,7.05,200.58,142.87,120.7,Irrigated,66990.14,153775.85
Nagpur,2020,Sugarcane,Kharif,17.35,30.3,1537.4,40.6,Red,6.48,250.34,109.72,66.83,Irrigated,90637.23,1572395.91
Nagpur,2020,Sunflower,Rabi,46.88,23.1,278.3,41.1,Black,6.76,33.93,49.79,39.65,Partially Irrigated,945.04,44301.39
Nagpur,2020,Sunflower,Zaid,19.05,19.4,286.7,48.3,Red,7.3,93.6,59.66,52.2,Irrigated,1325.04,25242.46
Nagpur,2020,Sunflower,Kharif,11.14,20.4,318.3,73.8,Red,5.59,93.65,45.65,49.56,Irrigated,1488.02,16577.63
Nagpur,2020,Sunflower,Rabi,7.38,24.5,682.5,67.0,Black,6.13,67.04,55.46,45.09,Rainfed,900.77,6651.42
Nagpur,2020,Wheat,Kharif,43.59,10.9,843.6,60.5,Red,6.97,157.93,52.44,39.76,Rainfed,1556.09,67829.32
Nagpur,2020,Wheat,Zaid,46.22,22.0,673.1,72.9,Clayey,6.5,141.8,47.45,54.28,Partially Irrigated,2703.68,124969.68
Nagpur,2020,Wheat,Kharif,31.98,13.6,535.2,88.1,Loamy,7.15,91.66,53.77,71.29,Rainfed,2798.22,89492.54
Nashik,2020,Bajra,Zaid,29.72,28.3,363.1,71.2,Red,8.51,81.44,40.02,22.54,Rainfed,1625.18,48301.91
Nashik,2020,Bajra,Kharif,31.01,34.1,393.4,45.3,Red,7.11,40.93,52.64,39.88,Irrigated,2138.47,66318.16
Nashik,2020,Bajra,Zaid,32.2,21.2,384.9,52.5,Clayey,7.93,55.35,51.4,18.1,Irrigated,1671.75,53832.38
Nashik,2020,Bajra,Zaid,17.79,33.3,781.2,49.4,Red,6.92,68.83,59.19,27.7,Irrigated,1951.11,34719.78
Nashik,2020,Cotton,Rabi,6.95,28.3,1255.7,45.1,Clayey,7.28,67.34,46.62,39.71,Irrigated,2013.86,13992.72
Nashik,2020,Cotton,Zaid,41.83,26.5,868.9,56.6,Laterite,7.67,87.36,33.93,41.13,Rainfed,1393.35,58281.84
Nashik,2020,Cotton,Rabi,13.42,37.7,827.3,70.6,Clayey,7.74,81.54,15.41,35.65,Irrigated,1682.41,22583.74
Nashik,2020,Cotton,Zaid,16.4,34.5,726.4,42.7,Laterite,7.2,85.45,46.9,51.16,Rainfed,1772.67,29073.21
Nashik,2020,Groundnut,Zaid,49.83,35.8,834.0,66.9,Red,6.17,45.09,38.14,77.42,Rainfed,1461.77,72841.82
Nashik,2020,Groundnut,Kharif,13.05,29.4,872.1,78.2,Loamy,6.49,23.03,63.23,60.67,Rainfed,1388.5,18116.29
Nashik,2020,Jowar,Rabi,14.57,33.2,324.7,49.5,Clayey,6.96,75.56,53.51,23.34,Irrigated,2022.23,29468.96
Nashik,2020,Jowar,Kharif,41.65,28.9,424.1,90.0,Laterite,6.82,64.94,53.7,37.49,Partially Irrigated,2473.86,103035.59
Nashik,2020,Jowar,Rabi,7.94,28.6,497.6,46.2,Clayey,6.22,40.42,39.18,40.03,Rainfed,1994.24,15828.38
Nashik,2020,Jowar,Kharif,44.72,27.6,513.8,54.6,Black,7.79,56.1,46.31,39.69,Partially Irrigated,2275.12,101739.94
Nashik,2020,Maize,Zaid,7.27,26.9,691.8,51.8,Sandy,6.36,117.55,54.22,77.49,Partially Irrigated,4667.13,33927.93
Nashik,2020,Maize,Zaid,22.31,23.2,456.8,89.5,Sandy,6.95,76.28,49.22,39.48,Partially Irrigated,2418.81,53956.61
Nashik,2020,Maize,Zaid,30.79,23.8,902.5,58.6,Loamy,6.62,106.27,51.97,33.26,Rainfed,3028.72,93246.79
Nashik,2020,Maize,Rabi,26.32,22.3,640.2,88.3,Red,6.72,115.14,33.61,34.8,Rainfed,2816.04,74112.36
Nashik,2020,Maize,Kharif,20.66,27.7,518.5,69.6,Sandy,6.64,122.15,74.72,74.01,Irrigated,6048.53,124945.27
Nashik,2020,Maize,Kharif,32.4,26.4,883.0,69.9,Sandy,6.87,114.06,68.45,16.8,Rainfed,2537.92,82232.18
Nashik,2020,Maize,Kharif,44.53,31.4,516.6,65.3,Sandy,6.34,96.28,78.23,34.94,Rainfed,2842.88,126579.43
Nashik,2020,Maize,Rabi,49.56,19.9,402.1,44.2,Clayey,6.24,77.16,59.46,64.76,Rainfed,2763.68,136961.58
Nashik,2020,Rice,Rabi,47.76,30.3,1774.5,44.1,Laterite,4.99,100.5,22.59,31.69,Rainfed,2195.7,104861.5
Nashik,2020,Rice,Zaid,27.64,24.5,1277.0,49.3,Loamy,6.32,87.4,42.67,40.78,Rainfed,3100.1,85693.82
Nashik,2020,Rice,Kharif,16.22,33.3,1936.7,68.2,Loamy,6.1,138.4,35.52,58.41,Partially Irrigated,3706.56,60121.74
Nashik,2020,Rice,Zaid,49.54,29.3,1749.8,69.6,Red,6.01,90.25,15.31,35.85,Irrigated,3388.17,167837.39
Nashik,2020,Soybean,Kharif,17.56,28.3,644.3,69.7,Clayey,6.85,37.16,32.55,60.22,Rainfed,1988.26,34921.97
Nashik,2020,Soybean,Rabi,1.11,23.2,431.9,61.5,Clayey,5.67,21.91,62.78,69.15,Rainfed,1806.68,1996.71
Nashik,2020,Soybean,Rabi,36.89,24.7,577.5,64.9,Laterite,6.63,41.82,18.05,37.07,Irrigated,2562.23,94522.36
Nashik,2020,Sugarcane,Rabi,27.8,33.2,1981.8,76.0,Sandy,7.02,227.42,131.65,153.58,Partially Irrigated,88137.53,2450206.39
Nashik,2020,Sugarcane,Rabi,12.32,28.4,1628.0,82.8,Laterite,7.05,271.03,100.84,52.63,Partially Irrigated,73174.38,901482.36
Nashik,2020,Sugarcane,Rabi,18.4,35.0,1084.4,71.1,Laterite,6.92,28.61,60.34,115.05,Partially Irrigated,31314.88,576190.28
Nashik,2020,Sugarcane,Rabi,7.58,29.4,1805.1,72.3,Black,6.88,218.28,77.42,98.54,Partially Irrigated,72311.39,548368.25
Nashik,2020,Sugarcane,Kharif,44.89,26.5,3300.6,75.7,Laterite,6.32,110.8,58.41,69.34,Rainfed,22508.77,1010430.6
Nashik,2020,Sugarcane,Zaid,9.73,30.4,2337.3,82.7,Clayey,6.48,278.19,48.58,80.37,Irrigated,74365.47,723322.15
Nashik,2020,Sunflower,Zaid,43.56,22.3,478.4,68.8,Red,6.92,69.02,42.31,67.74,Partially Irrigated,1457.62,63500.12
Nashik,2020,Sunflower,Zaid,46.59,24.2,439.7,40.6,Red,6.97,33.64,69.19,63.12,Irrigated,1767.19,82342.12
Nashik,2020,Sunflower,Kharif,40.71,22.5,674.8,78.3,Clayey,5.48,70.19,43.99,62.32,Irrigated,1379.96,56174.14
Nashik,2020,Wheat,Kharif,22.02,23.7,444.7,51.3,Loamy,6.22,153.41,84.67,60.43,Rainfed,3133.61,69014.8
Nashik,2020,Wheat,Rabi,19.19,27.1,551.8,45.7,Clayey,6.55,29.5,83.77,52.54,Irrigated,2550.41,48948.15
Nashik,2020,Wheat,Zaid,21.01,24.8,534.9,70.5,Clayey,5.98,156.23,53.93,55.05,Irrigated,3360.18,70600.53
Nashik,2020,Wheat,Kharif,34.84,20.2,540.9,73.0,Clayey,7.49,53.26,46.19,62.95,Partially Irrigated,2954.13,102930.68
Nashik,2020,Wheat,Rabi,41.83,20.7,419.4,75.7,Sandy,7.22,108.28,29.77,72.52,Rainfed,2283.58,95515.65
Nashik,2020,Wheat,Kharif,49.35,15.4,456.9,46.9,Loamy,6.92,172.67,62.52,56.43,Rainfed,3071.35,151569.81
Pune,2020,Bajra,Kharif,19.37,31.9,467.5,69.7,Clayey,6.26,16.52,47.1,16.9,Partially Irrigated,922.24,17861.23
Pune,2020,Bajra,Zaid,24.07,21.8,430.4,50.6,Laterite,7.6,55.8,43.19,26.67,Partially Irrigated,1252.47,30141.5
Pune,2020,Bajra,Kharif,19.59,31.8,397.7,85.5,Laterite,7.32,46.49,42.13,34.87,Rainfed,1507.95,29540.09
Pune,2020,Bajra,Kharif,31.09,28.8,594.0,73.5,Laterite,7.11,63.32,44.22,24.09,Partially Irrigated,1597.12,49650.34
Pune,2020,Cotton,Zaid,12.61,24.6,755.2,53.4,Laterite,7.63,83.13,58.83,31.48,Irrigated,2529.23,31898.75
Pune,2020,Cotton,Rabi,19.1,31.8,932.2,56.7,Black,7.52,120.01,56.22,52.71,Irrigated,3423.69,65394.55
Pune,2020,Cotton,Rabi,15.47,26.3,983.5,63.1,Clayey,8.03,85.89,50.94,35.25,Rainfed,1446.78,22385.23
Pune,2020,Cotton,Kharif,5.87,29.5,832.4,55.1,Loamy,7.25,42.92,43.81,34.07,Irrigated,1809.27,10614.7
Pune,2020,Cotton,Zaid,26.76,18.7,888.4,63.3,Clayey,7.05,100.98,46.56,43.1,Irrigated,2055.97,55023.43
Pune,2020,Groundnut,Kharif,43.67,28.9,849.2,76.9,Clayey,6.38,38.68,67.84,44.22,Irrigated,2421.87,105755.65
Pune,2020,Groundnut,Kharif,40.57,23.8,692.8,45.2,Black,5.55,42.7,56.97,68.52,Irrigated,2631.96,106772.27
Pune,2020,Groundnut,Kharif,1.58,25.0,881.3,75.9,Laterite,6.07,30.14,45.94,45.64,Irrigated,1857.28,2943.45
Pune,2020,Jowar,Zaid,46.05,33.8,389.1,62.1,Sandy,6.36,82.57,30.82,13.84,Rainfed,1235.12,56879.97
Pune,2020,Jowar,Zaid,35.86,25.5,469.3,81.0,Loamy,6.75,94.29,32.47,25.9,Rainfed,1909.51,68470.52
Pune,2020,Jowar,Kharif,37.18,17.7,470.8,85.5,Laterite,6.25,59.74,33.65,30.22,Partially Irrigated,1715.18,63764.28
Pune,2020,Jowar,Rabi,47.82,25.9,638.8,58.8,Sandy,6.54,31.92,21.67,41.02,Rainfed,1388.24,66385.31
Pune,2020,Jowar,Kharif,34.87,22.7,256.7,49.9,Laterite,6.88,39.88,42.82,25.2,Rainfed,1085.41,37846.32
Pune,2020,Jowar,Kharif,49.73,20.5,552.2,71.8,Laterite,6.59,66.36,60.24,37.99,Irrigated,2948.8,146649.0
Pune,2020,Jowar,Kharif,25.96,27.0,335.3,77.7,Sandy,7.12,41.04,38.81,33.48,Irrigated,1723.34,44743.97
Pune,2020,Jowar,Zaid,43.0,36.3,487.0,77.8,Sandy,6.96,60.78,47.52,27.87,Rainfed,1693.87,72832.35
Pune,2020,Maize,Zaid,26.83,30.7,862.6,81.0,Sandy,7.11,73.96,71.7,52.11,Rainfed,3032.33,81369.88
Pune,2020,Maize,Kharif,19.14,23.0,794.9,87.9,Loamy,6.24,45.9,37.94,66.12,Irrigated,3491.86,66832.93
Pune,2020,Rice,Rabi,11.85,25.6,1188.7,76.2,Loamy,6.3,62.26,61.47,41.96,Rainfed,2503.35,29657.36
Pune,2020,Rice,Zaid,4.22,24.9,1687.2,85.7,Sandy,6.98,66.34,39.1,38.47,Irrigated,3523.19,14863.74
Pune,2020,Rice,Zaid,13.16,30.9,1323.3,64.6,Clayey,6.04,133.34,32.73,44.73,Irrigated,5901.2,77643.82
Pune,2020,Rice,Rabi,16.1,21.8,2129.0,78.5,Red,5.33,107.71,56.8,38.03,Irrigated,3701.98,59594.86
Pune,2020,Rice,Rabi,19.74,29.7,1038.9,70.1,Clayey,6.28,112.47,40.55,48.62,Irrigated,4396.79,86801.24
Pune,2020,Soybean,Zaid,35.16,23.6,632.4,56.5,Black,6.76,29.36,41.88,27.25,Partially Irrigated,1771.41,62290.52
Pune,2020,Soybean,Rabi,39.07,22.2,586.6,75.3,Black,5.73,20.97,70.1,50.38,Irrigated,2544.02,99390.06
Pune,2020,Soybean,Zaid,14.45,24.1,528.3,57.9,Loamy,5.91,20.05,79.58,55.99,Irrigated,2379.24,34379.44
Pune,2020,Soybean,Zaid,39.78,20.1,480.8,57.9,Sandy,6.03,42.71,87.67,47.49,Irrigated,2668.68,106157.37
Pune,2020,Sugarcane,Rabi,48.19,25.7,2122.8,67.3,Sandy,6.76,207.85,98.24,67.94,Rainfed,53490.57,2577891.63
Pune,2020,Sugarcane,Zaid,46.63,25.6,3009.9,68.2,Laterite,7.2,194.32,57.22,96.98,Rainfed,39686.27,1850609.99
Pune,2020,Sugarcane,Zaid,41.65,34.4,2976.0,78.1,Red,7.06,117.32,63.63,83.43,Rainfed,32872.2,1369070.98
Pune,2020,Sugarcane,Zaid,25.41,32.9,2391.0,65.8,Loamy,6.0,139.62,50.61,67.46,Irrigated,50979.64,1295421.93
Pune,2020,Sugarcane,Rabi,15.2,22.5,1866.2,71.2,Sandy,6.43,198.32,129.01,98.41,Irrigated,76448.43,1161744.82
Pune,2020,Sunflower,Zaid,8.48,24.8,496.1,55.5,Laterite,6.89,80.7,42.35,68.77,Rainfed,1378.31,11684.17
Pune,2020,Sunflower,Kharif,5.67,29.5,467.2,40.0,Sandy,7.1,80.73,56.37,65.44,Partially Irrigated,1345.29,7626.76
Pune,2020,Wheat,Rabi,14.64,26.4,426.6,80.7,Red,5.89,97.0,63.22,56.64,Rainfed,1870.98,27382.08
Pune,2020,Wheat,Kharif,9.93,17.5,397.3,80.5,Loamy,7.27,153.66,91.1,42.96,Partially Irrigated,3651.66,36277.13
Pune,2020,Wheat,Kharif,42.28,22.3,392.5,78.7,Laterite,7.78,177.24,52.25,48.51,Partially Irrigated,3027.53,128013.89
Pune,2020,Wheat,Rabi,49.52,21.4,640.5,47.5,Loamy,6.41,104.19,36.86,74.97,Partially Irrigated,2856.3,141440.4
Pune,2020,Wheat,Zaid,7.39,20.5,560.8,77.2,Black,5.71,81.98,63.1,27.46,Partially Irrigated,2160.77,15976.39
Sangli,2020,Bajra,Rabi,19.49,30.7,362.8,89.3,Sandy,7.65,61.24,49.22,22.98,Partially Irrigated,1804.15,35157.54
Sangli,2020,Bajra,Zaid,27.67,30.7,606.2,85.4,Sandy,7.31,48.57,63.15,36.69,Rainfed,1830.37,50643.34
Sangli,2020,Bajra,Rabi,19.42,26.3,430.8,59.9,Sandy,6.85,41.39,55.71,20.14,Rainfed,1280.56,24862.38
Sangli,2020,Bajra,Rabi,33.66,38.6,412.4,53.1,Laterite,6.87,46.04,42.01,36.09,Irrigated,1588.66,53472.01
Sangli,2020,Bajra,Kharif,41.29,28.8,670.4,60.2,Clayey,6.96,71.86,60.92,13.21,Irrigated,1974.06,81510.13
Sangli,2020,Bajra,Zaid,48.7,31.2,447.0,84.1,Black,7.77,46.43,38.12,18.55,Irrigated,1654.85,80596.28
Sangli,2020,Cotton,Zaid,4.72,38.4,904.6,75.5,Red,7.62,95.82,26.87,34.25,Irrigated,1625.53,7678.1
Sangli,2020,Cotton,Kharif,17.07,34.1,732.3,79.0,Clayey,6.62,69.4,59.19,23.48,Partially Irrigated,1804.65,30802.39
Sangli,2020,Cotton,Zaid,34.35,30.0,1071.2,74.6,Black,5.72,89.24,10.61,34.25,Irrigated,1945.07,66815.78
Sangli,2020,Cotton,Zaid,31.94,25.5,1091.0,59.1,Clayey,6.97,95.11,39.38,54.26,Rainfed,1644.38,52519.47
Sangli,2020,Groundnut,Kharif,43.83,26.1,582.0,54.3,Red,7.02,58.1,44.57,95.52,Irrigated,3160.49,138538.26
Sangli,2020,Groundnut,Kharif,10.26,24.8,813.3,66.5,Sandy,7.27,43.78,63.34,96.16,Rainfed,1706.2,17505.28
Sangli,2020,Jowar,Zaid,20.44,26.5,570.5,52.0,Black,7.2,47.75,37.56,25.33,Rainfed,1547.4,31628.32
Sangli,2020,Jowar,Kharif,4.62,22.9,440.3,41.0,Laterite,7.39,41.54,62.01,34.5,Partially Irrigated,1884.7,8712.01
Sangli,2020,Jowar,Rabi,49.3,26.2,407.1,50.6,Black,6.83,13.03,26.18,16.09,Irrigated,1292.37,63714.51
Sangli,2020,Maize,Kharif,17.0,21.5,656.1,57.5,Loamy,6.0,91.57,76.97,59.61,Rainfed,4375.17,74363.02
Sangli,2020,Maize,Kharif,28.28,25.9,563.7,48.8,Sandy,6.99,131.18,38.35,36.55,Partially Irrigated,3705.38,104778.52
Sangli,2020,Maize,Rabi,3.78,19.3,700.6,87.4,Black,5.88,64.77,47.79,61.31,Rainfed,2952.88,11157.53
Sangli,2020,Maize,Zaid,42.6,20.2,721.8,48.9,Red,6.69,117.16,34.89,75.86,Rainfed,3067.66,130695.83
Sangli,2020,Rice,Rabi,13.84,29.3,1037.8,44.4,Red,7.02,76.66,67.58,72.47,Rainfed,3346.84,46319.33
Sangli,2020,Rice,Zaid,17.68,30.4,1561.8,86.0,Red,6.75,72.9,59.73,58.68,Partially Irrigated,4187.87,74025.8
Sangli,2020,Rice,Kharif,25.38,32.0,1618.5,41.5,Black,6.81,85.4,55.62,55.06,Irrigated,4652.46,118099.21
Sangli,2020,Rice,Zaid,41.73,26.5,887.3,48.0,Sandy,6.14,98.71,53.96,59.22,Irrigated,4498.46,187735.86
Sangli,2020,Soybean,Kharif,48.47,29.5,409.2,43.8,Red,6.54,38.7,57.16,20.0,Irrigated,2361.74,114475.71
Sangli,2020,Soybean,Zaid,40.49,30.6,207.3,71.0,Red,6.72,30.68,46.56,64.86,Partially Irrigated,1763.48,71411.39
Sangli,2020,Sugarcane,Kharif,35.43,27.6,2462.7,46.3,Black,6.92,156.6,60.39,80.36,Partially Irrigated,52397.96,1856694.33
Sangli,2020,Sugarcane,Rabi,3.76,25.8,1706.4,65.9,Sandy,6.73,61.5,96.21,61.18,Irrigated,53237.72,200435.84
Sangli,2020,Sunflower,Zaid,43.8,17.2,311.6,78.2,Laterite,6.39,83.33,62.47,61.97,Partially Irrigated,1399.18,61290.41
Sangli,2020,Sunflower,Kharif,13.69,23.7,539.0,41.1,Sandy,6.83,100.37,51.99,39.24,Irrigated,1588.34,21750.23
Sangli,2020,Sunflower,Zaid,40.14,31.2,515.6,79.5,Red,6.86,121.21,69.9,65.03,Irrigated,2012.7,80779.9
Sangli,2020,Sunflower,Rabi,34.93,23.3,447.5,76.7,Clayey,6.66,76.3,64.37,43.02,Partially Irrigated,1280.57,44732.43
Sangli,2020,Wheat,Zaid,2.62,16.6,540.3,65.6,Sandy,6.16,78.25,41.12,56.33,Partially Irrigated,2657.36,6952.25
Sangli,2020,Wheat,Zaid,35.42,21.6,444.1,68.5,Clayey,6.25,82.88,51.08,59.2,Partially Irrigated,2668.04,94506.76
Sangli,2020,Wheat,Kharif,35.96,20.6,642.3,77.6,Black,6.59,163.44,37.75,54.53,Partially Irrigated,3802.49,136724.01
Satara,2020,Bajra,Rabi,48.34,35.8,518.1,86.8,Red,7.17,60.56,47.06,15.27,Irrigated,1664.43,80453.16
Satara,2020,Bajra,Rabi,10.12,26.5,384.6,73.7,Sandy,7.79,83.81,29.45,28.33,Partially Irrigated,2050.02,20743.97
Satara,2020,Bajra,Rabi,19.02,36.4,454.1,65.1,Black,7.08,64.61,48.85,36.96,Partially Irrigated,1657.14,31520.45
Satara,2020,Bajra,Rabi,19.5,31.6,500.7,88.3,Red,7.36,32.92,45.35,31.64,Rainfed,1262.3,24614.09
Satara,2020,Bajra,Kharif,23.83,30.0,577.8,73.0,Laterite,6.96,76.7,19.96,31.7,Irrigated,1797.87,42850.47
Satara,2020,Bajra,Kharif,47.92,25.6,386.1,59.3,Clayey,6.86,63.09,45.88,38.71,Irrigated,2152.29,103141.23
Satara,2020,Groundnut,Zaid,4.05,24.2,951.5,46.7,Clayey,6.52,35.26,50.06,35.85,Rainfed,1229.08,4975.28
Satara,2020,Groundnut,Kharif,28.77,24.7,555.1,70.3,Clayey,6.04,29.78,55.25,18.12,Rainfed,1335.97,38430.65
Satara,2020,Groundnut,Kharif,2.82,22.6,704.0,59.2,Sandy,5.86,10.38,58.18,61.08,Rainfed,1150.25,3240.61
Satara,2020,Groundnut,Zaid,36.44,29.2,709.9,58.7,Red,5.57,39.47,41.8,106.93,Partially Irrigated,2574.48,93823.86
Satara,2020,Groundnut,Zaid,43.54,31.7,455.6,76.1,Laterite,5.53,23.97,37.25,88.04,Rainfed,1349.38,58754.86
Satara,2020,Jowar,Rabi,43.56,27.9,625.5,65.4,Black,6.34,20.63,42.1,32.16,Rainfed,1280.72,55791.63
Satara,2020,Jowar,Kharif,3.48,28.5,689.1,72.5,Laterite,6.79,67.87,47.78,29.69,Irrigated,2518.59,8754.55
Satara,2020,Maize,Rabi,46.57,21.0,848.2,59.5,Loamy,6.81,144.54,34.6,73.84,Irrigated,5145.56,239630.39
Satara,2020,Maize,Rabi,9.25,22.8,718.1,60.8,Black,6.03,127.94,66.69,31.44,Partially Irrigated,3578.7,33111.97
Satara,2020,Maize,Zaid,37.69,26.1,491.8,77.7,Black,5.79,105.66,81.89,40.1,Rainfed,3176.94,119732.04
Satara,2020,Maize,Rabi,33.96,30.7,946.7,79.1,Red,6.29,155.57,10.99,50.75,Irrigated,3925.42,133301.07
Satara,2020,Rice,Zaid,18.22,27.8,1274.8,72.4,Sandy,6.02,88.83,31.59,69.51,Partially Irrigated,3605.38,65681.17
Satara,2020,Rice,Kharif,48.22,26.4,1487.5,40.4,Sandy,5.95,94.9,51.4,46.18,Irrigated,5630.44,271488.09
Satara,2020,Rice,Kharif,2.74,24.5,1934.0,51.3,Clayey,6.0,111.68,73.57,42.99,Partially Irrigated,4789.9,13103.95
Satara,2020,Rice,Kharif,40.59,25.5,1598.3,88.3,Loamy,7.02,97.02,57.44,52.01,Partially Irrigated,4853.4,197003.03
Satara,2020,Rice,Rabi,18.95,25.2,789.9,54.5,Red,6.85,80.02,66.23,50.45,Irrigated,4717.12,89390.54
Satara,2020,Rice,Kharif,47.93,22.8,1568.8,56.7,Black,5.56,98.35,52.84,62.71,Partially Irrigated,5263.97,252308.9
Satara,2020,Soybean,Kharif,37.2,25.3,544.5,66.6,Sandy,5.63,35.24,68.61,56.76,Rainfed,2091.78,77823.69
Satara,2020,Soybean,Rabi,39.25,20.8,586.4,86.7,Loamy,6.46,30.77,71.16,39.76,Irrigated,2428.39,95309.72
Satara,2020,Sugarcane,Kharif,13.91,27.9,1303.0,69.7,Loamy,5.95,217.0,82.52,85.9,Irrigated,59762.75,831452.27
Satara,2020,Sugarcane,Kharif,31.2,17.8,1613.0,77.0,Clayey,6.26,203.15,70.93,71.59,Partially Irrigated,42752.02,1333712.94
Satara,2020,Sugarcane,Zaid,28.66,29.3,2168.2,59.0,Sandy,7.14,140.31,96.23,96.07,Rainfed,55500.99,1590737.96
Satara,2020,Sugarcane,Kharif,33.79,31.2,2164.7,74.6,Black,6.83,187.51,76.16,119.12,Rainfed,59378.38,2006312.75
Satara,2020,Sunflower,Zaid,7.23,25.8,443.2,64.7,Loamy,7.21,86.83,46.0,75.14,Partially Irrigated,1834.39,13271.64
Satara,2020,Sunflower,Zaid,41.12,15.7,627.5,76.0,Black,6.68,85.95,51.39,34.58,Rainfed,758.25,31176.96
Satara,2020,Wheat,Kharif,48.81,23.1,697.9,59.6,Clayey,7.78,114.75,67.4,52.04,Partially Irrigated,2697.99,131687.47
Satara,2020,Wheat,Rabi,40.94,15.4,669.6,55.9,Black,7.48,122.86,65.9,63.66,Rainfed,2738.06,112105.48
Satara,2020,Wheat,Kharif,16.32,15.4,578.2,81.8,Black,6.02,76.59,83.47,43.85,Rainfed,1971.15,32177.86
Solapur,2020,Bajra,Zaid,48.45,23.4,678.0,67.6,Black,7.13,43.22,54.17,28.73,Irrigated,1614.22,78208.32
Solapur,2020,Bajra,Zaid,5.77,28.6,573.9,62.4,Clayey,6.76,71.6,21.13,22.33,Irrigated,1528.04,8818.2
Solapur,2020,Bajra,Rabi,8.21,23.5,298.1,76.8,Red,7.51,64.81,22.66,39.26,Rainfed,1385.0,11367.24
Solapur,2020,Bajra,Rabi,29.75,33.4,385.3,79.6,Red,7.55,67.88,57.26,35.41,Irrigated,2794.36,83122.64
Solapur,2020,Bajra,Rabi,5.6,27.9,431.8,66.1,Red,7.08,35.26,14.68,30.48,Partially Irrigated,1087.93,6092.71
Solapur,2020,Bajra,Rabi,11.45,32.2,646.7,86.0,Laterite,7.2,64.5,27.22,24.19,Irrigated,1509.29,17281.22
Solapur,2020,Bajra,Kharif,30.35,39.5,362.0,45.1,Laterite,7.31,70.09,37.38,22.2,Rainfed,1003.04,30446.12
Solapur,2020,Cotton,Rabi,23.22,28.9,359.8,65.2,Loamy,7.57,58.1,44.9,44.26,Irrigated,1745.54,40526.88
Solapur,2020,Cotton,Rabi,4.42,32.2,834.6,40.1,Laterite,7.44,110.46,30.15,55.82,Irrigated,2926.41,12948.49
Solapur,2020,Cotton,Kharif,31.93,22.7,529.5,46.0,Black,7.35,98.16,46.87,35.2,Rainfed,1660.19,53004.54
Solapur,2020,Groundnut,Zaid,10.77,31.5,929.2,59.1,Laterite,5.93,23.23,62.45,71.48,Partially Irrigated,1520.71,16381.92
Solapur,2020,Groundnut,Rabi,9.35,32.2,820.1,69.9,Clayey,6.34,17.72,55.37,109.56,Rainfed,1198.86,11214.59
Solapur,2020,Groundnut,Kharif,40.32,22.7,684.1,77.6,Clayey,7.56,23.74,44.19,82.55,Irrigated,1801.74,72644.97
Solapur,2020,Jowar,Rabi,23.04,26.5,353.6,60.7,Red,7.27,73.66,33.08,6.68,Partially Irrigated,1277.09,29423.55
Solapur,2020,Jowar,Zaid,47.37,30.9,654.1,64.8,Loamy,7.82,76.93,43.51,33.78,Irrigated,2576.4,122053.5
Solapur,2020,Jowar,Kharif,36.89,30.7,555.1,83.2,Loamy,5.75,52.42,45.17,44.01,Rainfed,2092.52,77201.62
Solapur,2020,Maize,Zaid,15.68,21.5,388.1,61.3,Red,6.22,133.87,83.85,41.4,Irrigated,4582.91,71860.89
Solapur,2020,Maize,Kharif,28.49,23.4,518.0,85.7,Black,7.25,83.55,45.37,42.91,Rainfed,2754.23,78466.19
Solapur,2020,Maize,Kharif,8.33,24.3,400.7,61.2,Loamy,6.08,83.8,39.17,64.75,Partially Irrigated,3188.24,26570.83
Solapur,2020,Maize,Rabi,18.29,26.7,907.9,55.3,Clayey,6.86,71.97,84.57,86.57,Rainfed,3078.05,56307.4
Solapur,2020,Maize,Zaid,47.86,26.7,556.6,71.6,Black,7.34,145.54,48.92,63.53,Partially Irrigated,3827.62,183190.57
Solapur,2020,Maize,Zaid,8.22,19.3,480.4,80.0,Laterite,6.31,65.16,54.76,53.04,Rainfed,2789.71,22935.72
Solapur,2020,Maize,Kharif,30.75,27.2,712.8,80.2,Loamy,7.01,83.15,61.79,44.01,Irrigated,4249.41,130651.37
Solapur,2020,Rice,Zaid,9.74,30.1,1332.6,83.2,Black,5.95,114.93,58.06,59.63,Partially Irrigated,5323.32,51870.91
Solapur,2020,Rice,Kharif,49.86,28.0,1110.0,79.5,Clayey,6.21,57.05,33.35,55.26,Partially Irrigated,3614.38,180203.91
Solapur,2020,Rice,Kharif,33.05,29.7,1338.2,88.2,Loamy,5.81,79.9,42.5,47.23,Rainfed,3280.17,108415.85
Solapur,2020,Rice,Rabi,7.09,28.0,2283.1,59.1,Clayey,5.99,37.45,32.98,48.82,Irrigated,2972.68,21082.43
Solapur,2020,Soybean,Kharif,30.66,19.1,699.9,44.3,Loamy,6.11,39.8,37.05,46.39,Irrigated,2381.31,73015.48
Solapur,2020,Soybean,Kharif,48.02,29.9,625.9,81.3,Clayey,5.94,19.46,94.57,72.64,Partially Irrigated,2328.23,111799.42
Solapur,2020,Soybean,Rabi,32.66,19.2,678.9,53.4,Clayey,6.71,19.32,59.66,66.54,Partially Irrigated,1939.43,63351.49
Solapur,2020,Soybean,Kharif,43.68,24.3,649.3,55.5,Red,6.06,22.65,78.97,53.69,Irrigated,2870.31,125371.32
Solapur,2020,Soybean,Rabi,34.59,25.9,404.5,81.1,Red,6.5,24.89,42.32,42.87,Rainfed,1363.74,47175.82
Solapur,2020,Soybean,Rabi,35.04,20.7,660.3,53.3,Black,5.95,18.91,78.98,58.84,Partially Irrigated,2158.57,75632.98
Solapur,2020,Sugarcane,Kharif,32.69,23.6,2058.7,53.5,Black,5.52,177.98,102.23,84.48,Rainfed,54245.25,1773516.61
Solapur,2020,Wheat,Kharif,5.07,20.4,410.9,65.6,Sandy,7.14,104.6,51.0,33.15,Rainfed,2086.69,10576.55
Solapur,2020,Wheat,Zaid,1.18,15.3,519.4,62.7,Black,7.16,62.57,40.24,50.09,Rainfed,2027.49,2397.81
Solapur,2020,Wheat,Kharif,46.35,25.0,350.2,74.3,Loamy,6.36,118.06,60.49,35.97,Rainfed,1942.78,90056.89
Solapur,2020,Wheat,Zaid,2.73,20.4,406.9,79.8,Black,6.82,91.95,22.15,39.1,Rainfed,1473.09,4015.22
Solapur,2020,Wheat,Zaid,29.0,17.2,504.2,55.5,Red,7.51,87.07,63.74,35.85,Partially Irrigated,2212.03,64159.4
Wardha,2020,Bajra,Zaid,5.67,24.7,570.7,60.0,Clayey,8.11,87.68,23.12,25.03,Rainfed,1114.42,6316.35
Wardha,2020,Bajra,Kharif,12.01,32.7,562.2,74.0,Black,8.08,56.91,40.03,28.75,Rainfed,1384.15,16622.87
Wardha,2020,Bajra,Kharif,44.62,27.2,500.2,61.9,Loamy,8.17,67.03,23.6,50.7,Rainfed,1635.37,72963.22
Wardha,2020,Bajra,Rabi,10.06,26.8,289.8,49.9,Black,7.4,83.61,52.5,15.66,Rainfed,1385.56,13933.36
Wardha,2020,Bajra,Zaid,40.65,29.9,249.0,59.1,Clayey,7.94,65.89,21.6,51.85,Irrigated,2214.23,90003.72
Wardha,2020,Bajra,Rabi,42.48,29.1,538.5,75.3,Clayey,7.46,44.91,42.26,26.68,Rainfed,1152.12,48943.11
Wardha,2020,Cotton,Zaid,4.97,25.2,729.4,74.7,Black,7.01,79.78,53.03,45.7,Rainfed,1759.45,8735.74
Wardha,2020,Cotton,Rabi,5.53,29.9,794.3,90.0,Sandy,7.03,103.32,50.4,30.77,Rainfed,2146.26,11875.95
Wardha,2020,Cotton,Kharif,44.31,30.7,1119.1,61.5,Black,7.5,77.23,30.52,46.49,Partially Irrigated,2037.84,90305.61
Wardha,2020,Cotton,Zaid,25.54,31.0,723.0,55.6,Loamy,7.17,76.56,56.56,35.53,Partially Irrigated,2097.24,53558.1
Wardha,2020,Groundnut,Zaid,33.91,22.7,498.5,71.6,Clayey,7.73,32.94,56.9,117.13,Irrigated,2496.22,84650.26
Wardha,2020,Groundnut,Zaid,21.86,22.1,631.6,64.4,Sandy,6.79,34.49,53.08,92.58,Partially Irrigated,2540.41,55545.38
Wardha,2020,Groundnut,Zaid,13.8,28.0,583.1,49.6,Laterite,5.86,27.29,72.76,82.55,Irrigated,2246.98,31008.59
Wardha,2020,Groundnut,Rabi,24.91,25.0,708.5,64.3,Loamy,6.77,38.95,47.34,85.65,Rainfed,1578.43,39319.67
Wardha,2020,Jowar,Zaid,34.33,30.2,520.8,81.2,Clayey,6.98,49.48,20.61,22.18,Irrigated,1750.14,60074.35
Wardha,2020,Jowar,Zaid,28.68,31.6,409.2,40.0,Loamy,7.2,71.46,60.07,32.93,Rainfed,1960.27,56227.77
Wardha,2020,Maize,Kharif,39.52,19.3,566.9,84.3,Black,6.83,133.47,40.86,40.93,Irrigated,4056.81,160341.24
Wardha,2020,Maize,Zaid,16.57,21.3,734.1,54.0,Laterite,6.18,37.7,43.72,44.33,Rainfed,2290.52,37956.97
Wardha,2020,Maize,Rabi,9.73,26.4,821.0,50.2,Clayey,5.66,87.92,41.62,39.53,Irrigated,3352.89,32622.33
Wardha,2020,Rice,Rabi,27.07,33.4,1553.6,42.6,Clayey,6.26,87.72,36.1,26.77,Rainfed,2603.56,70479.7
Wardha,2020,Rice,Rabi,11.85,29.4,1471.9,54.1,Red,6.67,79.69,51.0,40.6,Irrigated,4210.52,49901.86
Wardha,2020,Soybean,Rabi,26.04,26.4,422.3,47.8,Black,7.12,32.6,68.03,41.98,Rainfed,1733.0,45126.45
Wardha,2020,Soybean,Rabi,28.32,23.3,598.2,78.1,Red,6.48,42.89,71.77,36.15,Partially Irrigated,2765.08,78310.17
Wardha,2020,Sugarcane,Rabi,39.2,24.8,2105.7,61.5,Red,7.14,265.52,63.29,79.33,Rainfed,51936.11,2035868.45
Wardha,2020,Sugarcane,Rabi,15.25,32.3,2171.5,42.3,Black,6.54,128.19,46.9,72.8,Irrigated,51005.12,777761.0
Wardha,2020,Sugarcane,Zaid,27.94,28.8,1961.4,49.8,Red,7.01,18.45,56.84,47.16,Partially Irrigated,34116.33,953071.43
Wardha,2020,Sugarcane,Zaid,18.1,23.9,1469.2,44.6,Sandy,6.73,170.82,91.62,135.01,Irrigated,81282.17,1470831.2
Wardha,2020,Sunflower,Zaid,29.95,23.2,426.9,46.0,Sandy,6.39,108.26,48.1,37.97,Partially Irrigated,1203.45,36043.72
Wardha,2020,Wheat,Zaid,48.64,20.1,526.4,68.1,Laterite,6.89,132.71,51.17,24.27,Partially Irrigated,2692.29,130942.86
Wardha,2020,Wheat,Rabi,36.76,25.8,548.6,73.2,Black,6.29,166.1,71.5,27.51,Partially Irrigated,2810.16,103305.82
Wardha,2020,Wheat,Rabi,49.42,19.8,515.9,82.9,Red,6.71,124.62,55.91,32.3,Rainfed,2641.15,130520.49
Wardha,2020,Wheat,Zaid,19.93,21.4,859.8,86.4,Laterite,7.31,132.56,50.47,32.53,Partially Irrigated,2102.73,41916.73
Wardha,2020,Wheat,Rabi,35.67,8.8,486.3,85.7,Sandy,7.26,166.82,43.06,56.76,Irrigated,3027.59,107993.18
Wardha,2020,Wheat,Kharif,32.85,19.0,623.1,40.7,Loamy,6.85,86.08,59.07,54.67,Rainfed,2874.85,94450.54
Yavatmal,2020,Cotton,Zaid,25.78,36.8,1179.5,83.9,Loamy,7.27,81.65,65.24,47.16,Partially Irrigated,1535.12,39573.96
Yavatmal,2020,Cotton,Zaid,2.57,29.5,724.1,44.4,Red,7.88,76.18,23.84,43.56,Irrigated,2043.23,5253.47
Yavatmal,2020,Cotton,Zaid,33.77,34.8,541.6,86.3,Red,6.14,101.92,32.02,30.59,Rainfed,1472.04,49707.85
Yavatmal,2020,Cotton,Rabi,25.26,36.8,834.9,79.7,Black,8.1,86.97,38.83,28.92,Partially Irrigated,1858.97,46960.98
Yavatmal,2020,Cotton,Rabi,6.06,19.5,666.7,45.7,Laterite,7.23,30.33,24.12,51.27,Partially Irrigated,1086.29,6582.29
Yavatmal,2020,Cotton,Rabi,11.9,32.9,568.6,78.4,Black,6.66,83.06,31.48,20.89,Irrigated,1612.91,19191.48
Yavatmal,2020,Cotton,Rabi,5.5,33.9,676.9,44.7,Red,6.66,104.17,46.83,29.35,Irrigated,2535.64,13950.04
Yavatmal,2020,Groundnut,Kharif,29.1,29.6,375.6,61.3,Black,5.93,25.85,74.99,79.42,Rainfed,1551.49,45144.72
Yavatmal,2020,Groundnut,Kharif,24.86,27.1,430.6,82.4,Clayey,6.36,29.69,48.65,56.41,Irrigated,1981.83,49268.96
Yavatmal,2020,Groundnut,Kharif,3.04,31.4,725.6,59.8,Laterite,5.65,32.78,50.25,28.66,Irrigated,1546.99,4703.98
Yavatmal,2020,Jowar,Kharif,24.14,25.4,692.3,52.9,Loamy,7.57,49.36,47.07,31.52,Irrigated,2166.33,52293.34
Yavatmal,2020,Jowar,Rabi,24.64,29.2,522.6,82.3,Laterite,6.71,104.45,30.61,38.35,Partially Irrigated,2596.94,63990.59
Yavatmal,2020,Jowar,Kharif,36.47,26.6,324.6,49.4,Loamy,7.38,67.47,44.28,37.13,Partially Irrigated,1978.9,72172.93
Yavatmal,2020,Jowar,Zaid,48.33,20.2,461.9,85.8,Red,7.95,60.03,29.51,24.46,Irrigated,1577.83,76259.26
Yavatmal,2020,Jowar,Rabi,18.69,31.6,357.8,82.8,Loamy,7.36,76.29,68.89,16.33,Irrigated,2761.69,51611.05
Yavatmal,2020,Maize,Zaid,1.19,21.2,648.3,77.7,Red,6.29,48.86,46.28,42.8,Rainfed,2460.37,2934.09
Yavatmal,2020,Maize,Zaid,11.84,30.4,550.3,75.7,Red,6.31,84.98,39.53,43.24,Partially Irrigated,2703.18,32012.6
Yavatmal,2020,Maize,Rabi,19.62,23.9,463.3,55.1,Clayey,6.95,66.96,76.16,65.13,Rainfed,3486.14,68412.7
Yavatmal,2020,Maize,Rabi,20.11,29.5,672.4,81.7,Red,6.91,108.81,33.06,25.12,Rainfed,2162.59,43499.89
Yavatmal,2020,Rice,Zaid,22.74,30.9,2275.8,88.9,Black,6.58,120.9,53.08,49.4,Rainfed,3019.5,68673.47
Yavatmal,2020,Rice,Kharif,36.05,26.5,1813.9,90.0,Loamy,6.09,69.66,55.13,62.85,Rainfed,3683.11,132763.99
Yavatmal,2020,Rice,Kharif,27.85,29.7,1167.7,61.0,Clayey,6.52,91.43,45.76,48.1,Rainfed,2950.52,82182.15
Yavatmal,2020,Soybean,Zaid,21.01,26.4,606.6,51.6,Clayey,6.64,36.72,62.03,32.92,Irrigated,2603.98,54701.83
Yavatmal,2020,Soybean,Rabi,7.12,22.3,700.5,83.9,Sandy,6.69,29.74,93.65,49.23,Partially Irrigated,2403.35,17102.75
Yavatmal,2020,Soybean,Zaid,28.21,22.9,805.9,42.0,Loamy,7.14,42.78,13.82,32.07,Partially Irrigated,1724.39,48638.27
Yavatmal,2020,Soybean,Rabi,13.03,21.9,574.6,59.2,Loamy,5.99,26.13,63.31,65.1,Rainfed,2248.64,29298.5
Yavatmal,2020,Sugarcane,Kharif,12.38,38.4,1515.7,85.8,Black,6.38,132.2,95.87,51.96,Partially Irrigated,51229.08,634404.64
Yavatmal,2020,Sugarcane,Zaid,39.84,32.0,2744.1,65.0,Black,6.81,243.54,106.37,98.47,Irrigated,78016.97,3108024.43
Yavatmal,2020,Sugarcane,Zaid,38.56,32.1,1821.4,56.8,Red,6.97,200.01,62.17,97.86,Partially Irrigated,56101.56,2163337.77
Yavatmal,2020,Sunflower,Kharif,37.78,26.4,601.1,56.4,Clayey,6.31,113.27,40.26,65.46,Irrigated,1753.41,66239.57
Yavatmal,2020,Sunflower,Rabi,2.88,26.3,596.0,53.8,Sandy,6.99,129.55,48.75,49.57,Rainfed,1426.6,4113.2
Yavatmal,2020,Sunflower,Rabi,19.3,27.2,415.2,69.4,Loamy,6.56,49.01,55.3,45.49,Irrigated,1156.63,22322.09
Yavatmal,2020,Sunflower,Rabi,34.76,30.0,281.1,52.4,Black,6.22,108.0,46.67,48.93,Irrigated,1517.94,52768.42
Yavatmal,2020,Sunflower,Zaid,48.73,22.7,439.0,46.0,Red,7.24,43.03,32.84,71.94,Irrigated,1238.4,60344.12
Yavatmal,2020,Sunflower,Kharif,37.07,30.1,613.7,89.3,Loamy,7.61,99.36,47.99,51.44,Partially Irrigated,1377.19,51050.26
Yavatmal,2020,Wheat,Kharif,44.2,23.7,494.6,75.1,Loamy,6.37,165.47,51.33,28.91,Rainfed,2307.77,101992.33
Yavatmal,2020,Wheat,Rabi,48.12,23.0,250.3,82.6,Black,6.31,109.62,69.72,45.57,Rainfed,1844.77,88774.34
Ahmednagar,2021,Bajra,Kharif,49.28,38.1,518.0,77.3,Sandy,6.91,39.39,60.49,15.76,Partially Irrigated,1531.3,75458.37
Ahmednagar,2021,Cotton,Kharif,19.63,28.1,1024.2,70.1,Clayey,6.19,110.7,40.09,51.05,Rainfed,1727.18,33907.77
Ahmednagar,2021,Cotton,Rabi,14.71,29.6,664.1,85.9,Sandy,6.15,68.88,57.09,48.52,Rainfed,1703.2,25061.92
Ahmednagar,2021,Groundnut,Zaid,19.72,27.1,671.7,88.1,Clayey,6.36,34.36,43.91,36.64,Rainfed,1436.72,28327.89
Ahmednagar,2021,Jowar,Zaid,20.62,37.1,611.8,73.2,Sandy,6.77,69.78,40.04,41.07,Rainfed,1927.75,39742.81
Ahmednagar,2021,Jowar,Rabi,38.19,26.8,665.2,81.1,Laterite,6.1,61.26,27.83,23.49,Irrigated,1628.47,62189.6
Ahmednagar,2021,Jowar,Kharif,40.33,26.1,636.1,74.9,Clayey,6.81,56.67,5.41,32.02,Irrigated,1470.96,59317.15
Ahmednagar,2021,Jowar,Kharif,2.67,29.1,484.7,59.1,Sandy,7.01,66.21,45.13,18.02,Partially Irrigated,1816.4,4846.02
Ahmednagar,2021,Maize,Rabi,5.07,24.9,971.3,82.1,Sandy,6.7,71.2,14.98,32.32,Rainfed,1564.45,7937.81
Ahmednagar,2021,Maize,Kharif,16.65,19.6,500.5,82.7,Red,7.01,83.7,69.53,35.77,Rainfed,2629.13,43783.3
Ahmednagar,2021,Maize,Rabi,28.94,26.7,613.1,82.2,Red,5.78,67.56,30.54,33.06,Irrigated,2871.78,83119.05
Ahmednagar,2021,Maize,Kharif,7.94,27.3,350.3,56.4,Clayey,6.37,88.35,52.74,26.33,Partially Irrigated,2504.97,19890.92
Ahmednagar,2021,Rice,Kharif,9.13,20.9,1373.3,40.9,Clayey,6.4,103.31,54.17,43.56,Partially Irrigated,3745.35,34192.36
Ahmednagar,2021,Rice,Rabi,45.9,26.1,1049.0,47.8,Clayey,7.83,92.16,48.17,59.28,Rainfed,3443.87,158062.55
Ahmednagar,2021,Soybean,Kharif,2.57,25.3,521.8,79.8,Red,6.38,31.31,71.91,53.02,Irrigated,3381.28,8689.3
Ahmednagar,2021,Soybean,Rabi,42.22,28.5,541.3,75.8,Loamy,7.48,13.94,41.57,45.72,Irrigated,1637.39,69129.73
Ahmednagar,2021,Soybean,Rabi,43.02,19.2,617.9,69.0,Sandy,7.4,40.62,68.06,48.25,Rainfed,2144.41,92259.08
Ahmednagar,2021,Sugarcane,Zaid,29.59,30.3,2831.5,45.2,Laterite,6.54,248.46,98.91,113.84,Partially Irrigated,68222.04,2018412.12
Ahmednagar,2021,Sugarcane,Rabi,46.96,30.8,2031.6,69.0,Sandy,6.98,228.31,85.86,97.43,Partially Irrigated,62337.16,2927442.43
Ahmednagar,2021,Sugarcane,Rabi,16.6,25.8,2012.5,55.1,Sandy,6.34,181.09,47.83,90.69,Rainfed,48308.68,801942.69
Ahmednagar,2021,Sugarcane,Kharif,5.15,28.4,1176.9,72.1,Sandy,7.21,200.11,78.54,135.3,Irrigated,72574.1,374004.79
Ahmednagar,2021,Sugarcane,Kharif,8.77,30.5,2340.6,44.6,Laterite,7.11,146.28,86.2,74.09,Rainfed,39162.22,343480.5
Ahmednagar,2021,Sugarcane,Kharif,6.49,29.2,1578.0,54.6,Laterite,6.9,140.85,107.64,132.02,Rainfed,52149.95,338604.27
Ahmednagar,2021,Sugarcane,Rabi,38.67,30.9,2082.7,75.3,Loamy,6.79,160.53,113.71,80.35,Rainfed,58387.0,2257942.43
Ahmednagar,2021,Sunflower,Zaid,22.53,27.2,450.7,71.1,Sandy,7.01,105.7,28.16,43.89,Rainfed,968.8,21829.72
Ahmednagar,2021,Sunflower,Kharif,31.17,28.6,618.4,79.7,Black,6.43,48.72,57.12,48.16,Irrigated,1270.35,39590.53
Ahmednagar,2021,Sunflower,Kharif,30.07,26.9,549.8,43.9,Laterite,6.12,88.9,53.0,69.67,Irrigated,2088.9,62822.27
Ahmednagar,2021,Wheat,Kharif,27.52,17.9,625.2,60.4,Sandy,6.96,171.71,46.67,40.56,Irrigated,4375.59,120417.17
Akola,2021,Bajra,Zaid,17.51,34.4,473.6,43.9,Laterite,7.57,40.22,55.03,31.45,Irrigated,1709.42,29924.28
Akola,2021,Bajra,Kharif,21.78,28.7,704.0,76.0,Sandy,7.17,67.02,46.15,39.5,Irrigated,1990.43,43346.68
Akola,2021,Cotton,Zaid,11.58,27.1,981.8,47.2,Black,7.44,37.56,29.83,58.37,Irrigated,1990.33,23042.1
Akola,2021,Cotton,Rabi,45.64,30.4,843.1,83.6,Clayey,7.42,104.73,51.93,51.63,Partially Irrigated,2391.65,109151.78
Akola,2021,Cotton,Zaid,26.89,29.4,700.1,54.9,Loamy,7.37,75.22,48.37,37.35,Rainfed,1565.91,42101.5
Akola,2021,Cotton,Kharif,10.9,32.6,948.0,59.7,Red,7.46,73.75,34.1,26.86,Irrigated,1858.93,20265.6
Akola,2021,Cotton,Rabi,31.73,26.4,463.1,73.7,Clayey,7.81,77.46,3.65,45.1,Partially Irrigated,1126.31,35738.4
Akola,2021,Groundnut,Zaid,11.99,26.7,608.1,40.7,Black,6.34,37.57,49.77,72.71,Irrigated,2338.83,28053.17
Akola,2021,Groundnut,Zaid,1.47,32.3,484.6,71.2,Clayey,6.78,17.27,55.0,115.67,Irrigated,2090.03,3071.24
Akola,2021,Groundnut,Kharif,8.61,32.5,905.6,56.9,Black,6.01,18.17,56.8,69.8,Irrigated,1664.73,14330.14
Akola,2021,Jowar,Zaid,3.41,38.7,260.1,85.8,Sandy,7.98,34.47,33.04,23.58,Partially Irrigated,1012.1,3449.6
Akola,2021,Maize,Zaid,23.5,22.4,520.1,48.2,Laterite,7.08,76.95,28.31,51.42,Partially Irrigated,2973.03,69874.38
Akola,2021,Maize,Zaid,35.64,30.3,769.5,86.4,Sandy,6.62,102.17,30.9,30.23,Rainfed,2200.57,78418.26
Akola,2021,Maize,Zaid,32.97,19.8,561.5,52.0,Loamy,5.6,117.85,50.64,23.93,Irrigated,4409.37,145359.56
Akola,2021,Maize,Rabi,45.27,30.7,984.3,62.9,Laterite,5.98,62.7,59.32,52.57,Partially Irrigated,2447.76,110815.62
Akola,2021,Maize,Kharif,33.6,26.4,862.9,67.3,Loamy,6.19,110.22,37.83,33.52,Irrigated,3857.92,129606.98
Akola,2021,Maize,Kharif,14.76,16.2,469.1,42.4,Black,6.69,115.9,60.67,47.92,Partially Irrigated,3160.22,46629.98
Akola,2021,Rice,Zaid,2.59,29.0,1544.9,56.8,Black,6.4,57.25,85.3,64.67,Rainfed,4327.69,11191.66
Akola,2021,Rice,Zaid,13.45,26.4,1691.2,82.6,Sandy,7.12,86.88,51.69,35.27,Rainfed,3374.95,45381.77
Akola,2021,Rice,Zaid,15.45,30.1,1268.1,58.2,Sandy,7.1,70.75,34.1,27.3,Irrigated,3281.96,50692.03
Akola,2021,Soybean,Kharif,1.88,31.1,635.5,45.5,Loamy,6.6,40.91,64.21,35.54,Partially Irrigated,2390.54,4484.77
Akola,2021,Sugarcane,Kharif,27.59,30.1,3120.5,58.0,Loamy,6.33,287.89,78.01,106.59,Partially Irrigated,72356.73,1996325.63
Akola,2021,Sugarcane,Rabi,12.6,31.6,1238.4,79.5,Clayey,6.34,159.24,53.34,97.63,Irrigated,65279.83,822499.4
Akola,2021,Sugarcane,Kharif,28.76,26.0,2479.9,61.0,Clayey,6.21,245.61,71.1,127.31,Partially Irrigated,67526.21,1941722.91
Akola,2021,Wheat,Rabi,23.95,22.8,572.8,52.8,Red,6.81,30.44,57.02,76.57,Rainfed,2455.52,58819.06
Akola,2021,Wheat,Zaid,5.79,21.5,256.9,43.9,Loamy,6.74,96.65,30.94,56.12,Rainfed,1881.23,10887.52
Amravati,2021,Cotton,Rabi,19.87,30.0,700.9,80.2,Sandy,6.15,88.82,31.64,50.38,Irrigated,2490.65,49492.01
Amravati,2021,Cotton,Zaid,38.32,34.8,1427.8,72.3,Loamy,7.19,61.09,56.0,39.43,Partially Irrigated,1141.24,43735.39
Amravati,2021,Groundnut,Kharif,41.29,25.9,700.4,72.9,Loamy,7.02,29.32,60.06,47.49,Irrigated,2134.03,88107.42
Amravati,2021,Groundnut,Rabi,36.99,32.5,670.3,68.1,Sandy,6.07,42.79,37.61,58.01,Irrigated,2423.45,89633.32
Amravati,2021,Groundnut,Kharif,36.41,32.2,480.1,54.2,Clayey,6.49,13.54,36.86,87.8,Rainfed,1018.95,37099.86
Amravati,2021,Groundnut,Zaid,45.01,33.0,740.2,81.8,Red,6.17,31.57,37.27,70.37,Rainfed,1556.31,70056.95
Amravati,2021,Groundnut,Kharif,30.8,29.4,563.3,67.4,Black,6.94,40.63,68.43,54.8,Irrigated,2854.75,87926.72
Amravati,2021,Groundnut,Rabi,15.5,27.4,589.8,77.5,Red,6.82,31.8,37.7,78.92,Rainfed,1652.98,25624.71
Amravati,2021,Jowar,Kharif,23.34,28.7,593.6,66.9,Loamy,6.65,78.92,46.07,29.82,Partially Irrigated,2458.65,57380.6
Amravati,2021,Jowar,Rabi,27.47,32.6,345.4,67.5,Sandy,6.31,57.57,53.94,31.09,Rainfed,1823.98,50099.33
Amravati,2021,Jowar,Zaid,21.92,34.0,652.0,79.8,Red,7.19,82.18,34.53,28.66,Irrigated,1956.52,42891.58
Amravati,2021,Jowar,Zaid,29.64,23.4,226.3,67.3,Laterite,6.53,87.73,44.55,25.7,Rainfed,1422.26,42158.63
Amravati,2021,Jowar,Rabi,46.79,27.8,640.1,75.5,Laterite,7.23,48.69,61.39,28.25,Irrigated,2554.37,119510.56
Amravati,2021,Jowar,Zaid,29.05,31.3,638.8,61.7,Black,7.58,48.02,45.08,32.59,Partially Irrigated,2119.43,61565.69
Amravati,2021,Maize,Zaid,4.62,31.0,929.2,55.5,Sandy,6.85,102.1,51.9,39.56,Irrigated,3126.35,14450.8
Amravati,2021,Rice,Kharif,36.04,24.0,981.2,49.5,Loamy,6.56,38.82,52.61,34.41,Irrigated,3140.66,113202.24
Amravati,2021,Rice,Rabi,40.35,33.2,768.9,79.5,Loamy,5.76,73.14,60.89,35.55,Partially Irrigated,2420.03,97639.82
Amravati,2021,Rice,Kharif,46.95,31.6,1260.5,66.1,Clayey,6.33,74.97,40.46,21.97,Partially Irrigated,2688.46,126234.36
Amravati,2021,Rice,Rabi,26.42,31.6,1668.3,87.8,Sandy,5.26,92.15,81.73,41.13,Partially Irrigated,4198.95,110927.12
Amravati,2021,Soybean,Rabi,13.92,28.6,443.2,52.5,Laterite,6.45,50.68,94.91,53.86,Irrigated,3182.77,44305.78
Amravati,2021,Soybean,Rabi,36.74,30.2,764.3,60.7,Loamy,5.89,28.11,97.4,57.6,Partially Irrigated,2260.15,83028.36
Amravati,2021,Sugarcane,Kharif,6.73,30.8,2021.6,52.1,Red,6.07,260.5,84.9,126.1,Partially Irrigated,74095.97,498421.24
Amravati,2021,Sugarcane,Kharif,35.6,27.9,2039.4,79.8,Laterite,6.78,110.09,63.84,130.74,Partially Irrigated,58541.98,2083962.11
Amravati,2021,Sugarcane,Kharif,15.02,26.5,1991.2,75.0,Clayey,7.42,48.48,67.82,141.66,Irrigated,66777.85,1003234.77
Amravati,2021,Sugarcane,Zaid,47.58,28.2,2536.2,61.1,Red,6.55,92.71,78.4,65.9,Irrigated,51240.63,2438105.72
Amravati,2021,Sunflower,Zaid,48.59,22.6,274.5,64.9,Clayey,6.26,113.63,72.26,57.89,Partially Irrigated,1373.25,66720.42
Amravati,2021,Sunflower,Kharif,46.05,21.4,396.8,48.3,Red,7.75,87.45,32.57,62.85,Rainfed,920.75,42405.1
Amravati,2021,Sunflower,Rabi,45.84,25.3,528.9,68.7,Sandy,6.78,61.36,34.24,29.27,Partially Irrigated,956.04,43825.59
Amravati,2021,Wheat,Rabi,23.7,15.9,443.3,86.1,Black,6.35,169.62,57.14,45.69,Irrigated,3427.84,81239.18
Amravati,2021,Wheat,Zaid,8.14,13.3,438.4,59.1,Red,8.02,123.18,92.82,67.47,Rainfed,2997.12,24395.89
Amravati,2021,Wheat,Rabi,14.65,23.1,858.8,42.0,Clayey,6.74,166.9,27.3,47.45,Partially Irrigated,2170.64,31800.41
Aurangabad,2021,Bajra,Rabi,1.73,37.4,277.5,53.9,Red,7.68,39.29,26.19,33.17,Irrigated,1526.08,2640.92
Aurangabad,2021,Bajra,Rabi,13.82,24.5,343.2,66.4,Sandy,7.79,63.1,31.56,39.02,Rainfed,1601.13,22123.13
Aurangabad,2021,Bajra,Zaid,30.02,35.6,604.2,44.2,Sandy,6.77,53.09,21.32,30.49,Rainfed,1004.75,30163.85
Aurangabad,2021,Cotton,Kharif,27.14,27.3,643.7,80.3,Red,6.57,65.32,53.42,40.16,Partially Irrigated,1640.5,44529.95
Aurangabad,2021,Cotton,Kharif,32.42,29.0,1177.6,85.4,Red,7.2,18.2,42.43,63.07,Rainfed,1074.74,34843.03
Aurangabad,2021,Cotton,Kharif,33.49,25.4,871.1,83.7,Red,7.4,59.68,46.09,27.76,Partially Irrigated,1669.46,55907.23
Aurangabad,2021,Cotton,Kharif,34.93,31.9,560.0,52.0,Red,7.02,45.93,48.25,29.25,Rainfed,1326.55,46333.88
Aurangabad,2021,Groundnut,Zaid,47.27,32.0,612.4,82.2,Loamy,6.97,25.36,51.44,60.29,Partially Irrigated,1481.93,70049.56
Aurangabad,2021,Groundnut,Zaid,1.4,27.4,586.3,64.4,Laterite,6.76,14.1,37.02,59.14,Partially Irrigated,1241.54,1734.8
Aurangabad,2021,Groundnut,Kharif,34.04,23.9,398.3,57.4,Sandy,6.15,41.45,51.44,27.99,Partially Irrigated,1727.18,58791.76
Aurangabad,2021,Groundnut,Kharif,19.98,23.5,512.7,49.3,Clayey,6.9,17.3,66.31,32.06,Rainfed,954.74,19080.26
Aurangabad,2021,Jowar,Rabi,14.2,29.6,629.7,69.6,Clayey,7.75,73.72,36.67,32.09,Rainfed,1844.46,26187.24
Aurangabad,2021,Jowar,Rabi,32.15,33.7,503.0,72.1,Black,7.2,30.31,41.52,23.86,Rainfed,1405.43,45179.56
Aurangabad,2021,Jowar,Zaid,34.47,32.3,460.2,79.0,Red,7.15,40.92,47.59,46.07,Irrigated,2597.52,89538.71
Aurangabad,2021,Jowar,Kharif,46.28,34.3,510.3,53.4,Clayey,6.37,55.79,53.75,23.12,Rainfed,1597.83,73945.5
Aurangabad,2021,Jowar,Rabi,46.52,30.9,428.0,40.9,Loamy,7.12,77.8,62.37,28.18,Partially Irrigated,2181.29,101482.74
Aurangabad,2021,Jowar,Zaid,16.78,32.2,541.5,80.9,Sandy,7.19,71.71,33.91,19.52,Irrigated,2204.78,37006.84
Aurangabad,2021,Jowar,Zaid,7.83,25.4,470.3,55.7,Sandy,7.86,100.71,20.37,16.71,Partially Irrigated,1788.04,13999.33
Aurangabad,2021,Jowar,Rabi,46.78,24.6,411.2,72.2,Black,6.86,53.49,47.93,40.88,Rainfed,2173.14,101667.91
Aurangabad,2021,Jowar,Rabi,21.23,30.0,525.9,54.5,Loamy,7.25,62.45,49.37,32.66,Partially Irrigated,2614.21,55505.43
Aurangabad,2021,Jowar,Rabi,21.41,28.9,365.2,89.0,Red,6.58,40.11,46.21,26.65,Partially Irrigated,1673.53,35825.87
Aurangabad,2021,Maize,Kharif,28.41,21.5,601.4,50.8,Clayey,6.12,126.99,59.2,32.86,Partially Irrigated,4243.93,120573.8
Aurangabad,2021,Maize,Rabi,2.0,23.9,562.4,56.7,Sandy,6.08,116.1,58.82,58.67,Irrigated,5220.33,10464.75
Aurangabad,2021,Rice,Kharif,20.7,27.8,1616.8,82.8,Clayey,5.46,102.97,72.68,49.45,Partially Irrigated,5558.7,115086.02
Aurangabad,2021,Rice,Kharif,25.32,26.7,1724.1,84.3,Loamy,5.93,131.59,54.37,60.3,Irrigated,5374.09,136094.12
Aurangabad,2021,Rice,Rabi,30.63,28.3,1493.3,49.3,Clayey,6.17,103.91,41.55,36.76,Irrigated,5728.42,175441.3
Aurangabad,2021,Rice,Rabi,23.09,30.6,1458.0,73.8,Black,5.79,141.19,40.42,44.83,Irrigated,5088.51,117502.43
Aurangabad,2021,Rice,Rabi,32.42,31.3,1975.5,40.9,Sandy,4.87,150.88,10.31,63.35,Irrigated,4809.67,155931.74
Aurangabad,2021,Soybean,Rabi,12.11,22.6,608.8,62.1,Red,6.31,26.28,59.97,31.17,Partially Irrigated,1584.37,19189.71
Aurangabad,2021,Soybean,Zaid,37.25,23.7,611.7,47.0,Sandy,6.58,13.49,84.3,57.53,Rainfed,1888.59,70356.47
Aurangabad,2021,Soybean,Kharif,41.6,29.4,639.1,72.9,Black,6.04,24.63,73.21,38.73,Irrigated,2093.05,87076.22
Aurangabad,2021,Soybean,Zaid,27.13,27.7,627.5,83.5,Black,6.36,18.66,74.71,36.26,Rainfed,1720.55,46671.37
Aurangabad,2021,Sugarcane,Rabi,3.08,30.6,2543.2,67.7,Sandy,7.3,117.41,53.39,115.67,Irrigated,59540.07,183426.78
Aurangabad,2021,Sunflower,Zaid,31.57,21.5,452.9,81.8,Red,6.75,105.1,46.29,46.88,Rainfed,1270.22,40096.4
Aurangabad,2021,Sunflower,Zaid,15.89,36.6,348.9,61.5,Loamy,6.34,124.53,70.56,73.51,Rainfed,1026.37,16313.72
Aurangabad,2021,Wheat,Rabi,43.44,12.4,549.0,53.3,Laterite,6.61,117.57,53.62,89.47,Irrigated,4020.9,174679.81
Aurangabad,2021,Wheat,Kharif,29.04,19.0,379.4,63.2,Loamy,6.98,174.37,28.69,34.21,Partially Irrigated,2529.82,73456.91
Aurangabad,2021,Wheat,Zaid,32.0,18.4,550.6,45.7,Black,7.43,139.13,74.13,62.91,Rainfed,3576.82,114453.49
Aurangabad,2021,Wheat,Rabi,39.83,24.1,584.2,72.7,Clayey,6.82,128.78,75.08,64.53,Rainfed,3470.21,138216.52
Dhule,2021,Bajra,Rabi,26.9,31.7,525.1,86.7,Clayey,7.62,54.98,54.12,22.05,Partially Irrigated,1708.14,45956.0
Dhule,2021,Bajra,Kharif,28.6,31.9,480.1,84.7,Sandy,7.38,55.27,60.74,37.59,Partially Irrigated,2296.28,65678.6
Dhule,2021,Bajra,Rabi,34.56,29.9,378.8,71.9,Red,7.39,47.74,35.84,19.07,Irrigated,1781.93,61579.16
Dhule,2021,Cotton,Zaid,4.61,30.9,1166.6,71.2,Clayey,7.46,108.36,41.56,37.76,Partially Irrigated,1850.94,8525.99
Dhule,2021,Cotton,Rabi,17.59,30.9,1025.4,49.3,Red,7.41,91.29,47.9,47.7,Irrigated,2243.9,39467.2
Dhule,2021,Groundnut,Rabi,22.36,26.2,542.1,53.0,Clayey,5.0,20.87,47.43,10.5,Irrigated,1440.14,32205.02
Dhule,2021,Groundnut,Zaid,25.86,27.7,540.7,62.5,Loamy,6.85,18.36,42.33,53.29,Rainfed,1243.99,32172.59
Dhule,2021,Groundnut,Zaid,40.33,28.0,538.3,66.4,Black,5.99,21.97,75.24,83.7,Irrigated,2080.9,83925.29
Dhule,2021,Groundnut,Rabi,10.51,30.0,612.4,66.9,Laterite,6.04,17.94,26.32,95.46,Partially Irrigated,1510.53,15879.04
Dhule,2021,Groundnut,Kharif,8.28,28.4,568.2,51.9,Laterite,6.73,35.99,60.98,36.16,Rainfed,1744.65,14439.98
Dhule,2021,Groundnut,Rabi,49.2,20.2,662.2,47.6,Sandy,6.51,32.0,31.13,58.41,Partially Irrigated,1826.42,89853.34
Dhule,2021,Jowar,Zaid,22.03,35.6,584.2,83.7,Sandy,6.81,65.87,48.89,35.25,Rainfed,1953.13,43031.81
Dhule,2021,Jowar,Zaid,41.25,26.2,531.3,42.2,Black,6.33,65.56,24.01,46.63,Irrigated,3110.61,128326.14
Dhule,2021,Maize,Zaid,14.04,23.9,846.3,72.4,Laterite,6.91,141.36,47.35,33.31,Irrigated,4331.84,60815.93
Dhule,2021,Maize,Zaid,12.99,24.8,579.1,43.4,Clayey,5.74,146.6,74.05,51.1,Irrigated,5265.29,68407.82
Dhule,2021,Maize,Zaid,38.84,27.8,845.7,43.9,Clayey,6.43,83.85,56.15,33.79,Rainfed,2494.9,96901.41
Dhule,2021,Maize,Zaid,13.07,22.7,887.9,46.2,Loamy,7.3,99.53,65.46,80.87,Irrigated,5924.9,77437.75
Dhule,2021,Maize,Zaid,41.97,22.5,553.7,78.4,Loamy,6.26,94.33,25.62,56.81,Partially Irrigated,3263.7,136969.17
Dhule,2021,Maize,Kharif,35.52,22.2,960.7,67.0,Red,6.29,47.73,24.07,42.18,Irrigated,2317.09,82299.38
Dhule,2021,Maize,Kharif,3.08,27.5,651.1,66.7,Laterite,6.25,80.62,54.86,64.59,Irrigated,4561.0,14025.11
Dhule,2021,Rice,Zaid,45.65,23.7,1153.0,81.0,Clayey,5.93,149.77,64.77,61.86,Rainfed,5150.54,235099.73
Dhule,2021,Rice,Rabi,34.3,26.8,1841.4,68.0,Black,6.02,57.26,68.47,30.62,Irrigated,4970.68,170513.98
Dhule,2021,Rice,Zaid,47.74,29.2,1849.5,67.0,Red,7.06,95.46,41.46,59.34,Partially Irrigated,3721.44,177665.26
Dhule,2021,Rice,Rabi,7.22,32.2,618.3,66.5,Clayey,6.55,31.58,53.97,39.59,Partially Irrigated,2347.22,16952.26
Dhule,2021,Rice,Zaid,35.89,30.0,1143.7,69.1,Black,6.43,130.78,43.44,37.22,Irrigated,5501.08,197452.48
Dhule,2021,Soybean,Rabi,39.25,30.3,307.5,85.6,Laterite,5.86,31.9,92.32,44.37,Rainfed,1701.2,66777.95
Dhule,2021,Soybean,Zaid,17.96,34.1,750.5,78.0,Laterite,6.18,47.74,63.37,82.26,Rainfed,2227.47,39994.36
Dhule,2021,Sugarcane,Zaid,41.23,33.7,1711.0,61.3,Loamy,7.91,212.78,52.66,142.42,Irrigated,79552.93,3279931.48
Dhule,2021,Sugarcane,Rabi,15.21,29.8,2031.6,69.3,Loamy,6.64,145.78,86.29,127.7,Rainfed,61852.67,940942.38
Dhule,2021,Sunflower,Kharif,12.03,32.6,540.7,78.7,Laterite,6.71,66.8,47.24,34.84,Partially Irrigated,995.52,11975.63
Dhule,2021,Sunflower,Zaid,38.41,28.1,406.9,58.8,Red,7.41,77.34,54.2,40.39,Partially Irrigated,1102.43,42345.95
Dhule,2021,Wheat,Rabi,3.63,10.6,552.5,71.3,Loamy,6.42,158.48,91.8,57.21,Partially Irrigated,3350.28,12154.11
Dhule,2021,Wheat,Kharif,23.93,21.9,352.1,86.2,Sandy,7.15,169.7,53.06,89.7,Rainfed,2805.29,67144.52
Dhule,2021,Wheat,Rabi,37.84,23.6,510.2,87.5,Sandy,6.72,193.56,40.21,76.96,Rainfed,3167.09,119842.41
Dhule,2021,Wheat,Kharif,29.65,20.8,474.1,64.4,Laterite,7.38,130.23,41.6,42.58,Rainfed,2395.07,71009.92
Dhule,2021,Wheat,Zaid,18.16,20.3,556.0,44.7,Loamy,6.57,53.94,116.53,47.76,Rainfed,3140.12,57018.03
Dhule,2021,Wheat,Rabi,42.12,19.2,608.7,83.0,Red,6.9,129.16,43.15,36.1,Rainfed,2490.71,104911.69
Dhule,2021,Wheat,Rabi,23.81,15.0,316.9,40.3,Clayey,7.0,75.77,83.67,65.28,Irrigated,3272.73,77925.05
Dhule,2021,Wheat,Rabi,18.28,22.3,603.6,83.9,Red,6.67,24.79,44.33,43.46,Rainfed,1377.71,25185.69
Jalgaon,2021,Bajra,Rabi,40.71,33.8,346.4,58.6,Sandy,6.87,60.69,43.67,37.06,Rainfed,1535.9,62530.91
Jalgaon,2021,Bajra,Rabi,14.33,26.5,525.0,52.5,Laterite,7.73,28.59,59.68,27.26,Partially Irrigated,1290.72,18493.6
Jalgaon,2021,Bajra,Kharif,8.23,27.8,444.1,40.9,Loamy,6.45,53.03,53.73,38.42,Rainfed,1809.16,14896.89
Jalgaon,2021,Bajra,Rabi,34.43,36.2,299.6,66.8,Laterite,6.45,65.64,34.78,30.18,Irrigated,1588.81,54705.53
Jalgaon,2021,Cotton,Zaid,30.11,28.3,1054.6,50.6,Clayey,6.89,79.97,42.12,28.67,Irrigated,1614.64,48619.99
Jalgaon,2021,Cotton,Zaid,10.88,29.1,242.2,42.8,Red,7.03,126.23,40.98,54.15,Irrigated,2031.59,22110.35
Jalgaon,2021,Cotton,Rabi,37.91,29.3,714.8,59.9,Loamy,6.86,109.2,47.99,53.49,Rainfed,2011.19,76248.45
Jalgaon,2021,Groundnut,Zaid,40.9,24.4,595.3,67.7,Clayey,6.26,42.36,81.24,76.72,Rainfed,1963.0,80280.33
Jalgaon,2021,Jowar,Zaid,23.42,26.4,370.6,75.8,Black,7.37,40.55,29.18,29.92,Partially Irrigated,1635.76,38308.73
Jalgaon,2021,Jowar,Zaid,8.69,29.8,450.9,48.8,Clayey,7.0,68.35,36.57,32.72,Irrigated,2922.24,25380.52
Jalgaon,2021,Maize,Rabi,20.4,22.7,459.2,73.5,Black,5.19,84.36,67.14,24.01,Partially Irrigated,2859.77,58350.92
Jalgaon,2021,Maize,Zaid,29.02,24.5,671.4,53.2,Black,6.55,77.6,37.72,37.93,Partially Irrigated,3422.08,99319.1
Jalgaon,2021,Maize,Rabi,35.74,26.0,666.0,71.5,Loamy,7.16,88.14,55.23,44.2,Irrigated,4528.42,161851.87
Jalgaon,2021,Rice,Rabi,38.08,27.1,1981.0,68.0,Black,6.74,135.5,57.39,40.25,Irrigated,5556.63,211611.86
Jalgaon,2021,Rice,Rabi,15.41,26.5,1571.1,43.9,Sandy,7.05,99.66,54.91,36.91,Rainfed,3394.46,52318.16
Jalgaon,2021,Rice,Rabi,44.66,27.1,1162.6,75.1,Loamy,6.18,30.88,32.57,15.81,Irrigated,2335.59,104316.17
Jalgaon,2021,Soybean,Kharif,37.99,25.5,607.3,55.5,Loamy,6.92,31.15,109.92,42.01,Rainfed,2271.13,86288.19
Jalgaon,2021,Soybean,Zaid,36.77,26.0,601.5,88.7,Sandy,5.61,37.4,48.32,27.22,Partially Irrigated,2070.46,76124.12
Jalgaon,2021,Soybean,Rabi,12.4,29.1,581.3,83.3,Loamy,6.49,36.42,106.52,35.93,Partially Irrigated,2580.06,32005.04
Jalgaon,2021,Soybean,Rabi,30.32,26.1,513.5,43.2,Clayey,6.73,32.82,90.84,39.22,Rainfed,2040.81,61872.1
Jalgaon,2021,Sugarcane,Zaid,43.62,24.8,1817.8,49.2,Sandy,6.26,149.97,56.67,117.2,Partially Irrigated,52737.09,2300400.35
Jalgaon,2021,Sugarcane,Kharif,6.19,24.5,1516.9,60.8,Red,6.02,169.83,41.3,146.51,Rainfed,49453.63,306038.31
Jalgaon,2021,Sugarcane,Kharif,39.7,29.6,2535.9,51.2,Loamy,6.51,275.06,89.07,156.73,Irrigated,92761.48,3682964.66
Jalgaon,2021,Sunflower,Kharif,43.51,26.7,271.5,58.6,Red,6.34,54.05,58.77,60.48,Rainfed,944.13,41077.57
Jalgaon,2021,Sunflower,Rabi,8.78,31.8,400.5,63.0,Loamy,6.72,73.23,41.53,45.5,Rainfed,767.67,6742.34
Jalgaon,2021,Wheat,Kharif,6.65,24.9,451.7,46.6,Clayey,6.08,117.79,46.18,48.16,Partially Irrigated,2785.63,18513.46
Jalgaon,2021,Wheat,Rabi,12.17,21.8,635.7,65.9,Laterite,8.13,142.37,69.64,60.89,Partially Irrigated,3810.19,46363.54
Jalgaon,2021,Wheat,Zaid,13.67,12.3,580.8,42.1,Clayey,7.57,113.82,63.6,63.78,Partially Irrigated,3020.99,41285.61
Jalgaon,2021,Wheat,Rabi,1.3,19.9,383.2,68.5,Loamy,6.68,173.02,80.27,58.17,Partially Irrigated,4866.32,6314.76
Kolhapur,2021,Bajra,Zaid,2.1,31.7,540.1,78.4,Laterite,7.26,83.84,39.19,27.52,Irrigated,2192.34,4608.57
Kolhapur,2021,Cotton,Zaid,6.72,24.9,731.5,45.1,Black,7.39,69.79,44.53,7.45,Rainfed,1135.71,7633.0
Kolhapur,2021,Cotton,Zaid,13.05,28.7,784.6,74.5,Red,7.2,34.16,48.26,23.28,Rainfed,1139.51,14866.15
Kolhapur,2021,Cotton,Kharif,38.25,24.4,606.4,79.9,Black,6.98,133.74,52.36,40.55,Partially Irrigated,2646.69,101241.06
Kolhapur,2021,Groundnut,Zaid,20.09,19.4,658.5,71.1,Loamy,6.62,23.03,82.14,100.23,Rainfed,1695.76,34062.51
Kolhapur,2021,Groundnut,Kharif,18.21,22.0,614.8,64.3,Sandy,7.67,32.71,44.02,85.8,Irrigated,2731.88,49751.45
Kolhapur,2021,Groundnut,Kharif,25.51,30.7,623.1,66.7,Clayey,5.78,36.53,18.72,91.58,Irrigated,2230.38,56896.19
Kolhapur,2021,Groundnut,Kharif,7.02,26.1,554.7,56.9,Sandy,6.78,29.3,63.05,69.35,Partially Irrigated,2182.99,15328.17
Kolhapur,2021,Jowar,Zaid,3.67,27.0,474.9,71.2,Laterite,7.66,91.39,39.41,24.84,Irrigated,2766.32,10161.97
Kolhapur,2021,Jowar,Kharif,41.89,36.1,296.2,48.5,Sandy,7.68,59.54,39.63,33.15,Rainfed,1533.49,64235.57
Kolhapur,2021,Maize,Rabi,41.01,26.3,675.1,58.2,Sandy,6.88,131.6,63.03,68.13,Rainfed,4108.18,168474.38
Kolhapur,2021,Rice,Rabi,44.59,30.5,1563.7,57.8,Sandy,6.76,140.27,67.43,70.48,Rainfed,4129.07,184095.2
Kolhapur,2021,Rice,Kharif,38.72,22.4,742.6,47.2,Loamy,6.0,45.19,55.31,46.95,Partially Irrigated,2183.89,84556.81
Kolhapur,2021,Rice,Kharif,16.15,23.1,1548.9,65.4,Laterite,6.47,94.23,36.69,47.4,Irrigated,4834.87,78062.35
Kolhapur,2021,Rice,Rabi,49.61,24.4,1864.3,73.9,Black,5.73,82.86,39.62,59.77,Rainfed,3590.51,178119.81
Kolhapur,2021,Rice,Kharif,26.67,33.9,1284.4,62.8,Loamy,6.77,117.66,42.7,60.14,Partially Irrigated,4059.7,108264.47
Kolhapur,2021,Soybean,Zaid,46.15,31.3,568.6,69.6,Black,5.9,23.19,61.33,72.87,Partially Irrigated,2403.85,110932.19
Kolhapur,2021,Soybean,Zaid,10.85,24.9,374.7,59.2,Clayey,6.31,27.94,40.87,37.11,Irrigated,1776.12,19265.01
Kolhapur,2021,Sugarcane,Zaid,46.85,29.3,1263.2,85.6,Red,6.47,329.15,72.81,76.29,Irrigated,85100.48,3986942.05
Kolhapur,2021,Sugarcane,Rabi,7.71,24.5,2337.1,54.1,Laterite,6.42,154.94,97.5,69.61,Partially Irrigated,58790.88,453282.04
Kolhapur,2021,Sunflower,Kharif,42.37,21.6,551.3,52.7,Clayey,6.67,84.79,40.13,44.09,Partially Irrigated,1307.53,55397.8
Kolhapur,2021,Sunflower,Rabi,19.72,23.9,457.9,51.9,Laterite,7.24,47.08,74.13,62.42,Irrigated,1682.27,33181.21
Kolhapur,2021,Sunflower,Kharif,33.1,15.7,399.8,86.0,Red,7.68,86.36,43.24,58.84,Partially Irrigated,1013.84,33559.82
Kolhapur,2021,Sunflower,Rabi,37.5,24.5,534.9,44.5,Red,6.38,63.05,51.77,45.9,Rainfed,1106.71,41503.1
Kolhapur,2021,Sunflower,Zaid,42.39,25.4,401.0,65.2,Clayey,7.39,99.57,43.38,55.61,Irrigated,1502.37,63686.87
Kolhapur,2021,Wheat,Zaid,22.42,25.9,724.7,82.2,Black,7.35,83.14,101.53,47.32,Partially Irrigated,2877.32,64496.64
Kolhapur,2021,Wheat,Kharif,49.39,15.4,588.3,78.6,Black,6.75,130.18,77.32,18.04,Partially Irrigated,2471.11,122035.87
Kolhapur,2021,Wheat,Zaid,30.11,15.5,480.4,53.3,Black,6.67,70.93,35.67,33.39,Partially Irrigated,1641.7,49428.9
Kolhapur,2021,Wheat,Kharif,30.21,12.3,744.0,67.0,Sandy,6.91,115.75,103.01,55.89,Partially Irrigated,2731.01,82498.64
Nagpur,2021,Cotton,Kharif,42.59,29.7,1176.0,52.9,Laterite,7.1,103.15,31.3,29.5,Partially Irrigated,1704.57,72597.05
Nagpur,2021,Cotton,Kharif,19.91,32.6,907.6,74.9,Loamy,7.03,126.9,59.99,43.16,Irrigated,2608.54,51931.25
Nagpur,2021,Cotton,Zaid,47.85,35.6,741.2,79.9,Sandy,7.34,98.15,48.32,30.57,Rainfed,1425.56,68218.96
Nagpur,2021,Jowar,Kharif,33.85,28.8,646.8,71.1,Sandy,6.93,44.58,31.07,22.57,Partially Irrigated,1457.82,49340.92
Nagpur,2021,Jowar,Kharif,37.21,29.9,364.3,71.4,Sandy,6.96,44.1,37.21,14.79,Partially Irrigated,1492.8,55541.73
Nagpur,2021,Jowar,Rabi,43.43,34.7,399.4,76.6,Clayey,6.79,72.91,54.27,38.6,Rainfed,1902.47,82629.64
Nagpur,2021,Jowar,Zaid,25.67,25.0,436.8,75.6,Laterite,7.4,34.23,40.86,11.69,Irrigated,1433.6,36802.98
Nagpur,2021,Jowar,Kharif,10.82,23.1,476.8,49.4,Sandy,6.03,84.03,33.69,26.6,Partially Irrigated,1992.8,21553.93
Nagpur,2021,Jowar,Rabi,9.38,24.2,626.6,75.3,Red,6.87,48.65,43.61,22.05,Partially Irrigated,1533.78,14393.68
Nagpur,2021,Maize,Zaid,43.81,22.8,814.9,55.3,Red,7.34,71.63,32.7,67.06,Rainfed,2209.35,96785.83
Nagpur,2021,Maize,Zaid,39.22,24.1,566.8,56.0,Sandy,6.52,37.73,43.33,23.96,Irrigated,2381.69,93413.33
Nagpur,2021,Maize,Zaid,10.24,19.4,611.9,73.6,Laterite,6.71,90.29,53.47,75.35,Irrigated,4474.77,45808.6
Nagpur,2021,Maize,Zaid,1.93,26.4,568.0,52.3,Sandy,5.78,173.88,55.95,53.59,Partially Irrigated,4707.29,9075.27
Nagpur,2021,Rice,Kharif,15.65,22.0,1336.4,88.3,Black,6.09,71.89,40.25,59.16,Irrigated,3917.52,61298.98
Nagpur,2021,Rice,Zaid,21.69,23.5,2283.8,52.3,Red,6.64,111.28,65.81,44.11,Partially Irrigated,3506.38,76038.02
Nagpur,2021,Rice,Zaid,17.61,20.6,1704.8,45.9,Sandy,6.72,112.41,42.91,55.53,Partially Irrigated,4179.85,73627.06
Nagpur,2021,Rice,Kharif,21.12,22.7,2053.8,74.8,Sandy,6.05,111.62,67.67,44.1,Rainfed,3003.56,63433.29
Nagpur,2021,Soybean,Zaid,42.36,18.1,930.9,74.9,Sandy,6.35,25.58,70.37,70.26,Rainfed,1636.23,69311.01
Nagpur,2021,Sunflower,Zaid,26.81,24.2,395.6,87.9,Sandy,6.59,74.87,66.25,46.11,Rainfed,1276.78,34231.06
Nagpur,2021,Sunflower,Rabi,4.74,24.3,585.2,86.1,Red,6.85,70.45,41.23,70.07,Rainfed,1211.2,5739.14
Nagpur,2021,Sunflower,Rabi,38.47,18.0,589.9,53.7,Sandy,7.12,91.29,53.15,77.07,Rainfed,1417.38,54524.1
Nagpur,2021,Sunflower,Kharif,16.14,25.7,765.2,69.6,Red,6.08,28.97,48.92,66.5,Partially Irrigated,1029.14,16607.06
Nagpur,2021,Wheat,Zaid,33.34,19.8,403.3,44.3,Red,7.05,160.5,65.27,55.29,Irrigated,4504.38,150182.63
Nashik,2021,Bajra,Zaid,31.2,32.1,346.8,62.6,Red,7.0,60.33,47.47,34.42,Rainfed,1667.91,52037.3
Nashik,2021,Bajra,Kharif,13.54,29.3,450.5,69.7,Laterite,8.24,55.73,34.93,35.08,Irrigated,2040.07,27630.17
Nashik,2021,Bajra,Zaid,18.49,28.1,254.9,79.5,Loamy,7.19,71.62,53.91,35.49,Partially Irrigated,1563.65,28906.46
Nashik,2021,Cotton,Zaid,47.91,29.6,921.4,41.8,Sandy,6.9,64.08,41.76,33.7,Rainfed,1269.35,60812.32
Nashik,2021,Cotton,Kharif,2.12,31.5,772.6,41.0,Red,7.25,47.41,41.01,32.4,Rainfed,1297.57,2752.37
Nashik,2021,Jowar,Zaid,16.8,27.1,546.4,43.1,Clayey,7.5,53.92,33.6,26.13,Partially Irrigated,1982.39,33308.76
Nashik,2021,Jowar,Zaid,1.22,26.5,593.3,60.1,Laterite,6.79,60.51,47.78,31.63,Partially Irrigated,2342.82,2869.12
Nashik,2021,Jowar,Kharif,6.34,31.7,237.1,60.9,Loamy,7.12,69.83,34.17,36.12,Irrigated,2196.89,13919.0
Nashik,2021,Maize,Zaid,32.23,27.7,809.3,50.3,Clayey,6.58,90.63,78.48,51.56,Irrigated,4627.88,149141.32
Nashik,2021,Maize,Kharif,7.25,23.5,588.9,69.3,Black,6.41,109.32,30.81,53.14,Rainfed,3088.6,22400.13
Nashik,2021,Rice,Kharif,4.08,29.5,1305.2,74.3,Sandy,6.51,106.86,63.71,55.21,Rainfed,4501.94,18371.88
Nashik,2021,Soybean,Rabi,11.01,14.3,612.3,40.9,Clayey,7.81,19.99,100.75,64.95,Partially Irrigated,1809.96,19930.33
Nashik,2021,Soybean,Rabi,18.12,25.0,689.3,72.3,Red,5.9,26.07,83.76,41.0,Irrigated,2857.45,51776.56
Nashik,2021,Soybean,Rabi,16.64,22.2,528.1,76.5,Laterite,6.62,31.47,83.7,57.95,Irrigated,3158.68,52567.48
Nashik,2021,Soybean,Rabi,12.03,17.8,454.9,66.9,Clayey,6.42,46.02,62.31,29.01,Rainfed,1513.68,18209.24
Nashik,2021,Soybean,Rabi,12.67,23.8,486.8,73.8,Laterite,6.31,22.86,27.57,55.02,Irrigated,2013.88,25522.65
Nashik,2021,Sugarcane,Zaid,45.55,25.5,1844.6,56.7,Red,6.38,244.92,144.13,73.37,Rainfed,67565.33,3077569.53
Nashik,2021,Sugarcane,Zaid,29.61,28.0,1340.4,81.4,Black,6.64,131.71,80.17,122.8,Irrigated,76802.23,2274418.29
Nashik,2021,Sugarcane,Zaid,16.05,32.2,2558.6,55.5,Black,7.01,190.07,77.37,118.02,Rainfed,59786.21,959471.46
Nashik,2021,Sugarcane,Rabi,15.43,26.4,2713.1,80.1,Red,6.6,182.04,93.97,107.56,Partially Irrigated,51960.99,801910.57
Nashik,2021,Sugarcane,Kharif,42.63,35.7,2710.0,41.7,Red,6.14,194.19,62.1,95.19,Irrigated,50829.62,2166862.24
Nashik,2021,Sunflower,Kharif,28.37,30.1,391.7,72.6,Red,6.99,100.29,77.6,38.82,Rainfed,1159.08,32887.04
Nashik,2021,Wheat,Kharif,6.26,24.5,586.8,87.7,Black,6.96,156.43,62.29,42.29,Irrigated,3298.44,20655.89
Nashik,2021,Wheat,Rabi,19.96,17.1,337.3,72.3,Laterite,6.75,72.64,66.08,58.44,Partially Irrigated,2677.96,53447.51
Nashik,2021,Wheat,Zaid,6.61,22.5,466.7,66.2,Laterite,7.05,117.48,48.56,64.94,Irrigated,3248.95,21484.43
Nashik,2021,Wheat,Zaid,6.2,17.4,465.8,53.0,Loamy,6.24,120.49,61.36,42.1,Rainfed,2656.66,16482.62
Pune,2021,Bajra,Rabi,24.7,31.2,256.6,48.1,Laterite,7.37,64.19,34.24,50.69,Irrigated,1981.67,48955.18
Pune,2021,Bajra,Rabi,31.34,33.2,397.2,47.5,Sandy,7.86,57.63,39.61,31.21,Rainfed,1310.85,41081.22
Pune,2021,Cotton,Kharif,31.58,26.0,797.7,64.9,Black,6.92,80.28,18.94,46.18,Partially Irrigated,1714.83,54154.51
Pune,2021,Cotton,Rabi,16.36,28.2,1013.2,49.1,Red,6.62,89.88,34.24,18.62,Rainfed,1093.11,17886.21
Pune,2021,Groundnut,Kharif,34.31,31.2,522.5,60.1,Clayey,6.75,31.73,59.97,95.76,Irrigated,2311.54,79304.32
Pune,2021,Groundnut,Kharif,4.72,26.5,451.3,47.9,Sandy,6.62,39.95,40.7,66.01,Rainfed,1766.52,8343.46
Pune,2021,Jowar,Rabi,24.33,34.2,507.5,55.2,Clayey,6.15,41.12,55.11,12.12,Rainfed,1324.64,32224.64
Pune,2021,Maize,Kharif,16.81,16.6,825.3,53.0,Loamy,6.36,118.04,34.79,69.77,Rainfed,2975.79,50030.06
Pune,2021,Rice,Zaid,7.04,27.1,1196.4,80.8,Sandy,6.68,150.07,35.33,12.93,Irrigated,3677.32,25901.92
Pune,2021,Soybean,Rabi,28.66,22.6,729.7,75.1,Sandy,6.46,31.61,68.87,54.35,Rainfed,1616.96,46340.26
Pune,2021,Sugarcane,Kharif,35.2,27.3,2478.8,64.8,Laterite,5.85,105.0,67.75,88.69,Rainfed,32742.99,1152603.31
Pune,2021,Sugarcane,Zaid,17.78,30.1,1468.7,46.2,Red,5.87,196.53,95.62,99.61,Rainfed,50223.54,892734.69
Pune,2021,Sunflower,Zaid,49.13,18.2,514.9,89.8,Black,6.78,92.04,47.8,52.71,Rainfed,1077.98,52956.9
Pune,2021,Sunflower,Rabi,15.77,25.9,458.3,70.3,Loamy,6.44,82.37,55.08,35.11,Irrigated,1466.25,23124.77
Pune,2021,Sunflower,Rabi,11.01,21.1,627.0,74.2,Red,6.14,101.42,44.58,46.36,Irrigated,1321.06,14541.94
Pune,2021,Sunflower,Zaid,30.27,25.2,419.0,60.4,Sandy,7.6,84.58,25.91,61.14,Partially Irrigated,1308.13,39591.71
Pune,2021,Sunflower,Kharif,45.07,24.5,510.2,86.5,Red,6.16,77.35,51.52,73.37,Partially Irrigated,1713.48,77221.75
Pune,2021,Sunflower,Kharif,21.72,21.7,426.7,54.5,Loamy,6.58,46.08,51.54,26.31,Rainfed,726.8,15783.12
Pune,2021,Wheat,Kharif,49.08,14.6,652.6,71.7,Laterite,7.5,133.01,64.8,43.98,Partially Irrigated,2775.88,136235.02
Pune,2021,Wheat,Kharif,24.62,18.1,603.3,64.6,Clayey,7.54,68.82,64.11,40.78,Partially Irrigated,2075.97,51115.76
Pune,2021,Wheat,Kharif,25.61,14.1,571.7,57.0,Black,6.65,127.34,31.38,60.33,Irrigated,3412.34,87393.59
Pune,2021,Wheat,Zaid,35.92,23.6,369.6,45.9,Loamy,7.16,179.67,64.28,47.99,Irrigated,4725.75,169737.48
Pune,2021,Wheat,Rabi,21.27,24.3,490.4,56.6,Black,6.42,120.26,43.44,60.52,Rainfed,2222.72,47272.19
Pune,2021,Wheat,Rabi,4.9,21.9,380.5,55.0,Laterite,6.45,80.44,62.36,35.77,Partially Irrigated,2113.63,10354.93
Pune,2021,Wheat,Kharif,38.22,24.6,463.6,89.1,Red,6.68,120.63,74.59,74.96,Rainfed,3028.7,115752.69
Pune,2021,Wheat,Kharif,41.67,12.0,502.4,58.9,Clayey,5.76,179.02,45.13,45.08,Rainfed,2068.05,86179.12
Sangli,2021,Bajra,Rabi,25.5,26.2,489.2,41.9,Clayey,7.04,47.19,47.92,17.28,Irrigated,1616.23,41207.2
Sangli,2021,Cotton,Rabi,4.01,33.3,1090.7,88.5,Sandy,6.03,96.72,44.89,40.19,Irrigated,2205.21,8833.75
Sangli,2021,Cotton,Zaid,6.04,30.7,651.5,49.5,Laterite,7.47,71.34,49.69,38.24,Irrigated,2186.48,13201.11
Sangli,2021,Cotton,Zaid,10.64,28.2,695.2,71.3,Laterite,6.72,104.79,34.16,33.44,Rainfed,1649.22,17547.51
Sangli,2021,Cotton,Kharif,17.86,27.5,477.4,75.7,Black,6.9,85.7,27.16,56.23,Irrigated,2661.55,47546.01
Sangli,2021,Cotton,Rabi,16.59,27.0,653.9,58.5,Sandy,6.87,75.36,46.87,41.27,Partially Irrigated,1876.96,31130.89
Sangli,2021,Groundnut,Zaid,48.49,22.1,589.2,41.3,Loamy,6.49,29.12,40.14,62.7,Rainfed,1213.25,58825.97
Sangli,2021,Jowar,Kharif,45.17,24.6,498.6,57.3,Sandy,7.19,42.16,55.96,14.92,Partially Irrigated,1909.53,86249.73
Sangli,2021,Jowar,Rabi,25.77,23.2,640.9,42.1,Sandy,6.84,59.95,32.66,22.02,Irrigated,2087.25,53792.19
Sangli,2021,Maize,Kharif,42.34,23.0,698.3,55.7,Red,6.73,69.8,46.64,41.09,Partially Irrigated,3298.15,139654.13
Sangli,2021,Maize,Rabi,39.61,21.2,748.6,42.6,Black,6.97,128.61,54.75,24.27,Rainfed,3276.35,129778.16
Sangli,2021,Maize,Kharif,14.34,19.6,833.3,57.8,Laterite,6.14,125.9,55.36,52.53,Irrigated,3815.78,54699.8
Sangli,2021,Rice,Kharif,15.18,24.3,1056.4,53.5,Black,4.82,116.34,80.81,52.22,Irrigated,5604.71,85069.77
Sangli,2021,Rice,Rabi,33.5,27.5,1789.1,55.0,Red,6.66,32.8,50.9,53.35,Rainfed,2347.67,78656.4
Sangli,2021,Rice,Zaid,32.67,27.1,1785.6,83.7,Red,5.02,82.29,71.88,52.36,Partially Irrigated,3824.74,124957.97
Sangli,2021,Rice,Rabi,3.07,25.8,1073.8,71.1,Clayey,6.86,70.65,55.16,32.82,Rainfed,2757.74,8469.88
Sangli,2021,Soybean,Zaid,24.17,25.4,521.2,42.5,Clayey,6.79,20.92,75.31,43.26,Rainfed,1643.89,39734.65
Sangli,2021,Soybean,Kharif,48.52,25.8,476.6,57.0,Clayey,6.45,45.69,31.65,35.43,Rainfed,1630.11,79095.45
Sangli,2021,Soybean,Kharif,20.47,22.7,441.2,72.8,Black,7.35,29.64,81.26,43.37,Irrigated,2245.62,45978.5
Sangli,2021,Sugarcane,Zaid,8.62,28.5,2370.1,86.9,Red,7.3,121.26,76.96,93.8,Partially Irrigated,54176.68,467215.63
Sangli,2021,Sugarcane,Zaid,15.49,39.4,2635.4,68.9,Loamy,6.59,263.11,72.96,100.29,Rainfed,52015.17,805549.18
Sangli,2021,Sugarcane,Rabi,37.61,35.2,1848.7,69.4,Laterite,6.94,204.84,64.69,124.22,Irrigated,68302.89,2568741.56
Sangli,2021,Sunflower,Rabi,13.56,23.3,480.9,84.6,Loamy,6.56,58.18,69.76,41.25,Irrigated,1615.16,21902.35
Sangli,2021,Wheat,Kharif,25.88,23.1,549.0,84.5,Clayey,6.4,161.33,32.92,53.68,Irrigated,3759.45,97299.88
Sangli,2021,Wheat,Kharif,18.48,19.4,433.9,87.0,Clayey,6.91,94.95,24.82,33.37,Irrigated,2154.48,39819.0
Sangli,2021,Wheat,Rabi,39.37,20.5,396.1,85.6,Clayey,7.03,118.98,67.29,55.28,Rainfed,3053.73,120212.77
Sangli,2021,Wheat,Zaid,46.31,20.1,492.1,52.8,Laterite,7.04,111.51,68.53,50.6,Irrigated,3476.3,161000.07
Satara,2021,Bajra,Rabi,14.36,28.6,578.2,68.2,Laterite,7.54,36.41,39.91,27.19,Partially Irrigated,1305.94,18754.22
Satara,2021,Bajra,Zaid,26.89,34.6,378.8,49.5,Sandy,7.51,84.91,52.54,17.32,Rainfed,1619.55,43550.02
Satara,2021,Cotton,Zaid,47.58,29.2,808.0,57.6,Black,6.88,59.63,46.62,34.77,Partially Irrigated,1925.87,91642.47
Satara,2021,Cotton,Rabi,20.61,29.0,1316.1,55.2,Laterite,7.96,95.99,39.61,34.53,Rainfed,1069.27,22034.6
Satara,2021,Cotton,Kharif,41.7,24.8,839.7,87.6,Clayey,6.88,62.4,42.14,48.81,Rainfed,1579.8,65874.91
Satara,2021,Groundnut,Kharif,24.33,31.1,364.6,70.2,Laterite,7.18,29.23,33.27,69.66,Partially Irrigated,1495.63,36381.27
Satara,2021,Groundnut,Kharif,33.43,26.1,600.4,48.2,Clayey,5.65,19.77,51.64,89.9,Rainfed,1558.55,52096.69
Satara,2021,Groundnut,Kharif,11.05,26.3,542.5,60.5,Sandy,5.85,33.66,63.82,47.62,Irrigated,2758.93,30494.97
Satara,2021,Jowar,Kharif,38.29,22.4,516.9,56.9,Red,6.0,58.1,25.18,18.76,Rainfed,1068.09,40899.39
Satara,2021,Jowar,Zaid,11.97,26.1,435.8,61.7,Black,6.86,60.34,40.59,41.46,Rainfed,1954.82,23402.92
Satara,2021,Jowar,Kharif,36.1,26.5,412.2,61.3,Red,7.09,77.06,11.82,19.6,Rainfed,1373.36,49583.15
Satara,2021,Jowar,Kharif,10.92,26.0,462.7,80.1,Laterite,6.85,66.82,64.96,40.96,Partially Irrigated,2491.79,27199.86
Satara,2021,Maize,Rabi,11.52,23.9,759.0,89.3,Sandy,6.5,81.32,63.56,37.36,Irrigated,4549.29,52385.66
Satara,2021,Maize,Kharif,31.18,21.5,789.3,55.0,Red,6.66,102.93,59.34,32.67,Rainfed,3102.48,96726.12
Satara,2021,Maize,Zaid,30.17,27.4,786.5,73.0,Black,5.98,126.81,54.28,36.65,Rainfed,2797.27,84392.53
Satara,2021,Maize,Zaid,13.31,27.8,693.4,57.9,Loamy,7.26,153.74,46.84,62.36,Partially Irrigated,4642.46,61810.27
Satara,2021,Rice,Kharif,35.85,30.2,868.0,87.2,Loamy,6.55,123.07,38.57,58.41,Rainfed,3515.79,126024.82
Satara,2021,Rice,Zaid,41.14,22.6,1567.3,56.4,Clayey,5.78,113.11,66.13,65.27,Partially Irrigated,5000.17,205724.14
Satara,2021,Rice,Kharif,4.97,25.9,1755.4,70.5,Red,5.57,109.41,10.15,48.92,Rainfed,2860.37,14217.56
Satara,2021,Soybean,Rabi,37.34,18.7,423.7,69.8,Sandy,5.96,26.73,56.55,54.76,Irrigated,2226.24,83124.53
Satara,2021,Soybean,Rabi,14.85,27.3,636.4,67.5,Black,6.79,28.98,81.46,35.68,Rainfed,1976.08,29348.16
Satara,2021,Soybean,Rabi,13.11,22.2,682.5,54.1,Sandy,6.42,39.1,66.94,50.04,Partially Irrigated,2110.32,27663.82
Satara,2021,Soybean,Kharif,19.4,25.6,466.5,53.4,Black,6.63,39.3,55.47,35.14,Rainfed,1852.72,35936.47
Satara,2021,Sugarcane,Rabi,20.1,30.7,2247.8,68.8,Clayey,6.67,204.05,102.2,92.03,Rainfed,58726.77,1180437.25
Satara,2021,Sugarcane,Kharif,11.4,27.4,1707.0,64.2,Red,6.5,274.71,86.51,86.45,Rainfed,62015.85,707171.15
Satara,2021,Sunflower,Kharif,35.26,22.7,467.1,78.0,Black,5.79,85.84,45.36,49.09,Rainfed,1184.14,41753.91
Satara,2021,Sunflower,Rabi,25.0,25.7,874.0,42.7,Clayey,6.79,121.6,57.82,35.84,Rainfed,1089.22,27226.83
Satara,2021,Wheat,Kharif,33.95,21.6,451.8,73.7,Loamy,7.48,142.65,66.71,41.48,Rainfed,2886.48,98000.3
Solapur,2021,Bajra,Kharif,47.56,22.5,473.9,46.9,Loamy,7.44,81.24,50.96,33.45,Irrigated,2270.66,107999.45
Solapur,2021,Cotton,Rabi,16.21,35.8,803.3,77.0,Loamy,6.5,90.08,29.72,41.17,Rainfed,1419.91,23009.76
Solapur,2021,Cotton,Kharif,16.17,26.0,945.5,71.1,Loamy,7.2,81.87,79.81,48.93,Partially Irrigated,1922.52,31094.57
Solapur,2021,Cotton,Kharif,2.1,26.9,851.4,54.3,Loamy,6.89,67.72,26.49,10.96,Irrigated,1342.17,2818.3
Solapur,2021,Cotton,Kharif,26.39,29.4,799.9,88.9,Sandy,7.29,45.75,49.23,47.51,Partially Irrigated,2024.18,53425.25
Solapur,2021,Cotton,Zaid,10.28,30.5,769.6,42.7,Sandy,6.99,84.08,28.3,47.85,Irrigated,2033.49,20911.86
Solapur,2021,Groundnut,Kharif,7.59,25.0,732.4,47.8,Clayey,6.16,31.79,28.81,76.36,Rainfed,1264.03,9594.76
Solapur,2021,Groundnut,Zaid,43.41,25.2,770.4,78.6,Laterite,6.81,28.09,41.63,34.95,Rainfed,1011.26,43894.23
Solapur,2021,Jowar,Kharif,5.28,25.9,498.5,65.2,Black,6.92,30.04,19.45,23.55,Rainfed,1170.0,6181.76
Solapur,2021,Jowar,Zaid,9.62,30.1,428.6,84.3,Sandy,6.69,53.56,50.23,18.16,Partially Irrigated,1739.92,16743.03
Solapur,2021,Jowar,Rabi,28.89,33.0,495.3,72.7,Red,6.92,57.31,32.87,30.68,Rainfed,1547.38,44701.96
Solapur,2021,Jowar,Kharif,34.21,31.4,374.1,89.8,Black,6.67,69.55,67.55,11.21,Irrigated,3153.93,107892.61
Solapur,2021,Jowar,Zaid,42.97,30.0,672.5,74.8,Sandy,7.24,56.88,72.58,26.99,Rainfed,2076.55,89222.23
Solapur,2021,Jowar,Zaid,20.86,32.2,446.7,68.8,Red,6.59,66.63,34.54,45.77,Partially Irrigated,2155.46,44960.7
Solapur,2021,Maize,Rabi,19.98,14.8,830.2,63.8,Red,6.09,84.01,48.25,35.78,Partially Irrigated,2070.98,41371.29
Solapur,2021,Rice,Kharif,4.56,30.4,1285.7,87.5,Loamy,6.69,76.09,14.21,51.68,Rainfed,2617.32,11923.37
Solapur,2021,Soybean,Rabi,8.34,25.5,452.3,45.7,Laterite,6.29,23.11,85.42,26.93,Partially Irrigated,2050.38,17110.02
Solapur,2021,Soybean,Zaid,36.07,18.8,791.4,65.2,Red,6.72,32.88,64.86,37.37,Rainfed,1593.72,57479.54
Solapur,2021,Soybean,Zaid,1.36,21.7,482.7,40.7,Laterite,6.95,39.81,55.95,62.06,Rainfed,2045.57,2778.33
Solapur,2021,Soybean,Kharif,49.63,25.2,553.4,60.7,Black,6.35,21.75,53.72,30.02,Partially Irrigated,1702.09,84474.81
Solapur,2021,Soybean,Kharif,32.68,29.7,429.1,87.7,Clayey,7.78,56.37,64.48,36.24,Partially Irrigated,2635.77,86129.56
Solapur,2021,Soybean,Kharif,41.67,27.5,831.9,76.8,Sandy,6.47,15.91,42.66,55.6,Partially Irrigated,1521.84,63409.15
Solapur,2021,Soybean,Rabi,37.7,24.4,573.7,77.7,Clayey,6.63,36.21,125.59,66.35,Irrigated,3987.47,150317.12
Solapur,2021,Sugarcane,Kharif,29.64,26.2,1933.2,71.0,Black,6.54,206.46,63.71,50.63,Irrigated,69042.85,2046435.84
Solapur,2021,Sugarcane,Rabi,23.72,34.2,1379.9,87.2,Black,6.88,237.91,111.4,100.83,Partially Irrigated,82163.54,1949085.66
Solapur,2021,Sugarcane,Kharif,29.12,30.3,1383.8,59.8,Laterite,6.05,194.24,51.33,100.08,Rainfed,47589.27,1385905.63
Solapur,2021,Sugarcane,Kharif,15.91,23.7,1178.7,78.6,Laterite,6.69,191.95,106.29,158.0,Rainfed,49995.58,795226.5
Solapur,2021,Sunflower,Rabi,10.24,30.3,379.9,47.0,Black,7.36,50.37,44.67,45.9,Irrigated,1206.41,12350.44
Solapur,2021,Sunflower,Kharif,6.78,24.1,541.6,85.9,Sandy,6.4,100.67,58.08,64.46,Rainfed,1424.03,9654.52
Solapur,2021,Sunflower,Kharif,10.89,26.5,598.5,45.4,Laterite,6.45,75.33,42.03,73.41,Irrigated,1560.85,16999.64
Solapur,2021,Sunflower,Zaid,38.37,22.9,473.9,49.5,Loamy,7.31,94.42,57.28,26.72,Irrigated,1367.72,52478.55
Wardha,2021,Bajra,Rabi,43.88,30.2,402.1,50.7,Laterite,7.82,48.54,46.16,19.71,Irrigated,1824.77,80072.81
Wardha,2021,Bajra,Zaid,31.43,33.8,429.8,51.7,Red,7.33,46.98,36.44,37.61,Partially Irrigated,1825.53,57369.77
Wardha,2021,Bajra,Zaid,19.1,29.9,759.7,44.0,Red,6.66,47.84,18.51,21.77,Partially Irrigated,999.21,19082.36
Wardha,2021,Cotton,Zaid,1.96,34.2,960.8,75.2,Laterite,6.92,125.61,38.52,37.28,Rainfed,1914.03,3756.64
Wardha,2021,Cotton,Kharif,39.16,39.2,717.0,58.7,Laterite,7.28,66.82,50.47,35.5,Partially Irrigated,1788.91,70059.08
Wardha,2021,Cotton,Zaid,22.47,24.7,1117.1,70.4,Clayey,6.45,78.75,70.54,49.35,Partially Irrigated,1924.69,43254.38
Wardha,2021,Jowar,Rabi,34.18,29.9,734.8,84.3,Laterite,6.67,34.9,39.52,43.8,Partially Irrigated,1856.43,63457.07
Wardha,2021,Jowar,Rabi,1.71,30.7,327.5,65.1,Loamy,6.22,62.93,25.91,37.92,Rainfed,1438.72,2458.71
Wardha,2021,Jowar,Rabi,39.44,30.7,536.8,57.8,Laterite,7.74,67.25,50.76,29.32,Irrigated,2630.6,103748.11
Wardha,2021,Jowar,Zaid,37.71,22.6,641.4,61.4,Loamy,7.34,58.99,49.99,33.83,Partially Irrigated,2129.9,80308.25
Wardha,2021,Jowar,Rabi,26.88,23.7,324.7,47.5,Laterite,7.54,45.86,51.92,29.98,Irrigated,1817.5,48855.12
Wardha,2021,Maize,Kharif,35.56,20.9,489.6,51.9,Red,6.27,167.48,65.07,74.19,Irrigated,4977.18,177006.81
Wardha,2021,Maize,Kharif,36.5,29.4,827.9,84.1,Clayey,5.98,67.93,37.31,61.28,Irrigated,3692.61,134767.86
Wardha,2021,Maize,Kharif,13.01,27.7,513.5,80.9,Black,5.9,67.85,55.69,65.79,Rainfed,2685.08,34929.43
Wardha,2021,Maize,Kharif,30.18,23.2,299.3,71.8,Loamy,6.96,140.41,60.76,58.43,Rainfed,3494.84,105457.49
Wardha,2021,Maize,Zaid,25.76,25.4,246.0,42.4,Sandy,6.26,112.3,40.57,46.18,Irrigated,3763.84,96954.78
Wardha,2021,Maize,Rabi,5.5,22.7,420.1,69.4,Loamy,6.05,121.94,80.82,37.04,Rainfed,3356.9,18456.43
Wardha,2021,Rice,Rabi,19.64,27.8,1137.2,59.8,Clayey,6.86,113.63,83.96,60.23,Irrigated,7096.55,139401.91
Wardha,2021,Rice,Zaid,47.8,21.6,1585.6,78.2,Sandy,5.69,69.16,40.37,32.66,Irrigated,2928.29,139972.75
Wardha,2021,Rice,Kharif,33.33,23.7,1353.0,88.2,Clayey,5.7,154.11,52.27,65.68,Partially Irrigated,6018.41,200572.4
Wardha,2021,Rice,Kharif,5.48,26.2,1230.3,40.6,Clayey,6.59,80.37,43.95,45.88,Partially Irrigated,4305.29,23578.63
Wardha,2021,Soybean,Kharif,46.92,28.9,507.3,60.2,Loamy,6.61,31.32,109.77,12.62,Partially Irrigated,1998.71,93783.71
Wardha,2021,Soybean,Zaid,16.42,15.5,874.2,69.2,Loamy,6.51,33.45,69.29,62.27,Partially Irrigated,1543.57,25346.9
Wardha,2021,Soybean,Zaid,46.86,26.1,617.6,79.0,Sandy,6.12,32.35,83.9,21.86,Partially Irrigated,1894.29,88767.97
Wardha,2021,Sugarcane,Rabi,3.31,33.4,2199.0,48.1,Sandy,6.93,219.19,74.78,111.53,Irrigated,89094.42,294546.03
Wardha,2021,Sugarcane,Rabi,20.25,28.6,3015.6,59.2,Loamy,6.59,170.6,86.45,69.16,Irrigated,53939.65,1092508.54
Wardha,2021,Sugarcane,Kharif,10.89,27.7,2588.8,87.8,Laterite,6.63,162.87,83.54,125.09,Rainfed,50655.7,551810.35
Wardha,2021,Sugarcane,Zaid,1.55,29.7,1984.9,81.4,Clayey,7.87,191.96,37.68,69.69,Rainfed,41502.23,64151.72
Wardha,2021,Sugarcane,Kharif,12.69,29.5,2145.0,41.3,Laterite,6.43,282.26,79.84,63.71,Irrigated,79887.29,1014043.57
Wardha,2021,Sugarcane,Zaid,29.67,36.1,1940.2,47.1,Clayey,6.72,211.76,51.94,81.67,Partially Irrigated,55125.13,1635329.22
Wardha,2021,Sugarcane,Zaid,42.01,34.9,2209.6,89.1,Black,6.73,149.16,76.33,59.06,Irrigated,61837.18,2597725.77
Wardha,2021,Sunflower,Zaid,12.98,19.4,605.5,44.4,Black,8.18,85.36,21.42,17.71,Partially Irrigated,775.57,10066.77
Wardha,2021,Sunflower,Zaid,49.1,22.2,288.6,77.9,Clayey,7.03,76.86,64.18,56.2,Partially Irrigated,1449.76,71177.23
Wardha,2021,Sunflower,Rabi,39.17,23.3,262.2,84.5,Laterite,6.97,65.44,38.89,44.65,Irrigated,1021.55,40017.77
Wardha,2021,Sunflower,Rabi,48.16,24.7,360.3,60.8,Loamy,6.97,91.14,57.3,63.41,Partially Irrigated,1374.76,66214.22
Wardha,2021,Wheat,Zaid,49.77,16.6,668.4,87.7,Clayey,7.1,92.73,65.7,37.73,Rainfed,2248.08,111895.84
Wardha,2021,Wheat,Rabi,47.84,17.1,569.1,64.6,Laterite,6.71,74.27,70.71,36.37,Partially Irrigated,2260.87,108152.69
Wardha,2021,Wheat,Kharif,43.2,21.7,507.9,58.7,Black,6.96,122.69,46.16,66.79,Rainfed,2925.77,126401.39
Yavatmal,2021,Bajra,Kharif,40.48,27.2,369.9,80.9,Laterite,6.26,49.02,48.13,23.02,Partially Irrigated,1213.5,49118.55
Yavatmal,2021,Bajra,Zaid,19.52,28.1,501.2,44.1,Laterite,6.85,27.38,13.92,36.54,Rainfed,986.97,19267.1
Yavatmal,2021,Bajra,Kharif,45.12,33.8,498.7,89.9,Loamy,7.62,59.98,54.92,22.91,Rainfed,1573.9,71015.82
Yavatmal,2021,Cotton,Rabi,26.44,34.1,485.4,84.5,Laterite,8.07,111.61,31.51,37.43,Partially Irrigated,1576.34,41679.53
Yavatmal,2021,Cotton,Zaid,33.14,27.6,1141.2,88.1,Black,6.25,69.46,37.29,36.43,Rainfed,1384.56,45888.85
Yavatmal,2021,Groundnut,Zaid,7.27,24.2,322.5,59.8,Red,6.86,32.84,57.4,31.24,Rainfed,1388.2,10090.71
Yavatmal,2021,Groundnut,Kharif,11.64,27.0,279.6,44.6,Loamy,6.56,32.79,63.67,34.91,Irrigated,1671.05,19448.73
Yavatmal,2021,Groundnut,Rabi,33.74,30.2,749.9,41.0,Loamy,6.61,26.38,74.58,58.49,Irrigated,2102.35,70939.19
Yavatmal,2021,Jowar,Kharif,39.38,23.1,376.6,68.0,Red,6.9,55.81,42.97,30.05,Rainfed,1581.54,62286.68
Yavatmal,2021,Jowar,Kharif,13.85,20.9,689.1,44.0,Clayey,6.61,64.57,41.96,52.33,Rainfed,1711.48,23702.08
Yavatmal,2021,Jowar,Zaid,8.78,33.1,395.0,59.1,Black,8.15,45.79,37.66,32.9,Partially Irrigated,1828.51,16047.57
Yavatmal,2021,Jowar,Kharif,48.4,30.0,433.9,68.8,Red,7.14,65.37,38.1,18.12,Partially Irrigated,2042.09,98837.82
Yavatmal,2021,Maize,Zaid,22.37,27.1,568.8,80.1,Sandy,5.55,96.15,29.25,63.53,Rainfed,2566.09,57415.05
Yavatmal,2021,Maize,Zaid,26.45,27.2,723.8,69.2,Clayey,6.79,96.18,61.17,40.66,Partially Irrigated,3707.76,98077.94
Yavatmal,2021,Maize,Kharif,8.42,23.5,695.6,49.5,Laterite,6.64,57.11,39.95,65.53,Partially Irrigated,2825.59,23779.42
Yavatmal,2021,Maize,Zaid,9.55,25.0,813.0,84.8,Sandy,5.93,91.63,65.31,59.45,Partially Irrigated,3374.01,32207.61
Yavatmal,2021,Maize,Zaid,14.78,22.6,784.6,83.0,Sandy,5.69,97.68,62.02,57.38,Irrigated,4427.03,65446.65
Yavatmal,2021,Maize,Kharif,34.92,20.0,781.1,87.9,Loamy,5.75,106.81,58.67,42.02,Rainfed,2849.82,99523.59
Yavatmal,2021,Rice,Zaid,1.95,31.9,946.3,53.8,Red,6.37,121.99,21.61,54.67,Partially Irrigated,3213.12,6267.7
Yavatmal,2021,Rice,Rabi,32.71,27.8,1622.2,59.0,Laterite,6.78,138.48,49.68,45.19,Partially Irrigated,5080.5,166159.56
Yavatmal,2021,Rice,Zaid,49.75,32.9,1359.5,74.6,Loamy,6.58,71.18,75.42,61.13,Rainfed,3691.02,183632.86
Yavatmal,2021,Rice,Rabi,24.69,25.5,1821.8,62.5,Sandy,7.04,60.17,57.3,63.98,Rainfed,3105.68,76679.79
Yavatmal,2021,Soybean,Rabi,15.31,26.7,528.0,76.3,Red,6.28,32.13,40.63,34.01,Partially Irrigated,1689.22,25853.81
Yavatmal,2021,Sugarcane,Kharif,36.94,31.1,1819.8,79.3,Red,6.96,189.91,89.72,98.73,Rainfed,49782.53,1839009.1
Yavatmal,2021,Sugarcane,Zaid,27.92,21.2,2914.0,64.9,Sandy,6.68,276.17,55.88,84.46,Irrigated,64902.81,1811966.43
Yavatmal,2021,Sunflower,Zaid,12.85,28.0,511.3,68.7,Loamy,6.57,42.56,42.32,48.14,Irrigated,1260.63,16202.72
Yavatmal,2021,Sunflower,Kharif,22.19,21.4,538.3,65.7,Clayey,6.5,120.42,32.95,58.81,Partially Irrigated,1524.31,33827.09
Yavatmal,2021,Sunflower,Zaid,42.06,23.9,570.1,43.7,Black,5.8,75.65,76.76,36.56,Irrigated,1537.05,64643.9
Yavatmal,2021,Sunflower,Zaid,46.74,20.9,570.8,47.3,Laterite,7.02,58.6,33.07,84.09,Irrigated,1424.08,66567.51
Yavatmal,2021,Sunflower,Zaid,2.87,26.6,280.6,49.2,Sandy,6.41,50.48,62.46,40.54,Rainfed,873.06,2504.18
Yavatmal,2021,Sunflower,Rabi,40.17,22.7,312.0,81.5,Black,6.64,67.69,33.52,25.93,Rainfed,663.15,26637.48
Yavatmal,2021,Wheat,Zaid,47.71,21.1,483.2,46.0,Loamy,7.3,98.98,78.33,48.41,Partially Irrigated,3368.34,160717.4
Yavatmal,2021,Wheat,Rabi,35.07,14.5,528.1,61.5,Black,6.42,90.57,77.27,38.07,Rainfed,2253.69,79040.68
Yavatmal,2021,Wheat,Rabi,49.23,18.6,678.1,84.7,Loamy,6.4,195.85,66.71,61.91,Irrigated,5683.7,279823.42
Ahmednagar,2022,Bajra,Zaid,26.97,33.5,640.5,47.4,Black,7.78,63.02,56.49,16.11,Rainfed,1184.07,31932.76
Ahmednagar,2022,Bajra,Kharif,21.13,27.0,452.6,65.5,Red,7.95,112.97,35.69,14.5,Irrigated,2169.79,45845.54
Ahmednagar,2022,Bajra,Zaid,14.56,35.2,280.8,73.0,Laterite,6.54,80.26,46.2,17.66,Irrigated,1823.38,26539.75
Ahmednagar,2022,Cotton,Kharif,9.2,32.2,600.1,63.0,Clayey,6.94,110.46,54.3,42.27,Partially Irrigated,2197.34,20210.62
Ahmednagar,2022,Cotton,Kharif,47.14,40.9,1205.5,70.0,Loamy,6.64,45.27,48.12,40.98,Irrigated,1438.27,67793.61
Ahmednagar,2022,Cotton,Zaid,33.48,24.0,1092.8,46.4,Black,6.93,44.68,33.11,32.39,Partially Irrigated,1336.72,44747.02
Ahmednagar,2022,Groundnut,Kharif,26.77,26.3,660.4,86.4,Loamy,6.23,35.59,44.41,82.39,Rainfed,1601.15,42857.41
Ahmednagar,2022,Groundnut,Zaid,49.04,26.4,613.9,76.4,Black,6.61,27.77,44.16,42.35,Partially Irrigated,1628.98,79883.62
Ahmednagar,2022,Groundnut,Zaid,6.42,20.8,608.7,70.1,Red,6.58,27.27,46.58,70.01,Irrigated,2039.33,13097.42
Ahmednagar,2022,Jowar,Kharif,13.67,33.1,631.5,76.3,Black,7.75,80.21,47.54,19.71,Irrigated,2569.64,35118.06
Ahmednagar,2022,Maize,Rabi,37.89,25.3,695.5,74.6,Black,6.51,120.75,58.14,46.52,Rainfed,3174.91,120302.95
Ahmednagar,2022,Maize,Zaid,9.29,19.9,1018.6,66.1,Red,6.48,127.47,12.5,19.79,Rainfed,1722.3,15996.59
Ahmednagar,2022,Maize,Zaid,5.55,26.0,693.3,45.0,Clayey,7.36,127.45,61.4,83.16,Partially Irrigated,4302.24,23890.15
Ahmednagar,2022,Maize,Zaid,36.89,16.7,853.4,74.2,Sandy,6.26,63.1,72.67,43.45,Irrigated,3696.78,136372.34
Ahmednagar,2022,Maize,Zaid,25.7,17.5,629.6,68.2,Laterite,6.86,105.51,59.82,58.7,Rainfed,2878.39,73985.34
Ahmednagar,2022,Rice,Zaid,42.84,25.3,1209.4,54.3,Red,6.59,86.69,37.19,40.35,Rainfed,2489.29,106650.05
Ahmednagar,2022,Rice,Rabi,38.52,21.8,1650.2,57.4,Sandy,6.31,94.08,48.64,43.66,Rainfed,3499.08,134787.77
Ahmednagar,2022,Rice,Kharif,14.09,31.0,1805.4,69.9,Red,6.52,75.84,48.34,45.49,Rainfed,2796.6,39413.49
Ahmednagar,2022,Soybean,Kharif,10.63,24.6,753.2,61.7,Red,6.99,23.35,62.71,58.3,Rainfed,1473.29,15665.12
Ahmednagar,2022,Soybean,Rabi,10.07,26.7,107.5,61.6,Clayey,6.4,14.65,40.03,46.06,Partially Irrigated,1170.03,11782.28
Ahmednagar,2022,Sugarcane,Zaid,23.15,30.6,2666.0,56.9,Sandy,7.39,255.48,64.1,102.6,Irrigated,66874.41,1548343.75
Ahmednagar,2022,Sugarcane,Rabi,36.14,20.9,2040.4,54.2,Clayey,7.0,232.26,67.87,117.6,Rainfed,64597.77,2334786.73
Ahmednagar,2022,Sugarcane,Kharif,47.74,33.7,1937.2,65.9,Laterite,6.96,250.16,86.14,130.48,Partially Irrigated,79627.2,3801541.92
Ahmednagar,2022,Sugarcane,Zaid,48.58,30.8,2032.4,63.5,Red,5.9,108.75,63.09,123.46,Rainfed,39768.91,1931822.92
Ahmednagar,2022,Sunflower,Kharif,35.28,18.0,426.6,67.3,Red,6.89,72.37,54.35,74.25,Rainfed,1115.5,39353.3
Ahmednagar,2022,Wheat,Kharif,4.54,21.8,717.7,55.3,Black,6.82,216.02,52.71,83.49,Rainfed,3498.33,15887.18
Ahmednagar,2022,Wheat,Zaid,17.77,15.7,422.9,71.5,Clayey,7.02,237.55,52.5,55.31,Rainfed,2791.92,49602.92
Akola,2022,Bajra,Rabi,12.35,28.7,571.8,52.3,Clayey,6.98,79.23,42.08,21.39,Irrigated,2020.28,24947.08
Akola,2022,Bajra,Rabi,12.7,27.9,296.3,72.7,Loamy,7.99,54.05,32.15,33.45,Partially Irrigated,1176.92,14942.56
Akola,2022,Bajra,Kharif,40.36,31.9,547.5,72.9,Clayey,8.25,44.94,33.12,33.25,Rainfed,1058.15,42706.77
Akola,2022,Bajra,Kharif,34.37,27.2,325.3,87.8,Clayey,7.12,64.91,32.29,57.24,Irrigated,2231.38,76693.46
Akola,2022,Bajra,Kharif,19.83,30.0,483.1,64.5,Sandy,7.83,82.26,33.14,22.78,Rainfed,1501.08,29772.52
Akola,2022,Cotton,Rabi,21.86,27.7,1160.3,67.6,Red,6.15,90.61,10.26,15.48,Partially Irrigated,949.11,20749.83
Akola,2022,Cotton,Rabi,40.63,28.5,717.5,77.0,Loamy,6.59,33.37,33.73,29.8,Irrigated,1582.05,64286.01
Akola,2022,Cotton,Zaid,9.57,20.3,807.4,47.7,Laterite,7.49,96.89,70.71,26.25,Rainfed,1564.91,14973.04
Akola,2022,Cotton,Kharif,43.58,24.1,591.5,58.4,Clayey,6.01,80.2,31.81,23.6,Rainfed,1163.61,50706.41
Akola,2022,Groundnut,Rabi,38.12,20.7,519.6,63.5,Red,6.47,29.29,67.98,70.3,Rainfed,1546.19,58935.62
Akola,2022,Groundnut,Kharif,25.41,24.3,781.5,88.1,Red,6.78,16.77,48.31,66.11,Rainfed,1416.26,35988.44
Akola,2022,Groundnut,Zaid,35.56,28.3,532.2,64.3,Clayey,7.17,43.36,77.11,80.31,Rainfed,1917.67,68185.19
Akola,2022,Jowar,Zaid,1.13,31.6,497.2,54.1,Red,7.06,51.68,40.13,23.79,Rainfed,1498.39,1697.23
Akola,2022,Jowar,Kharif,9.34,28.3,667.1,48.9,Red,6.12,87.18,39.31,39.56,Irrigated,2629.49,24571.76
Akola,2022,Jowar,Kharif,19.56,29.4,565.8,43.7,Loamy,7.4,58.25,39.41,41.65,Partially Irrigated,2022.66,39561.2
Akola,2022,Jowar,Kharif,41.31,31.6,383.1,70.1,Loamy,7.27,54.05,50.42,29.64,Rainfed,1416.28,58501.36
Akola,2022,Jowar,Kharif,49.14,25.0,853.5,82.5,Clayey,6.85,65.82,45.75,25.23,Partially Irrigated,1651.12,81137.87
Akola,2022,Jowar,Kharif,36.8,34.3,793.6,86.3,Sandy,6.79,83.33,25.75,34.53,Partially Irrigated,1852.84,68192.46
Akola,2022,Maize,Rabi,14.76,25.2,724.9,53.4,Laterite,5.8,69.96,54.55,65.6,Rainfed,2816.46,41571.34
Akola,2022,Maize,Kharif,9.18,19.6,641.6,70.3,Red,5.96,83.0,61.63,32.92,Rainfed,2570.88,23605.3
Akola,2022,Rice,Kharif,27.37,36.2,1695.8,55.2,Laterite,5.57,105.32,54.72,30.69,Rainfed,2907.6,79586.18
Akola,2022,Rice,Zaid,24.02,23.4,1427.4,68.9,Black,5.93,95.78,44.51,65.42,Irrigated,5527.18,132775.42
Akola,2022,Soybean,Zaid,6.15,21.2,502.4,87.1,Black,5.93,18.82,79.16,65.06,Irrigated,2672.54,16447.42
Akola,2022,Soybean,Kharif,15.15,22.3,679.9,61.8,Red,6.99,16.29,81.33,75.22,Irrigated,2590.65,39253.44
Akola,2022,Soybean,Kharif,5.4,25.8,572.7,75.8,Sandy,7.35,51.65,74.41,57.39,Rainfed,2294.37,12384.22
Akola,2022,Soybean,Kharif,42.56,28.4,553.4,68.4,Clayey,5.54,27.85,114.55,73.11,Irrigated,3828.2,162923.01
Akola,2022,Soybean,Rabi,7.48,28.8,723.3,47.1,Red,6.43,55.57,83.7,52.11,Partially Irrigated,2345.22,17545.71
Akola,2022,Sugarcane,Kharif,14.82,32.2,1644.9,80.3,Red,6.74,207.04,110.66,82.25,Irrigated,76966.41,1140618.72
Akola,2022,Sugarcane,Kharif,4.81,33.0,2205.6,80.4,Black,6.29,223.7,73.59,79.0,Partially Irrigated,73016.08,351054.79
Akola,2022,Sugarcane,Zaid,39.31,27.9,2130.0,71.1,Loamy,6.94,243.4,32.67,103.49,Partially Irrigated,66931.86,2631078.59
Akola,2022,Sunflower,Zaid,23.06,22.8,471.5,62.8,Sandy,7.24,85.06,40.93,41.92,Partially Irrigated,1368.73,31569.27
Akola,2022,Sunflower,Zaid,29.83,30.5,416.2,61.4,Red,6.85,128.61,59.09,28.52,Rainfed,1318.94,39344.03
Akola,2022,Sunflower,Zaid,15.24,22.9,579.2,62.1,Red,5.72,53.66,50.69,40.97,Irrigated,1100.13,16769.29
Akola,2022,Sunflower,Rabi,21.98,25.0,344.5,87.0,Black,6.49,62.25,54.08,62.62,Rainfed,1059.01,23278.16
Akola,2022,Sunflower,Rabi,13.1,32.1,360.5,57.6,Red,6.94,75.19,46.11,65.32,Partially Irrigated,1008.69,13210.88
Akola,2022,Sunflower,Rabi,20.49,23.0,562.7,84.1,Clayey,6.14,60.87,69.09,17.79,Rainfed,998.75,20468.24
Akola,2022,Sunflower,Kharif,17.57,26.5,634.4,68.1,Red,6.35,76.66,37.48,68.57,Rainfed,1003.8,17637.38
Akola,2022,Wheat,Zaid,36.75,21.2,476.0,74.0,Black,6.72,116.72,63.44,32.75,Rainfed,2724.25,100118.03
Akola,2022,Wheat,Zaid,45.94,17.1,332.4,77.0,Black,6.73,143.37,54.07,56.76,Partially Irrigated,2489.19,114345.6
Akola,2022,Wheat,Rabi,4.8,20.1,653.3,56.2,Black,7.63,126.83,27.47,34.68,Partially Irrigated,2035.04,9759.57
Amravati,2022,Bajra,Kharif,15.76,39.4,353.2,48.6,Loamy,6.82,79.15,28.55,34.08,Partially Irrigated,1559.66,24580.82
Amravati,2022,Bajra,Kharif,49.66,34.9,438.9,46.9,Red,7.18,49.51,35.19,22.29,Irrigated,1873.45,93043.11
Amravati,2022,Bajra,Rabi,5.55,31.1,373.4,55.0,Loamy,6.87,62.02,36.11,35.85,Rainfed,1555.4,8633.11
Amravati,2022,Cotton,Zaid,23.15,25.6,767.6,65.1,Black,6.25,74.12,53.67,20.79,Rainfed,1666.87,38595.88
Amravati,2022,Groundnut,Kharif,38.28,22.3,598.5,63.2,Clayey,7.09,44.53,64.92,53.96,Rainfed,1739.96,66607.88
Amravati,2022,Groundnut,Rabi,44.83,30.3,482.5,80.8,Loamy,6.05,27.71,41.67,66.34,Rainfed,1359.34,60935.86
Amravati,2022,Groundnut,Kharif,14.72,30.3,486.8,41.7,Red,6.7,32.32,36.24,82.85,Irrigated,2431.17,35797.95
Amravati,2022,Jowar,Rabi,47.98,29.5,363.7,54.1,Laterite,6.66,31.71,30.47,31.34,Irrigated,1538.72,73834.98
Amravati,2022,Jowar,Rabi,29.3,32.8,344.8,67.0,Loamy,6.4,52.74,54.0,33.23,Rainfed,1655.63,48508.72
Amravati,2022,Jowar,Kharif,7.64,27.8,676.1,76.3,Loamy,7.3,42.37,13.52,35.53,Rainfed,1218.74,9305.09
Amravati,2022,Jowar,Kharif,6.97,28.4,493.6,82.3,Loamy,6.64,96.03,23.73,7.92,Irrigated,2185.75,15231.52
Amravati,2022,Maize,Rabi,31.64,37.1,842.0,63.9,Clayey,6.88,154.82,63.58,35.85,Partially Irrigated,2918.96,92352.82
Amravati,2022,Maize,Zaid,4.35,18.4,974.0,52.5,Loamy,6.36,69.48,41.96,48.39,Irrigated,3065.44,13335.77
Amravati,2022,Maize,Rabi,14.97,25.0,544.3,45.5,Red,6.83,108.87,52.76,60.88,Partially Irrigated,4157.1,62226.87
Amravati,2022,Rice,Rabi,46.12,27.2,1550.0,55.1,Loamy,5.71,34.52,50.91,71.22,Rainfed,2818.75,130003.81
Amravati,2022,Rice,Rabi,11.63,22.4,2225.0,62.6,Laterite,6.1,85.81,57.71,39.72,Partially Irrigated,3217.21,37431.86
Amravati,2022,Rice,Kharif,44.69,29.6,1708.2,40.3,Loamy,5.77,158.82,69.23,42.27,Irrigated,6223.73,278142.78
Amravati,2022,Soybean,Kharif,22.43,27.3,686.8,88.7,Sandy,6.44,25.69,51.38,37.74,Rainfed,1437.19,32230.97
Amravati,2022,Soybean,Rabi,7.87,27.8,1049.9,41.7,Loamy,7.48,17.11,81.06,64.53,Partially Irrigated,1623.87,12781.84
Amravati,2022,Soybean,Rabi,17.98,22.5,607.0,55.2,Black,6.48,11.58,64.13,20.29,Rainfed,1250.01,22470.81
Amravati,2022,Soybean,Kharif,40.07,24.7,578.9,52.5,Clayey,6.57,34.8,93.66,51.96,Rainfed,2538.59,101713.02
Amravati,2022,Sugarcane,Rabi,18.18,25.7,2629.1,71.3,Clayey,6.34,146.2,76.61,77.49,Partially Irrigated,51635.78,938926.34
Amravati,2022,Sugarcane,Zaid,42.6,29.6,2904.2,52.8,Laterite,6.79,202.87,95.0,82.01,Rainfed,43956.9,1872740.5
Amravati,2022,Sugarcane,Rabi,3.49,20.7,1809.4,57.8,Sandy,7.08,166.56,44.6,80.91,Irrigated,43917.46,153420.8
Amravati,2022,Sunflower,Rabi,29.64,26.8,630.1,43.9,Red,6.54,85.98,74.42,61.34,Irrigated,1668.08,49442.7
Amravati,2022,Sunflower,Kharif,14.02,26.9,561.1,64.8,Black,7.36,87.24,45.56,48.15,Irrigated,1591.21,22310.12
Amravati,2022,Wheat,Rabi,5.8,19.3,562.8,59.9,Sandy,6.63,98.81,78.06,52.8,Rainfed,2756.31,15982.05
Amravati,2022,Wheat,Rabi,39.41,17.5,650.4,49.9,Clayey,6.66,127.88,59.52,49.97,Rainfed,2633.8,103787.18
Amravati,2022,Wheat,Rabi,37.91,26.0,644.3,82.9,Clayey,7.07,127.47,55.03,78.71,Partially Irrigated,3080.83,116803.88
Amravati,2022,Wheat,Kharif,16.85,21.8,566.0,65.0,Black,7.79,36.48,36.28,54.39,Rainfed,1634.5,27547.13
Aurangabad,2022,Bajra,Zaid,5.0,29.6,386.2,46.1,Loamy,7.22,64.04,35.06,33.73,Irrigated,1850.17,9242.28
Aurangabad,2022,Bajra,Rabi,49.41,23.4,524.0,68.1,Black,7.07,44.61,49.33,26.05,Partially Irrigated,1424.61,70392.51
Aurangabad,2022,Cotton,Kharif,42.14,29.1,577.9,85.2,Sandy,6.84,106.48,47.94,46.47,Rainfed,2048.89,86347.12
Aurangabad,2022,Cotton,Rabi,32.69,29.6,745.5,63.5,Sandy,7.57,54.62,46.56,49.25,Partially Irrigated,2144.06,70082.7
Aurangabad,2022,Cotton,Kharif,3.21,34.4,734.6,75.3,Laterite,7.28,83.17,36.92,21.61,Irrigated,2014.35,6457.99
Aurangabad,2022,Groundnut,Kharif,49.62,28.0,482.6,66.5,Clayey,6.59,24.5,41.42,63.54,Irrigated,1647.91,81765.27
Aurangabad,2022,Groundnut,Rabi,17.2,27.6,744.1,82.4,Laterite,7.0,49.0,64.79,82.11,Partially Irrigated,2444.67,42042.04
Aurangabad,2022,Groundnut,Zaid,29.79,23.6,411.2,55.0,Sandy,6.36,35.68,57.27,63.27,Irrigated,2148.75,64013.22
Aurangabad,2022,Groundnut,Kharif,41.52,25.2,557.6,54.7,Laterite,5.97,30.77,38.87,98.94,Irrigated,2340.58,97191.69
Aurangabad,2022,Jowar,Kharif,13.96,21.9,434.6,71.2,Sandy,7.04,84.12,45.98,27.77,Partially Irrigated,2383.87,33278.51
Aurangabad,2022,Maize,Kharif,23.42,31.0,628.8,77.5,Clayey,7.1,95.53,45.17,42.38,Rainfed,2862.78,67049.73
Aurangabad,2022,Maize,Rabi,43.98,22.6,698.8,89.2,Loamy,6.61,81.95,52.51,17.22,Partially Irrigated,2724.55,119826.9
Aurangabad,2022,Maize,Zaid,13.23,26.4,440.2,79.7,Clayey,6.4,130.49,72.1,35.0,Irrigated,5103.54,67495.77
Aurangabad,2022,Maize,Kharif,4.31,24.9,647.3,61.8,Sandy,6.39,110.49,91.63,18.35,Partially Irrigated,5007.71,21570.47
Aurangabad,2022,Rice,Zaid,1.79,23.7,1246.1,78.3,Red,6.54,88.12,43.2,63.42,Partially Irrigated,4022.09,7214.9
Aurangabad,2022,Rice,Zaid,30.91,23.9,1549.3,79.9,Loamy,6.32,128.18,55.15,61.33,Rainfed,4096.92,126656.21
Aurangabad,2022,Rice,Zaid,23.62,27.5,1605.2,41.6,Clayey,6.96,123.48,54.42,62.84,Partially Irrigated,4762.89,112478.4
Aurangabad,2022,Rice,Zaid,47.08,26.5,1932.1,48.1,Loamy,6.06,66.44,28.3,68.99,Partially Irrigated,2901.38,136603.21
Aurangabad,2022,Rice,Zaid,2.84,25.7,1182.7,82.4,Loamy,6.69,86.74,60.96,49.73,Irrigated,4632.64,13177.45
Aurangabad,2022,Rice,Zaid,21.32,29.1,1155.1,84.5,Sandy,6.19,95.5,67.59,30.01,Partially Irrigated,3857.4,82233.46
Aurangabad,2022,Soybean,Rabi,42.39,21.6,436.8,84.3,Sandy,6.59,23.37,79.38,26.09,Irrigated,2113.94,89610.05
Aurangabad,2022,Soybean,Rabi,19.68,26.9,492.8,89.5,Loamy,6.72,27.93,53.53,68.81,Rainfed,1822.05,35854.66
Aurangabad,2022,Soybean,Zaid,1.23,21.9,595.4,49.7,Laterite,7.0,27.14,38.26,41.79,Rainfed,1480.99,1816.21
Aurangabad,2022,Sugarcane,Kharif,2.48,30.3,1578.5,72.1,Sandy,7.08,194.61,124.71,77.72,Irrigated,76255.09,189210.55
Aurangabad,2022,Sugarcane,Zaid,40.86,34.2,2156.9,43.3,Laterite,7.55,137.71,79.34,70.68,Irrigated,56283.57,2299700.39
Aurangabad,2022,Sugarcane,Rabi,31.84,27.3,1889.5,75.6,Sandy,6.79,234.34,49.17,109.38,Partially Irrigated,59108.32,1882070.53
Aurangabad,2022,Sunflower,Zaid,23.64,19.3,575.8,67.9,Black,6.46,68.85,30.1,67.32,Rainfed,999.3,23626.27
Aurangabad,2022,Sunflower,Rabi,22.79,24.8,444.4,54.8,Black,6.53,83.68,79.13,20.95,Rainfed,1150.03,26205.54
Aurangabad,2022,Sunflower,Rabi,28.4,26.1,311.0,46.3,Red,6.96,99.12,60.0,36.4,Rainfed,985.24,27984.71
Aurangabad,2022,Sunflower,Rabi,24.4,17.7,637.4,86.0,Loamy,5.38,76.44,51.79,41.82,Irrigated,1250.16,30507.43
Aurangabad,2022,Wheat,Rabi,34.73,19.8,392.3,41.4,Clayey,7.02,125.24,52.15,48.36,Partially Irrigated,2491.59,86521.47
Aurangabad,2022,Wheat,Rabi,39.88,23.3,718.7,40.7,Clayey,6.82,96.48,63.49,61.83,Rainfed,2193.74,87477.03
Aurangabad,2022,Wheat,Kharif,20.38,19.2,683.7,46.4,Black,6.23,98.5,70.47,53.97,Partially Irrigated,3212.42,65458.05
Aurangabad,2022,Wheat,Kharif,33.75,23.9,611.8,75.8,Red,5.93,170.81,72.43,39.83,Irrigated,3870.23,130607.76
Aurangabad,2022,Wheat,Zaid,45.38,18.1,773.6,46.5,Loamy,6.95,150.44,71.64,54.17,Rainfed,2752.29,124904.76
Dhule,2022,Bajra,Zaid,19.11,29.4,469.9,41.4,Clayey,6.75,46.16,27.0,22.96,Rainfed,1202.89,22984.86
Dhule,2022,Bajra,Kharif,34.86,31.1,350.0,55.2,Red,6.86,67.82,54.92,38.89,Irrigated,2902.16,101157.09
Dhule,2022,Cotton,Zaid,45.59,32.5,1127.7,79.9,Loamy,6.93,106.52,11.71,33.82,Partially Irrigated,1593.19,72628.26
Dhule,2022,Cotton,Rabi,29.85,29.4,631.4,48.7,Black,7.02,86.45,26.62,54.36,Irrigated,2284.6,68199.23
Dhule,2022,Cotton,Kharif,2.88,19.8,821.1,76.0,Red,7.01,94.82,48.1,35.33,Partially Irrigated,1862.94,5369.89
Dhule,2022,Cotton,Kharif,28.01,23.4,693.7,79.6,Loamy,7.05,32.7,48.45,29.84,Partially Irrigated,1208.62,33851.88
Dhule,2022,Groundnut,Zaid,21.21,32.2,461.5,69.7,Black,7.42,45.0,60.04,62.81,Rainfed,1842.96,39084.55
Dhule,2022,Groundnut,Zaid,24.63,26.1,860.7,61.3,Black,7.75,24.62,66.44,42.75,Irrigated,1922.07,47341.57
Dhule,2022,Jowar,Kharif,19.32,26.7,387.1,42.7,Red,7.96,41.14,30.23,42.46,Rainfed,1307.55,25266.3
Dhule,2022,Jowar,Rabi,1.9,25.2,406.3,52.5,Black,8.2,78.82,37.4,37.01,Irrigated,3331.56,6321.77
Dhule,2022,Jowar,Kharif,41.34,23.3,525.2,47.4,Laterite,6.05,79.01,39.08,56.4,Irrigated,3023.7,124995.58
Dhule,2022,Jowar,Zaid,20.32,24.8,695.7,48.2,Clayey,7.58,22.11,41.37,26.95,Irrigated,1584.32,32193.24
Dhule,2022,Jowar,Zaid,41.29,30.5,530.8,56.6,Laterite,6.82,25.62,50.76,29.11,Partially Irrigated,1474.25,60869.4
Dhule,2022,Maize,Rabi,40.82,34.8,458.9,55.2,Loamy,6.59,97.96,47.14,49.45,Partially Irrigated,2639.84,107766.0
Dhule,2022,Maize,Rabi,36.12,27.0,663.8,59.3,Loamy,7.2,137.49,52.27,35.86,Irrigated,4976.96,179783.17
Dhule,2022,Maize,Zaid,27.44,27.0,695.0,88.1,Red,6.69,152.8,42.68,29.23,Irrigated,4618.96,126722.45
Dhule,2022,Rice,Rabi,22.07,28.8,1839.3,87.9,Laterite,6.38,96.05,71.76,59.48,Rainfed,4433.07,97826.08
Dhule,2022,Rice,Rabi,34.52,29.2,1610.8,72.5,Black,5.65,95.2,49.39,33.93,Rainfed,3721.52,128476.49
Dhule,2022,Rice,Kharif,8.4,27.4,1833.1,84.5,Clayey,6.55,111.21,66.15,58.0,Partially Irrigated,4680.81,39333.65
Dhule,2022,Rice,Zaid,24.45,24.7,1727.0,57.3,Loamy,6.3,93.61,45.65,74.77,Rainfed,3777.31,92347.69
Dhule,2022,Soybean,Zaid,44.47,20.8,564.1,75.7,Black,6.68,43.84,69.25,73.47,Rainfed,2509.97,111627.1
Dhule,2022,Soybean,Rabi,48.42,23.7,677.7,81.2,Sandy,6.29,25.85,75.15,66.55,Partially Irrigated,2212.69,107147.27
Dhule,2022,Soybean,Kharif,19.65,20.4,592.5,68.7,Red,5.94,34.25,49.9,72.7,Rainfed,1975.75,38830.36
Dhule,2022,Soybean,Rabi,10.15,30.5,766.1,50.2,Black,6.22,43.96,137.67,52.6,Partially Irrigated,2678.78,27201.23
Dhule,2022,Sugarcane,Kharif,21.85,24.5,953.4,44.1,Laterite,6.37,238.75,108.61,140.01,Partially Irrigated,71936.54,1571888.96
Dhule,2022,Sugarcane,Zaid,29.51,34.0,1215.8,71.2,Clayey,6.9,218.61,74.76,92.93,Partially Irrigated,54985.4,1622647.78
Dhule,2022,Sugarcane,Kharif,35.75,39.2,1937.6,42.3,Sandy,6.88,135.81,43.41,93.21,Irrigated,46017.14,1644921.2
Dhule,2022,Sugarcane,Zaid,24.18,22.3,2251.8,81.5,Loamy,7.16,244.93,73.05,69.05,Irrigated,67035.48,1620768.39
Dhule,2022,Sugarcane,Zaid,35.42,31.2,2489.7,69.1,Loamy,6.42,188.49,81.32,79.31,Rainfed,46333.17,1641255.05
Dhule,2022,Sunflower,Rabi,22.34,28.7,300.7,88.3,Black,5.72,74.49,87.1,53.7,Irrigated,1482.34,33117.12
Dhule,2022,Sunflower,Kharif,1.75,17.0,626.8,77.0,Clayey,6.58,65.08,37.05,60.06,Rainfed,893.29,1565.77
Dhule,2022,Wheat,Kharif,19.3,26.4,678.5,75.2,Loamy,5.72,112.87,67.31,62.16,Rainfed,2439.83,47093.82
Dhule,2022,Wheat,Kharif,3.37,21.1,516.5,76.7,Black,7.12,114.02,48.82,79.45,Partially Irrigated,3090.89,10420.82
Dhule,2022,Wheat,Rabi,42.71,21.4,605.9,76.7,Sandy,6.95,129.3,75.77,71.36,Irrigated,5110.37,218278.94
Dhule,2022,Wheat,Rabi,37.21,18.0,216.2,73.6,Loamy,7.1,134.95,13.93,44.44,Partially Irrigated,2405.41,89509.45
Jalgaon,2022,Bajra,Zaid,15.79,24.7,581.8,59.6,Laterite,6.84,37.47,59.17,24.17,Rainfed,1135.5,17929.41
Jalgaon,2022,Bajra,Kharif,6.47,21.6,497.0,48.0,Black,7.52,69.31,52.52,18.17,Irrigated,1769.05,11439.97
Jalgaon,2022,Cotton,Zaid,36.43,25.0,1002.4,60.8,Laterite,7.21,104.52,30.69,36.32,Partially Irrigated,1873.43,68254.32
Jalgaon,2022,Groundnut,Kharif,12.46,30.4,616.0,46.5,Clayey,5.46,25.16,54.17,77.05,Partially Irrigated,1803.76,22466.03
Jalgaon,2022,Groundnut,Rabi,43.59,26.7,737.1,62.2,Clayey,7.32,36.03,34.04,15.31,Partially Irrigated,1338.11,58329.72
Jalgaon,2022,Jowar,Zaid,11.67,30.7,622.3,71.8,Clayey,7.73,26.81,37.24,12.58,Partially Irrigated,1175.08,13710.77
Jalgaon,2022,Jowar,Zaid,9.02,29.2,855.5,40.7,Sandy,7.62,29.93,61.16,28.88,Irrigated,1626.36,14665.2
Jalgaon,2022,Jowar,Rabi,45.97,29.1,360.6,53.7,Laterite,6.96,88.99,28.73,13.73,Partially Irrigated,2059.5,94680.16
Jalgaon,2022,Jowar,Zaid,1.46,33.3,547.7,71.5,Loamy,7.31,70.76,34.51,36.2,Irrigated,2786.94,4081.98
Jalgaon,2022,Maize,Rabi,7.35,23.6,795.1,71.3,Sandy,6.29,85.29,50.17,31.05,Partially Irrigated,2902.26,21326.23
Jalgaon,2022,Maize,Rabi,7.13,28.3,810.0,50.8,Red,6.54,174.59,48.29,46.61,Irrigated,5885.55,41993.01
Jalgaon,2022,Maize,Zaid,46.24,28.4,830.4,70.7,Clayey,6.76,90.26,54.65,42.31,Partially Irrigated,3140.8,145227.78
Jalgaon,2022,Rice,Rabi,44.83,26.2,2004.8,41.1,Laterite,6.4,48.69,29.78,61.15,Partially Irrigated,2489.84,111627.3
Jalgaon,2022,Rice,Zaid,38.73,27.2,1877.9,56.1,Sandy,6.49,107.94,52.99,46.12,Rainfed,3533.85,136872.08
Jalgaon,2022,Soybean,Kharif,6.33,21.4,588.9,71.8,Loamy,6.58,19.26,64.42,35.11,Partially Irrigated,1624.56,10283.97
Jalgaon,2022,Soybean,Kharif,27.41,22.5,772.3,46.8,Black,5.44,31.24,97.55,29.88,Partially Irrigated,2203.84,60417.89
Jalgaon,2022,Soybean,Zaid,2.91,18.7,731.4,48.3,Sandy,5.44,29.92,83.39,67.49,Irrigated,2247.05,6528.45
Jalgaon,2022,Soybean,Kharif,44.74,29.4,645.2,45.5,Sandy,6.7,39.77,129.99,57.58,Partially Irrigated,2996.98,134098.55
Jalgaon,2022,Sugarcane,Zaid,21.25,30.1,2535.1,60.2,Laterite,7.0,149.42,75.39,119.73,Irrigated,64222.61,1364535.62
Jalgaon,2022,Sugarcane,Rabi,25.56,32.0,1271.3,62.2,Laterite,5.72,151.99,80.4,89.05,Partially Irrigated,45740.88,1169172.63
Jalgaon,2022,Sunflower,Kharif,1.85,23.8,520.0,71.5,Loamy,6.56,87.46,72.81,51.52,Irrigated,1883.55,3492.28
Jalgaon,2022,Sunflower,Rabi,17.78,24.9,485.7,84.5,Red,6.34,90.58,63.6,53.16,Partially Irrigated,1775.06,31568.47
Jalgaon,2022,Sunflower,Kharif,13.41,24.8,344.2,44.7,Loamy,6.67,115.56,49.55,70.18,Partially Irrigated,1659.09,22252.76
Jalgaon,2022,Wheat,Zaid,16.62,21.4,569.6,71.9,Sandy,7.16,155.93,58.49,47.43,Irrigated,4455.71,74038.02
Jalgaon,2022,Wheat,Zaid,19.71,12.5,333.8,63.2,Loamy,6.62,90.58,52.15,19.3,Partially Irrigated,1933.45,38111.14
Jalgaon,2022,Wheat,Kharif,40.61,17.8,469.7,63.7,Loamy,5.41,73.95,40.44,63.73,Irrigated,2946.77,119663.66
Kolhapur,2022,Bajra,Kharif,45.06,29.7,509.6,77.5,Red,8.42,95.19,29.16,23.63,Irrigated,2175.57,98039.44
Kolhapur,2022,Bajra,Kharif,39.51,27.3,586.9,58.6,Black,7.25,92.25,60.4,35.07,Rainfed,1807.0,71390.26
Kolhapur,2022,Bajra,Kharif,12.7,28.7,535.0,49.6,Sandy,6.76,80.9,54.47,22.43,Rainfed,1617.91,20553.5
Kolhapur,2022,Bajra,Kharif,2.17,27.6,188.5,41.8,Loamy,7.41,68.41,29.06,22.17,Partially Irrigated,1013.0,2200.64
Kolhapur,2022,Cotton,Zaid,36.24,30.2,953.8,52.9,Laterite,6.82,63.08,69.82,55.03,Partially Irrigated,2354.37,85329.34
Kolhapur,2022,Cotton,Rabi,5.2,30.4,1120.9,68.5,Red,7.0,130.47,39.29,82.51,Partially Irrigated,2166.26,11274.85
Kolhapur,2022,Cotton,Kharif,12.09,28.6,1102.9,57.8,Clayey,7.63,102.95,45.99,44.52,Partially Irrigated,1961.82,23712.55
Kolhapur,2022,Groundnut,Zaid,14.69,30.0,590.6,50.3,Black,7.17,36.41,52.78,39.54,Irrigated,2260.78,33206.16
Kolhapur,2022,Groundnut,Rabi,46.14,28.3,578.1,83.8,Laterite,5.94,23.99,44.65,74.55,Irrigated,2297.62,106002.35
Kolhapur,2022,Groundnut,Kharif,20.74,26.1,657.8,47.5,Black,6.67,22.41,65.61,74.35,Partially Irrigated,2047.84,42472.07
Kolhapur,2022,Jowar,Rabi,36.79,23.5,429.9,41.9,Black,8.36,52.44,18.79,14.33,Partially Irrigated,1169.08,43008.38
Kolhapur,2022,Jowar,Kharif,4.58,27.6,667.1,59.5,Clayey,7.98,37.88,29.54,22.91,Rainfed,1069.73,4895.28
Kolhapur,2022,Maize,Zaid,45.77,28.2,524.1,69.3,Laterite,6.82,104.62,47.1,48.14,Partially Irrigated,3125.85,143084.19
Kolhapur,2022,Maize,Rabi,41.8,24.1,422.9,74.6,Sandy,7.19,126.29,46.01,47.26,Rainfed,3331.19,139248.73
Kolhapur,2022,Maize,Rabi,32.95,30.9,639.2,85.8,Sandy,7.22,49.83,55.81,50.01,Partially Irrigated,3107.9,102395.25
Kolhapur,2022,Maize,Rabi,1.21,22.9,816.1,72.5,Sandy,5.95,132.9,45.76,36.39,Partially Irrigated,3673.82,4450.13
Kolhapur,2022,Maize,Kharif,31.97,26.6,721.4,44.1,Laterite,5.34,74.68,50.14,74.83,Rainfed,2980.86,95298.25
Kolhapur,2022,Maize,Zaid,8.31,17.9,522.0,80.1,Laterite,6.39,153.8,44.93,68.23,Irrigated,5331.42,44326.63
Kolhapur,2022,Rice,Kharif,29.38,17.7,1118.7,84.5,Clayey,5.86,96.58,44.9,79.29,Irrigated,4277.57,125682.98
Kolhapur,2022,Rice,Rabi,7.55,24.7,1756.4,51.2,Sandy,6.56,52.19,43.87,27.06,Rainfed,2005.41,15140.53
Kolhapur,2022,Rice,Kharif,49.12,29.4,1122.8,75.8,Red,6.02,81.15,57.49,35.73,Rainfed,2832.13,139115.19
Kolhapur,2022,Rice,Kharif,45.99,22.9,1382.4,44.5,Black,7.04,105.68,42.0,35.74,Rainfed,3320.85,152718.13
Kolhapur,2022,Rice,Kharif,33.66,28.2,2330.5,40.4,Clayey,6.48,81.14,39.94,44.68,Irrigated,3249.8,109394.36
Kolhapur,2022,Soybean,Rabi,1.58,26.7,472.0,88.6,Sandy,6.5,33.34,78.19,59.13,Irrigated,3051.43,4833.4
Kolhapur,2022,Soybean,Zaid,22.08,25.1,521.8,89.5,Sandy,6.64,29.18,75.57,43.09,Irrigated,2459.8,54307.7
Kolhapur,2022,Soybean,Kharif,5.58,30.4,632.8,80.7,Red,6.29,18.46,38.63,65.11,Irrigated,2135.92,11917.78
Kolhapur,2022,Sugarcane,Zaid,12.78,39.0,2036.5,56.4,Red,6.56,210.02,86.85,109.66,Irrigated,86560.39,1106411.28
Kolhapur,2022,Sugarcane,Rabi,27.44,36.9,1987.9,79.1,Black,6.61,130.66,58.35,94.48,Irrigated,60849.59,1669721.11
Kolhapur,2022,Sugarcane,Rabi,33.8,37.1,2087.0,71.8,Laterite,6.58,197.82,60.61,90.06,Irrigated,63092.43,2132598.72
Kolhapur,2022,Sunflower,Kharif,5.66,25.1,493.4,44.1,Red,6.26,100.16,52.63,53.17,Partially Irrigated,1881.66,10649.39
Kolhapur,2022,Sunflower,Zaid,25.24,29.6,432.7,42.5,Loamy,5.76,115.33,83.26,29.22,Rainfed,1242.4,31358.53
Kolhapur,2022,Sunflower,Zaid,21.66,26.5,309.9,81.5,Red,7.58,85.45,55.41,82.69,Irrigated,1637.67,35471.05
Kolhapur,2022,Wheat,Rabi,35.8,15.5,736.7,80.4,Red,6.64,66.22,22.29,44.58,Partially Irrigated,1794.35,64243.66
Kolhapur,2022,Wheat,Kharif,7.67,20.0,478.2,62.4,Clayey,6.68,131.06,60.48,43.55,Rainfed,2493.81,19139.41
Nagpur,2022,Bajra,Kharif,9.32,23.4,463.5,57.9,Clayey,7.74,22.1,53.84,42.48,Rainfed,1253.18,11685.25
Nagpur,2022,Bajra,Zaid,40.6,24.7,433.1,72.3,Black,6.74,49.21,44.74,33.22,Partially Irrigated,1462.1,59357.59
Nagpur,2022,Bajra,Zaid,20.47,26.4,463.7,66.0,Laterite,7.23,48.81,37.78,16.1,Rainfed,1116.08,22845.92
Nagpur,2022,Bajra,Rabi,15.24,34.8,297.8,40.8,Sandy,7.31,64.17,23.48,29.24,Irrigated,1698.62,25882.18
Nagpur,2022,Bajra,Rabi,20.89,30.0,617.2,71.8,Sandy,7.4,55.19,36.48,9.77,Rainfed,1005.24,20994.63
Nagpur,2022,Bajra,Kharif,34.01,30.7,386.7,64.9,Red,7.47,69.02,44.25,29.42,Rainfed,1732.35,58910.86
Nagpur,2022,Bajra,Rabi,40.95,30.3,541.0,45.3,Loamy,7.14,55.16,32.61,39.16,Rainfed,1532.15,62743.55
Nagpur,2022,Cotton,Rabi,13.41,28.4,1094.0,50.3,Laterite,6.7,105.78,34.96,56.35,Irrigated,2656.45,35635.0
Nagpur,2022,Cotton,Rabi,8.44,36.7,1000.0,61.0,Loamy,6.63,119.75,37.08,40.03,Rainfed,1664.01,14036.61
Nagpur,2022,Cotton,Zaid,5.65,36.7,861.0,77.8,Red,6.43,88.75,47.83,50.59,Partially Irrigated,1740.95,9832.22
Nagpur,2022,Cotton,Kharif,46.75,25.9,520.4,63.7,Loamy,7.67,86.4,43.34,37.22,Irrigated,2084.89,97464.14
Nagpur,2022,Cotton,Rabi,10.54,27.6,794.4,52.6,Laterite,6.98,98.44,57.34,51.55,Partially Irrigated,2405.89,25368.74
Nagpur,2022,Cotton,Zaid,29.55,28.1,1092.0,46.6,Black,7.82,86.23,34.79,33.46,Partially Irrigated,1833.89,54185.32
Nagpur,2022,Groundnut,Rabi,20.67,30.0,818.7,79.1,Loamy,6.54,24.52,64.17,67.66,Rainfed,1523.5,31491.48
Nagpur,2022,Groundnut,Kharif,15.25,34.2,568.4,42.2,Loamy,6.17,35.53,59.69,98.06,Rainfed,1690.26,25778.73
Nagpur,2022,Groundnut,Zaid,7.65,35.2,918.0,83.1,Sandy,5.98,14.84,30.93,71.55,Irrigated,1231.04,9422.43
Nagpur,2022,Jowar,Rabi,27.89,30.0,667.7,88.0,Red,7.15,97.85,39.23,26.82,Irrigated,2524.37,70405.35
Nagpur,2022,Jowar,Rabi,19.31,25.3,472.1,85.7,Black,7.13,47.37,19.39,15.79,Partially Irrigated,1514.05,29234.58
Nagpur,2022,Jowar,Rabi,46.66,25.7,417.8,59.5,Loamy,5.96,84.94,46.36,42.2,Irrigated,2965.49,138365.2
Nagpur,2022,Jowar,Rabi,14.09,26.5,629.0,45.7,Sandy,7.43,64.4,44.21,36.13,Partially Irrigated,2290.24,32260.29
Nagpur,2022,Maize,Rabi,42.38,24.2,554.1,76.9,Sandy,5.95,116.67,30.29,38.02,Rainfed,2779.04,117764.9
Nagpur,2022,Maize,Rabi,35.21,29.9,751.4,52.0,Laterite,5.93,93.0,76.12,40.88,Rainfed,3176.28,111836.81
Nagpur,2022,Maize,Rabi,37.61,24.8,706.5,45.8,Loamy,6.87,131.1,71.86,56.93,Rainfed,5273.78,198343.74
Nagpur,2022,Maize,Rabi,32.4,19.9,890.8,41.9,Loamy,6.95,129.5,12.91,63.34,Partially Irrigated,3254.02,105421.83
Nagpur,2022,Maize,Kharif,14.16,22.8,624.8,45.4,Red,6.87,120.33,45.05,60.55,Rainfed,3328.33,47127.65
Nagpur,2022,Maize,Rabi,8.13,30.0,508.7,50.5,Clayey,6.14,80.01,37.65,48.71,Partially Irrigated,3022.86,24576.07
Nagpur,2022,Rice,Kharif,5.65,31.0,1615.4,48.9,Black,5.86,91.23,47.51,50.84,Partially Irrigated,4183.57,23618.77
Nagpur,2022,Soybean,Kharif,30.2,22.9,577.3,72.7,Red,7.07,39.21,79.22,45.37,Rainfed,2269.38,68531.36
Nagpur,2022,Soybean,Rabi,27.52,19.7,732.2,70.6,Laterite,6.86,29.36,53.7,71.07,Irrigated,2203.58,60653.2
Nagpur,2022,Sugarcane,Zaid,45.07,29.1,1816.4,62.0,Laterite,5.9,255.99,45.83,99.47,Rainfed,54603.21,2461211.19
Nagpur,2022,Sunflower,Kharif,4.92,25.7,398.1,70.0,Laterite,5.95,34.21,50.37,39.9,Rainfed,794.47,3908.1
Nagpur,2022,Sunflower,Zaid,36.05,23.0,466.3,83.7,Sandy,6.27,48.77,34.4,40.84,Irrigated,1122.2,40455.39
Nagpur,2022,Sunflower,Rabi,30.81,21.8,580.7,88.1,Sandy,7.44,56.8,40.81,77.3,Irrigated,1560.78,48083.81
Nagpur,2022,Wheat,Kharif,42.73,18.9,692.5,78.1,Clayey,6.78,113.39,80.63,7.44,Partially Irrigated,2107.11,90031.35
Nagpur,2022,Wheat,Kharif,27.92,27.0,693.0,52.8,Loamy,7.26,109.87,68.8,43.16,Irrigated,3246.22,90638.43
Nagpur,2022,Wheat,Rabi,12.45,8.4,392.1,74.6,Sandy,7.48,148.47,57.33,64.49,Irrigated,2792.65,34763.74
Nagpur,2022,Wheat,Rabi,47.03,17.6,660.7,81.0,Laterite,6.14,112.61,102.4,28.34,Partially Irrigated,3307.77,155559.58
Nashik,2022,Bajra,Rabi,3.39,33.8,297.2,78.2,Sandy,6.88,108.16,32.3,25.27,Irrigated,2562.1,8678.14
Nashik,2022,Bajra,Rabi,21.67,34.3,655.1,82.7,Red,7.18,77.69,41.82,23.56,Irrigated,1915.48,41513.66
Nashik,2022,Cotton,Zaid,8.43,30.7,628.7,83.9,Laterite,6.4,74.41,55.92,42.96,Partially Irrigated,2105.42,17742.14
Nashik,2022,Cotton,Rabi,29.15,39.6,1334.8,45.4,Laterite,6.31,26.66,48.67,45.96,Irrigated,1224.63,35703.65
Nashik,2022,Cotton,Zaid,14.02,31.4,997.4,69.9,Red,6.14,118.46,26.69,36.86,Rainfed,1462.73,20503.26
Nashik,2022,Cotton,Kharif,2.55,29.9,849.3,78.8,Sandy,7.18,53.67,50.39,36.85,Irrigated,2418.99,6171.14
Nashik,2022,Cotton,Zaid,45.57,40.9,569.1,85.8,Black,6.36,47.99,49.81,44.87,Rainfed,1199.45,54655.39
Nashik,2022,Groundnut,Kharif,22.44,30.2,548.8,41.9,Clayey,6.46,38.29,71.16,95.5,Rainfed,2230.87,50066.32
Nashik,2022,Groundnut,Rabi,2.74,27.6,828.9,83.0,Loamy,6.79,34.12,41.81,51.06,Irrigated,1753.09,4799.06
Nashik,2022,Groundnut,Rabi,38.07,27.4,748.2,81.6,Laterite,6.06,40.83,76.27,89.25,Rainfed,1707.46,65010.36
Nashik,2022,Jowar,Zaid,2.33,28.4,560.2,48.1,Loamy,7.22,65.33,34.3,30.25,Rainfed,1679.77,3919.74
Nashik,2022,Maize,Rabi,31.42,20.7,605.4,74.5,Black,6.38,91.33,57.88,65.63,Irrigated,4874.89,153186.57
Nashik,2022,Maize,Kharif,41.33,27.8,810.2,75.7,Loamy,6.46,83.32,56.38,28.2,Rainfed,2916.42,120522.14
Nashik,2022,Rice,Kharif,18.35,27.3,1427.6,46.4,Sandy,6.07,80.94,52.05,45.14,Irrigated,4135.32,75867.52
Nashik,2022,Rice,Zaid,38.92,21.1,956.0,45.1,Clayey,6.53,119.75,38.04,53.91,Rainfed,3004.06,116911.83
Nashik,2022,Rice,Zaid,14.28,15.9,1475.6,63.7,Black,5.58,117.37,41.64,52.55,Irrigated,5309.08,75839.45
Nashik,2022,Rice,Rabi,7.29,28.4,2159.5,59.3,Laterite,6.92,116.71,49.89,50.2,Irrigated,5131.63,37391.02
Nashik,2022,Rice,Rabi,33.89,20.9,2116.6,43.9,Red,6.73,147.04,66.67,57.59,Partially Irrigated,3935.4,133377.51
Nashik,2022,Rice,Zaid,8.66,28.9,1242.4,65.9,Clayey,6.95,75.91,22.59,15.17,Partially Irrigated,1968.84,17059.39
Nashik,2022,Rice,Rabi,46.25,29.0,1390.5,76.6,Clayey,5.94,158.1,49.5,70.27,Partially Irrigated,5331.0,246554.21
Nashik,2022,Soybean,Zaid,48.82,19.7,632.2,65.2,Clayey,6.98,36.66,70.01,49.07,Partially Irrigated,2091.1,102083.47
Nashik,2022,Soybean,Kharif,22.22,25.9,625.1,43.8,Clayey,6.17,13.42,94.94,50.22,Irrigated,2125.66,47242.06
Nashik,2022,Soybean,Kharif,48.64,19.6,429.3,65.5,Loamy,6.02,21.53,60.62,51.53,Irrigated,1805.96,87839.81
Nashik,2022,Sugarcane,Kharif,27.95,27.1,1926.5,75.7,Laterite,7.18,291.48,12.75,113.03,Rainfed,54563.68,1525023.89
Nashik,2022,Sugarcane,Rabi,5.79,32.2,2244.0,41.7,Loamy,7.4,155.99,76.48,116.09,Rainfed,55777.27,322693.39
Nashik,2022,Sugarcane,Kharif,13.62,35.0,1745.9,74.5,Black,6.51,214.09,117.13,130.75,Rainfed,69715.26,949395.26
Nashik,2022,Sugarcane,Kharif,23.78,30.4,1874.4,52.7,Sandy,6.24,164.13,101.66,84.3,Irrigated,78186.99,1859475.99
Nashik,2022,Sunflower,Rabi,45.43,24.6,517.2,59.1,Clayey,7.32,84.68,57.54,50.51,Rainfed,1419.65,64491.85
Nashik,2022,Sunflower,Kharif,9.78,25.5,378.0,71.0,Clayey,7.03,82.48,32.84,50.57,Rainfed,993.68,9720.25
Nashik,2022,Sunflower,Kharif,43.02,17.9,648.7,62.0,Sandy,6.4,102.96,35.7,43.02,Irrigated,1283.82,55229.47
Nashik,2022,Sunflower,Rabi,28.53,27.0,549.6,48.7,Clayey,7.17,41.31,54.05,48.07,Partially Irrigated,1009.28,28797.5
Nashik,2022,Wheat,Kharif,45.73,23.7,853.1,52.5,Clayey,7.22,109.43,72.61,92.22,Rainfed,2296.46,105010.92
Nashik,2022,Wheat,Zaid,38.19,17.5,313.0,49.3,Black,6.91,103.48,74.1,41.47,Rainfed,2501.9,95541.83
Nashik,2022,Wheat,Rabi,22.34,25.5,456.5,85.6,Laterite,6.36,152.66,55.38,63.29,Rainfed,2749.42,61435.03
Nashik,2022,Wheat,Rabi,49.26,21.2,678.3,69.9,Laterite,6.95,100.43,63.15,87.92,Rainfed,3199.28,157581.35
Nashik,2022,Wheat,Zaid,45.37,19.8,425.9,72.6,Black,6.01,150.4,91.39,57.94,Irrigated,4844.67,219799.57
Nashik,2022,Wheat,Kharif,35.91,22.1,637.4,45.6,Black,6.49,151.38,23.72,70.38,Rainfed,2552.13,91636.39
Nashik,2022,Wheat,Zaid,16.17,15.0,582.9,78.4,Sandy,7.11,143.29,77.47,48.61,Partially Irrigated,3566.39,57683.38
Nashik,2022,Wheat,Rabi,31.29,17.4,573.8,61.4,Laterite,7.41,161.65,64.68,36.26,Partially Irrigated,3394.49,106197.02
Pune,2022,Bajra,Rabi,44.69,35.0,483.2,65.7,Laterite,6.96,55.09,49.15,26.82,Rainfed,1436.83,64213.37
Pune,2022,Bajra,Kharif,18.01,32.5,295.0,79.3,Black,7.4,59.32,44.81,30.27,Irrigated,2088.72,37614.47
Pune,2022,Bajra,Rabi,48.16,19.7,430.7,51.6,Laterite,7.47,20.91,57.8,36.01,Partially Irrigated,1487.49,71640.79
Pune,2022,Bajra,Rabi,2.86,31.3,154.6,57.9,Sandy,7.23,48.5,34.01,34.67,Irrigated,1621.51,4640.5
Pune,2022,Bajra,Rabi,25.77,31.2,431.0,73.9,Clayey,7.93,63.9,37.15,10.13,Partially Irrigated,1374.37,35421.14
Pune,2022,Bajra,Rabi,39.13,29.1,378.2,54.9,Red,7.03,44.78,45.24,29.75,Partially Irrigated,1564.16,61211.49
Pune,2022,Cotton,Zaid,3.98,26.4,734.3,52.7,Red,6.33,100.42,27.33,39.82,Partially Irrigated,1824.2,7267.96
Pune,2022,Cotton,Rabi,28.6,28.0,624.1,85.0,Laterite,7.34,62.96,14.62,34.91,Rainfed,1124.25,32149.8
Pune,2022,Cotton,Zaid,26.37,22.4,585.1,79.2,Red,6.13,61.65,30.47,54.4,Rainfed,1164.66,30706.36
Pune,2022,Cotton,Rabi,24.16,36.8,1097.4,83.4,Loamy,7.89,73.69,44.17,34.11,Irrigated,1638.35,39576.22
Pune,2022,Groundnut,Rabi,24.49,19.8,596.5,79.0,Laterite,6.6,33.42,65.53,60.76,Irrigated,1970.15,48256.31
Pune,2022,Groundnut,Zaid,39.19,21.8,554.6,74.2,Laterite,6.72,26.48,39.76,38.8,Rainfed,1025.32,40179.74
Pune,2022,Groundnut,Zaid,10.19,26.4,716.8,59.6,Red,7.34,29.11,39.89,49.42,Irrigated,1854.56,18906.47
Pune,2022,Jowar,Kharif,47.17,20.4,539.2,47.9,Clayey,7.25,20.43,44.62,36.88,Rainfed,1141.19,53829.34
Pune,2022,Jowar,Kharif,46.18,28.4,718.7,78.3,Loamy,6.8,46.2,40.72,28.25,Partially Irrigated,1757.18,81143.92
Pune,2022,Jowar,Rabi,45.07,26.9,334.7,79.0,Red,7.15,103.61,29.84,31.73,Partially Irrigated,2254.07,101596.51
Pune,2022,Jowar,Rabi,48.33,34.9,448.3,86.4,Sandy,6.56,80.29,49.59,26.36,Rainfed,2078.73,100471.05
Pune,2022,Maize,Zaid,15.17,25.5,458.6,68.8,Laterite,6.86,103.35,65.11,57.77,Irrigated,4050.53,61439.94
Pune,2022,Maize,Zaid,32.94,20.7,516.9,59.2,Red,5.61,114.42,42.11,32.46,Partially Irrigated,3060.62,100824.2
Pune,2022,Maize,Zaid,25.38,21.7,812.6,81.5,Sandy,6.29,127.67,61.4,48.16,Partially Irrigated,3819.59,96941.36
Pune,2022,Maize,Kharif,38.0,19.3,727.6,53.7,Loamy,7.02,78.59,84.81,34.09,Irrigated,4173.27,158569.91
Pune,2022,Rice,Kharif,15.63,18.4,2051.0,53.8,Black,5.81,85.2,54.93,68.38,Partially Irrigated,3852.21,60224.05
Pune,2022,Rice,Zaid,47.07,21.3,1175.4,41.9,Black,6.78,51.98,56.67,48.52,Partially Irrigated,3347.87,157598.13
Pune,2022,Rice,Rabi,13.92,31.8,1955.7,63.4,Laterite,6.72,37.48,48.16,34.55,Irrigated,2724.39,37922.12
Pune,2022,Rice,Zaid,15.78,26.7,1682.6,67.0,Loamy,6.99,93.72,52.5,41.35,Rainfed,3497.07,55177.28
Pune,2022,Rice,Zaid,28.11,20.0,2330.1,40.9,Red,6.39,75.78,48.59,34.59,Irrigated,2515.94,70729.17
Pune,2022,Soybean,Zaid,15.91,24.0,817.1,69.9,Sandy,5.92,27.39,92.02,55.33,Rainfed,1573.46,25031.19
Pune,2022,Soybean,Kharif,2.94,16.9,667.5,83.6,Clayey,7.06,11.17,70.84,52.01,Partially Irrigated,1458.48,4291.22
Pune,2022,Soybean,Zaid,4.5,21.9,382.6,50.9,Black,6.06,43.8,111.2,42.63,Irrigated,3218.82,14495.16
Pune,2022,Soybean,Zaid,21.31,20.9,524.9,81.7,Clayey,6.95,21.9,66.51,50.7,Partially Irrigated,2157.96,45980.31
Pune,2022,Sugarcane,Zaid,30.99,28.1,2233.8,65.0,Red,5.77,275.94,89.46,92.79,Rainfed,53571.5,1660402.09
Pune,2022,Sugarcane,Zaid,30.36,25.4,1911.7,67.7,Red,7.12,277.62,55.4,85.85,Partially Irrigated,58496.25,1775989.99
Pune,2022,Sunflower,Kharif,3.16,29.8,320.1,43.5,Laterite,6.98,91.66,55.24,60.07,Partially Irrigated,1163.47,3681.14
Pune,2022,Sunflower,Kharif,9.15,24.0,544.6,49.5,Loamy,6.75,79.98,65.06,61.37,Rainfed,1345.1,12313.8
Pune,2022,Sunflower,Kharif,8.01,24.0,622.5,53.8,Red,6.22,50.62,16.77,51.49,Rainfed,761.53,6097.59
Pune,2022,Sunflower,Kharif,39.95,22.8,311.5,83.1,Laterite,7.21,33.39,14.63,62.49,Irrigated,938.35,37484.31
Pune,2022,Sunflower,Kharif,21.69,18.6,527.4,63.3,Red,6.99,34.83,65.8,73.55,Partially Irrigated,1386.35,30073.48
Pune,2022,Sunflower,Rabi,22.22,19.5,626.0,62.1,Loamy,5.94,55.77,47.72,48.59,Rainfed,844.47,18761.53
Sangli,2022,Bajra,Kharif,34.51,30.9,475.4,56.5,Laterite,7.38,50.72,34.87,28.82,Rainfed,1167.14,40278.45
Sangli,2022,Bajra,Zaid,2.87,31.5,341.7,77.3,Laterite,8.44,46.35,34.37,22.07,Rainfed,1074.67,3082.93
Sangli,2022,Cotton,Kharif,27.21,31.1,728.7,75.5,Loamy,7.78,150.69,43.01,32.04,Rainfed,2269.67,61765.3
Sangli,2022,Cotton,Zaid,42.01,25.1,972.9,45.9,Laterite,7.22,37.07,45.59,26.5,Irrigated,1498.52,62950.09
Sangli,2022,Cotton,Zaid,36.71,34.9,589.2,80.9,Sandy,7.4,62.11,32.56,49.03,Rainfed,1093.19,40135.27
Sangli,2022,Cotton,Kharif,3.36,30.8,684.3,87.7,Laterite,6.38,62.78,36.51,31.96,Partially Irrigated,1395.91,4685.1
Sangli,2022,Cotton,Zaid,25.31,27.4,635.4,76.2,Laterite,6.47,65.09,45.44,31.15,Rainfed,1283.22,32475.21
Sangli,2022,Cotton,Zaid,34.52,30.9,1072.3,55.4,Black,7.5,106.35,57.93,66.99,Irrigated,2568.71,88680.35
Sangli,2022,Cotton,Zaid,12.19,33.2,1023.2,42.6,Black,7.25,86.79,42.43,45.63,Irrigated,2730.11,33281.11
Sangli,2022,Groundnut,Kharif,39.15,29.7,574.7,78.6,Laterite,6.0,33.23,31.67,70.29,Irrigated,1809.79,70854.32
Sangli,2022,Groundnut,Kharif,13.36,35.9,514.7,83.9,Red,5.36,34.01,43.98,86.29,Partially Irrigated,1558.97,20822.14
Sangli,2022,Groundnut,Kharif,32.62,31.1,414.0,80.6,Sandy,7.03,17.83,63.41,46.86,Rainfed,1279.17,41726.65
Sangli,2022,Groundnut,Kharif,36.99,27.9,773.0,48.3,Sandy,6.62,40.26,61.09,95.32,Irrigated,2662.54,98485.48
Sangli,2022,Jowar,Rabi,46.29,28.8,453.5,67.4,Sandy,6.82,34.21,55.49,37.79,Rainfed,1545.46,71534.06
Sangli,2022,Jowar,Rabi,47.16,28.1,421.8,71.2,Sandy,7.24,76.1,37.73,17.0,Partially Irrigated,2187.59,103177.69
Sangli,2022,Jowar,Zaid,38.09,32.5,369.8,55.0,Clayey,7.6,94.76,45.99,20.52,Irrigated,2400.23,91434.21
Sangli,2022,Maize,Rabi,20.27,19.2,711.2,61.3,Loamy,6.81,116.09,61.4,32.04,Partially Irrigated,3324.64,67405.8
Sangli,2022,Maize,Kharif,4.84,26.3,831.5,71.8,Sandy,5.88,133.86,55.81,66.31,Partially Irrigated,3959.26,19177.49
Sangli,2022,Maize,Zaid,23.57,23.0,676.3,77.9,Black,6.46,104.09,43.66,71.35,Rainfed,3720.61,87692.77
Sangli,2022,Rice,Rabi,44.5,25.4,1820.0,79.5,Black,5.3,107.73,41.2,47.21,Irrigated,5500.73,244781.68
Sangli,2022,Rice,Kharif,11.36,30.2,1352.3,84.5,Sandy,5.55,131.54,57.87,43.84,Rainfed,3496.62,39729.04
Sangli,2022,Rice,Kharif,7.54,29.7,1906.6,48.3,Laterite,6.93,82.14,56.34,46.77,Irrigated,4763.14,35897.87
Sangli,2022,Rice,Rabi,27.88,22.8,1386.9,85.5,Laterite,5.51,85.55,38.07,38.08,Irrigated,3139.58,87525.14
Sangli,2022,Rice,Zaid,31.53,30.8,1382.0,57.0,Red,6.12,52.67,62.99,36.67,Partially Irrigated,3606.03,113695.09
Sangli,2022,Rice,Rabi,49.41,22.3,1337.0,60.4,Red,6.9,104.0,51.6,60.0,Irrigated,4888.69,241527.83
Sangli,2022,Soybean,Kharif,32.34,24.8,560.2,80.4,Laterite,6.76,22.2,55.85,66.67,Partially Irrigated,2154.64,69677.85
Sangli,2022,Soybean,Zaid,48.29,31.6,746.1,49.8,Laterite,6.54,20.23,40.13,50.58,Partially Irrigated,1544.31,74571.01
Sangli,2022,Sunflower,Zaid,35.98,20.0,740.8,52.0,Loamy,7.36,38.1,32.36,40.76,Partially Irrigated,590.26,21239.83
Sangli,2022,Wheat,Rabi,49.46,17.1,777.6,55.4,Red,6.87,115.66,57.2,45.15,Irrigated,2826.31,139802.49
Satara,2022,Bajra,Rabi,35.36,30.4,350.0,51.0,Black,7.43,53.17,37.96,34.56,Irrigated,1643.56,58122.3
Satara,2022,Cotton,Rabi,13.02,25.9,1218.2,71.6,Loamy,6.98,116.76,63.22,49.67,Rainfed,1832.6,23860.39
Satara,2022,Cotton,Kharif,21.56,35.5,604.6,70.4,Sandy,5.64,53.84,61.95,41.7,Partially Irrigated,1704.67,36757.41
Satara,2022,Cotton,Kharif,28.81,31.3,837.2,88.2,Sandy,7.25,89.74,20.8,21.86,Irrigated,1915.59,55195.95
Satara,2022,Groundnut,Rabi,18.8,32.9,707.9,41.4,Loamy,6.92,23.43,34.13,70.55,Partially Irrigated,1430.5,26892.77
Satara,2022,Jowar,Rabi,45.75,23.2,606.7,48.9,Red,6.68,53.76,53.28,28.97,Irrigated,2094.52,95820.79
Satara,2022,Jowar,Rabi,4.98,26.3,484.3,77.5,Laterite,8.49,53.94,49.36,36.25,Irrigated,2280.59,11357.85
Satara,2022,Jowar,Zaid,14.79,29.4,338.2,47.2,Clayey,7.11,28.88,47.48,15.73,Irrigated,1358.09,20088.14
Satara,2022,Maize,Zaid,37.83,21.9,852.2,66.1,Clayey,5.99,105.11,52.03,46.66,Partially Irrigated,2768.54,104745.16
Satara,2022,Maize,Kharif,29.12,23.3,507.8,60.5,Black,6.79,120.12,58.28,30.25,Rainfed,2758.43,80323.62
Satara,2022,Maize,Rabi,49.79,22.0,781.4,43.4,Sandy,5.96,132.45,60.87,37.1,Partially Irrigated,3970.75,197695.99
Satara,2022,Maize,Zaid,44.23,25.6,339.6,49.3,Black,6.48,93.71,73.71,52.41,Irrigated,4268.59,188797.01
Satara,2022,Rice,Rabi,29.21,30.0,1644.1,44.9,Red,6.51,97.85,49.41,69.03,Irrigated,5821.97,170080.11
Satara,2022,Rice,Rabi,5.16,27.0,1546.2,83.2,Loamy,5.7,63.85,56.63,33.4,Partially Irrigated,3560.03,18352.31
Satara,2022,Rice,Kharif,20.03,21.1,1222.4,58.1,Loamy,6.7,72.76,53.0,40.37,Partially Irrigated,3254.15,65178.12
Satara,2022,Soybean,Kharif,36.71,22.6,784.7,50.5,Loamy,6.91,30.37,47.45,56.87,Rainfed,1697.39,62315.19
Satara,2022,Soybean,Zaid,41.32,23.2,438.8,41.4,Black,6.43,20.67,81.45,59.51,Partially Irrigated,1963.09,81106.39
Satara,2022,Soybean,Zaid,20.28,22.4,665.5,54.3,Black,5.0,26.36,128.1,69.06,Rainfed,2167.95,43965.69
Satara,2022,Soybean,Rabi,2.64,20.6,789.7,60.1,Black,6.32,3.89,96.13,63.33,Rainfed,1494.74,3947.25
Satara,2022,Sugarcane,Kharif,21.27,33.0,2268.8,43.1,Black,6.17,259.81,79.51,75.91,Partially Irrigated,63242.79,1345188.59
Satara,2022,Sugarcane,Zaid,49.75,31.3,1430.8,52.5,Black,6.86,125.68,70.47,132.55,Rainfed,45031.01,2240420.79
Satara,2022,Sunflower,Kharif,11.92,25.3,536.6,74.6,Black,6.9,74.88,62.79,55.89,Rainfed,1508.34,17972.64
Satara,2022,Sunflower,Kharif,38.97,23.9,564.4,88.2,Red,7.21,87.09,45.87,43.42,Partially Irrigated,1252.6,48819.28
Satara,2022,Sunflower,Rabi,32.11,20.7,537.7,44.9,Sandy,6.83,66.63,34.33,27.74,Rainfed,689.44,22139.87
Satara,2022,Wheat,Zaid,39.8,27.9,502.2,71.1,Loamy,7.24,150.95,84.59,50.83,Rainfed,3000.73,119434.59
Satara,2022,Wheat,Zaid,5.57,18.4,543.0,57.3,Black,6.48,134.98,50.97,46.34,Partially Irrigated,2715.65,15130.95
Satara,2022,Wheat,Zaid,47.11,23.6,640.1,85.2,Clayey,6.15,162.34,66.84,58.51,Rainfed,2896.53,136443.24
Satara,2022,Wheat,Zaid,33.85,22.1,487.3,48.8,Clayey,6.94,143.88,94.64,64.18,Rainfed,3059.63,103581.28
Satara,2022,Wheat,Rabi,26.69,17.2,523.5,69.8,Clayey,6.95,154.48,42.96,45.48,Rainfed,2894.19,77240.95
Satara,2022,Wheat,Rabi,8.56,25.9,549.7,62.2,Clayey,6.5,91.17,53.14,45.61,Irrigated,2834.16,24260.78
Solapur,2022,Bajra,Zaid,16.39,24.0,449.5,83.6,Sandy,7.24,44.28,26.87,37.91,Irrigated,1939.77,31789.21
Solapur,2022,Bajra,Zaid,36.87,33.7,427.3,57.6,Laterite,7.95,85.02,32.99,22.28,Partially Irrigated,1873.39,69070.8
Solapur,2022,Bajra,Zaid,43.23,28.6,347.1,55.6,Laterite,7.08,69.61,28.71,26.53,Rainfed,1377.51,59547.89
Solapur,2022,Bajra,Rabi,22.9,25.6,400.8,69.2,Black,7.46,60.71,20.73,13.87,Partially Irrigated,993.13,22743.1
Solapur,2022,Bajra,Kharif,29.65,34.9,605.4,67.0,Loamy,6.86,59.7,40.57,41.13,Partially Irrigated,1388.59,41178.25
Solapur,2022,Cotton,Kharif,13.08,36.7,778.5,63.7,Clayey,7.01,85.54,24.88,32.6,Irrigated,1645.68,21531.4
Solapur,2022,Cotton,Rabi,2.96,39.9,695.6,43.9,Black,6.51,51.74,19.67,45.76,Rainfed,997.73,2952.59
Solapur,2022,Groundnut,Zaid,31.08,24.3,971.6,59.8,Laterite,5.36,19.26,40.26,78.62,Rainfed,895.85,27847.4
Solapur,2022,Groundnut,Zaid,39.2,24.5,408.5,81.6,Laterite,6.02,36.45,54.09,67.44,Rainfed,1382.52,54194.76
Solapur,2022,Groundnut,Zaid,16.29,28.3,799.2,80.7,Laterite,7.32,29.29,45.62,90.75,Partially Irrigated,1514.01,24656.41
Solapur,2022,Groundnut,Zaid,15.95,23.8,616.0,48.7,Sandy,6.55,23.77,60.76,74.53,Irrigated,2475.89,39498.54
Solapur,2022,Groundnut,Kharif,10.07,32.5,466.4,46.2,Laterite,7.38,35.8,57.28,91.85,Rainfed,1666.86,16792.84
Solapur,2022,Groundnut,Rabi,38.33,24.6,398.6,47.0,Loamy,5.79,22.52,46.34,67.06,Partially Irrigated,1554.56,59592.86
Solapur,2022,Jowar,Kharif,2.02,23.3,649.8,67.1,Sandy,6.58,59.76,23.56,25.73,Rainfed,1191.63,2409.7
Solapur,2022,Jowar,Rabi,19.53,29.9,534.2,82.6,Sandy,6.63,75.8,41.75,42.22,Rainfed,1875.97,36641.77
Solapur,2022,Jowar,Zaid,26.04,25.6,499.4,70.3,Black,7.3,73.5,44.74,27.09,Irrigated,2971.32,77360.15
Solapur,2022,Jowar,Rabi,22.35,33.4,268.4,77.6,Loamy,7.79,112.47,30.85,39.7,Partially Irrigated,1804.85,40337.05
Solapur,2022,Jowar,Zaid,5.08,23.2,476.5,89.1,Black,7.18,84.7,30.21,34.3,Rainfed,2454.63,12478.95
Solapur,2022,Jowar,Rabi,37.96,30.5,548.8,87.7,Laterite,6.92,53.38,35.66,28.66,Rainfed,1786.4,67815.89
Solapur,2022,Maize,Kharif,19.3,26.5,634.7,75.9,Red,5.97,122.4,20.03,62.45,Rainfed,2891.47,55810.73
Solapur,2022,Maize,Rabi,37.44,28.4,493.4,49.7,Loamy,6.02,131.09,62.68,40.99,Irrigated,5448.75,204002.76
Solapur,2022,Maize,Kharif,10.98,20.7,813.6,86.4,Laterite,6.87,170.23,51.2,21.7,Irrigated,3774.02,41448.36
Solapur,2022,Rice,Kharif,34.71,31.9,2126.8,86.2,Laterite,6.23,53.13,29.68,61.26,Rainfed,2011.87,69839.58
Solapur,2022,Rice,Rabi,17.36,33.0,1316.2,55.4,Red,6.17,101.07,52.09,51.53,Rainfed,3342.46,58013.49
Solapur,2022,Rice,Zaid,16.47,26.0,1943.4,60.8,Loamy,7.07,93.97,36.59,49.34,Partially Irrigated,3016.5,49669.98
Solapur,2022,Rice,Kharif,5.01,20.3,2049.7,46.0,Clayey,7.82,153.45,41.76,47.74,Rainfed,3026.17,15151.68
Solapur,2022,Rice,Zaid,49.14,24.5,1985.1,54.7,Clayey,5.76,125.78,31.84,47.22,Rainfed,3063.89,150550.41
Solapur,2022,Rice,Zaid,46.95,28.6,1441.4,42.4,Clayey,6.96,62.23,60.8,67.79,Irrigated,5842.46,274310.31
Solapur,2022,Rice,Kharif,19.39,26.8,2387.5,66.7,Clayey,5.76,30.16,40.24,44.92,Partially Irrigated,2374.44,46034.62
Solapur,2022,Soybean,Zaid,33.22,25.6,339.3,69.8,Red,7.21,19.34,68.22,53.25,Rainfed,1570.63,52168.75
Solapur,2022,Soybean,Zaid,17.37,29.9,651.0,67.3,Red,7.17,33.23,119.31,59.14,Partially Irrigated,2702.95,46949.79
Solapur,2022,Soybean,Zaid,1.92,32.1,386.6,65.2,Red,6.37,38.85,61.64,41.29,Partially Irrigated,1829.55,3508.57
Solapur,2022,Soybean,Rabi,6.75,26.1,525.6,78.0,Laterite,6.65,23.56,102.05,61.73,Rainfed,2217.51,14979.13
Solapur,2022,Sugarcane,Kharif,19.57,29.7,2068.5,55.8,Black,7.12,140.99,119.14,170.53,Irrigated,117812.21,2305830.83
Solapur,2022,Sugarcane,Zaid,22.31,25.9,2795.7,65.6,Clayey,6.89,172.72,87.28,105.27,Irrigated,81391.02,1816025.26
Solapur,2022,Wheat,Rabi,30.55,21.9,625.1,58.8,Red,7.43,133.75,61.09,30.15,Rainfed,2597.68,79359.44
Solapur,2022,Wheat,Rabi,24.94,14.9,401.1,87.7,Clayey,7.07,167.79,37.09,51.01,Partially Irrigated,3155.84,78704.97
Solapur,2022,Wheat,Zaid,4.96,25.1,728.1,44.7,Loamy,7.33,158.8,43.03,37.43,Partially Irrigated,2486.49,12339.52
Solapur,2022,Wheat,Zaid,43.48,25.1,787.8,41.5,Sandy,6.76,57.44,92.2,67.96,Irrigated,3395.43,147634.14
Solapur,2022,Wheat,Kharif,22.13,13.7,732.7,52.9,Sandy,7.31,108.16,35.61,28.16,Rainfed,1592.76,35244.61
Solapur,2022,Wheat,Zaid,12.48,18.6,638.6,46.9,Loamy,6.63,118.41,45.69,52.24,Partially Irrigated,2735.9,34154.55
Wardha,2022,Bajra,Kharif,5.88,36.4,540.2,54.3,Laterite,6.89,98.67,59.45,28.98,Irrigated,2124.04,12479.24
Wardha,2022,Bajra,Zaid,8.06,24.0,583.7,47.7,Loamy,6.8,44.46,46.78,31.3,Partially Irrigated,1162.31,9371.33
Wardha,2022,Bajra,Zaid,21.32,31.7,323.0,41.2,Red,7.34,59.37,37.95,21.96,Partially Irrigated,1442.35,30745.78
Wardha,2022,Bajra,Zaid,12.49,26.0,459.6,67.5,Sandy,6.82,83.39,40.45,21.87,Irrigated,2126.66,26553.17
Wardha,2022,Cotton,Zaid,38.91,38.1,301.2,50.4,Laterite,7.4,135.2,34.08,32.42,Partially Irrigated,1304.6,50762.88
Wardha,2022,Cotton,Kharif,2.48,32.9,1002.5,42.8,Red,5.72,78.73,37.16,37.2,Irrigated,1656.8,4115.86
Wardha,2022,Cotton,Kharif,4.29,25.7,1002.6,83.4,Sandy,5.97,75.02,34.32,57.85,Partially Irrigated,1821.53,7821.95
Wardha,2022,Cotton,Kharif,36.84,25.0,860.4,86.9,Sandy,7.82,71.81,53.32,41.16,Rainfed,1482.11,54601.57
Wardha,2022,Groundnut,Zaid,24.12,28.2,667.7,62.5,Red,5.49,36.51,61.75,53.8,Irrigated,2659.24,64133.86
Wardha,2022,Groundnut,Zaid,23.06,19.4,547.9,65.3,Sandy,6.46,34.01,37.48,74.47,Partially Irrigated,1979.67,45649.35
Wardha,2022,Maize,Rabi,16.26,21.8,538.5,67.7,Laterite,6.04,125.7,68.35,36.03,Irrigated,4957.67,80617.07
Wardha,2022,Maize,Zaid,37.07,24.0,691.1,49.6,Laterite,5.87,72.4,74.46,53.05,Partially Irrigated,4257.23,157812.15
Wardha,2022,Rice,Rabi,31.33,24.0,1752.2,87.8,Loamy,6.15,44.42,75.71,79.19,Partially Irrigated,4691.21,146961.72
Wardha,2022,Rice,Kharif,32.98,28.9,1612.0,84.0,Clayey,6.0,126.75,13.39,38.25,Irrigated,4454.75,146935.66
Wardha,2022,Soybean,Rabi,44.66,27.4,699.1,52.4,Sandy,6.35,30.73,41.89,62.95,Rainfed,1749.24,78121.37
Wardha,2022,Soybean,Rabi,20.57,28.9,498.7,81.4,Black,6.55,38.92,88.6,53.07,Partially Irrigated,3002.2,61755.51
Wardha,2022,Soybean,Kharif,10.23,21.6,596.7,65.1,Loamy,6.96,28.43,76.35,58.73,Partially Irrigated,2404.38,24594.93
Wardha,2022,Sunflower,Rabi,13.1,24.1,545.9,53.6,Laterite,6.6,117.63,42.11,49.79,Partially Irrigated,1395.11,18278.73
Wardha,2022,Sunflower,Kharif,1.84,23.2,397.8,63.2,Laterite,6.75,62.03,37.49,36.03,Irrigated,1312.6,2409.25
Wardha,2022,Sunflower,Zaid,46.79,26.4,601.5,51.1,Loamy,6.77,30.97,49.72,52.12,Irrigated,1239.86,58007.9
Wardha,2022,Sunflower,Zaid,13.13,23.7,542.2,49.9,Clayey,6.97,43.15,46.84,64.7,Partially Irrigated,1253.77,16456.47
Wardha,2022,Sunflower,Rabi,49.17,24.5,461.3,79.5,Black,7.01,76.73,63.62,43.46,Irrigated,1917.83,94301.74
Wardha,2022,Sunflower,Rabi,1.47,22.8,462.9,78.8,Black,6.31,83.5,57.04,10.07,Rainfed,1006.43,1481.26
Wardha,2022,Wheat,Rabi,10.22,28.3,519.5,68.9,Clayey,7.49,37.5,65.84,40.26,Partially Irrigated,1937.4,19809.89
Yavatmal,2022,Bajra,Zaid,23.12,35.2,390.4,48.0,Clayey,6.42,50.62,32.21,31.05,Rainfed,1017.37,23523.21
Yavatmal,2022,Bajra,Kharif,29.26,28.4,519.7,41.7,Red,7.63,68.02,36.2,20.98,Irrigated,1790.64,52399.09
Yavatmal,2022,Bajra,Kharif,30.97,33.4,544.9,52.3,Sandy,7.76,63.78,36.63,38.31,Irrigated,2061.52,63848.51
Yavatmal,2022,Bajra,Rabi,25.57,28.6,434.2,70.3,Black,8.31,38.23,45.71,20.7,Irrigated,1449.87,37077.84
Yavatmal,2022,Cotton,Zaid,42.14,27.7,721.1,49.7,Red,7.02,91.12,44.68,35.64,Partially Irrigated,1890.06,79648.54
Yavatmal,2022,Groundnut,Zaid,35.46,28.6,753.1,86.9,Sandy,6.6,31.69,56.79,80.53,Rainfed,1778.26,63060.65
Yavatmal,2022,Groundnut,Rabi,1.83,35.1,515.7,50.9,Red,6.3,31.9,78.99,58.73,Rainfed,1590.29,2912.62
Yavatmal,2022,Groundnut,Kharif,27.06,29.7,393.1,67.9,Sandy,6.75,17.77,58.57,81.65,Partially Irrigated,1448.23,39195.23
Yavatmal,2022,Groundnut,Zaid,25.85,33.2,505.1,82.7,Laterite,7.01,33.13,46.42,36.22,Irrigated,1738.48,44941.56
Yavatmal,2022,Groundnut,Rabi,16.66,19.7,742.3,80.7,Red,6.44,35.02,45.68,54.49,Rainfed,1504.76,25072.99
Yavatmal,2022,Groundnut,Rabi,37.24,27.9,464.2,82.7,Clayey,6.18,22.6,67.48,84.43,Irrigated,2104.18,78357.23
Yavatmal,2022,Jowar,Kharif,20.05,31.6,432.7,57.8,Laterite,7.17,28.27,43.89,26.53,Irrigated,1601.61,32104.54
Yavatmal,2022,Jowar,Rabi,24.33,26.4,611.6,80.8,Loamy,7.21,84.16,8.69,24.1,Rainfed,1531.23,37261.41
Yavatmal,2022,Jowar,Kharif,33.8,31.4,620.0,50.3,Laterite,7.06,41.84,15.73,32.85,Partially Irrigated,1470.62,49700.23
Yavatmal,2022,Jowar,Rabi,12.92,32.0,695.5,71.2,Black,7.79,68.22,42.01,33.83,Partially Irrigated,2304.26,29767.98
Yavatmal,2022,Jowar,Kharif,25.19,24.9,573.0,69.6,Laterite,7.28,45.5,50.97,16.14,Partially Irrigated,1809.95,45590.58
Yavatmal,2022,Maize,Kharif,15.03,28.0,558.2,53.9,Red,7.02,115.26,59.49,59.84,Partially Irrigated,3573.79,53699.64
Yavatmal,2022,Maize,Kharif,44.4,25.5,459.4,42.3,Laterite,6.07,165.03,29.52,63.31,Rainfed,3979.13,176665.61
Yavatmal,2022,Maize,Rabi,46.32,23.6,873.2,89.7,Red,6.55,68.32,46.57,31.34,Rainfed,2377.67,110124.5
Yavatmal,2022,Rice,Rabi,5.9,26.1,1762.0,72.7,Loamy,5.11,93.6,57.03,52.28,Rainfed,2909.78,17158.73
Yavatmal,2022,Rice,Rabi,17.62,30.0,1464.6,61.2,Loamy,6.08,40.11,16.5,67.3,Irrigated,3636.47,64079.88
Yavatmal,2022,Rice,Kharif,6.42,35.6,2206.1,58.5,Sandy,5.76,55.6,41.53,67.57,Partially Irrigated,3006.69,19292.27
Yavatmal,2022,Rice,Rabi,41.56,29.2,1189.7,55.2,Sandy,6.23,121.4,72.64,68.46,Partially Irrigated,4559.91,189496.12
Yavatmal,2022,Rice,Kharif,26.78,22.9,1158.3,70.9,Loamy,6.11,142.58,82.74,48.55,Rainfed,3648.71,97694.68
Yavatmal,2022,Soybean,Kharif,43.38,19.5,876.0,68.9,Clayey,5.93,29.1,74.84,75.22,Irrigated,2312.92,100332.61
Yavatmal,2022,Soybean,Zaid,16.33,23.4,469.6,67.7,Loamy,6.57,30.8,51.06,46.98,Irrigated,2236.47,36520.87
Yavatmal,2022,Soybean,Rabi,46.8,32.2,339.9,50.4,Sandy,6.72,36.61,88.36,44.91,Partially Irrigated,2298.81,107591.0
Yavatmal,2022,Soybean,Rabi,13.02,18.6,529.2,75.3,Loamy,7.13,24.78,24.86,72.59,Partially Irrigated,1716.0,22345.96
Yavatmal,2022,Soybean,Kharif,41.07,18.5,596.8,65.9,Black,6.6,40.9,71.04,54.22,Irrigated,3065.77,125922.66
Yavatmal,2022,Sugarcane,Kharif,31.03,30.5,2984.9,63.8,Loamy,7.15,320.38,109.7,147.35,Partially Irrigated,75826.03,2352875.19
Yavatmal,2022,Sugarcane,Zaid,42.91,32.4,2004.0,46.8,Laterite,6.72,225.65,78.66,118.39,Rainfed,63344.33,2717817.91
Yavatmal,2022,Sugarcane,Zaid,37.06,27.1,2097.4,43.3,Red,6.43,93.92,100.99,61.06,Rainfed,37302.17,1382351.97
Yavatmal,2022,Sugarcane,Zaid,1.77,28.9,1966.5,56.5,Loamy,6.05,158.19,59.32,73.67,Partially Irrigated,46688.08,82715.04
Yavatmal,2022,Sunflower,Zaid,10.17,21.9,274.4,65.4,Red,6.52,72.64,27.14,61.97,Irrigated,1260.83,12816.49
Yavatmal,2022,Sunflower,Zaid,34.79,27.9,713.6,88.6,Red,5.91,38.87,51.23,63.12,Irrigated,1139.86,39657.73
Yavatmal,2022,Sunflower,Kharif,22.48,26.5,649.6,68.6,Clayey,7.24,94.88,55.2,59.51,Rainfed,1122.06,25222.76
Yavatmal,2022,Sunflower,Zaid,30.88,32.3,589.9,57.2,Black,6.29,102.62,56.41,67.64,Rainfed,1363.57,42112.13
Yavatmal,2022,Wheat,Zaid,41.68,26.6,411.5,50.2,Laterite,7.05,113.39,65.87,31.23,Rainfed,1894.21,78951.97
Yavatmal,2022,Wheat,Zaid,47.55,17.7,592.0,48.1,Laterite,7.15,125.12,72.5,41.91,Rainfed,2557.87,121621.97
Yavatmal,2022,Wheat,Rabi,21.37,13.9,798.0,47.6,Red,7.71,113.44,59.43,71.48,Irrigated,2735.68,58463.35
Yavatmal,2022,Wheat,Kharif,31.34,24.3,464.2,63.7,Loamy,6.3,57.02,59.48,58.81,Partially Irrigated,2405.74,75396.25
Yavatmal,2022,Wheat,Zaid,31.17,20.7,467.1,67.9,Loamy,7.23,108.16,70.63,67.4,Irrigated,4939.49,153970.84
Yavatmal,2022,Wheat,Rabi,12.14,16.6,574.2,51.7,Red,6.52,105.43,70.08,31.22,Partially Irrigated,2712.05,32935.27
Ahmednagar,2023,Bajra,Kharif,39.74,33.1,392.7,72.2,Sandy,6.55,26.33,53.22,39.25,Rainfed,1602.48,63681.9
Ahmednagar,2023,Bajra,Kharif,41.27,27.5,235.1,78.6,Loamy,6.51,77.38,21.5,21.87,Irrigated,1496.62,61768.2
Ahmednagar,2023,Bajra,Kharif,26.72,31.1,403.0,45.3,Clayey,6.59,41.11,23.28,19.65,Irrigated,1378.36,36833.06
Ahmednagar,2023,Bajra,Zaid,29.38,27.2,316.7,55.6,Loamy,6.68,30.47,55.22,34.69,Irrigated,1825.84,53637.23
Ahmednagar,2023,Bajra,Zaid,13.12,26.6,441.6,62.7,Black,7.82,96.5,19.21,18.81,Irrigated,1796.05,23563.99
Ahmednagar,2023,Bajra,Kharif,22.34,32.6,438.3,53.1,Loamy,6.96,65.88,47.44,16.46,Rainfed,1414.65,31601.43
Ahmednagar,2023,Cotton,Kharif,14.0,32.2,615.5,70.9,Clayey,6.36,95.03,31.21,31.58,Rainfed,1234.2,17283.77
Ahmednagar,2023,Cotton,Zaid,27.85,37.4,1038.1,42.6,Black,7.43,45.45,63.97,54.15,Rainfed,1674.04,46614.85
Ahmednagar,2023,Cotton,Kharif,25.91,25.0,752.4,48.7,Red,6.31,117.22,59.18,19.98,Rainfed,1941.47,50297.83
Ahmednagar,2023,Cotton,Kharif,49.6,30.9,1003.3,61.1,Black,7.07,60.91,35.47,10.59,Partially Irrigated,1369.33,67918.84
Ahmednagar,2023,Cotton,Kharif,31.92,36.8,649.7,64.6,Red,6.59,69.38,54.53,22.89,Rainfed,1361.85,43471.36
Ahmednagar,2023,Cotton,Kharif,1.02,30.4,584.9,45.5,Loamy,7.41,45.0,28.37,22.95,Partially Irrigated,1140.71,1162.83
Ahmednagar,2023,Cotton,Rabi,47.22,26.0,754.8,42.1,Loamy,7.36,72.38,44.39,34.62,Irrigated,2004.77,94673.79
Ahmednagar,2023,Cotton,Rabi,28.18,28.9,777.0,51.5,Sandy,7.5,56.4,45.94,41.14,Partially Irrigated,1844.82,51989.71
Ahmednagar,2023,Groundnut,Rabi,14.36,22.1,522.4,40.2,Laterite,6.42,23.32,72.46,65.08,Irrigated,1911.63,27454.64
Ahmednagar,2023,Groundnut,Zaid,40.81,30.7,527.6,77.1,Sandy,6.69,27.87,46.64,27.73,Irrigated,1838.53,75028.55
Ahmednagar,2023,Groundnut,Kharif,1.75,29.0,753.3,88.5,Loamy,6.62,37.97,65.43,70.16,Partially Irrigated,2002.88,3506.37
Ahmednagar,2023,Jowar,Rabi,20.29,24.2,764.6,77.1,Clayey,6.88,25.98,34.54,20.64,Rainfed,839.4,17034.85
Ahmednagar,2023,Jowar,Kharif,45.82,30.3,621.4,57.5,Laterite,8.44,69.37,43.11,25.71,Partially Irrigated,1877.11,86013.42
Ahmednagar,2023,Maize,Kharif,34.01,27.2,500.7,51.5,Red,6.56,152.34,45.78,56.37,Partially Irrigated,4046.77,137625.21
Ahmednagar,2023,Maize,Kharif,22.66,34.0,792.9,73.3,Clayey,6.84,104.63,34.7,79.26,Partially Irrigated,3308.1,74972.17
Ahmednagar,2023,Maize,Kharif,11.24,24.3,515.8,57.6,Laterite,7.32,107.4,53.19,45.76,Rainfed,2597.02,29182.97
Ahmednagar,2023,Maize,Zaid,23.9,29.3,580.5,48.7,Clayey,6.79,109.92,36.58,40.5,Rainfed,2656.55,63500.77
Ahmednagar,2023,Rice,Zaid,19.59,27.9,2083.5,75.2,Red,5.83,82.04,63.17,37.5,Rainfed,2813.86,55111.17
Ahmednagar,2023,Rice,Kharif,32.92,19.2,1048.1,58.3,Loamy,6.02,92.79,36.59,32.62,Irrigated,3180.26,104683.2
Ahmednagar,2023,Rice,Zaid,40.58,30.6,1324.8,70.4,Loamy,6.81,48.18,70.26,64.26,Partially Irrigated,4320.24,175304.95
Ahmednagar,2023,Rice,Zaid,43.1,31.0,1971.2,47.9,Clayey,5.96,68.63,75.75,35.51,Partially Irrigated,3393.24,146238.73
Ahmednagar,2023,Rice,Rabi,28.83,22.7,1935.7,64.4,Red,6.49,110.14,47.05,41.86,Rainfed,3189.28,91945.13
Ahmednagar,2023,Rice,Zaid,8.9,30.5,1957.5,76.2,Sandy,6.26,75.84,57.44,61.88,Rainfed,3583.38,31874.37
Ahmednagar,2023,Rice,Kharif,1.94,32.3,2067.2,42.2,Laterite,6.45,80.08,33.51,31.18,Partially Irrigated,2388.97,4628.85
Ahmednagar,2023,Soybean,Kharif,20.25,30.2,635.7,46.7,Laterite,6.77,43.44,61.79,72.19,Irrigated,3501.42,70887.27
Ahmednagar,2023,Soybean,Zaid,43.06,19.1,435.3,78.7,Clayey,6.65,38.16,66.15,60.06,Partially Irrigated,2043.0,87968.5
Ahmednagar,2023,Soybean,Zaid,2.21,25.8,579.0,79.6,Laterite,6.29,40.61,82.7,27.62,Partially Irrigated,2872.26,6346.12
Ahmednagar,2023,Soybean,Kharif,23.51,22.1,786.5,45.0,Clayey,5.95,26.89,37.43,37.46,Rainfed,1274.18,29958.99
Ahmednagar,2023,Soybean,Rabi,33.38,27.7,340.4,84.5,Loamy,7.81,29.06,32.32,53.89,Irrigated,1977.01,66000.28
Ahmednagar,2023,Soybean,Rabi,43.02,22.6,620.5,86.9,Laterite,6.13,32.93,68.73,67.09,Rainfed,2042.79,87881.89
Ahmednagar,2023,Soybean,Rabi,2.69,19.7,322.7,72.3,Loamy,7.2,50.21,47.97,28.55,Rainfed,1374.19,3703.28
Ahmednagar,2023,Sugarcane,Kharif,29.72,29.2,2426.9,88.9,Clayey,7.39,157.94,64.54,90.45,Partially Irrigated,61615.85,1830967.97
Ahmednagar,2023,Sugarcane,Zaid,33.31,30.7,860.4,86.7,Sandy,6.77,305.82,97.1,104.67,Irrigated,79914.29,2662122.69
Ahmednagar,2023,Sugarcane,Rabi,9.42,30.1,2610.5,45.5,Sandy,6.66,158.79,80.42,127.04,Rainfed,46310.82,436042.31
Ahmednagar,2023,Sunflower,Zaid,42.11,23.3,574.5,41.9,Laterite,6.93,34.87,64.5,42.34,Irrigated,1233.38,51934.7
Ahmednagar,2023,Sunflower,Zaid,40.54,18.8,433.1,45.9,Laterite,7.12,45.93,37.4,38.93,Irrigated,863.95,35027.48
Ahmednagar,2023,Wheat,Kharif,11.85,14.9,564.9,48.4,Laterite,6.49,123.46,56.05,35.21,Irrigated,2757.11,32683.78
Akola,2023,Bajra,Zaid,19.01,30.4,386.5,49.1,Red,8.21,72.45,45.26,16.19,Rainfed,1694.76,32215.37
Akola,2023,Bajra,Rabi,29.12,30.2,394.4,80.3,Sandy,7.51,54.64,39.06,29.56,Partially Irrigated,1588.0,46241.95
Akola,2023,Cotton,Rabi,48.51,27.1,909.5,43.2,Red,6.07,104.43,50.13,32.6,Rainfed,1610.94,78144.02
Akola,2023,Cotton,Rabi,28.75,29.3,800.8,67.1,Laterite,7.28,96.32,38.3,40.52,Rainfed,2008.49,57742.04
Akola,2023,Groundnut,Kharif,11.49,22.1,578.1,67.4,Clayey,6.72,23.25,2.88,86.67,Rainfed,1167.66,13414.74
Akola,2023,Groundnut,Kharif,32.58,30.0,375.4,76.6,Red,6.56,20.75,61.11,62.39,Partially Irrigated,1697.13,55294.79
Akola,2023,Jowar,Kharif,7.09,29.2,573.3,41.3,Red,6.68,95.48,46.46,22.76,Rainfed,2068.64,14668.96
Akola,2023,Jowar,Zaid,13.15,27.8,580.0,88.0,Laterite,6.78,68.46,38.66,29.34,Partially Irrigated,1880.74,24724.97
Akola,2023,Jowar,Rabi,30.44,25.3,665.4,48.1,Laterite,7.17,57.04,30.41,27.39,Partially Irrigated,1379.76,42002.91
Akola,2023,Jowar,Rabi,46.83,27.6,701.1,70.4,Black,7.37,63.71,57.16,23.39,Rainfed,1624.08,76047.47
Akola,2023,Maize,Zaid,31.66,18.3,816.1,56.4,Black,6.56,131.81,54.9,24.16,Irrigated,3468.56,109828.2
Akola,2023,Maize,Kharif,45.21,22.6,686.8,59.0,Red,5.41,89.67,52.02,34.99,Partially Irrigated,2771.33,125281.78
Akola,2023,Maize,Rabi,31.23,22.7,675.8,56.4,Loamy,6.93,65.6,37.44,60.17,Rainfed,3201.23,99973.08
Akola,2023,Soybean,Zaid,7.33,28.1,762.7,55.8,Black,5.86,35.03,89.3,48.1,Irrigated,2405.99,17624.45
Akola,2023,Soybean,Zaid,3.92,26.4,548.6,57.7,Red,6.76,15.68,51.81,57.61,Rainfed,1393.18,5455.85
Akola,2023,Soybean,Rabi,36.63,28.2,469.0,43.3,Clayey,6.25,19.92,89.05,52.04,Irrigated,2121.14,77700.39
Akola,2023,Soybean,Zaid,17.01,25.0,744.8,57.7,Loamy,5.95,31.19,102.57,61.54,Partially Irrigated,2888.3,49115.73
Akola,2023,Soybean,Zaid,46.67,22.3,610.6,65.0,Loamy,6.32,38.61,60.79,81.29,Rainfed,2711.19,126543.55
Akola,2023,Sugarcane,Kharif,25.2,28.1,1443.8,77.2,Black,6.27,266.3,95.22,191.83,Irrigated,105399.24,2656144.38
Akola,2023,Sugarcane,Kharif,22.55,24.9,2001.1,87.4,Sandy,6.42,163.2,77.39,72.09,Irrigated,58731.44,1324174.87
Akola,2023,Sugarcane,Rabi,49.97,32.1,2610.0,45.8,Laterite,6.09,156.54,75.82,134.32,Partially Irrigated,58194.89,2907988.64
Akola,2023,Sunflower,Kharif,9.56,23.0,754.4,58.5,Clayey,6.65,77.35,20.49,53.05,Partially Irrigated,1003.76,9593.18
Akola,2023,Sunflower,Rabi,44.64,29.2,426.8,84.6,Clayey,7.24,130.32,35.88,57.2,Partially Irrigated,1342.08,59912.24
Akola,2023,Wheat,Zaid,42.31,16.9,638.6,57.1,Sandy,6.79,141.3,48.51,62.25,Irrigated,3527.09,149216.0
Akola,2023,Wheat,Rabi,40.87,17.5,501.5,61.5,Loamy,7.4,92.87,76.34,47.75,Rainfed,2512.15,102668.57
Akola,2023,Wheat,Kharif,47.15,19.1,456.1,75.2,Red,5.65,139.8,91.01,57.33,Irrigated,4222.64,199094.42
Amravati,2023,Bajra,Kharif,40.04,35.1,337.9,49.4,Sandy,6.84,73.96,36.43,26.97,Rainfed,1278.55,51187.61
Amravati,2023,Bajra,Zaid,48.15,24.6,414.1,71.3,Black,6.87,66.76,15.19,28.1,Partially Irrigated,1406.42,67722.97
Amravati,2023,Bajra,Rabi,25.57,29.0,554.7,81.6,Laterite,6.76,69.38,38.17,32.25,Partially Irrigated,1556.45,39795.35
Amravati,2023,Bajra,Kharif,21.21,37.0,314.6,45.2,Loamy,6.89,98.09,47.66,23.96,Partially Irrigated,1708.86,36236.91
Amravati,2023,Bajra,Rabi,38.38,35.0,474.2,42.7,Loamy,7.1,64.77,25.96,27.95,Irrigated,1619.11,62138.61
Amravati,2023,Cotton,Zaid,26.15,30.1,694.7,69.7,Red,7.63,63.58,40.26,54.74,Partially Irrigated,1875.39,49048.17
Amravati,2023,Cotton,Rabi,12.06,29.1,740.5,48.5,Black,5.78,77.65,38.32,45.86,Irrigated,2292.71,27656.56
Amravati,2023,Cotton,Rabi,25.7,32.2,755.4,40.1,Clayey,7.2,88.14,43.48,41.37,Irrigated,2140.87,55015.12
Amravati,2023,Cotton,Zaid,37.38,29.4,490.8,80.8,Red,7.02,86.86,63.55,27.88,Rainfed,1586.88,59324.66
Amravati,2023,Groundnut,Zaid,21.83,32.4,530.5,77.3,Black,6.39,37.35,64.18,73.25,Rainfed,1990.87,43458.54
Amravati,2023,Groundnut,Kharif,12.34,29.3,590.9,71.1,Sandy,6.49,32.32,12.7,103.59,Irrigated,2556.99,31557.6
Amravati,2023,Groundnut,Rabi,19.1,35.6,763.8,51.1,Black,7.03,26.91,37.08,88.66,Rainfed,1246.93,23811.42
Amravati,2023,Jowar,Rabi,7.8,29.0,464.0,58.3,Red,7.7,36.05,32.73,37.51,Partially Irrigated,1876.89,14647.76
Amravati,2023,Jowar,Zaid,5.42,26.7,615.3,71.9,Clayey,7.72,31.11,45.65,36.77,Partially Irrigated,1925.01,10441.1
Amravati,2023,Jowar,Zaid,5.88,32.1,601.5,42.9,Red,7.27,71.21,23.76,34.38,Partially Irrigated,1810.23,10640.42
Amravati,2023,Maize,Zaid,4.92,30.2,534.1,58.8,Black,5.22,88.44,30.6,70.3,Rainfed,2907.39,14292.27
Amravati,2023,Maize,Zaid,45.0,19.3,574.7,65.4,Red,6.32,103.76,64.44,61.95,Rainfed,3005.54,135258.42
Amravati,2023,Maize,Kharif,18.34,24.0,465.9,70.7,Clayey,6.13,184.32,60.06,10.5,Partially Irrigated,3560.15,65293.82
Amravati,2023,Rice,Zaid,42.29,31.6,1251.1,84.6,Sandy,6.68,95.88,55.86,48.45,Irrigated,4044.11,171036.9
Amravati,2023,Rice,Rabi,12.67,19.5,1791.2,81.9,Clayey,6.01,100.88,41.38,76.92,Partially Irrigated,3965.75,50250.44
Amravati,2023,Rice,Rabi,5.88,29.6,1705.7,62.4,Loamy,6.27,70.21,56.47,13.3,Irrigated,3371.24,19811.43
Amravati,2023,Rice,Rabi,9.06,26.9,2040.7,80.2,Loamy,6.82,111.53,36.31,50.13,Irrigated,4437.93,40206.48
Amravati,2023,Soybean,Rabi,42.46,16.1,373.8,47.8,Sandy,7.11,8.47,69.03,44.1,Partially Irrigated,1254.86,53285.88
Amravati,2023,Soybean,Rabi,2.26,17.1,505.0,89.4,Sandy,6.59,31.74,99.32,50.08,Rainfed,1813.88,4103.11
Amravati,2023,Sugarcane,Rabi,10.51,32.9,2031.0,81.7,Clayey,6.51,250.51,54.77,24.05,Partially Irrigated,50286.29,528625.02
Amravati,2023,Sugarcane,Zaid,25.01,33.0,1422.6,51.7,Black,5.92,271.68,100.08,68.01,Irrigated,95742.17,2394693.89
Amravati,2023,Sunflower,Kharif,39.39,21.1,523.6,60.9,Clayey,6.63,76.72,64.75,51.6,Partially Irrigated,1537.51,60568.94
Amravati,2023,Sunflower,Zaid,36.61,22.7,394.5,70.9,Red,7.07,101.5,44.55,47.65,Partially Irrigated,1364.35,49942.49
Amravati,2023,Sunflower,Zaid,44.14,31.3,554.3,42.3,Laterite,6.87,61.29,35.05,59.42,Partially Irrigated,990.57,43724.3
Amravati,2023,Sunflower,Rabi,8.77,19.5,450.2,57.4,Clayey,6.1,78.05,42.61,68.07,Irrigated,1761.99,15446.53
Amravati,2023,Sunflower,Zaid,47.63,31.6,577.8,63.4,Loamy,6.82,99.34,28.35,31.75,Rainfed,1003.04,47771.46
Amravati,2023,Sunflower,Zaid,34.21,33.4,314.1,55.8,Clayey,6.54,55.79,47.0,53.1,Rainfed,780.99,26713.95
Amravati,2023,Sunflower,Rabi,48.92,28.3,454.4,59.8,Sandy,6.33,50.68,55.68,38.19,Irrigated,1302.28,63706.57
Amravati,2023,Wheat,Kharif,5.63,17.9,411.4,66.9,Loamy,6.79,155.91,42.94,70.53,Irrigated,4798.62,27010.68
Aurangabad,2023,Bajra,Rabi,8.01,28.3,540.7,72.9,Black,6.71,106.09,61.01,29.72,Partially Irrigated,1789.9,14338.9
Aurangabad,2023,Bajra,Kharif,6.63,29.5,498.8,72.3,Red,7.93,84.09,40.23,38.39,Irrigated,2656.98,17606.78
Aurangabad,2023,Bajra,Zaid,27.28,28.3,300.1,56.7,Clayey,7.86,46.93,34.08,30.81,Rainfed,1225.38,33428.69
Aurangabad,2023,Bajra,Rabi,48.8,29.2,499.4,51.3,Black,7.71,75.51,47.96,29.63,Rainfed,1495.31,72972.13
Aurangabad,2023,Bajra,Zaid,32.18,27.1,403.0,51.6,Loamy,6.76,60.84,44.3,16.58,Irrigated,1747.81,56252.85
Aurangabad,2023,Cotton,Zaid,23.71,29.5,997.6,67.8,Clayey,6.52,24.45,63.92,28.66,Rainfed,1197.75,28403.54
Aurangabad,2023,Cotton,Zaid,23.0,29.4,803.5,59.8,Sandy,7.06,71.8,54.91,46.89,Rainfed,1906.28,43838.07
Aurangabad,2023,Cotton,Rabi,10.25,26.7,1130.5,49.4,Black,7.15,33.6,55.57,52.75,Rainfed,1478.17,15154.76
Aurangabad,2023,Groundnut,Rabi,1.29,31.9,671.2,57.8,Sandy,6.41,21.65,41.9,76.56,Irrigated,1856.25,2395.46
Aurangabad,2023,Groundnut,Kharif,27.05,26.3,423.3,67.5,Clayey,6.98,44.42,27.73,55.92,Irrigated,1795.86,48575.29
Aurangabad,2023,Groundnut,Rabi,24.17,35.5,755.0,55.8,Clayey,6.46,13.24,47.93,41.55,Rainfed,921.32,22264.8
Aurangabad,2023,Groundnut,Kharif,41.9,28.9,625.4,88.1,Black,6.14,16.75,61.9,85.22,Rainfed,1756.0,73571.54
Aurangabad,2023,Groundnut,Zaid,29.1,30.6,746.7,60.9,Clayey,6.59,26.27,18.68,72.89,Irrigated,1482.33,43136.26
Aurangabad,2023,Groundnut,Kharif,37.61,27.9,728.0,79.7,Red,5.98,38.78,57.02,56.48,Irrigated,2420.02,91024.22
Aurangabad,2023,Groundnut,Kharif,47.62,28.1,439.0,49.3,Red,6.66,42.97,55.59,63.64,Rainfed,2068.83,98520.54
Aurangabad,2023,Groundnut,Zaid,22.52,31.1,687.5,77.9,Sandy,5.65,28.28,60.08,69.3,Irrigated,2578.55,58072.36
Aurangabad,2023,Groundnut,Zaid,33.6,32.1,735.2,79.6,Clayey,6.57,14.01,68.78,90.81,Irrigated,1827.78,61411.17
Aurangabad,2023,Jowar,Zaid,24.26,31.5,428.6,85.0,Clayey,6.68,70.55,42.37,23.05,Irrigated,2053.92,49830.72
Aurangabad,2023,Jowar,Zaid,12.05,30.3,350.3,79.0,Loamy,6.26,66.61,41.29,26.22,Partially Irrigated,1640.31,19769.23
Aurangabad,2023,Jowar,Rabi,18.4,32.9,498.4,78.8,Clayey,7.84,56.51,44.9,22.25,Partially Irrigated,1685.43,31011.37
Aurangabad,2023,Jowar,Kharif,8.95,28.4,318.1,51.9,Red,6.4,62.52,30.89,29.55,Rainfed,1500.94,13438.93
Aurangabad,2023,Jowar,Kharif,26.28,36.1,546.7,42.6,Red,6.2,67.23,48.9,23.99,Rainfed,1423.25,37409.24
Aurangabad,2023,Jowar,Kharif,25.2,29.4,556.0,49.8,Clayey,5.76,81.98,13.45,18.75,Irrigated,1771.64,44649.91
Aurangabad,2023,Maize,Rabi,18.72,31.5,892.0,68.0,Red,6.63,117.97,65.56,45.87,Irrigated,3647.31,68279.82
Aurangabad,2023,Maize,Kharif,35.55,17.5,566.3,88.1,Loamy,6.53,79.59,35.09,44.4,Rainfed,2569.08,91340.12
Aurangabad,2023,Maize,Rabi,47.95,23.1,605.1,84.0,Sandy,5.6,67.99,54.8,62.05,Partially Irrigated,3520.17,168788.57
Aurangabad,2023,Maize,Rabi,40.51,25.7,537.7,68.8,Laterite,6.15,131.39,30.11,30.1,Rainfed,2450.43,99266.75
Aurangabad,2023,Rice,Zaid,18.06,31.5,993.2,88.7,Loamy,6.34,107.32,46.65,72.35,Partially Irrigated,3986.51,71983.14
Aurangabad,2023,Rice,Kharif,7.83,25.3,1509.0,44.0,Sandy,6.85,133.07,32.84,40.43,Rainfed,3781.74,29595.24
Aurangabad,2023,Rice,Kharif,19.23,22.3,1012.1,50.0,Laterite,7.01,134.51,56.4,61.84,Rainfed,3929.4,75543.01
Aurangabad,2023,Rice,Kharif,35.46,30.6,1920.9,44.9,Black,7.3,85.51,60.89,33.58,Partially Irrigated,3918.41,138950.59
Aurangabad,2023,Rice,Rabi,14.97,31.1,1414.5,44.8,Black,6.35,84.72,33.46,43.04,Partially Irrigated,3804.76,56943.77
Aurangabad,2023,Rice,Zaid,22.86,25.4,1729.8,80.4,Laterite,6.17,106.2,50.12,53.52,Partially Irrigated,4303.05,98354.84
Aurangabad,2023,Soybean,Kharif,22.09,21.4,670.0,63.8,Clayey,6.97,36.54,54.98,41.51,Rainfed,1640.18,36237.83
Aurangabad,2023,Sugarcane,Kharif,37.94,29.0,2877.4,82.1,Laterite,7.02,316.4,60.6,58.48,Rainfed,56598.17,2147391.34
Aurangabad,2023,Wheat,Zaid,42.67,22.2,649.8,71.7,Loamy,7.26,147.14,37.36,67.8,Irrigated,4057.25,173131.73
Aurangabad,2023,Wheat,Rabi,30.32,17.7,779.8,49.6,Laterite,6.87,103.38,40.54,39.03,Partially Irrigated,2022.23,61322.11
Aurangabad,2023,Wheat,Rabi,25.86,26.9,552.6,48.9,Black,6.98,195.37,84.86,32.09,Partially Irrigated,3220.93,83298.78
Aurangabad,2023,Wheat,Zaid,5.51,22.1,535.5,72.1,Black,7.04,104.26,70.43,53.14,Rainfed,2538.36,13979.44
Aurangabad,2023,Wheat,Rabi,13.06,15.3,484.4,62.5,Sandy,7.61,70.34,87.2,19.92,Partially Irrigated,2242.95,29294.2
Dhule,2023,Bajra,Kharif,40.96,34.1,554.8,78.6,Black,7.15,48.78,21.9,39.9,Partially Irrigated,1168.69,47866.55
Dhule,2023,Bajra,Rabi,47.86,33.7,652.3,82.4,Clayey,6.72,67.59,53.52,21.95,Rainfed,1322.57,63303.5
Dhule,2023,Bajra,Kharif,30.16,22.9,530.0,65.0,Black,7.21,50.47,47.87,26.28,Partially Irrigated,1349.14,40694.44
Dhule,2023,Bajra,Rabi,47.31,32.0,401.9,44.5,Black,7.9,108.32,32.52,49.86,Rainfed,1916.68,90674.68
Dhule,2023,Cotton,Kharif,35.93,30.7,808.1,49.5,Red,7.41,77.6,39.88,50.38,Irrigated,2200.03,79045.14
Dhule,2023,Cotton,Zaid,13.1,28.4,1002.9,69.1,Laterite,8.22,58.73,57.16,39.17,Irrigated,2100.29,27506.69
Dhule,2023,Cotton,Kharif,49.27,30.2,1139.0,60.6,Red,7.44,106.79,54.6,51.11,Partially Irrigated,2346.08,115581.21
Dhule,2023,Cotton,Kharif,24.33,31.0,1002.3,52.0,Sandy,6.44,66.26,18.2,30.3,Partially Irrigated,1210.57,29454.89
Dhule,2023,Cotton,Kharif,49.2,31.6,473.1,84.4,Sandy,6.81,83.26,35.05,47.66,Rainfed,1255.55,61770.7
Dhule,2023,Groundnut,Zaid,17.84,21.5,398.3,50.0,Laterite,6.47,32.09,60.57,64.87,Partially Irrigated,1859.41,33173.01
Dhule,2023,Groundnut,Rabi,15.79,32.3,730.1,80.9,Sandy,6.15,39.91,56.21,56.33,Rainfed,1691.7,26705.47
Dhule,2023,Jowar,Zaid,21.11,30.1,489.4,83.3,Sandy,6.71,73.6,46.01,21.2,Partially Irrigated,2478.21,52313.64
Dhule,2023,Jowar,Rabi,1.87,28.0,426.1,56.8,Black,7.28,99.1,31.47,51.92,Irrigated,3392.21,6332.94
Dhule,2023,Jowar,Zaid,39.74,28.1,490.7,40.4,Black,7.47,49.7,45.5,33.03,Rainfed,2248.07,89346.26
Dhule,2023,Jowar,Rabi,22.04,27.3,366.3,56.1,Sandy,6.84,55.44,51.0,37.4,Rainfed,1698.42,37441.05
Dhule,2023,Jowar,Kharif,10.65,24.9,520.1,80.6,Sandy,7.09,84.84,40.88,19.81,Irrigated,2282.51,24308.24
Dhule,2023,Maize,Zaid,24.72,26.8,617.6,54.1,Sandy,6.01,76.76,44.35,35.29,Partially Irrigated,3056.62,75555.35
Dhule,2023,Maize,Zaid,26.21,19.5,441.4,50.5,Black,6.39,128.43,56.75,73.09,Irrigated,5151.27,134992.33
Dhule,2023,Maize,Zaid,35.25,14.8,522.1,73.6,Black,6.75,92.14,76.9,32.2,Irrigated,4075.38,143670.77
Dhule,2023,Rice,Zaid,14.19,27.3,1563.1,48.9,Red,5.85,40.59,51.95,39.24,Partially Irrigated,3159.58,44835.43
Dhule,2023,Rice,Zaid,3.2,28.4,1266.1,46.8,Clayey,5.65,99.37,40.86,46.01,Rainfed,3349.28,10733.36
Dhule,2023,Rice,Zaid,32.79,34.4,1717.1,61.5,Black,7.19,76.94,39.93,50.71,Irrigated,4521.34,148243.59
Dhule,2023,Rice,Zaid,18.29,32.9,1226.2,70.0,Sandy,7.32,133.53,57.81,54.62,Rainfed,3574.6,65373.74
Dhule,2023,Rice,Rabi,37.45,30.5,2157.1,71.9,Sandy,6.52,103.0,89.0,53.95,Irrigated,5236.44,196088.42
Dhule,2023,Rice,Kharif,41.25,30.3,1371.3,46.6,Sandy,6.1,93.28,21.39,79.9,Partially Irrigated,4144.67,170976.84
Dhule,2023,Rice,Kharif,16.68,30.6,1843.9,56.3,Red,6.38,120.81,56.28,48.67,Irrigated,4757.66,79338.53
Dhule,2023,Soybean,Zaid,12.95,25.1,570.3,63.4,Loamy,5.92,10.31,48.2,65.34,Partially Irrigated,1601.51,20736.82
Dhule,2023,Soybean,Zaid,21.37,22.9,704.0,87.2,Black,6.76,20.78,45.48,62.16,Partially Irrigated,1725.68,36873.17
Dhule,2023,Sugarcane,Kharif,4.02,33.9,1337.5,44.4,Laterite,7.27,86.87,73.84,75.18,Irrigated,51129.23,205712.43
Dhule,2023,Sunflower,Rabi,49.48,17.8,441.2,47.8,Loamy,6.51,55.42,62.73,71.6,Irrigated,1383.51,68457.63
Dhule,2023,Sunflower,Kharif,19.56,30.8,657.0,73.0,Sandy,6.84,77.82,41.74,31.2,Partially Irrigated,893.79,17485.81
Dhule,2023,Wheat,Rabi,2.2,21.9,294.8,71.6,Laterite,7.61,150.2,67.03,61.89,Rainfed,2329.91,5126.8
Dhule,2023,Wheat,Zaid,26.14,22.6,618.8,59.9,Black,6.81,118.47,66.7,50.62,Rainfed,2915.76,76224.89
Dhule,2023,Wheat,Rabi,34.34,21.3,498.8,48.0,Sandy,6.76,92.4,56.07,24.3,Rainfed,1874.97,64392.83
Jalgaon,2023,Bajra,Rabi,14.37,37.1,540.0,71.2,Sandy,6.64,75.43,59.75,15.31,Partially Irrigated,1486.96,21365.52
Jalgaon,2023,Bajra,Kharif,34.11,31.7,540.6,45.1,Sandy,6.73,68.3,43.83,17.12,Irrigated,1775.98,60570.67
Jalgaon,2023,Bajra,Rabi,10.37,25.6,308.9,72.4,Laterite,6.39,54.27,37.65,32.33,Rainfed,1005.3,10424.3
Jalgaon,2023,Bajra,Kharif,26.07,18.9,349.2,64.4,Red,7.77,36.22,23.3,19.73,Partially Irrigated,941.79,24556.84
Jalgaon,2023,Cotton,Kharif,43.68,34.7,661.6,68.1,Loamy,7.04,104.62,71.7,47.18,Rainfed,2033.19,88804.27
Jalgaon,2023,Cotton,Rabi,42.04,29.6,1004.1,50.4,Black,6.82,74.61,62.61,32.39,Rainfed,1696.83,71341.8
Jalgaon,2023,Cotton,Rabi,26.96,25.2,1066.8,89.7,Red,7.63,85.95,48.53,45.45,Irrigated,1906.16,51387.48
Jalgaon,2023,Cotton,Zaid,44.46,25.4,589.3,55.5,Loamy,7.64,88.05,40.87,33.95,Partially Irrigated,1547.8,68811.67
Jalgaon,2023,Cotton,Zaid,47.41,34.5,721.2,64.7,Laterite,6.93,111.65,45.43,38.85,Partially Irrigated,2025.09,96018.54
Jalgaon,2023,Cotton,Rabi,35.87,23.4,823.2,77.8,Red,7.18,99.3,25.9,45.93,Irrigated,2074.8,74430.33
Jalgaon,2023,Cotton,Rabi,44.67,32.0,1079.2,48.6,Red,7.68,105.59,25.85,24.83,Partially Irrigated,1522.19,68001.94
Jalgaon,2023,Cotton,Rabi,28.81,34.8,1030.6,88.5,Sandy,7.13,75.58,38.88,50.74,Partially Irrigated,1932.42,55682.14
Jalgaon,2023,Groundnut,Kharif,35.67,27.7,584.0,88.1,Sandy,6.8,32.04,67.62,74.74,Rainfed,1829.71,65263.63
Jalgaon,2023,Groundnut,Rabi,42.57,28.9,803.2,89.7,Clayey,6.28,26.16,68.37,55.08,Rainfed,1254.3,53395.48
Jalgaon,2023,Groundnut,Zaid,9.1,29.8,776.1,48.3,Laterite,6.16,25.89,22.78,57.7,Irrigated,1336.79,12166.33
Jalgaon,2023,Jowar,Kharif,29.17,27.4,340.8,57.1,Red,7.36,59.16,20.67,39.45,Rainfed,1633.92,47653.9
Jalgaon,2023,Jowar,Zaid,28.38,24.3,514.7,62.0,Sandy,6.71,77.55,36.13,3.58,Irrigated,2180.96,61885.39
Jalgaon,2023,Jowar,Rabi,32.17,29.6,574.8,79.2,Laterite,7.38,66.91,48.6,23.12,Irrigated,2206.5,70974.96
Jalgaon,2023,Maize,Rabi,39.31,26.6,744.3,46.0,Laterite,5.09,125.06,63.44,42.4,Partially Irrigated,3831.1,150598.71
Jalgaon,2023,Maize,Rabi,43.31,28.3,468.2,70.4,Sandy,6.4,132.58,51.52,40.83,Partially Irrigated,4074.7,176493.16
Jalgaon,2023,Rice,Rabi,45.39,29.1,1814.0,50.7,Black,6.3,168.04,62.03,57.85,Irrigated,7351.49,333704.01
Jalgaon,2023,Rice,Rabi,44.73,32.3,1548.3,60.3,Laterite,6.52,113.86,83.84,33.04,Partially Irrigated,4675.79,209130.21
Jalgaon,2023,Rice,Kharif,41.22,25.4,1854.4,40.2,Clayey,6.34,108.25,54.83,40.59,Rainfed,3139.14,129409.32
Jalgaon,2023,Soybean,Rabi,12.14,32.5,635.3,65.8,Black,7.14,24.51,61.68,33.04,Irrigated,1786.24,21677.48
Jalgaon,2023,Soybean,Rabi,29.95,25.8,589.5,84.1,Clayey,7.27,30.77,106.59,80.82,Rainfed,2294.96,68732.6
Jalgaon,2023,Sugarcane,Zaid,49.08,23.6,2231.1,61.8,Black,6.39,209.42,83.91,101.24,Partially Irrigated,60748.45,2981293.61
Jalgaon,2023,Sugarcane,Kharif,31.24,26.3,2620.9,49.4,Red,6.86,100.03,88.07,47.15,Rainfed,34738.2,1085340.85
Jalgaon,2023,Sugarcane,Zaid,28.57,29.9,2969.5,64.2,Laterite,6.06,152.01,76.53,110.62,Partially Irrigated,43798.46,1251252.06
Jalgaon,2023,Sugarcane,Zaid,29.39,30.1,1627.2,61.2,Loamy,7.84,150.25,44.77,147.06,Irrigated,74470.77,2188690.32
Jalgaon,2023,Sugarcane,Zaid,10.01,24.9,1542.3,42.2,Red,6.87,190.24,72.84,109.24,Rainfed,46363.23,464322.02
Jalgaon,2023,Sunflower,Kharif,6.8,25.3,480.5,59.3,Sandy,6.07,65.71,37.25,61.2,Rainfed,1099.4,7471.55
Jalgaon,2023,Sunflower,Zaid,12.45,25.6,703.6,72.5,Black,7.44,53.53,66.94,60.73,Irrigated,1337.19,16646.83
Jalgaon,2023,Sunflower,Zaid,34.19,31.8,449.1,61.4,Sandy,7.72,58.98,61.08,57.12,Partially Irrigated,1285.62,43954.32
Jalgaon,2023,Wheat,Kharif,21.72,10.8,591.6,77.0,Sandy,7.09,152.79,44.22,59.91,Irrigated,3144.74,68305.56
Kolhapur,2023,Bajra,Zaid,44.88,26.4,341.9,85.5,Clayey,6.93,64.16,56.52,36.87,Irrigated,2449.83,109949.69
Kolhapur,2023,Bajra,Rabi,44.57,28.1,610.2,49.2,Loamy,7.28,72.54,35.01,38.35,Partially Irrigated,1604.68,71528.74
Kolhapur,2023,Bajra,Rabi,34.7,30.4,376.5,58.8,Sandy,6.94,55.43,41.02,32.5,Partially Irrigated,1985.89,68919.79
Kolhapur,2023,Bajra,Zaid,45.79,36.3,628.0,46.1,Red,7.63,65.82,61.71,23.67,Irrigated,1883.42,86234.85
Kolhapur,2023,Bajra,Rabi,10.8,33.6,382.2,77.1,Laterite,7.12,49.26,46.82,16.67,Partially Irrigated,1355.08,14631.82
Kolhapur,2023,Cotton,Zaid,46.86,26.7,1147.4,74.5,Black,6.36,58.51,23.96,56.04,Partially Irrigated,1347.33,63140.92
Kolhapur,2023,Cotton,Kharif,31.1,20.8,907.1,59.4,Black,6.44,84.15,27.96,14.4,Rainfed,1293.66,40235.68
Kolhapur,2023,Cotton,Zaid,26.98,32.7,1151.5,42.7,Laterite,7.99,99.49,56.07,49.97,Partially Irrigated,1959.49,52868.55
Kolhapur,2023,Cotton,Rabi,41.53,28.8,1033.1,71.3,Red,8.09,107.59,51.59,26.22,Rainfed,1672.12,69439.51
Kolhapur,2023,Cotton,Kharif,17.73,31.6,446.1,49.4,Sandy,7.08,74.43,56.06,48.27,Irrigated,2174.43,38547.66
Kolhapur,2023,Cotton,Rabi,47.88,30.1,846.5,75.0,Loamy,7.62,63.52,53.28,46.89,Rainfed,1725.55,82611.1
Kolhapur,2023,Groundnut,Kharif,16.91,34.9,491.3,80.3,Red,6.48,15.45,70.28,93.55,Irrigated,2165.05,36618.6
Kolhapur,2023,Jowar,Kharif,13.48,33.9,379.5,66.1,Loamy,7.64,71.77,48.1,28.81,Rainfed,1657.12,22342.48
Kolhapur,2023,Jowar,Zaid,45.19,27.5,518.8,85.7,Loamy,6.45,19.95,47.33,40.81,Rainfed,1553.68,70205.58
Kolhapur,2023,Maize,Rabi,14.5,18.4,987.8,76.8,Clayey,7.0,89.92,42.0,48.82,Partially Irrigated,2077.24,30128.05
Kolhapur,2023,Maize,Zaid,40.26,28.9,650.2,81.0,Black,6.68,93.53,40.42,49.57,Irrigated,3440.6,138507.17
Kolhapur,2023,Maize,Zaid,16.11,26.8,866.9,41.8,Sandy,6.52,73.41,61.28,52.95,Irrigated,3939.38,63446.58
Kolhapur,2023,Maize,Zaid,30.76,21.1,907.3,88.0,Clayey,5.93,91.68,46.46,50.32,Irrigated,3394.43,104417.67
Kolhapur,2023,Rice,Kharif,2.15,29.2,747.9,85.5,Sandy,6.34,74.97,24.23,53.54,Partially Irrigated,2977.63,6400.4
Kolhapur,2023,Rice,Rabi,18.13,31.6,1513.6,71.4,Clayey,5.9,70.84,55.93,52.39,Rainfed,3186.3,57769.95
Kolhapur,2023,Rice,Rabi,7.37,35.0,1941.8,40.3,Loamy,5.89,94.32,62.99,67.07,Rainfed,2870.67,21156.36
Kolhapur,2023,Rice,Rabi,47.5,19.3,1847.3,76.8,Red,6.04,70.33,38.84,65.76,Irrigated,3817.99,181338.74
Kolhapur,2023,Rice,Rabi,34.55,26.5,1556.9,80.7,Red,5.4,130.09,77.61,67.96,Partially Irrigated,5036.27,174018.97
Kolhapur,2023,Soybean,Rabi,18.02,26.0,587.6,68.0,Clayey,5.72,25.24,86.68,31.19,Partially Irrigated,1906.15,34348.47
Kolhapur,2023,Soybean,Rabi,16.94,24.6,635.3,76.4,Black,7.15,19.39,98.28,42.88,Rainfed,1707.18,28911.71
Kolhapur,2023,Soybean,Zaid,47.91,22.5,526.6,87.7,Black,6.75,32.75,64.61,16.38,Irrigated,2496.57,119622.96
Kolhapur,2023,Soybean,Zaid,10.6,20.3,317.8,41.0,Loamy,7.17,24.51,114.88,53.18,Partially Irrigated,2084.06,22092.94
Kolhapur,2023,Soybean,Zaid,26.62,23.6,741.5,47.2,Sandy,6.9,43.99,81.1,60.03,Rainfed,2593.92,69055.22
Kolhapur,2023,Sugarcane,Kharif,23.73,30.3,1933.7,56.4,Red,6.1,254.06,115.24,111.45,Partially Irrigated,96046.89,2279134.73
Kolhapur,2023,Sugarcane,Kharif,28.6,30.5,2028.7,85.6,Black,6.82,169.02,55.75,133.29,Rainfed,67389.04,1927106.28
Kolhapur,2023,Sunflower,Kharif,29.34,26.3,453.8,71.8,Loamy,7.54,55.64,37.84,31.14,Partially Irrigated,1057.09,31011.58
Kolhapur,2023,Sunflower,Rabi,34.72,23.4,431.5,85.3,Sandy,7.22,43.29,27.59,52.71,Irrigated,1011.57,35119.2
Kolhapur,2023,Sunflower,Zaid,31.04,25.0,413.9,83.5,Sandy,6.57,46.32,48.36,60.08,Partially Irrigated,1169.52,36302.66
Kolhapur,2023,Sunflower,Zaid,27.16,24.8,516.5,54.4,Loamy,6.43,100.85,76.53,54.95,Irrigated,2067.68,56147.89
Kolhapur,2023,Sunflower,Zaid,14.44,25.8,534.7,67.0,Red,6.55,57.19,65.33,53.46,Irrigated,1587.15,22917.98
Kolhapur,2023,Sunflower,Kharif,36.18,25.6,461.3,43.4,Red,7.61,117.04,42.69,46.56,Partially Irrigated,1756.61,63556.5
Kolhapur,2023,Sunflower,Kharif,10.59,26.7,242.1,86.1,Black,7.42,118.58,29.28,83.39,Rainfed,1024.78,10849.82
Kolhapur,2023,Sunflower,Zaid,25.47,24.6,447.5,47.6,Clayey,5.8,98.59,68.42,29.24,Irrigated,1965.68,50061.25
Kolhapur,2023,Sunflower,Rabi,35.24,15.9,441.9,59.6,Red,7.74,81.24,26.51,50.95,Partially Irrigated,1047.99,36927.22
Kolhapur,2023,Wheat,Rabi,28.91,20.2,557.0,44.0,Clayey,6.53,111.2,63.64,52.77,Rainfed,2915.05,84277.78
Kolhapur,2023,Wheat,Zaid,35.89,26.5,456.4,73.8,Clayey,6.53,109.39,43.61,61.98,Partially Irrigated,2526.1,90672.97
Kolhapur,2023,Wheat,Zaid,22.98,23.1,613.4,89.8,Red,6.01,180.12,34.92,62.2,Rainfed,3077.62,70726.89
Nagpur,2023,Bajra,Kharif,41.07,36.9,458.4,65.6,Red,7.12,78.05,29.46,38.66,Irrigated,2081.79,85509.28
Nagpur,2023,Bajra,Zaid,21.29,32.7,232.8,57.3,Laterite,7.92,53.25,44.61,20.2,Rainfed,1024.08,21798.69
Nagpur,2023,Cotton,Rabi,44.74,38.9,806.6,50.5,Red,7.53,74.19,34.03,24.35,Irrigated,1522.93,68137.86
Nagpur,2023,Cotton,Zaid,33.25,30.2,711.3,79.2,Clayey,6.93,63.11,47.29,36.94,Irrigated,1956.94,65070.47
Nagpur,2023,Cotton,Kharif,8.18,31.1,613.6,52.0,Loamy,6.78,80.19,41.04,51.48,Rainfed,1758.56,14380.14
Nagpur,2023,Jowar,Zaid,29.15,28.0,430.6,49.2,Black,6.36,32.19,69.23,24.52,Irrigated,2765.9,80636.42
Nagpur,2023,Jowar,Kharif,23.56,30.1,560.7,42.9,Black,6.75,42.04,48.59,25.49,Partially Irrigated,1892.24,44582.5
Nagpur,2023,Jowar,Zaid,19.47,34.9,428.9,50.8,Loamy,6.88,63.21,48.08,29.68,Rainfed,1565.69,30487.78
Nagpur,2023,Maize,Kharif,7.86,29.3,816.3,89.8,Sandy,6.13,111.71,56.55,84.32,Rainfed,3986.93,31319.28
Nagpur,2023,Maize,Zaid,38.31,17.5,638.6,86.4,Sandy,7.46,110.47,25.83,47.42,Partially Irrigated,2883.73,110463.92
Nagpur,2023,Soybean,Rabi,17.56,22.6,631.2,65.6,Loamy,5.88,31.87,109.79,35.81,Rainfed,1961.13,34428.32
Nagpur,2023,Soybean,Kharif,42.34,28.2,520.6,58.2,Clayey,5.79,20.9,47.54,52.03,Partially Irrigated,1489.14,63057.22
Nagpur,2023,Soybean,Rabi,11.69,19.8,515.5,83.8,Black,6.68,21.13,79.57,52.53,Rainfed,1929.4,22545.2
Nagpur,2023,Sugarcane,Kharif,16.71,29.4,1569.5,46.4,Red,6.73,239.58,106.16,77.56,Rainfed,59649.7,996603.26
Nagpur,2023,Sugarcane,Rabi,15.38,31.3,2232.0,41.1,Loamy,5.86,200.81,111.59,126.49,Partially Irrigated,83417.01,1282654.22
Nagpur,2023,Sugarcane,Zaid,21.56,23.2,1948.2,66.4,Sandy,7.26,132.15,21.13,46.92,Irrigated,41281.66,889926.94
Nagpur,2023,Sugarcane,Kharif,41.7,29.9,1614.5,51.9,Sandy,6.8,175.77,105.18,114.79,Rainfed,61580.29,2567703.56
Nagpur,2023,Sugarcane,Rabi,3.14,23.6,1721.1,76.0,Clayey,6.76,343.03,116.2,84.11,Partially Irrigated,80688.42,253749.89
Nagpur,2023,Sugarcane,Kharif,8.57,28.2,1776.6,50.5,Black,5.88,153.63,62.25,94.91,Partially Irrigated,61549.09,527589.79
Nagpur,2023,Sunflower,Kharif,40.96,25.3,356.8,81.5,Red,6.89,81.44,39.98,17.8,Partially Irrigated,1064.72,43606.77
Nagpur,2023,Sunflower,Rabi,25.52,29.6,237.2,54.9,Laterite,5.7,75.67,58.22,33.23,Partially Irrigated,1001.18,25551.05
Nagpur,2023,Sunflower,Zaid,29.45,22.6,494.8,57.2,Red,6.99,107.82,76.25,50.77,Irrigated,2496.75,73540.92
Nagpur,2023,Sunflower,Kharif,40.17,32.5,374.9,54.3,Black,6.96,59.4,26.82,45.65,Rainfed,630.07,25311.72
Nagpur,2023,Wheat,Kharif,37.73,23.2,742.0,58.0,Clayey,6.95,122.01,54.1,41.77,Rainfed,2123.43,80119.26
Nagpur,2023,Wheat,Rabi,22.43,16.2,357.2,78.6,Black,7.72,93.59,61.43,54.85,Rainfed,1971.12,44210.7
Nashik,2023,Bajra,Kharif,47.82,28.2,469.4,72.9,Laterite,7.35,77.52,52.91,25.59,Partially Irrigated,2167.81,103665.45
Nashik,2023,Bajra,Kharif,6.74,33.9,493.8,43.4,Clayey,7.33,43.17,46.26,18.17,Irrigated,1443.11,9720.76
Nashik,2023,Bajra,Rabi,5.5,30.5,539.7,76.3,Clayey,7.35,69.77,58.28,6.38,Partially Irrigated,1667.38,9170.69
Nashik,2023,Groundnut,Kharif,35.25,28.3,600.2,88.1,Loamy,7.02,29.15,53.44,66.8,Partially Irrigated,1603.23,56514.86
Nashik,2023,Groundnut,Rabi,1.86,33.3,823.7,69.2,Loamy,6.7,19.09,52.16,57.73,Partially Irrigated,1281.65,2383.97
Nashik,2023,Groundnut,Zaid,9.13,23.1,595.0,46.0,Laterite,6.2,42.74,56.58,94.45,Rainfed,2170.65,19816.29
Nashik,2023,Groundnut,Zaid,1.32,33.0,664.7,55.7,Red,7.28,52.28,62.29,110.25,Rainfed,1846.41,2443.39
Nashik,2023,Groundnut,Kharif,20.23,29.0,647.9,73.6,Red,5.41,23.6,30.97,88.82,Partially Irrigated,1540.16,31152.59
Nashik,2023,Jowar,Kharif,22.76,32.8,555.7,61.4,Sandy,7.22,62.42,36.92,40.6,Irrigated,2647.3,60260.57
Nashik,2023,Jowar,Rabi,42.8,25.3,441.3,83.1,Clayey,6.21,76.54,32.27,31.48,Irrigated,2220.4,95040.33
Nashik,2023,Jowar,Kharif,5.61,22.8,431.4,66.8,Loamy,5.77,32.03,53.65,21.68,Rainfed,1247.28,6999.05
Nashik,2023,Maize,Kharif,11.79,28.6,748.4,57.4,Sandy,6.71,25.91,57.23,63.9,Partially Irrigated,3072.82,36234.07
Nashik,2023,Maize,Zaid,5.63,24.1,487.2,78.1,Red,6.64,121.06,54.63,39.37,Rainfed,3254.24,18306.64
Nashik,2023,Maize,Rabi,10.6,31.0,637.4,64.3,Clayey,6.19,92.78,24.48,55.61,Rainfed,2579.52,27332.92
Nashik,2023,Maize,Kharif,26.35,23.8,772.4,83.0,Loamy,6.38,121.4,60.99,61.96,Irrigated,6499.55,171247.0
Nashik,2023,Soybean,Zaid,39.46,23.6,534.5,73.8,Sandy,7.21,32.64,85.33,70.88,Irrigated,3852.49,152016.37
Nashik,2023,Soybean,Zaid,37.39,29.9,442.1,75.4,Black,7.26,31.71,35.23,59.43,Partially Irrigated,1968.28,73586.15
Nashik,2023,Soybean,Rabi,43.52,24.9,699.1,50.6,Black,5.81,40.86,46.82,49.82,Rainfed,2238.81,97427.2
Nashik,2023,Soybean,Zaid,13.15,29.4,420.6,72.7,Sandy,6.41,26.1,86.88,51.93,Irrigated,2434.51,32009.54
Nashik,2023,Sugarcane,Kharif,31.11,33.8,2577.9,83.5,Sandy,6.53,218.5,85.02,114.67,Partially Irrigated,56122.49,1746093.02
Nashik,2023,Sugarcane,Zaid,36.5,31.5,2019.4,85.4,Red,7.34,84.65,118.18,103.91,Rainfed,58415.31,2132095.0
Nashik,2023,Sugarcane,Zaid,39.8,29.3,2096.8,69.3,Black,6.42,245.6,109.19,128.47,Irrigated,127907.68,5091202.76
Nashik,2023,Sugarcane,Kharif,27.64,24.7,2380.3,67.6,Clayey,7.09,311.13,67.19,55.52,Rainfed,61266.5,1693211.41
Nashik,2023,Sunflower,Zaid,29.32,26.5,545.6,76.3,Clayey,7.29,68.22,21.83,55.72,Partially Irrigated,1082.32,31728.95
Nashik,2023,Sunflower,Kharif,17.68,27.4,392.9,62.9,Sandy,7.8,52.61,17.06,41.39,Rainfed,576.26,10189.41
Nashik,2023,Sunflower,Rabi,14.55,19.9,437.8,77.4,Clayey,6.4,44.31,41.38,66.3,Irrigated,1230.56,17902.97
Nashik,2023,Wheat,Rabi,15.23,24.0,454.3,54.8,Red,5.96,139.8,66.53,67.44,Rainfed,2579.48,39285.82
Nashik,2023,Wheat,Rabi,28.27,17.6,771.8,56.3,Clayey,6.85,137.43,27.78,63.53,Irrigated,2934.39,82957.77
Pune,2023,Bajra,Zaid,37.12,28.6,671.0,69.0,Black,7.75,69.31,42.76,43.32,Rainfed,1258.67,46719.03
Pune,2023,Bajra,Kharif,36.72,28.4,457.5,81.3,Laterite,7.36,80.57,36.48,21.35,Irrigated,1865.28,68484.41
Pune,2023,Bajra,Zaid,16.13,25.7,385.1,88.1,Loamy,6.85,45.28,46.89,26.44,Irrigated,1576.66,25429.73
Pune,2023,Bajra,Zaid,8.94,28.6,688.1,58.9,Loamy,7.54,69.76,34.55,32.11,Irrigated,1637.94,14650.31
Pune,2023,Bajra,Kharif,13.73,33.8,275.4,43.2,Loamy,7.03,51.22,36.51,43.5,Partially Irrigated,1469.35,20179.53
Pune,2023,Bajra,Rabi,29.28,23.2,443.3,42.7,Red,7.76,39.29,38.45,32.04,Rainfed,1327.78,38882.72
Pune,2023,Cotton,Rabi,44.65,27.7,1006.8,66.1,Loamy,7.21,62.92,37.22,32.13,Rainfed,1122.75,50130.41
Pune,2023,Jowar,Zaid,19.41,32.4,333.1,56.4,Red,7.67,88.55,15.77,39.64,Partially Irrigated,1933.23,37520.0
Pune,2023,Jowar,Kharif,28.75,24.0,659.1,68.6,Red,7.99,48.18,39.88,24.13,Rainfed,1163.88,33465.15
Pune,2023,Jowar,Kharif,30.84,30.3,734.5,59.0,Sandy,6.81,50.16,49.04,28.71,Irrigated,1855.78,57223.91
Pune,2023,Maize,Kharif,44.09,27.3,717.5,54.5,Laterite,6.23,134.87,36.1,64.03,Irrigated,4654.91,205215.16
Pune,2023,Maize,Rabi,36.91,26.6,508.7,80.4,Loamy,6.29,75.47,70.8,49.35,Irrigated,4551.13,167972.38
Pune,2023,Maize,Rabi,24.46,29.1,557.2,58.3,Clayey,6.16,53.19,30.77,18.75,Rainfed,1545.63,37810.24
Pune,2023,Maize,Kharif,1.98,27.8,889.7,53.4,Clayey,5.77,129.62,62.16,37.06,Irrigated,4540.04,8979.15
Pune,2023,Rice,Zaid,46.62,31.3,672.2,66.6,Red,5.93,104.02,70.5,37.34,Partially Irrigated,3108.58,144920.34
Pune,2023,Rice,Kharif,45.97,28.3,1800.2,66.4,Laterite,6.44,101.38,44.92,53.52,Irrigated,5233.64,240594.73
Pune,2023,Rice,Rabi,28.94,23.5,969.3,63.5,Sandy,6.74,83.36,69.66,66.34,Irrigated,5490.21,158893.09
Pune,2023,Rice,Rabi,48.78,22.7,1208.3,43.9,Laterite,6.03,122.76,68.73,50.55,Rainfed,3910.12,190750.26
Pune,2023,Rice,Rabi,35.33,26.6,2075.1,61.3,Sandy,6.49,153.57,49.17,66.37,Irrigated,5907.78,208717.36
Pune,2023,Soybean,Kharif,8.49,25.3,434.9,67.8,Black,5.93,32.15,90.85,40.64,Rainfed,1983.08,16835.72
Pune,2023,Sugarcane,Zaid,27.79,29.2,1352.5,87.4,Sandy,5.98,196.67,110.22,109.77,Irrigated,79448.89,2208035.47
Pune,2023,Sunflower,Rabi,46.46,24.4,236.8,81.8,Black,6.42,131.22,39.47,45.58,Partially Irrigated,1369.1,63614.42
Pune,2023,Sunflower,Zaid,28.83,25.1,562.3,56.6,Clayey,6.54,70.79,47.83,26.06,Rainfed,1024.39,29536.58
Pune,2023,Sunflower,Rabi,40.0,19.7,521.8,68.0,Red,6.03,38.67,36.85,43.66,Irrigated,1109.52,44377.73
Pune,2023,Sunflower,Rabi,24.79,26.0,371.5,55.9,Loamy,6.06,70.62,57.55,63.74,Irrigated,1784.31,44234.03
Pune,2023,Sunflower,Zaid,45.06,26.1,246.7,66.1,Sandy,6.08,104.81,35.84,55.63,Partially Irrigated,1362.02,61372.4
Pune,2023,Sunflower,Rabi,44.57,23.9,445.9,80.3,Clayey,6.29,117.48,56.34,65.74,Partially Irrigated,1658.63,73918.69
Pune,2023,Sunflower,Kharif,35.96,25.2,429.6,84.6,Black,6.51,82.92,45.21,48.71,Irrigated,1392.39,50076.38
Sangli,2023,Bajra,Kharif,34.49,38.6,487.1,83.8,Sandy,7.93,49.75,45.89,22.51,Partially Irrigated,1543.27,53225.35
Sangli,2023,Cotton,Zaid,4.57,24.5,940.3,80.2,Black,5.45,83.09,33.35,44.59,Rainfed,1564.33,7152.15
Sangli,2023,Cotton,Kharif,8.78,30.7,317.8,89.0,Black,7.5,114.94,62.67,42.76,Irrigated,2761.33,24237.46
Sangli,2023,Cotton,Zaid,13.65,25.2,1366.7,59.3,Clayey,7.21,118.16,30.61,45.7,Irrigated,1949.85,26620.57
Sangli,2023,Cotton,Zaid,6.01,34.2,995.6,43.6,Loamy,8.45,87.86,44.95,39.99,Irrigated,2008.87,12075.08
Sangli,2023,Groundnut,Zaid,22.68,28.7,777.8,41.0,Black,7.3,31.05,48.33,56.61,Irrigated,1903.34,43159.88
Sangli,2023,Groundnut,Zaid,34.17,29.0,477.0,85.5,Loamy,6.75,30.77,39.58,33.74,Irrigated,1602.22,54746.42
Sangli,2023,Jowar,Zaid,39.97,29.4,440.6,45.4,Loamy,7.3,25.75,63.39,29.61,Partially Irrigated,2098.14,83856.1
Sangli,2023,Jowar,Zaid,43.25,25.7,482.6,67.5,Black,7.08,67.94,41.8,20.88,Partially Irrigated,2140.04,92559.79
Sangli,2023,Maize,Rabi,28.33,18.0,742.7,69.2,Clayey,5.6,83.55,49.18,48.56,Rainfed,2210.92,62646.0
Sangli,2023,Maize,Kharif,2.08,18.8,720.6,82.1,Loamy,6.4,66.55,62.58,33.62,Irrigated,3770.68,7861.3
Sangli,2023,Maize,Kharif,3.0,28.1,456.7,56.1,Clayey,6.04,74.57,52.26,52.83,Rainfed,2293.61,6891.67
Sangli,2023,Maize,Zaid,41.11,24.0,423.5,44.4,Laterite,7.21,105.91,33.43,27.57,Partially Irrigated,2856.44,117417.67
Sangli,2023,Rice,Zaid,25.91,21.6,1682.5,69.4,Red,6.22,128.08,87.75,39.74,Partially Irrigated,4766.29,123506.17
Sangli,2023,Rice,Zaid,43.12,22.4,1535.5,72.8,Laterite,6.09,96.32,47.9,38.38,Partially Irrigated,3981.78,171679.51
Sangli,2023,Rice,Rabi,41.93,29.2,1385.0,43.5,Loamy,7.01,82.8,31.62,58.94,Partially Irrigated,3873.92,162449.55
Sangli,2023,Rice,Zaid,5.95,28.0,1508.2,77.7,Red,6.21,128.75,43.44,38.91,Partially Irrigated,3876.38,23046.68
Sangli,2023,Soybean,Zaid,3.36,26.6,557.0,65.0,Sandy,5.78,9.33,58.44,31.69,Irrigated,1504.23,5055.9
Sangli,2023,Soybean,Kharif,21.46,27.4,669.5,52.4,Red,6.5,14.47,29.53,47.88,Irrigated,1579.41,33887.94
Sangli,2023,Soybean,Zaid,42.39,26.4,492.8,87.1,Red,5.99,36.58,43.66,55.87,Irrigated,2490.74,105574.6
Sangli,2023,Sugarcane,Zaid,18.98,30.1,1985.7,56.2,Clayey,6.16,282.88,137.4,53.47,Partially Irrigated,101103.98,1919044.47
Sangli,2023,Sugarcane,Rabi,41.11,29.6,2047.0,69.8,Red,6.77,212.85,99.26,112.54,Rainfed,73707.65,3030338.58
Sangli,2023,Sunflower,Kharif,9.94,25.4,378.9,58.8,Clayey,7.74,112.19,54.45,34.33,Rainfed,1355.74,13480.6
Sangli,2023,Sunflower,Rabi,26.92,28.0,498.0,55.6,Laterite,6.8,73.62,61.9,53.01,Rainfed,1118.48,30106.8
Sangli,2023,Wheat,Zaid,20.81,26.7,473.9,74.6,Red,6.9,104.97,30.79,58.45,Rainfed,1706.25,35509.91
Sangli,2023,Wheat,Rabi,46.71,24.2,589.2,83.1,Laterite,5.67,134.98,45.71,80.72,Partially Irrigated,2896.86,135325.31
Sangli,2023,Wheat,Kharif,22.9,15.6,656.4,69.8,Clayey,5.81,146.13,57.97,30.72,Partially Irrigated,2899.44,66409.82
Sangli,2023,Wheat,Kharif,3.15,19.7,288.2,79.4,Laterite,5.36,117.54,60.58,46.51,Rainfed,1908.69,6007.92
Sangli,2023,Wheat,Kharif,17.53,16.0,507.4,40.1,Loamy,6.56,116.89,42.26,74.79,Partially Irrigated,3781.69,66290.61
Sangli,2023,Wheat,Kharif,4.32,24.9,550.0,43.0,Sandy,7.79,146.87,77.54,53.58,Rainfed,3256.17,14057.19
Satara,2023,Bajra,Kharif,7.25,23.7,461.1,43.8,Red,7.59,47.76,23.71,31.64,Rainfed,1022.4,7410.02
Satara,2023,Cotton,Kharif,40.8,36.0,525.7,61.6,Black,6.17,79.65,28.02,40.43,Irrigated,1819.7,74245.73
Satara,2023,Groundnut,Rabi,34.01,27.3,510.1,52.0,Red,5.26,14.92,22.61,91.99,Irrigated,1505.28,51189.71
Satara,2023,Groundnut,Kharif,49.18,25.4,582.8,61.5,Clayey,5.46,35.17,61.52,45.84,Rainfed,1508.35,74185.0
Satara,2023,Groundnut,Kharif,38.89,31.2,746.4,61.5,Black,6.85,31.13,66.52,124.34,Rainfed,1774.26,68999.16
Satara,2023,Groundnut,Kharif,32.66,27.0,736.2,58.4,Loamy,6.0,20.95,40.44,86.52,Partially Irrigated,1471.27,48058.84
Satara,2023,Groundnut,Kharif,38.91,30.8,531.3,57.4,Sandy,6.9,26.29,46.01,90.53,Partially Irrigated,1652.07,64277.47
Satara,2023,Groundnut,Kharif,20.13,19.3,774.7,71.2,Laterite,6.15,32.54,59.05,76.26,Irrigated,1739.13,35007.7
Satara,2023,Jowar,Kharif,16.48,21.1,636.5,68.0,Black,6.13,51.02,43.44,41.93,Irrigated,2263.99,37310.21
Satara,2023,Jowar,Kharif,3.14,27.0,561.3,81.1,Loamy,8.01,43.14,41.77,23.27,Irrigated,1825.57,5739.3
Satara,2023,Maize,Rabi,47.62,30.9,791.7,54.9,Loamy,5.8,86.57,49.69,61.4,Partially Irrigated,3607.42,171779.54
Satara,2023,Maize,Zaid,1.3,23.3,644.7,85.4,Black,6.1,101.04,46.1,36.94,Rainfed,3279.4,4264.21
Satara,2023,Maize,Rabi,44.02,18.6,362.7,66.4,Clayey,6.5,88.16,55.95,47.1,Rainfed,2078.15,91471.08
Satara,2023,Maize,Rabi,26.18,23.7,921.1,72.3,Laterite,7.24,105.05,18.87,52.67,Rainfed,2484.08,65032.58
Satara,2023,Maize,Zaid,44.85,18.0,299.3,80.4,Black,7.02,76.96,23.99,50.49,Rainfed,1759.93,78925.17
Satara,2023,Rice,Rabi,31.72,35.4,1693.5,63.0,Sandy,6.22,84.69,78.19,44.48,Irrigated,4501.12,142786.48
Satara,2023,Rice,Rabi,8.17,26.7,1318.5,62.9,Laterite,5.7,107.34,44.8,46.04,Rainfed,3423.66,27957.81
Satara,2023,Rice,Zaid,31.26,33.8,1346.9,73.4,Sandy,6.19,137.73,55.17,70.4,Partially Irrigated,4955.76,154897.57
Satara,2023,Soybean,Kharif,26.01,30.7,343.8,75.0,Laterite,6.88,31.52,88.83,54.55,Partially Irrigated,2115.57,55028.06
Satara,2023,Soybean,Kharif,25.5,21.2,707.9,41.3,Loamy,7.1,32.51,114.76,65.88,Irrigated,3492.27,89043.27
Satara,2023,Sugarcane,Zaid,17.12,32.8,1771.4,48.3,Loamy,6.84,304.38,80.95,110.82,Rainfed,57577.15,985996.77
Satara,2023,Sunflower,Rabi,21.65,21.5,599.2,45.5,Clayey,6.08,57.95,34.94,38.48,Partially Irrigated,785.04,16993.45
Satara,2023,Sunflower,Kharif,28.52,27.4,457.9,58.4,Laterite,6.97,60.95,57.53,40.05,Rainfed,1178.66,33612.48
Satara,2023,Sunflower,Kharif,11.51,27.4,657.2,51.2,Loamy,6.43,90.21,57.49,58.19,Partially Irrigated,1610.25,18533.47
Satara,2023,Sunflower,Rabi,34.25,18.9,506.2,65.9,Sandy,6.65,66.48,26.71,51.96,Rainfed,934.36,32006.25
Satara,2023,Sunflower,Zaid,14.23,20.6,455.4,69.1,Black,7.19,87.05,34.08,33.29,Irrigated,1203.15,17118.74
Satara,2023,Sunflower,Rabi,49.8,22.5,495.1,43.8,Loamy,6.6,70.67,55.97,74.44,Irrigated,2080.27,103593.37
Satara,2023,Wheat,Kharif,24.38,18.1,424.6,51.2,Black,6.72,164.57,96.42,70.44,Irrigated,4915.57,119845.84
Satara,2023,Wheat,Zaid,7.4,25.0,638.1,83.0,Clayey,6.25,139.35,50.2,61.19,Partially Irrigated,3153.02,23338.02
Satara,2023,Wheat,Zaid,40.5,18.4,592.1,47.8,Loamy,6.73,104.02,53.74,37.14,Rainfed,2338.33,94712.79
Satara,2023,Wheat,Zaid,19.95,19.0,464.5,49.5,Red,7.09,135.28,74.77,61.05,Irrigated,3879.98,77402.52
Solapur,2023,Bajra,Kharif,16.25,29.1,247.1,40.1,Red,6.35,75.73,22.51,23.96,Rainfed,1205.85,19589.93
Solapur,2023,Bajra,Rabi,46.92,30.0,382.1,70.5,Loamy,6.93,54.67,35.16,42.62,Rainfed,1562.63,73323.57
Solapur,2023,Cotton,Rabi,25.24,40.1,625.9,51.0,Sandy,6.86,80.37,15.06,36.28,Partially Irrigated,1249.88,31546.41
Solapur,2023,Cotton,Zaid,47.15,28.2,868.7,53.6,Loamy,7.34,78.35,51.35,54.5,Irrigated,2801.82,132104.16
Solapur,2023,Cotton,Rabi,15.4,25.0,1212.3,80.3,Clayey,7.36,82.38,52.08,40.56,Partially Irrigated,1595.6,24573.69
Solapur,2023,Groundnut,Zaid,18.09,29.3,440.4,85.9,Loamy,6.02,29.22,17.14,54.38,Rainfed,1052.77,19049.16
Solapur,2023,Groundnut,Kharif,33.44,20.7,686.0,79.8,Sandy,6.43,34.13,70.8,55.18,Irrigated,2439.82,81583.69
Solapur,2023,Groundnut,Rabi,44.83,27.7,417.6,45.9,Sandy,6.98,19.8,53.41,57.6,Partially Irrigated,1729.88,77547.32
Solapur,2023,Groundnut,Kharif,2.95,30.8,608.7,87.2,Black,6.49,33.66,51.6,66.61,Irrigated,2476.87,7306.38
Solapur,2023,Maize,Zaid,3.85,24.3,558.5,49.7,Clayey,6.56,120.65,65.1,34.31,Rainfed,3278.62,12612.0
Solapur,2023,Maize,Zaid,40.7,23.9,484.2,42.0,Black,7.18,53.64,39.89,51.58,Partially Irrigated,2255.06,91775.92
Solapur,2023,Maize,Kharif,47.87,30.4,704.6,76.8,Black,6.77,103.34,68.61,49.22,Irrigated,4947.04,236796.96
Solapur,2023,Maize,Kharif,45.91,29.4,619.9,81.8,Sandy,5.95,110.0,77.7,35.31,Partially Irrigated,4376.29,200929.14
Solapur,2023,Maize,Rabi,1.94,27.0,558.2,54.3,Black,6.6,58.32,67.05,74.02,Rainfed,2910.43,5659.37
Solapur,2023,Rice,Rabi,1.42,27.6,1487.8,62.3,Red,5.71,91.38,56.12,42.96,Irrigated,5522.73,7855.08
Solapur,2023,Rice,Zaid,44.07,24.1,1695.5,73.2,Sandy,6.38,109.64,40.58,57.25,Irrigated,4440.25,195690.95
Solapur,2023,Rice,Kharif,1.28,28.4,1029.6,82.5,Loamy,5.92,123.62,31.98,37.21,Rainfed,3084.43,3937.14
Solapur,2023,Soybean,Rabi,20.51,28.3,585.5,57.3,Clayey,7.14,22.63,38.44,46.09,Partially Irrigated,1648.26,33806.33
Solapur,2023,Soybean,Zaid,36.98,28.6,621.6,44.1,Laterite,6.38,34.43,10.02,43.51,Rainfed,1561.54,57747.48
Solapur,2023,Soybean,Kharif,5.34,27.6,746.5,48.1,Sandy,6.92,22.49,111.07,72.83,Irrigated,2720.53,14521.37
Solapur,2023,Soybean,Rabi,39.11,26.0,624.4,81.0,Black,5.68,33.87,52.35,79.87,Partially Irrigated,2237.69,87508.98
Solapur,2023,Soybean,Rabi,23.05,26.4,612.2,52.5,Clayey,6.3,16.31,72.77,45.23,Partially Irrigated,2017.16,46497.98
Solapur,2023,Soybean,Kharif,6.21,24.9,519.1,53.2,Red,5.85,31.46,66.63,43.97,Partially Irrigated,2115.87,13130.14
Solapur,2023,Sugarcane,Kharif,31.11,25.5,2672.5,55.7,Red,6.23,240.68,49.17,90.07,Rainfed,37152.77,1155806.64
Solapur,2023,Sugarcane,Kharif,27.69,25.5,991.3,81.9,Laterite,5.74,262.39,79.54,59.96,Rainfed,38946.14,1078441.14
Solapur,2023,Sugarcane,Kharif,31.08,36.4,2643.8,57.0,Loamy,6.78,191.77,88.74,71.38,Partially Irrigated,53124.0,1651309.79
Solapur,2023,Sunflower,Kharif,43.38,18.8,319.7,53.1,Laterite,7.14,87.78,39.81,56.01,Irrigated,1520.42,65948.86
Solapur,2023,Sunflower,Kharif,3.23,30.7,525.1,70.5,Laterite,7.64,97.83,31.85,28.92,Partially Irrigated,1007.62,3255.38
Solapur,2023,Sunflower,Rabi,45.2,23.9,634.1,41.1,Red,7.42,98.15,46.83,22.01,Rainfed,1120.3,50642.39
Solapur,2023,Wheat,Rabi,35.28,15.1,411.8,75.3,Laterite,6.9,112.19,37.59,32.12,Rainfed,1788.82,63113.76
Wardha,2023,Bajra,Zaid,20.68,33.0,369.1,68.6,Sandy,7.2,59.54,51.23,25.64,Rainfed,1648.64,34088.24
Wardha,2023,Bajra,Zaid,16.75,32.0,383.0,64.2,Clayey,7.27,96.39,56.59,27.27,Rainfed,1983.82,33225.75
Wardha,2023,Bajra,Zaid,21.18,33.5,260.2,74.8,Loamy,6.44,68.46,30.02,11.13,Irrigated,1107.73,23458.95
Wardha,2023,Cotton,Rabi,9.36,29.7,926.9,79.4,Black,7.7,106.62,35.65,33.97,Irrigated,2858.39,26750.28
Wardha,2023,Cotton,Rabi,12.28,32.9,1035.4,48.3,Red,6.44,75.37,53.54,59.52,Rainfed,1694.01,20799.94
Wardha,2023,Jowar,Kharif,23.01,29.6,606.6,89.5,Sandy,7.36,27.42,44.73,45.59,Rainfed,1747.72,40210.5
Wardha,2023,Jowar,Rabi,4.61,33.5,312.8,49.6,Black,6.77,46.01,33.21,26.73,Rainfed,1441.95,6640.9
Wardha,2023,Jowar,Zaid,44.26,21.3,555.6,49.6,Loamy,7.48,49.78,42.01,25.49,Partially Irrigated,1823.19,80688.73
Wardha,2023,Rice,Kharif,48.13,24.6,1529.4,72.1,Clayey,6.7,105.94,30.66,69.63,Irrigated,6387.39,307434.0
Wardha,2023,Rice,Rabi,49.41,29.3,1573.0,45.9,Red,6.17,88.21,51.2,33.16,Rainfed,3123.77,154360.12
Wardha,2023,Soybean,Zaid,44.0,25.8,836.8,53.6,Loamy,6.47,40.52,55.28,53.02,Partially Irrigated,2197.64,96699.46
Wardha,2023,Soybean,Zaid,16.76,31.0,629.6,75.6,Red,5.89,33.74,68.45,55.77,Rainfed,1951.65,32709.18
Wardha,2023,Sugarcane,Kharif,25.17,25.6,2243.5,67.0,Sandy,5.86,64.17,104.74,97.52,Irrigated,63429.76,1596610.5
Wardha,2023,Sugarcane,Kharif,40.22,35.6,1973.8,61.3,Red,6.6,134.92,95.97,113.92,Irrigated,72218.21,2904975.47
Wardha,2023,Sugarcane,Kharif,40.12,27.1,1904.7,61.2,Laterite,7.13,101.16,35.09,92.41,Irrigated,52246.96,2095983.98
Wardha,2023,Sugarcane,Rabi,5.39,22.2,2696.7,67.3,Clayey,6.92,107.18,101.14,92.05,Rainfed,39856.53,214684.32
Wardha,2023,Sugarcane,Rabi,8.04,37.9,2533.5,62.1,Red,6.64,129.73,77.24,131.09,Irrigated,58213.12,467792.94
Wardha,2023,Sunflower,Kharif,36.83,29.7,653.7,40.9,Loamy,7.41,82.5,24.67,40.86,Irrigated,1129.86,41613.1
Wardha,2023,Sunflower,Zaid,47.71,30.0,558.3,60.4,Black,6.55,32.98,44.13,35.5,Irrigated,1089.73,51991.84
Wardha,2023,Sunflower,Kharif,19.78,25.2,404.4,69.9,Red,6.33,109.75,73.23,58.98,Irrigated,2279.13,45088.32
Wardha,2023,Sunflower,Kharif,11.54,28.1,529.2,41.0,Red,6.11,103.03,36.18,38.91,Partially Irrigated,1412.79,16310.08
Wardha,2023,Sunflower,Rabi,24.04,31.4,368.0,84.4,Loamy,7.21,121.57,43.85,35.71,Irrigated,1512.26,36351.47
Wardha,2023,Sunflower,Kharif,35.94,25.2,486.5,71.2,Black,6.47,101.81,45.01,80.6,Rainfed,1623.98,58358.85
Wardha,2023,Wheat,Zaid,4.03,16.7,534.5,48.9,Black,7.54,187.49,58.71,41.43,Partially Irrigated,3530.95,14223.58
Yavatmal,2023,Bajra,Kharif,49.44,32.1,456.4,45.7,Black,6.61,59.33,41.66,25.25,Rainfed,1251.82,61888.0
Yavatmal,2023,Bajra,Kharif,9.97,34.9,359.5,73.0,Black,6.95,53.44,36.15,16.07,Irrigated,1544.01,15398.4
Yavatmal,2023,Cotton,Zaid,48.14,31.7,861.8,75.3,Sandy,7.07,118.49,45.52,50.96,Partially Irrigated,2299.35,110694.48
Yavatmal,2023,Cotton,Kharif,36.51,24.6,762.6,77.3,Clayey,6.56,99.65,44.6,53.47,Irrigated,2387.93,87175.67
Yavatmal,2023,Cotton,Kharif,44.02,28.3,840.3,84.7,Loamy,8.09,75.66,22.62,33.95,Partially Irrigated,1351.85,59513.13
Yavatmal,2023,Cotton,Rabi,2.52,25.8,931.8,63.9,Clayey,7.98,94.43,41.73,37.23,Irrigated,2394.15,6028.47
Yavatmal,2023,Cotton,Rabi,49.66,28.7,864.0,51.2,Black,7.8,64.24,51.21,40.26,Irrigated,2197.97,109159.09
Yavatmal,2023,Groundnut,Zaid,10.91,36.0,729.5,66.1,Laterite,5.84,27.44,12.15,63.68,Irrigated,1421.03,15501.34
Yavatmal,2023,Groundnut,Zaid,30.14,22.6,745.4,76.8,Sandy,5.74,21.37,51.55,81.15,Rainfed,1323.18,39877.47
Yavatmal,2023,Jowar,Rabi,23.07,25.6,654.5,73.2,Laterite,6.73,34.67,40.88,37.02,Rainfed,1538.14,35482.05
Yavatmal,2023,Jowar,Zaid,30.37,31.6,522.1,69.3,Laterite,6.68,89.63,43.31,19.18,Partially Irrigated,2514.48,76370.37
Yavatmal,2023,Maize,Zaid,41.97,29.7,834.4,50.9,Black,6.18,132.72,33.22,51.65,Irrigated,3995.84,167703.67
Yavatmal,2023,Maize,Zaid,36.12,24.6,593.8,71.6,Clayey,5.5,107.37,52.54,32.96,Partially Irrigated,3224.72,116483.54
Yavatmal,2023,Maize,Zaid,32.21,26.9,807.8,61.3,Laterite,6.05,77.88,67.51,72.46,Irrigated,4443.51,143121.38
Yavatmal,2023,Maize,Kharif,46.8,20.7,564.3,87.1,Black,5.32,66.84,57.89,45.32,Rainfed,2724.62,127521.1
Yavatmal,2023,Rice,Zaid,39.49,25.3,1481.6,64.6,Sandy,6.75,135.49,74.1,59.5,Rainfed,4530.47,178888.36
Yavatmal,2023,Soybean,Zaid,25.11,29.2,582.1,84.7,Red,5.51,11.33,127.53,81.86,Irrigated,3521.4,88438.33
Yavatmal,2023,Soybean,Zaid,4.42,18.6,641.7,40.1,Sandy,6.49,32.78,73.39,52.55,Rainfed,2061.08,9101.45
Yavatmal,2023,Soybean,Zaid,5.65,24.3,546.4,50.2,Sandy,6.1,22.37,83.75,4.56,Irrigated,1836.78,10370.59
Yavatmal,2023,Soybean,Zaid,42.58,25.4,352.2,65.4,Black,7.09,23.26,88.49,55.74,Irrigated,2131.63,90757.77
Yavatmal,2023,Soybean,Kharif,1.84,25.1,604.9,80.0,Laterite,6.32,24.1,36.24,40.35,Rainfed,1466.98,2703.25
Yavatmal,2023,Sugarcane,Rabi,40.34,32.6,2551.7,66.6,Red,7.54,142.81,95.01,117.13,Rainfed,46282.23,1866930.3
Yavatmal,2023,Sugarcane,Rabi,31.2,34.8,2191.0,67.7,Clayey,6.79,198.16,83.26,88.87,Partially Irrigated,68008.86,2121823.81
Yavatmal,2023,Sunflower,Zaid,30.72,21.5,277.5,60.3,Red,6.66,86.04,56.33,49.01,Partially Irrigated,1333.35,40957.13
Yavatmal,2023,Wheat,Rabi,8.38,20.5,657.1,56.5,Loamy,6.58,88.37,44.7,72.73,Rainfed,2576.11,21578.82
Ahmednagar,2024,Bajra,Rabi,30.27,27.4,467.7,76.6,Sandy,8.13,55.56,33.78,38.61,Partially Irrigated,1804.77,54623.92
Ahmednagar,2024,Bajra,Kharif,16.24,36.7,348.0,55.3,Laterite,6.78,30.23,39.05,35.17,Irrigated,1291.94,20975.61
Ahmednagar,2024,Bajra,Zaid,15.54,27.1,479.0,59.9,Sandy,8.15,67.18,50.2,32.63,Partially Irrigated,2333.81,36267.54
Ahmednagar,2024,Cotton,Rabi,5.36,30.1,845.9,89.2,Sandy,6.96,96.83,34.26,34.83,Irrigated,2160.74,11582.63
Ahmednagar,2024,Cotton,Kharif,32.71,27.2,703.7,83.5,Laterite,7.12,71.48,52.84,42.88,Irrigated,2481.0,81144.75
Ahmednagar,2024,Cotton,Zaid,42.09,31.6,560.4,61.9,Black,5.79,39.04,46.64,45.61,Partially Irrigated,1877.77,79032.11
Ahmednagar,2024,Cotton,Rabi,15.72,27.0,753.2,56.1,Red,6.99,92.53,67.18,34.58,Rainfed,1924.87,30267.04
Ahmednagar,2024,Groundnut,Rabi,19.04,23.7,497.2,68.0,Black,6.51,26.25,70.04,30.63,Rainfed,1388.13,26424.64
Ahmednagar,2024,Groundnut,Kharif,34.31,27.3,630.2,52.5,Loamy,6.66,35.16,70.97,95.01,Rainfed,2123.87,72874.38
Ahmednagar,2024,Groundnut,Rabi,45.98,26.4,797.7,76.0,Sandy,6.0,35.83,81.96,35.92,Partially Irrigated,2239.74,102972.69
Ahmednagar,2024,Groundnut,Zaid,16.31,26.8,559.6,60.3,Sandy,6.24,42.19,50.89,98.86,Irrigated,2746.77,44792.84
Ahmednagar,2024,Groundnut,Rabi,15.38,23.7,413.3,58.3,Black,6.07,28.67,66.52,36.9,Partially Irrigated,1396.24,21467.3
Ahmednagar,2024,Groundnut,Kharif,30.94,27.9,657.6,76.5,Black,6.94,14.24,59.62,63.85,Irrigated,1671.11,51696.72
Ahmednagar,2024,Jowar,Kharif,21.13,30.4,653.0,77.7,Clayey,6.07,50.72,15.71,28.23,Irrigated,1750.58,36989.06
Ahmednagar,2024,Jowar,Zaid,12.9,27.8,721.0,77.4,Red,6.64,94.77,55.2,23.45,Partially Irrigated,2135.25,27538.58
Ahmednagar,2024,Maize,Kharif,35.18,24.8,479.3,80.8,Laterite,5.97,106.24,53.14,47.17,Irrigated,4324.84,152165.18
Ahmednagar,2024,Rice,Kharif,14.24,27.7,1685.2,57.4,Laterite,5.71,107.18,81.11,36.21,Partially Irrigated,4683.71,66706.08
Ahmednagar,2024,Rice,Zaid,36.23,28.1,1588.5,46.0,Red,6.87,104.23,29.53,80.82,Rainfed,3615.2,130975.33
Ahmednagar,2024,Rice,Zaid,33.24,23.0,812.2,42.5,Red,6.76,106.6,70.03,44.72,Rainfed,3404.64,113168.47
Ahmednagar,2024,Rice,Zaid,34.28,25.4,1574.9,55.8,Black,6.06,47.11,66.38,42.78,Irrigated,5216.97,178819.32
Ahmednagar,2024,Rice,Rabi,33.5,26.4,1726.0,55.8,Sandy,5.81,39.74,31.29,49.91,Irrigated,3441.65,115285.97
Ahmednagar,2024,Soybean,Kharif,16.07,18.8,566.4,42.7,Red,6.81,41.0,61.94,47.97,Partially Irrigated,2620.99,42130.44
Ahmednagar,2024,Soybean,Rabi,8.4,21.0,648.3,78.9,Clayey,6.08,21.11,50.01,43.57,Irrigated,1907.49,16021.35
Ahmednagar,2024,Soybean,Zaid,2.01,24.7,592.5,62.4,Red,6.48,35.72,72.08,37.96,Rainfed,1851.13,3721.57
Ahmednagar,2024,Sunflower,Zaid,1.83,26.5,310.5,43.9,Sandy,7.39,108.39,55.12,32.41,Rainfed,1121.56,2056.65
Ahmednagar,2024,Sunflower,Zaid,8.42,19.7,520.4,68.8,Loamy,6.48,97.83,22.66,28.83,Irrigated,1383.44,11647.89
Ahmednagar,2024,Sunflower,Kharif,20.97,27.6,621.6,42.4,Laterite,7.08,43.15,19.77,68.82,Partially Irrigated,811.62,17019.15
Ahmednagar,2024,Wheat,Zaid,31.02,21.5,637.5,46.0,Laterite,6.18,129.07,59.4,46.88,Irrigated,3429.7,106375.76
Ahmednagar,2024,Wheat,Rabi,39.77,16.0,437.3,89.7,Sandy,6.35,63.31,74.14,63.71,Partially Irrigated,3117.07,123968.13
Ahmednagar,2024,Wheat,Rabi,6.11,23.4,641.3,52.4,Clayey,6.79,82.92,50.4,31.45,Rainfed,1940.09,11845.86
Akola,2024,Bajra,Zaid,42.03,28.5,528.7,81.2,Loamy,7.03,43.28,21.43,30.91,Rainfed,1067.6,44870.41
Akola,2024,Bajra,Zaid,20.74,31.7,364.9,50.2,Clayey,7.1,71.95,47.03,27.81,Irrigated,1826.82,37882.73
Akola,2024,Bajra,Rabi,49.66,29.2,483.0,84.8,Loamy,6.93,91.15,33.3,24.9,Partially Irrigated,1934.56,96069.99
Akola,2024,Bajra,Kharif,29.79,36.5,425.6,68.5,Loamy,7.87,96.33,52.7,38.5,Partially Irrigated,2123.35,63263.59
Akola,2024,Bajra,Kharif,16.58,30.3,366.0,83.0,Red,8.09,39.6,37.88,29.52,Irrigated,1637.69,27154.04
Akola,2024,Bajra,Rabi,1.25,31.8,258.0,88.1,Clayey,6.34,54.59,34.89,40.64,Partially Irrigated,1282.5,1598.38
Akola,2024,Bajra,Zaid,44.88,26.6,313.2,87.6,Red,7.51,65.13,39.55,29.02,Irrigated,1740.09,78086.98
Akola,2024,Bajra,Rabi,31.89,36.1,410.6,70.0,Red,7.76,76.54,55.99,31.81,Rainfed,1828.29,58311.84
Akola,2024,Cotton,Rabi,49.71,32.8,1189.3,76.5,Laterite,6.65,78.66,46.7,40.91,Rainfed,1219.16,60608.0
Akola,2024,Cotton,Zaid,36.73,36.2,962.2,58.7,Sandy,6.77,76.88,46.98,37.56,Rainfed,1361.91,50026.2
Akola,2024,Cotton,Zaid,47.77,25.6,711.1,49.3,Sandy,7.02,71.09,42.21,44.44,Partially Irrigated,2043.09,97603.83
Akola,2024,Cotton,Kharif,28.35,30.6,623.8,80.7,Black,7.54,82.61,32.35,50.32,Rainfed,1850.15,52460.86
Akola,2024,Cotton,Kharif,26.28,32.0,1114.3,62.8,Clayey,7.26,71.2,58.16,28.05,Partially Irrigated,1593.92,41887.61
Akola,2024,Groundnut,Zaid,33.49,32.7,451.5,41.0,Red,6.45,45.57,16.32,74.1,Partially Irrigated,1790.36,59966.91
Akola,2024,Groundnut,Zaid,44.11,20.1,376.5,55.2,Sandy,6.57,39.36,77.22,88.68,Rainfed,1660.0,73220.77
Akola,2024,Groundnut,Rabi,45.51,23.2,510.5,54.5,Laterite,6.26,32.39,68.03,36.62,Rainfed,1237.19,56306.52
Akola,2024,Groundnut,Kharif,16.63,28.8,672.1,87.7,Sandy,6.42,22.21,62.11,73.01,Rainfed,1610.86,26782.79
Akola,2024,Jowar,Rabi,29.41,34.4,502.3,53.4,Sandy,7.73,42.09,64.15,32.12,Irrigated,2503.76,73629.09
Akola,2024,Jowar,Zaid,49.72,29.8,578.9,79.3,Sandy,6.16,47.52,31.72,28.05,Irrigated,2022.83,100580.88
Akola,2024,Jowar,Rabi,39.47,30.7,610.8,81.6,Clayey,6.95,42.48,28.16,22.36,Irrigated,1762.87,69583.05
Akola,2024,Jowar,Zaid,12.44,35.7,474.1,55.6,Laterite,6.49,67.06,47.2,26.88,Partially Irrigated,2044.34,25438.94
Akola,2024,Maize,Kharif,34.73,21.5,510.6,89.9,Red,6.32,90.16,52.62,36.83,Irrigated,3769.69,130919.6
Akola,2024,Maize,Zaid,11.73,25.9,418.6,59.6,Clayey,6.57,83.78,63.54,54.52,Rainfed,3094.94,36292.54
Akola,2024,Maize,Zaid,34.36,21.0,718.6,84.4,Laterite,5.6,139.27,57.43,41.42,Rainfed,3313.41,113838.76
Akola,2024,Rice,Zaid,33.91,27.6,1312.6,41.9,Loamy,5.96,130.17,24.51,57.22,Partially Irrigated,4610.17,156320.61
Akola,2024,Rice,Rabi,45.04,31.2,1577.1,86.5,Red,7.18,116.59,32.72,56.03,Irrigated,4613.29,207805.55
Akola,2024,Soybean,Rabi,48.33,23.1,726.3,85.3,Clayey,6.66,15.04,63.38,32.7,Partially Irrigated,1568.56,75814.59
Akola,2024,Soybean,Zaid,27.05,24.9,649.5,81.2,Clayey,6.85,40.48,64.28,56.52,Irrigated,3536.73,95659.79
Akola,2024,Soybean,Kharif,31.99,24.5,664.1,84.7,Clayey,6.29,33.49,71.81,72.26,Partially Irrigated,3071.0,98249.77
Akola,2024,Soybean,Kharif,28.74,20.8,465.9,48.7,Sandy,6.68,39.95,35.11,50.86,Rainfed,1728.48,49681.23
Akola,2024,Sugarcane,Zaid,46.48,34.7,1628.7,87.6,Clayey,7.43,267.18,78.51,71.39,Irrigated,88973.3,4135376.42
Akola,2024,Sugarcane,Kharif,45.47,26.8,1364.8,79.8,Sandy,6.45,292.47,66.76,98.3,Rainfed,54965.7,2499468.59
Akola,2024,Sugarcane,Rabi,32.61,32.7,1797.4,81.5,Loamy,6.88,285.66,87.39,89.27,Irrigated,98470.06,3210670.45
Akola,2024,Sugarcane,Zaid,44.32,28.0,1706.5,50.3,Sandy,6.91,238.53,79.37,123.61,Irrigated,86266.9,3823406.98
Akola,2024,Wheat,Kharif,34.84,19.2,461.9,63.7,Loamy,6.42,167.67,98.59,38.4,Rainfed,3861.7,134537.42
Amravati,2024,Bajra,Kharif,1.59,39.8,499.2,88.1,Black,6.85,104.3,48.89,31.14,Rainfed,1720.68,2738.34
Amravati,2024,Bajra,Rabi,46.39,32.8,472.6,51.8,Laterite,7.15,43.56,60.81,26.77,Irrigated,1752.47,81293.2
Amravati,2024,Bajra,Rabi,20.67,30.7,318.5,57.3,Clayey,7.33,85.83,36.99,34.66,Partially Irrigated,2098.06,43360.3
Amravati,2024,Cotton,Kharif,25.34,30.4,696.3,42.4,Loamy,7.64,90.55,59.52,36.54,Irrigated,2709.8,68671.11
Amravati,2024,Cotton,Kharif,45.15,28.6,697.6,47.6,Red,7.24,67.61,46.56,41.14,Irrigated,2015.26,90980.44
Amravati,2024,Cotton,Rabi,47.96,29.6,1063.6,53.2,Red,6.89,89.24,20.43,41.68,Partially Irrigated,1786.01,85657.82
Amravati,2024,Cotton,Kharif,26.92,25.1,510.1,45.8,Clayey,7.42,58.17,35.02,47.71,Partially Irrigated,1442.82,38843.03
Amravati,2024,Groundnut,Zaid,6.29,30.6,497.7,53.7,Black,6.15,31.88,74.93,63.02,Rainfed,1753.97,11038.5
Amravati,2024,Groundnut,Rabi,43.08,19.3,790.3,60.5,Red,6.11,29.39,60.72,60.39,Irrigated,2147.03,92486.95
Amravati,2024,Groundnut,Kharif,41.26,26.8,433.8,66.2,Sandy,6.72,36.52,24.37,75.92,Partially Irrigated,1908.89,78760.35
Amravati,2024,Groundnut,Rabi,14.52,29.4,552.2,74.4,Black,6.5,32.05,49.79,73.78,Rainfed,1648.55,23943.83
Amravati,2024,Jowar,Zaid,13.6,31.1,496.7,81.9,Red,6.24,56.55,43.5,37.4,Rainfed,1802.94,24527.75
Amravati,2024,Jowar,Zaid,11.05,27.9,307.2,50.8,Clayey,7.27,53.44,44.21,12.21,Irrigated,1535.97,16976.5
Amravati,2024,Maize,Kharif,38.93,25.5,901.5,88.8,Black,6.84,117.75,44.69,41.4,Partially Irrigated,2784.07,108371.62
Amravati,2024,Maize,Zaid,38.42,20.5,842.2,67.3,Black,6.42,65.33,46.96,64.7,Partially Irrigated,3284.56,126186.11
Amravati,2024,Maize,Kharif,34.58,23.8,852.1,85.0,Black,6.24,128.47,34.12,33.6,Partially Irrigated,3396.46,117464.46
Amravati,2024,Maize,Zaid,31.85,27.9,578.8,84.6,Laterite,5.87,58.74,46.92,44.79,Irrigated,2871.75,91470.87
Amravati,2024,Rice,Rabi,21.82,34.6,1160.9,64.5,Red,4.89,121.01,39.83,44.97,Rainfed,3095.9,67542.42
Amravati,2024,Rice,Zaid,25.78,28.8,1588.3,66.5,Laterite,5.99,94.8,32.73,64.2,Irrigated,4230.32,109060.21
Amravati,2024,Rice,Rabi,5.06,25.5,1150.4,67.6,Laterite,5.73,133.23,42.18,64.45,Rainfed,3687.06,18654.7
Amravati,2024,Rice,Zaid,44.28,28.1,1441.0,70.5,Sandy,6.3,134.66,60.45,45.47,Rainfed,4854.26,214948.72
Amravati,2024,Rice,Rabi,11.96,33.7,2349.7,44.1,Sandy,6.34,112.02,71.09,48.59,Irrigated,4399.4,52595.71
Amravati,2024,Soybean,Rabi,18.54,20.7,347.4,46.9,Loamy,6.83,33.91,69.74,60.84,Irrigated,2691.01,49891.51
Amravati,2024,Soybean,Kharif,29.54,26.8,645.3,57.3,Clayey,6.27,15.61,36.5,46.98,Partially Irrigated,1641.19,48473.49
Amravati,2024,Soybean,Zaid,43.47,22.8,582.6,63.2,Black,6.79,37.31,94.04,49.47,Irrigated,2985.93,129805.33
Amravati,2024,Soybean,Kharif,7.35,27.4,567.6,54.7,Black,5.3,27.93,45.31,57.48,Partially Irrigated,1890.99,13901.33
Amravati,2024,Soybean,Kharif,21.6,22.1,668.2,54.6,Sandy,6.65,36.7,48.6,28.7,Irrigated,2202.04,47561.69
Amravati,2024,Soybean,Zaid,17.92,20.8,763.4,56.2,Laterite,7.04,23.74,40.9,37.4,Rainfed,1326.3,23771.98
Amravati,2024,Sugarcane,Kharif,8.08,29.1,2709.2,81.3,Red,6.03,180.94,92.77,78.47,Irrigated,66431.41,536950.65
Amravati,2024,Sugarcane,Zaid,28.5,25.3,2912.5,85.5,Laterite,6.26,143.32,79.03,71.64,Rainfed,35100.13,1000461.09
Amravati,2024,Sugarcane,Kharif,46.47,33.2,2284.3,54.5,Black,6.21,237.15,83.16,78.52,Partially Irrigated,74427.2,3458339.87
Amravati,2024,Sugarcane,Rabi,9.19,34.4,2830.7,54.1,Laterite,5.99,153.75,113.4,105.1,Partially Irrigated,60974.81,560384.09
Amravati,2024,Sunflower,Zaid,7.62,29.1,427.6,41.4,Clayey,7.02,74.62,48.01,67.55,Irrigated,1551.36,11821.2
Amravati,2024,Wheat,Rabi,17.09,23.4,548.1,87.8,Red,6.68,134.91,46.28,34.88,Partially Irrigated,2730.02,46654.79
Amravati,2024,Wheat,Rabi,27.57,12.0,550.1,61.4,Black,6.42,145.79,70.83,33.86,Rainfed,2665.09,73482.64
Amravati,2024,Wheat,Rabi,8.34,18.5,402.3,58.9,Loamy,7.63,137.79,47.42,45.03,Rainfed,2613.64,21786.07
Amravati,2024,Wheat,Rabi,12.6,15.6,425.1,46.1,Black,6.95,53.09,80.26,70.72,Rainfed,2135.89,26916.69
Amravati,2024,Wheat,Kharif,30.93,23.2,640.4,44.4,Black,6.12,149.76,85.55,10.91,Rainfed,2076.84,64229.38
Aurangabad,2024,Bajra,Kharif,7.41,23.2,414.8,82.1,Loamy,7.69,51.2,59.74,25.33,Rainfed,1348.53,9996.56
Aurangabad,2024,Bajra,Kharif,3.78,30.0,448.6,51.6,Clayey,6.77,52.99,47.13,24.08,Partially Irrigated,1549.41,5852.29
Aurangabad,2024,Bajra,Kharif,6.49,29.0,465.5,60.8,Loamy,7.7,19.66,46.18,31.34,Rainfed,1072.39,6962.38
Aurangabad,2024,Bajra,Kharif,17.33,30.7,478.2,58.2,Laterite,6.86,94.79,52.77,45.58,Partially Irrigated,2406.51,41710.36
Aurangabad,2024,Bajra,Kharif,16.32,25.8,461.8,52.6,Clayey,7.08,65.79,13.38,38.71,Partially Irrigated,1385.36,22606.8
Aurangabad,2024,Bajra,Zaid,26.93,29.5,404.9,80.8,Black,7.1,76.88,46.1,10.6,Partially Irrigated,1618.52,43588.76
Aurangabad,2024,Cotton,Kharif,19.07,29.3,544.5,78.1,Black,6.6,38.45,35.99,22.62,Rainfed,913.94,17432.05
Aurangabad,2024,Cotton,Zaid,31.68,29.0,1274.0,40.4,Loamy,6.75,72.67,25.56,49.33,Irrigated,1622.72,51404.65
Aurangabad,2024,Cotton,Kharif,46.87,33.0,1058.1,82.4,Loamy,7.46,67.85,45.2,0.0,Partially Irrigated,1011.55,47409.54
Aurangabad,2024,Cotton,Kharif,14.45,29.8,681.6,90.0,Laterite,7.15,111.19,37.74,38.17,Irrigated,2769.69,40018.91
Aurangabad,2024,Cotton,Zaid,40.51,28.8,870.2,57.5,Red,6.63,46.65,46.61,4.81,Irrigated,1189.35,48176.61
Aurangabad,2024,Cotton,Kharif,22.85,30.6,601.1,59.3,Black,6.92,98.66,54.43,45.3,Partially Irrigated,2385.72,54519.12
Aurangabad,2024,Cotton,Zaid,40.66,33.4,576.6,69.7,Laterite,6.79,83.49,49.65,47.9,Rainfed,1610.29,65479.69
Aurangabad,2024,Groundnut,Kharif,13.06,17.8,541.7,67.5,Loamy,6.93,38.81,69.78,71.82,Irrigated,2236.45,29202.21
Aurangabad,2024,Groundnut,Kharif,28.82,30.6,453.5,44.3,Red,6.8,26.16,39.32,72.88,Irrigated,1695.38,48867.81
Aurangabad,2024,Groundnut,Rabi,1.48,23.5,561.5,80.2,Black,7.15,31.18,56.64,46.4,Rainfed,1435.06,2119.53
Aurangabad,2024,Groundnut,Rabi,34.71,27.3,690.7,42.5,Loamy,7.06,26.88,55.99,56.95,Irrigated,2118.54,73531.03
Aurangabad,2024,Groundnut,Zaid,29.07,29.7,620.0,85.1,Loamy,7.31,22.69,51.61,57.42,Rainfed,1523.65,44286.95
Aurangabad,2024,Jowar,Rabi,20.99,24.1,602.8,72.0,Loamy,6.89,77.87,37.0,26.68,Irrigated,2687.45,56417.56
Aurangabad,2024,Jowar,Zaid,14.51,30.9,426.4,86.7,Loamy,6.9,47.31,37.06,35.88,Partially Irrigated,2000.71,29035.64
Aurangabad,2024,Jowar,Zaid,3.52,24.6,508.4,50.0,Sandy,7.0,76.98,61.13,22.44,Partially Irrigated,2166.35,7629.59
Aurangabad,2024,Jowar,Zaid,8.58,30.5,510.2,83.0,Clayey,7.15,65.91,48.06,27.04,Rainfed,2153.32,18476.84
Aurangabad,2024,Jowar,Rabi,19.17,26.7,410.1,72.3,Black,6.58,58.46,20.71,21.26,Irrigated,1964.2,37645.66
Aurangabad,2024,Jowar,Kharif,17.74,25.7,475.9,69.4,Black,7.4,39.76,43.04,23.13,Irrigated,2187.87,38818.52
Aurangabad,2024,Jowar,Kharif,25.51,27.3,487.2,76.3,Red,7.37,85.83,34.99,34.31,Rainfed,1966.16,50151.37
Aurangabad,2024,Maize,Rabi,7.32,34.0,713.7,68.9,Laterite,6.7,93.03,64.11,61.58,Rainfed,2912.93,21326.17
Aurangabad,2024,Maize,Rabi,39.65,27.1,806.6,82.0,Black,6.77,109.06,44.9,34.13,Partially Irrigated,3077.66,122025.41
Aurangabad,2024,Maize,Zaid,14.77,24.9,614.4,86.3,Red,6.4,120.11,26.36,45.33,Irrigated,3694.14,54548.21
Aurangabad,2024,Maize,Rabi,25.93,26.2,609.0,60.1,Laterite,7.06,94.9,20.61,27.89,Partially Irrigated,2452.58,63601.4
Aurangabad,2024,Rice,Rabi,43.59,29.3,1669.8,50.1,Sandy,5.13,61.6,70.32,53.47,Irrigated,4113.17,179273.53
Aurangabad,2024,Soybean,Kharif,10.01,20.4,611.8,57.8,Laterite,6.77,46.21,42.67,22.2,Irrigated,2488.82,24905.23
Aurangabad,2024,Soybean,Zaid,25.79,21.2,538.8,60.8,Laterite,5.65,23.39,65.92,59.99,Irrigated,2670.16,68871.8
Aurangabad,2024,Soybean,Zaid,30.73,22.7,712.1,45.3,Laterite,6.4,44.9,65.53,59.25,Irrigated,3510.6,107867.89
Aurangabad,2024,Soybean,Kharif,33.6,26.2,588.6,46.7,Clayey,5.8,26.59,78.87,45.13,Irrigated,2562.44,86105.0
Aurangabad,2024,Soybean,Kharif,1.5,24.6,610.1,74.4,Loamy,7.25,36.52,63.69,56.46,Rainfed,2132.55,3206.24
Aurangabad,2024,Sugarcane,Rabi,23.76,30.8,1963.7,81.5,Black,6.72,112.79,77.08,90.16,Irrigated,63096.78,1499183.43
Aurangabad,2024,Sunflower,Rabi,11.25,20.2,479.6,87.9,Loamy,7.11,100.46,39.41,76.27,Irrigated,2123.81,23882.63
Aurangabad,2024,Sunflower,Zaid,1.91,26.3,789.6,56.2,Loamy,6.91,97.94,41.41,26.18,Partially Irrigated,1106.22,2115.02
Aurangabad,2024,Sunflower,Kharif,4.8,26.9,462.7,70.6,Loamy,6.69,87.76,73.41,39.53,Irrigated,1915.45,9202.62
Aurangabad,2024,Sunflower,Kharif,25.44,22.2,236.2,67.3,Laterite,6.66,74.86,47.72,68.85,Partially Irrigated,1142.33,29057.74
Aurangabad,2024,Wheat,Rabi,18.22,16.7,373.0,75.4,Clayey,7.18,47.64,86.1,30.95,Partially Irrigated,2252.52,41032.95
Aurangabad,2024,Wheat,Zaid,49.89,22.5,484.7,81.2,Sandy,6.6,117.32,59.49,43.98,Irrigated,3211.77,160239.88
Aurangabad,2024,Wheat,Zaid,37.31,24.4,445.3,41.1,Black,5.92,131.58,69.34,42.74,Rainfed,2352.92,87794.35
Aurangabad,2024,Wheat,Kharif,18.33,18.1,609.9,69.9,Red,6.99,30.18,43.74,70.33,Irrigated,2678.17,49102.78
Aurangabad,2024,Wheat,Kharif,26.83,12.4,620.3,68.0,Loamy,6.0,161.55,84.6,72.31,Irrigated,4997.07,134064.61
Aurangabad,2024,Wheat,Kharif,37.77,27.5,742.4,77.8,Laterite,6.37,154.13,83.85,42.27,Irrigated,3124.21,118003.2
Dhule,2024,Bajra,Kharif,30.81,27.8,431.0,43.8,Clayey,6.63,54.48,36.51,25.64,Rainfed,1352.31,41661.73
Dhule,2024,Bajra,Kharif,23.44,28.7,746.3,73.7,Clayey,8.35,61.43,43.63,38.81,Partially Irrigated,1459.12,34205.82
Dhule,2024,Bajra,Rabi,45.54,34.2,426.1,48.0,Clayey,7.05,64.83,39.15,22.94,Irrigated,2072.61,94386.99
Dhule,2024,Cotton,Kharif,8.21,29.9,959.3,52.9,Red,7.19,79.22,15.19,38.93,Irrigated,1825.42,14980.46
Dhule,2024,Cotton,Zaid,32.03,36.2,303.6,77.3,Sandy,7.27,101.47,62.68,48.19,Partially Irrigated,1953.56,62572.42
Dhule,2024,Cotton,Kharif,1.91,28.5,790.2,64.2,Sandy,5.98,80.29,36.15,28.55,Rainfed,1471.08,2806.38
Dhule,2024,Cotton,Zaid,47.55,25.4,912.6,72.6,Sandy,7.96,55.45,50.28,38.21,Partially Irrigated,1347.49,64068.53
Dhule,2024,Cotton,Kharif,22.35,29.7,1012.4,65.6,Black,7.41,51.51,31.28,39.96,Irrigated,1944.69,43465.98
Dhule,2024,Groundnut,Rabi,14.4,30.1,792.1,41.3,Clayey,6.57,19.68,70.04,82.32,Partially Irrigated,2004.01,28859.0
Dhule,2024,Jowar,Rabi,14.71,23.9,419.0,77.9,Loamy,6.7,85.24,46.16,35.37,Irrigated,2947.99,43363.74
Dhule,2024,Jowar,Kharif,19.48,30.4,458.0,73.9,Loamy,6.53,45.43,18.64,31.93,Rainfed,1381.73,26913.79
Dhule,2024,Jowar,Rabi,2.13,26.6,435.6,48.3,Laterite,7.03,43.97,47.51,27.55,Irrigated,2026.95,4326.23
Dhule,2024,Jowar,Zaid,42.76,26.2,395.8,48.9,Black,6.52,62.86,46.9,20.99,Rainfed,1584.77,67757.57
Dhule,2024,Jowar,Kharif,4.68,26.9,456.1,74.3,Clayey,6.64,53.01,35.39,25.37,Irrigated,2186.5,10224.94
Dhule,2024,Jowar,Rabi,36.79,30.8,339.0,65.5,Red,7.24,54.65,38.7,19.45,Rainfed,1346.56,49541.48
Dhule,2024,Maize,Kharif,16.58,17.7,803.3,80.8,Red,6.1,98.1,35.33,49.97,Partially Irrigated,2427.09,40243.96
Dhule,2024,Maize,Kharif,31.44,24.9,853.0,82.7,Red,6.66,100.99,32.41,72.34,Partially Irrigated,3864.25,121473.45
Dhule,2024,Maize,Zaid,37.11,25.3,506.0,42.5,Loamy,5.93,114.32,56.4,100.44,Irrigated,5800.18,215233.65
Dhule,2024,Rice,Rabi,11.21,38.1,1946.0,77.1,Laterite,5.96,62.4,55.94,48.24,Rainfed,2305.73,25842.64
Dhule,2024,Rice,Zaid,41.03,27.1,1504.1,66.0,Loamy,5.46,75.8,54.63,53.14,Partially Irrigated,4400.86,180560.3
Dhule,2024,Rice,Rabi,15.43,28.2,2021.5,62.5,Laterite,6.31,148.86,55.29,40.25,Irrigated,5853.24,90290.35
Dhule,2024,Rice,Rabi,20.14,22.6,2147.7,62.6,Laterite,5.9,88.38,25.53,37.42,Irrigated,3330.16,67069.41
Dhule,2024,Rice,Rabi,1.29,35.7,1294.5,86.5,Black,6.18,68.48,68.24,52.09,Irrigated,5445.45,7025.89
Dhule,2024,Soybean,Rabi,41.96,21.9,813.8,48.7,Red,6.26,24.12,107.07,56.07,Rainfed,1924.9,80774.43
Dhule,2024,Soybean,Zaid,30.6,22.6,647.3,49.0,Clayey,6.51,25.63,57.98,80.81,Rainfed,1994.68,61038.31
Dhule,2024,Soybean,Rabi,6.07,29.0,448.2,75.2,Clayey,7.07,37.66,44.86,52.18,Irrigated,2838.09,17241.05
Dhule,2024,Soybean,Rabi,10.88,33.1,492.3,89.9,Red,6.37,41.61,59.87,54.49,Irrigated,2609.91,28393.66
Dhule,2024,Soybean,Kharif,36.18,32.0,558.9,40.4,Red,7.02,45.56,99.83,78.05,Irrigated,2839.78,102737.14
Dhule,2024,Sugarcane,Zaid,28.33,30.5,809.6,68.1,Red,6.18,137.93,94.72,111.56,Irrigated,54220.52,1536213.43
Dhule,2024,Sugarcane,Zaid,2.82,36.5,2643.1,76.9,Clayey,7.11,222.21,75.45,78.54,Partially Irrigated,61457.54,173121.27
Dhule,2024,Sugarcane,Zaid,16.54,23.3,1655.1,41.8,Laterite,6.89,160.95,82.06,77.59,Irrigated,58534.46,968199.07
Dhule,2024,Sugarcane,Rabi,28.92,30.5,1116.5,71.3,Clayey,6.06,224.15,102.98,139.13,Partially Irrigated,86175.76,2492610.66
Dhule,2024,Sunflower,Zaid,47.5,29.5,451.2,86.1,Loamy,7.63,78.44,34.0,44.23,Irrigated,1337.91,63553.86
Dhule,2024,Sunflower,Kharif,24.57,24.6,709.9,58.1,Laterite,7.35,77.94,72.94,56.79,Irrigated,1695.63,41659.44
Dhule,2024,Sunflower,Kharif,44.98,24.1,497.6,71.5,Loamy,6.87,128.62,33.4,67.81,Partially Irrigated,1634.67,73522.4
Dhule,2024,Sunflower,Rabi,22.26,26.6,348.7,44.3,Red,6.23,101.98,53.82,45.93,Irrigated,1506.65,33531.21
Dhule,2024,Sunflower,Kharif,37.15,25.2,445.6,45.7,Sandy,7.45,72.59,46.93,64.02,Rainfed,1032.09,38342.25
Dhule,2024,Wheat,Zaid,14.16,13.2,486.4,79.9,Black,6.15,85.92,51.23,44.72,Rainfed,1697.98,24042.63
Dhule,2024,Wheat,Kharif,47.31,15.5,719.1,65.0,Laterite,6.83,207.97,53.52,39.08,Rainfed,2935.29,138857.46
Dhule,2024,Wheat,Rabi,29.27,17.3,537.0,77.5,Laterite,5.91,203.38,60.44,20.55,Partially Irrigated,3185.1,93225.4
Dhule,2024,Wheat,Rabi,45.65,24.4,777.8,41.4,Loamy,6.86,87.91,53.71,34.17,Rainfed,1575.71,71932.16
Dhule,2024,Wheat,Zaid,42.16,14.9,570.3,62.6,Laterite,6.46,111.92,45.58,52.84,Rainfed,2465.37,103951.87
Dhule,2024,Wheat,Kharif,44.4,20.8,382.3,81.6,Black,7.48,117.7,84.65,62.85,Irrigated,4635.38,205833.09
Dhule,2024,Wheat,Kharif,6.46,19.6,758.9,60.5,Red,6.48,156.24,82.48,59.18,Partially Irrigated,3720.95,24042.68
Dhule,2024,Wheat,Zaid,28.78,25.8,478.4,53.3,Red,6.74,244.82,62.08,48.29,Irrigated,4529.59,130382.78
Jalgaon,2024,Bajra,Rabi,25.13,29.4,295.4,52.3,Sandy,7.13,71.28,40.55,35.61,Irrigated,2380.49,59812.2
Jalgaon,2024,Bajra,Kharif,13.11,30.2,432.9,62.9,Red,7.7,62.74,40.99,32.61,Rainfed,1841.5,24142.27
Jalgaon,2024,Cotton,Zaid,12.7,32.1,955.4,51.7,Sandy,6.4,75.99,24.99,41.49,Irrigated,1791.03,22740.68
Jalgaon,2024,Cotton,Zaid,11.77,31.5,601.5,56.3,Sandy,6.7,59.95,51.6,22.29,Irrigated,1603.82,18878.41
Jalgaon,2024,Cotton,Zaid,23.0,31.9,943.0,55.8,Black,7.4,54.76,70.17,33.51,Partially Irrigated,2231.65,51322.95
Jalgaon,2024,Cotton,Kharif,48.49,33.7,830.3,45.4,Loamy,7.18,80.8,45.55,37.63,Irrigated,2010.57,97492.75
Jalgaon,2024,Groundnut,Kharif,34.28,27.5,856.2,44.3,Red,7.69,39.13,43.39,103.22,Irrigated,2311.11,79215.74
Jalgaon,2024,Groundnut,Kharif,26.76,36.1,472.3,50.7,Laterite,6.8,41.7,42.45,67.03,Irrigated,2052.76,54936.17
Jalgaon,2024,Groundnut,Kharif,1.23,26.7,563.1,84.1,Laterite,6.73,23.17,54.79,65.78,Irrigated,1815.21,2234.36
Jalgaon,2024,Groundnut,Kharif,18.43,30.2,505.5,72.0,Clayey,6.48,20.6,65.81,84.71,Rainfed,1317.59,24286.96
Jalgaon,2024,Groundnut,Rabi,13.22,26.9,418.7,41.8,Black,6.65,32.08,33.13,88.94,Rainfed,1294.57,17120.29
Jalgaon,2024,Groundnut,Rabi,46.74,33.7,614.7,47.6,Laterite,6.46,38.51,55.63,87.43,Irrigated,2336.33,109194.2
Jalgaon,2024,Groundnut,Rabi,5.71,23.3,768.3,73.5,Clayey,7.16,21.94,58.22,66.54,Irrigated,1611.18,9201.33
Jalgaon,2024,Jowar,Kharif,18.46,29.6,531.7,61.2,Red,5.94,65.71,35.99,36.41,Rainfed,1646.77,30402.56
Jalgaon,2024,Jowar,Zaid,27.27,21.4,447.3,88.5,Black,7.05,84.02,23.29,30.89,Irrigated,2768.3,75503.85
Jalgaon,2024,Maize,Zaid,30.64,28.3,532.0,57.9,Loamy,6.8,158.14,56.3,56.02,Irrigated,5103.26,156360.86
Jalgaon,2024,Rice,Rabi,48.09,27.8,1340.8,77.2,Laterite,6.65,128.85,47.53,51.27,Rainfed,3997.84,192244.24
Jalgaon,2024,Rice,Zaid,36.93,24.7,1720.0,43.3,Sandy,6.76,86.52,51.58,35.63,Partially Irrigated,3182.01,117498.84
Jalgaon,2024,Rice,Zaid,39.73,28.6,1517.3,61.9,Laterite,6.43,111.37,28.87,49.7,Rainfed,3354.61,133284.96
Jalgaon,2024,Soybean,Rabi,2.17,31.1,437.2,52.1,Clayey,6.68,21.13,37.81,55.33,Irrigated,1895.96,4108.48
Jalgaon,2024,Soybean,Kharif,33.37,29.1,451.9,84.2,Clayey,6.64,28.47,103.37,66.78,Partially Irrigated,2867.53,95676.31
Jalgaon,2024,Soybean,Zaid,24.54,26.8,603.0,60.9,Red,6.5,26.95,60.45,59.43,Irrigated,2924.46,71759.83
Jalgaon,2024,Sugarcane,Zaid,9.36,28.1,2702.4,58.0,Laterite,6.49,201.4,58.37,84.82,Irrigated,53960.59,504993.67
Jalgaon,2024,Sugarcane,Rabi,18.77,33.7,1832.8,49.3,Red,6.46,195.91,83.15,141.01,Irrigated,85376.35,1602932.95
Jalgaon,2024,Sugarcane,Rabi,21.86,28.1,1233.3,48.1,Loamy,7.14,79.73,87.45,112.35,Rainfed,33864.35,740240.04
Jalgaon,2024,Sugarcane,Zaid,35.25,32.2,1537.5,57.6,Sandy,6.47,227.42,81.01,115.46,Partially Irrigated,68888.06,2428348.72
Jalgaon,2024,Sunflower,Zaid,1.7,23.6,294.7,74.6,Black,6.91,36.71,14.12,62.67,Irrigated,843.22,1429.79
Jalgaon,2024,Sunflower,Rabi,31.63,21.3,503.5,47.4,Loamy,6.07,93.47,51.42,74.97,Partially Irrigated,1505.96,47639.5
Jalgaon,2024,Wheat,Rabi,11.57,19.9,432.6,65.7,Laterite,6.64,171.97,77.64,88.48,Rainfed,3022.07,34954.28
Jalgaon,2024,Wheat,Rabi,46.64,11.7,842.7,67.6,Clayey,7.05,114.65,71.66,64.06,Irrigated,2942.04,137208.03
Jalgaon,2024,Wheat,Zaid,4.7,16.8,520.7,68.2,Laterite,6.16,104.63,29.02,67.98,Rainfed,2081.96,9793.25
Jalgaon,2024,Wheat,Rabi,11.86,21.1,694.2,76.3,Black,6.79,120.4,77.6,40.91,Partially Irrigated,3109.74,36866.35
Jalgaon,2024,Wheat,Rabi,7.73,15.2,355.2,40.2,Laterite,6.89,135.49,72.9,54.36,Irrigated,3299.75,25500.78
Kolhapur,2024,Bajra,Rabi,19.3,26.0,457.7,40.1,Laterite,7.37,100.51,55.9,33.8,Irrigated,2703.08,52174.73
Kolhapur,2024,Bajra,Kharif,22.07,35.5,505.6,77.5,Laterite,7.76,31.39,22.37,26.92,Rainfed,807.8,17830.24
Kolhapur,2024,Bajra,Kharif,47.97,34.2,405.1,83.2,Red,7.7,29.47,64.4,34.37,Rainfed,1618.06,77621.51
Kolhapur,2024,Bajra,Rabi,40.65,31.6,360.7,86.6,Clayey,6.58,63.1,62.25,32.17,Rainfed,1742.82,70848.41
Kolhapur,2024,Bajra,Kharif,39.19,31.9,556.0,54.6,Sandy,7.75,81.61,21.42,37.6,Partially Irrigated,1709.0,66983.15
Kolhapur,2024,Cotton,Zaid,13.43,35.8,417.0,77.0,Laterite,7.32,92.86,50.08,53.6,Partially Irrigated,1648.82,22144.38
Kolhapur,2024,Cotton,Rabi,2.24,31.9,645.5,72.9,Loamy,7.36,52.9,33.71,45.87,Irrigated,1900.53,4264.65
Kolhapur,2024,Cotton,Kharif,19.74,34.4,741.9,79.9,Red,6.55,60.35,31.76,26.02,Rainfed,1102.85,21772.24
Kolhapur,2024,Cotton,Rabi,32.92,29.7,685.6,73.0,Red,7.8,45.35,19.49,38.23,Irrigated,1278.09,42077.76
Kolhapur,2024,Cotton,Zaid,5.17,37.9,869.1,68.2,Red,7.79,50.95,62.31,30.07,Irrigated,1694.28,8764.72
Kolhapur,2024,Cotton,Kharif,48.62,29.8,1015.8,88.0,Sandy,6.18,113.83,54.91,29.8,Irrigated,2219.98,107943.63
Kolhapur,2024,Cotton,Kharif,31.08,30.5,690.9,78.7,Black,7.59,88.75,36.17,37.87,Rainfed,1904.76,59204.96
Kolhapur,2024,Cotton,Kharif,37.0,23.7,819.0,42.1,Red,7.49,47.09,18.05,19.53,Partially Irrigated,785.36,29054.55
Kolhapur,2024,Groundnut,Rabi,5.91,23.0,678.8,51.7,Loamy,6.75,26.78,47.91,85.53,Rainfed,1302.66,7701.36
Kolhapur,2024,Groundnut,Zaid,20.67,24.2,568.5,59.6,Red,6.75,23.45,82.48,95.0,Rainfed,2259.27,46702.84
Kolhapur,2024,Groundnut,Kharif,22.6,38.6,543.6,52.9,Sandy,7.33,30.82,21.16,68.4,Partially Irrigated,1362.4,30785.76
Kolhapur,2024,Groundnut,Rabi,5.29,30.3,506.7,44.8,Loamy,7.25,31.93,59.43,23.93,Rainfed,1413.84,7483.91
Kolhapur,2024,Groundnut,Rabi,11.66,27.0,818.7,73.5,Clayey,7.61,28.55,48.58,63.82,Irrigated,1958.14,22829.47
Kolhapur,2024,Groundnut,Zaid,11.43,31.8,595.6,46.2,Sandy,6.95,12.02,54.93,79.18,Partially Irrigated,1579.33,18051.68
Kolhapur,2024,Jowar,Rabi,21.76,29.7,516.9,53.4,Black,7.7,54.93,29.37,32.25,Partially Irrigated,2237.69,48682.54
Kolhapur,2024,Jowar,Zaid,48.39,24.2,604.2,85.5,Laterite,6.55,34.03,28.1,22.08,Partially Irrigated,1355.5,65590.67
Kolhapur,2024,Jowar,Kharif,12.72,29.7,344.4,74.9,Clayey,6.99,58.46,25.68,34.3,Partially Irrigated,1953.77,24851.26
Kolhapur,2024,Maize,Kharif,37.73,28.1,832.4,77.8,Laterite,6.45,136.66,33.93,50.09,Rainfed,2865.97,108126.41
Kolhapur,2024,Maize,Zaid,11.78,23.2,616.8,65.0,Black,6.32,123.94,31.6,47.12,Rainfed,2936.74,34596.22
Kolhapur,2024,Maize,Kharif,27.71,31.3,584.4,72.3,Loamy,6.69,118.02,54.98,35.01,Irrigated,3839.48,106395.71
Kolhapur,2024,Maize,Zaid,37.29,27.9,839.9,62.4,Loamy,7.11,95.76,51.04,32.95,Partially Irrigated,2971.86,110818.96
Kolhapur,2024,Rice,Kharif,2.67,31.5,1283.2,74.5,Loamy,6.72,132.21,40.54,45.53,Irrigated,4491.97,12014.25
Kolhapur,2024,Rice,Rabi,6.66,27.8,1972.1,89.1,Laterite,7.09,67.37,36.18,43.72,Irrigated,3630.22,24177.78
Kolhapur,2024,Soybean,Zaid,25.2,22.5,599.5,75.3,Black,7.27,53.44,85.42,25.85,Partially Irrigated,2384.09,60080.64
Kolhapur,2024,Soybean,Zaid,15.29,24.3,548.7,64.2,Red,6.46,20.06,91.26,48.49,Rainfed,1828.83,27967.44
Kolhapur,2024,Soybean,Rabi,42.08,25.9,825.1,66.1,Red,6.42,21.54,15.84,78.87,Rainfed,1540.47,64825.53
Kolhapur,2024,Sugarcane,Kharif,28.88,33.3,2352.1,55.1,Clayey,7.93,214.59,93.31,120.33,Rainfed,71149.9,2055032.48
Kolhapur,2024,Sunflower,Kharif,2.79,29.7,473.4,53.1,Sandy,6.49,77.89,82.55,28.64,Partially Irrigated,1418.45,3952.64
Kolhapur,2024,Sunflower,Zaid,1.93,27.6,343.6,45.1,Red,7.19,91.21,69.22,48.2,Rainfed,1305.94,2521.71
Kolhapur,2024,Sunflower,Kharif,22.29,23.5,321.1,51.6,Red,6.74,130.41,39.98,65.41,Rainfed,1362.1,30367.5
Kolhapur,2024,Sunflower,Rabi,7.08,23.1,456.6,63.5,Laterite,6.65,88.15,15.37,66.37,Irrigated,1473.96,10429.63
Kolhapur,2024,Sunflower,Kharif,5.94,29.3,468.0,73.0,Sandy,6.5,126.11,36.41,57.98,Irrigated,1925.32,11445.82
Kolhapur,2024,Wheat,Rabi,41.94,19.7,616.4,59.7,Sandy,6.63,168.09,32.59,54.42,Irrigated,4355.01,182662.1
Kolhapur,2024,Wheat,Kharif,3.13,18.4,542.0,46.7,Sandy,6.27,64.54,57.36,59.28,Rainfed,2353.71,7373.19
Kolhapur,2024,Wheat,Rabi,45.59,20.3,612.1,45.2,Laterite,7.7,178.48,74.56,49.03,Rainfed,3834.86,174813.22
Kolhapur,2024,Wheat,Rabi,40.01,18.0,606.4,40.9,Clayey,6.21,134.77,52.45,71.03,Rainfed,2820.44,112843.73
Kolhapur,2024,Wheat,Rabi,7.91,14.8,540.0,57.4,Laterite,6.91,156.32,73.82,61.43,Irrigated,4731.01,37432.4
Kolhapur,2024,Wheat,Zaid,41.65,25.1,419.9,87.9,Black,5.81,153.45,54.31,70.38,Partially Irrigated,3216.07,133953.22
Kolhapur,2024,Wheat,Zaid,43.31,18.6,594.7,62.2,Sandy,6.68,109.06,47.63,50.25,Irrigated,3396.18,147095.54
Nagpur,2024,Bajra,Kharif,32.66,32.3,676.6,61.5,Black,7.11,39.91,43.3,31.84,Rainfed,1125.9,36775.61
Nagpur,2024,Bajra,Zaid,32.97,36.5,368.5,56.9,Clayey,8.18,58.13,38.71,27.43,Partially Irrigated,1382.77,45595.82
Nagpur,2024,Bajra,Zaid,2.84,29.1,279.3,43.7,Loamy,6.39,57.41,42.06,29.18,Partially Irrigated,1517.31,4310.79
Nagpur,2024,Bajra,Rabi,45.36,33.6,504.9,58.0,Black,7.89,55.27,34.29,29.05,Partially Irrigated,1372.01,62227.95
Nagpur,2024,Bajra,Rabi,45.03,30.2,723.0,56.6,Black,7.09,51.22,25.31,21.19,Rainfed,743.02,33454.94
Nagpur,2024,Cotton,Rabi,8.21,25.6,792.8,81.8,Laterite,6.3,45.12,8.51,25.35,Partially Irrigated,1028.8,8442.33
Nagpur,2024,Cotton,Kharif,23.52,22.9,675.1,49.9,Black,6.95,15.12,42.24,27.34,Partially Irrigated,1114.11,26207.13
Nagpur,2024,Groundnut,Kharif,11.61,27.5,463.7,79.7,Sandy,5.9,36.2,66.87,65.79,Rainfed,1716.51,19925.49
Nagpur,2024,Groundnut,Rabi,23.13,21.5,726.9,78.4,Black,6.57,21.88,31.41,80.97,Partially Irrigated,1507.07,34859.2
Nagpur,2024,Groundnut,Kharif,43.97,28.2,642.2,79.3,Red,6.46,41.31,35.32,61.19,Partially Irrigated,1867.72,82125.74
Nagpur,2024,Groundnut,Rabi,24.88,34.8,901.0,52.2,Loamy,6.53,21.02,40.07,84.25,Irrigated,1569.46,39048.53
Nagpur,2024,Groundnut,Rabi,34.18,27.4,544.2,83.4,Red,6.07,13.85,43.45,49.55,Partially Irrigated,1529.29,52267.18
Nagpur,2024,Groundnut,Zaid,40.13,26.3,719.6,83.8,Red,6.58,26.54,23.39,74.59,Irrigated,2127.29,85359.01
Nagpur,2024,Jowar,Rabi,31.25,23.3,449.1,88.1,Red,7.87,61.54,18.76,20.22,Partially Irrigated,1352.74,42273.59
Nagpur,2024,Jowar,Rabi,48.91,29.0,421.9,69.2,Red,7.05,76.14,16.1,16.51,Irrigated,2168.44,106050.53
Nagpur,2024,Jowar,Zaid,16.7,33.7,439.1,52.3,Red,7.15,57.33,9.97,26.08,Partially Irrigated,1410.3,23553.3
Nagpur,2024,Jowar,Rabi,10.99,28.6,396.1,71.1,Sandy,7.29,18.7,41.35,28.44,Partially Irrigated,1230.51,13526.33
Nagpur,2024,Jowar,Zaid,13.51,33.3,435.8,78.4,Black,5.78,69.54,39.05,33.92,Rainfed,2093.38,28288.48
Nagpur,2024,Maize,Kharif,8.59,18.5,674.3,65.6,Black,6.08,126.95,69.46,36.73,Irrigated,4680.38,40209.28
Nagpur,2024,Maize,Zaid,35.56,21.5,714.6,89.9,Laterite,6.87,108.75,22.37,50.49,Rainfed,2555.75,90888.05
Nagpur,2024,Maize,Rabi,37.78,21.9,380.4,78.8,Black,6.04,118.26,51.04,39.72,Rainfed,2552.05,96415.5
Nagpur,2024,Rice,Rabi,45.02,26.9,2377.7,68.1,Black,6.64,86.66,61.35,69.53,Partially Irrigated,4709.72,212045.11
Nagpur,2024,Rice,Kharif,28.54,29.5,1036.7,63.9,Clayey,5.86,106.0,66.67,58.37,Partially Irrigated,4881.44,139334.99
Nagpur,2024,Rice,Zaid,25.05,24.7,1792.5,78.1,Sandy,6.9,141.41,46.18,55.63,Irrigated,5178.65,129721.73
Nagpur,2024,Soybean,Kharif,44.95,21.6,602.0,56.5,Clayey,6.33,50.76,95.03,60.96,Partially Irrigated,2933.74,131868.06
Nagpur,2024,Soybean,Kharif,11.8,29.0,662.6,68.9,Laterite,5.57,31.88,74.22,54.85,Irrigated,2641.23,31176.05
Nagpur,2024,Sugarcane,Kharif,34.78,28.5,1549.9,88.3,Loamy,6.25,198.4,124.81,88.23,Irrigated,94570.93,3289576.09
Nagpur,2024,Sugarcane,Rabi,32.35,29.1,2592.8,84.5,Loamy,7.07,310.97,84.58,70.66,Partially Irrigated,70976.14,2295959.08
Nagpur,2024,Sugarcane,Zaid,24.48,28.3,1215.5,58.8,Laterite,6.51,234.38,85.54,97.03,Partially Irrigated,56623.38,1386413.86
Nagpur,2024,Sunflower,Kharif,39.68,23.1,373.5,78.1,Sandy,6.68,91.07,43.46,56.96,Rainfed,1270.42,50409.93
Nagpur,2024,Sunflower,Rabi,3.29,31.9,495.9,63.8,Loamy,7.13,83.99,26.46,53.56,Partially Irrigated,1223.57,4021.34
Nagpur,2024,Sunflower,Rabi,8.84,27.5,419.5,62.1,Clayey,7.24,17.13,42.91,61.87,Irrigated,969.98,8577.01
Nagpur,2024,Wheat,Rabi,46.97,20.9,632.6,55.6,Red,6.72,179.68,82.87,34.54,Irrigated,4317.34,202768.95
Nagpur,2024,Wheat,Kharif,32.66,21.8,413.2,89.6,Laterite,6.6,60.2,58.87,43.26,Rainfed,1843.72,60223.35
Nagpur,2024,Wheat,Rabi,38.98,18.1,746.9,51.0,Red,5.82,93.47,48.17,38.75,Partially Irrigated,2010.2,78358.55
Nagpur,2024,Wheat,Kharif,27.14,20.6,365.6,58.2,Clayey,7.08,63.78,63.43,57.74,Partially Irrigated,2402.98,65211.25
Nagpur,2024,Wheat,Kharif,41.51,21.4,736.9,89.7,Red,6.99,141.86,63.8,52.71,Irrigated,3688.06,153091.79
Nashik,2024,Bajra,Rabi,6.42,31.8,498.3,80.1,Laterite,7.68,72.04,54.45,40.91,Irrigated,2683.55,17240.68
Nashik,2024,Bajra,Rabi,49.08,34.4,436.3,46.1,Sandy,6.37,47.72,58.9,22.64,Irrigated,1812.16,88943.7
Nashik,2024,Cotton,Zaid,31.2,37.1,721.8,86.9,Red,7.26,63.85,30.65,44.82,Rainfed,1260.44,39323.78
Nashik,2024,Cotton,Zaid,27.46,30.1,1062.4,67.0,Clayey,7.07,70.66,50.52,35.6,Rainfed,1670.84,45881.91
Nashik,2024,Cotton,Zaid,45.54,31.9,807.9,43.8,Red,6.44,43.0,29.64,48.32,Irrigated,1737.62,79134.72
Nashik,2024,Cotton,Zaid,39.61,25.6,856.9,76.3,Loamy,6.84,81.53,47.73,46.1,Rainfed,1827.1,72367.36
Nashik,2024,Groundnut,Rabi,19.15,32.2,547.1,80.0,Loamy,6.66,42.38,36.77,33.77,Rainfed,1290.58,24710.87
Nashik,2024,Jowar,Kharif,25.37,26.7,451.1,57.7,Sandy,7.69,57.1,37.71,40.03,Partially Irrigated,1807.16,45853.2
Nashik,2024,Jowar,Rabi,6.03,25.6,481.9,60.9,Sandy,6.51,81.34,41.82,12.22,Rainfed,1674.24,10091.45
Nashik,2024,Maize,Zaid,30.62,32.1,845.7,47.9,Clayey,6.04,79.65,19.26,81.98,Irrigated,3115.32,95397.79
Nashik,2024,Maize,Kharif,6.4,21.6,923.1,69.4,Clayey,6.74,61.68,42.36,53.09,Partially Irrigated,2756.19,17629.88
Nashik,2024,Maize,Zaid,44.83,33.0,663.7,88.8,Black,6.21,114.9,60.23,61.88,Partially Irrigated,3602.81,161522.39
Nashik,2024,Maize,Kharif,6.44,37.5,951.7,66.3,Clayey,6.62,84.63,48.71,39.92,Irrigated,2838.92,18281.7
Nashik,2024,Maize,Zaid,20.7,28.5,424.7,58.0,Laterite,5.86,74.13,58.27,67.09,Partially Irrigated,3479.88,72045.32
Nashik,2024,Rice,Rabi,5.51,26.1,1411.6,74.6,Sandy,6.29,90.0,45.03,51.21,Partially Irrigated,4520.8,24918.39
Nashik,2024,Rice,Zaid,19.68,28.3,1678.9,71.1,Loamy,6.43,146.54,42.84,36.51,Irrigated,5426.56,106807.32
Nashik,2024,Rice,Zaid,20.43,29.8,1763.4,65.0,Red,5.79,92.9,40.85,45.07,Irrigated,4572.55,93439.4
Nashik,2024,Soybean,Rabi,41.39,19.1,439.3,62.5,Black,7.14,21.77,83.24,32.93,Rainfed,1568.83,64930.34
Nashik,2024,Soybean,Zaid,12.46,24.4,641.5,40.5,Black,6.92,30.97,75.0,35.19,Irrigated,2802.74,34919.31
Nashik,2024,Soybean,Kharif,10.35,20.0,616.1,82.6,Loamy,7.01,32.44,109.98,28.37,Irrigated,2772.32,28687.65
Nashik,2024,Soybean,Kharif,13.57,23.7,436.7,81.8,Clayey,7.12,29.74,75.81,44.26,Irrigated,2449.35,33238.26
Nashik,2024,Soybean,Zaid,13.85,23.2,649.4,51.3,Red,6.99,29.88,52.69,50.83,Partially Irrigated,1880.2,26035.87
Nashik,2024,Sugarcane,Kharif,49.74,30.3,2717.2,85.0,Loamy,7.21,177.37,86.37,102.91,Rainfed,54421.11,2706890.19
Nashik,2024,Sugarcane,Kharif,22.98,26.5,2783.8,43.5,Red,6.89,138.19,69.09,143.67,Irrigated,60449.74,1389159.34
Nashik,2024,Sugarcane,Rabi,21.31,32.0,2229.2,82.9,Laterite,7.58,244.46,69.02,91.83,Irrigated,77130.97,1643471.34
Nashik,2024,Sunflower,Zaid,6.03,29.3,232.5,65.2,Clayey,6.93,72.48,63.83,57.24,Irrigated,1548.05,9328.28
Nashik,2024,Sunflower,Rabi,28.13,29.8,409.7,48.2,Black,6.71,94.74,49.84,31.29,Irrigated,1400.21,39388.82
Nashik,2024,Wheat,Rabi,5.94,19.4,527.3,88.0,Sandy,7.24,148.4,30.22,34.48,Irrigated,3053.35,18127.41
Nashik,2024,Wheat,Zaid,9.87,19.2,744.3,56.4,Laterite,6.6,113.27,71.13,79.79,Partially Irrigated,3102.83,30617.76
Nashik,2024,Wheat,Kharif,3.98,18.4,492.4,42.1,Clayey,6.99,138.98,66.94,50.71,Rainfed,3076.25,12252.99
Nashik,2024,Wheat,Kharif,24.77,14.3,667.4,75.9,Clayey,6.49,142.94,71.16,55.8,Irrigated,3226.47,79912.7
Pune,2024,Bajra,Zaid,42.38,28.6,551.5,59.9,Sandy,7.4,51.2,43.12,18.38,Partially Irrigated,1634.61,69271.04
Pune,2024,Bajra,Kharif,34.11,23.8,477.8,68.7,Red,6.53,82.66,30.37,16.05,Irrigated,1803.79,61521.01
Pune,2024,Bajra,Rabi,21.3,35.0,514.6,74.3,Red,6.8,67.85,35.68,28.91,Partially Irrigated,1805.11,38457.54
Pune,2024,Cotton,Zaid,34.48,38.3,754.1,44.0,Laterite,7.12,53.07,36.57,41.94,Rainfed,1369.51,47216.85
Pune,2024,Cotton,Zaid,49.37,29.7,749.2,49.0,Sandy,6.22,88.15,46.64,44.13,Partially Irrigated,1921.14,94854.43
Pune,2024,Groundnut,Zaid,23.35,30.1,507.4,62.6,Laterite,6.7,31.49,62.55,77.74,Rainfed,1838.33,42923.41
Pune,2024,Groundnut,Zaid,21.41,28.0,742.3,85.1,Red,7.11,16.3,44.77,68.49,Irrigated,1821.19,38991.3
Pune,2024,Groundnut,Kharif,8.36,32.6,512.4,59.2,Clayey,6.86,37.43,41.48,81.23,Partially Irrigated,1824.74,15255.59
Pune,2024,Jowar,Kharif,35.62,28.7,419.1,75.5,Sandy,7.2,72.27,33.05,39.8,Irrigated,3009.01,107172.9
Pune,2024,Jowar,Rabi,29.85,27.7,517.0,48.6,Loamy,7.02,57.09,43.97,36.75,Partially Irrigated,2638.32,78742.71
Pune,2024,Jowar,Kharif,36.35,32.8,418.9,57.1,Sandy,7.27,53.74,18.8,33.59,Partially Irrigated,1775.66,64552.65
Pune,2024,Jowar,Rabi,34.96,31.4,376.4,58.1,Loamy,6.97,80.53,27.12,44.81,Partially Irrigated,2222.56,77697.2
Pune,2024,Jowar,Kharif,28.64,32.7,713.9,42.9,Sandy,6.74,40.3,36.31,37.12,Rainfed,1228.11,35171.71
Pune,2024,Jowar,Zaid,31.18,29.5,430.4,77.6,Loamy,7.28,57.06,49.79,16.12,Partially Irrigated,1854.13,57802.86
Pune,2024,Jowar,Kharif,14.32,28.1,793.5,75.6,Red,6.7,51.1,37.73,37.12,Rainfed,1521.26,21786.22
Pune,2024,Maize,Rabi,20.74,21.0,525.9,54.1,Loamy,6.91,94.19,46.03,19.94,Rainfed,2210.8,45853.83
Pune,2024,Maize,Zaid,38.59,22.3,970.9,51.2,Laterite,6.97,130.82,72.18,51.54,Rainfed,2936.75,113332.88
Pune,2024,Maize,Kharif,2.5,22.6,585.3,67.1,Clayey,6.78,77.73,53.66,61.29,Irrigated,3936.03,9858.2
Pune,2024,Rice,Kharif,3.62,20.1,1537.3,49.6,Red,5.95,107.41,56.95,48.52,Irrigated,5556.67,20139.84
Pune,2024,Soybean,Kharif,38.35,25.1,646.9,56.9,Black,6.37,23.73,99.36,46.37,Rainfed,2305.76,88415.62
Pune,2024,Soybean,Kharif,44.86,26.4,518.1,86.2,Laterite,5.46,20.14,101.32,59.32,Rainfed,2087.8,93649.64
Pune,2024,Sugarcane,Zaid,3.79,33.2,1882.0,41.0,Loamy,7.13,197.3,48.34,42.06,Partially Irrigated,45711.17,173397.22
Pune,2024,Sugarcane,Kharif,6.17,29.8,2172.4,79.4,Red,6.35,219.7,54.98,65.88,Partially Irrigated,57373.38,354136.07
Pune,2024,Sugarcane,Rabi,8.47,30.9,1963.7,47.3,Sandy,5.74,179.99,76.29,116.78,Rainfed,50786.39,430115.57
Pune,2024,Sugarcane,Zaid,27.1,26.3,1142.3,55.2,Laterite,6.91,86.86,79.27,78.63,Irrigated,43452.07,1177539.2
Pune,2024,Sunflower,Rabi,28.91,27.4,442.3,82.7,Clayey,7.11,114.82,48.94,51.15,Rainfed,1511.88,43707.71
Pune,2024,Sunflower,Kharif,16.47,22.2,447.7,78.0,Sandy,6.83,96.51,69.38,59.91,Irrigated,1827.78,30094.52
Pune,2024,Sunflower,Zaid,25.45,24.1,400.6,86.6,Loamy,6.39,53.78,62.81,63.54,Partially Irrigated,1538.43,39153.83
Pune,2024,Sunflower,Kharif,23.68,25.2,561.3,87.1,Black,6.61,119.16,51.25,46.3,Rainfed,1312.49,31076.52
Pune,2024,Sunflower,Rabi,8.3,25.9,326.9,54.2,Loamy,6.79,45.14,43.64,60.08,Rainfed,868.97,7211.28
Pune,2024,Wheat,Rabi,5.69,25.4,547.1,78.7,Black,6.03,94.13,59.34,67.11,Irrigated,3016.44,17176.99
Pune,2024,Wheat,Kharif,33.28,24.1,649.9,55.4,Sandy,6.92,97.92,58.13,34.42,Rainfed,1831.42,60957.73
Sangli,2024,Bajra,Rabi,36.18,29.7,336.8,82.1,Laterite,6.53,37.8,42.26,38.96,Irrigated,2042.99,73910.07
Sangli,2024,Cotton,Kharif,19.32,34.2,734.8,81.8,Laterite,7.31,97.58,47.54,58.45,Irrigated,2874.3,55517.07
Sangli,2024,Cotton,Zaid,21.21,28.5,916.6,65.5,Loamy,7.31,63.41,78.77,37.44,Partially Irrigated,2383.83,50573.03
Sangli,2024,Jowar,Zaid,41.39,29.0,378.5,66.7,Black,7.2,36.27,85.71,40.28,Rainfed,2353.36,97395.26
Sangli,2024,Maize,Rabi,47.7,23.1,989.0,47.6,Loamy,5.89,101.68,59.07,47.92,Partially Irrigated,3250.82,155062.74
Sangli,2024,Maize,Zaid,14.68,16.4,779.3,51.1,Sandy,6.46,137.15,48.65,67.99,Rainfed,3281.06,48169.81
Sangli,2024,Maize,Zaid,10.9,26.9,486.0,86.4,Black,6.43,147.78,24.76,28.67,Irrigated,3883.97,42316.74
Sangli,2024,Rice,Zaid,49.9,26.4,1899.0,89.0,Loamy,6.89,123.73,61.83,53.95,Partially Irrigated,4713.64,235214.75
Sangli,2024,Rice,Kharif,31.31,26.8,1259.5,62.5,Red,6.56,173.11,58.49,49.29,Irrigated,5785.29,181151.57
Sangli,2024,Soybean,Rabi,38.43,31.1,586.0,66.1,Loamy,7.1,35.33,62.56,65.61,Rainfed,2037.24,78288.87
Sangli,2024,Soybean,Zaid,41.7,22.6,666.6,74.7,Red,6.66,30.23,96.34,40.4,Partially Irrigated,2248.22,93754.05
Sangli,2024,Soybean,Zaid,28.0,28.8,578.8,78.7,Clayey,5.96,23.92,39.76,49.28,Partially Irrigated,1663.89,46588.3
Sangli,2024,Sugarcane,Kharif,38.65,28.4,2000.9,52.6,Clayey,6.58,200.74,82.47,48.08,Rainfed,55212.04,2134033.5
Sangli,2024,Sugarcane,Zaid,7.33,30.7,2560.6,83.1,Sandy,6.49,248.29,60.02,102.86,Rainfed,59749.41,437963.86
Sangli,2024,Sugarcane,Rabi,36.82,22.1,1793.3,70.4,Loamy,6.66,143.62,89.94,99.08,Partially Irrigated,56342.39,2074679.83
Sangli,2024,Sugarcane,Zaid,17.67,34.0,1691.5,75.8,Black,7.16,215.18,89.98,67.28,Irrigated,83277.64,1471852.15
Sangli,2024,Sugarcane,Zaid,41.8,23.5,1955.2,73.7,Red,6.61,304.61,87.67,54.76,Rainfed,53349.64,2230023.09
Sangli,2024,Sugarcane,Zaid,15.42,30.3,1782.0,84.9,Sandy,6.39,203.88,70.92,175.1,Partially Irrigated,88248.57,1360365.55
Sangli,2024,Sunflower,Kharif,40.32,26.1,396.1,73.6,Laterite,6.17,101.17,58.44,20.57,Partially Irrigated,1167.52,47069.54
Sangli,2024,Sunflower,Zaid,41.17,33.7,229.4,52.1,Black,6.95,70.1,59.25,59.95,Rainfed,862.69,35519.17
Sangli,2024,Sunflower,Rabi,33.73,30.5,527.4,48.8,Laterite,6.9,75.82,48.5,61.2,Partially Irrigated,1162.51,39207.53
Sangli,2024,Sunflower,Rabi,22.26,27.6,505.6,50.8,Clayey,5.98,76.51,62.95,51.85,Irrigated,1792.29,39897.7
Sangli,2024,Sunflower,Zaid,16.76,28.5,651.4,50.1,Clayey,7.32,95.62,65.88,37.23,Partially Irrigated,1179.24,19767.83
Sangli,2024,Wheat,Zaid,17.67,24.7,556.6,72.1,Red,6.57,112.28,46.71,47.71,Partially Irrigated,2884.17,50975.18
Sangli,2024,Wheat,Rabi,47.55,20.6,474.6,60.8,Loamy,5.61,142.6,23.83,45.62,Irrigated,3069.41,145957.49
Sangli,2024,Wheat,Rabi,19.58,17.0,769.6,45.6,Laterite,6.77,105.96,45.52,55.56,Partially Irrigated,2531.06,49545.57
Sangli,2024,Wheat,Kharif,30.25,17.3,618.6,56.0,Sandy,6.97,61.59,87.27,56.39,Partially Irrigated,2828.75,85556.37
Satara,2024,Bajra,Kharif,34.15,31.0,448.9,60.2,Laterite,7.59,43.3,35.36,20.37,Partially Irrigated,1164.4,39767.67
Satara,2024,Bajra,Zaid,34.85,31.7,153.9,75.6,Red,7.55,101.98,47.24,17.78,Irrigated,1741.14,60676.14
Satara,2024,Bajra,Zaid,17.57,28.9,294.1,61.6,Laterite,7.28,12.87,53.02,42.02,Partially Irrigated,1572.53,27634.49
Satara,2024,Cotton,Kharif,34.66,31.3,933.0,54.2,Sandy,6.45,106.27,47.53,56.31,Partially Irrigated,2025.47,70202.98
Satara,2024,Cotton,Kharif,10.34,27.6,737.4,55.2,Red,7.06,118.55,43.36,57.63,Rainfed,1743.11,18018.68
Satara,2024,Cotton,Rabi,30.43,29.1,565.9,68.3,Laterite,8.36,89.0,26.39,58.33,Rainfed,1306.8,39769.18
Satara,2024,Cotton,Zaid,40.94,35.1,703.4,72.1,Loamy,7.03,102.38,40.64,29.75,Partially Irrigated,1984.7,81255.96
Satara,2024,Groundnut,Kharif,12.61,24.6,764.8,81.1,Loamy,7.41,22.55,53.59,53.58,Irrigated,1665.56,20997.19
Satara,2024,Groundnut,Zaid,8.26,26.2,826.2,78.3,Clayey,6.54,35.37,64.34,101.07,Partially Irrigated,1871.92,15457.3
Satara,2024,Groundnut,Zaid,41.79,28.5,770.8,83.0,Black,6.63,25.37,49.9,53.74,Rainfed,1293.48,54057.13
Satara,2024,Groundnut,Zaid,13.5,25.7,651.3,88.0,Black,5.89,40.2,62.39,64.57,Partially Irrigated,2038.18,27517.14
Satara,2024,Jowar,Kharif,27.37,27.3,433.7,79.1,Red,7.07,52.51,42.28,36.18,Rainfed,1890.29,51744.17
Satara,2024,Maize,Zaid,5.99,24.3,564.4,80.2,Red,5.75,104.39,40.93,59.44,Irrigated,4102.7,24594.3
Satara,2024,Maize,Kharif,25.69,30.7,623.7,81.7,Black,6.92,83.05,58.24,39.95,Irrigated,3492.32,89725.17
Satara,2024,Maize,Zaid,39.48,28.7,612.3,82.8,Black,6.98,104.48,40.65,62.86,Rainfed,2816.51,111185.62
Satara,2024,Maize,Zaid,23.14,27.0,675.4,85.0,Sandy,7.67,122.19,56.7,59.66,Irrigated,5669.19,131171.05
Satara,2024,Maize,Kharif,46.44,26.0,781.9,64.9,Loamy,6.8,206.62,69.4,31.79,Irrigated,5903.77,274196.2
Satara,2024,Maize,Kharif,13.4,27.2,644.1,63.0,Red,5.42,97.99,48.58,36.28,Irrigated,4227.65,56645.46
Satara,2024,Rice,Zaid,42.29,24.3,1001.4,80.5,Red,6.2,69.02,47.63,34.62,Irrigated,2925.96,123740.65
Satara,2024,Rice,Rabi,8.44,26.9,998.6,57.1,Loamy,5.48,30.08,46.07,45.56,Irrigated,3297.89,27822.01
Satara,2024,Rice,Rabi,19.12,28.4,1354.1,58.3,Sandy,6.55,81.38,37.45,41.53,Irrigated,4277.47,81766.2
Satara,2024,Sugarcane,Rabi,14.36,26.1,1887.7,49.1,Loamy,6.27,233.06,124.32,106.67,Rainfed,58747.71,843533.45
Satara,2024,Sugarcane,Rabi,27.89,39.5,2697.7,87.4,Red,6.61,172.16,109.06,99.48,Irrigated,63723.02,1777441.8
Satara,2024,Sugarcane,Kharif,48.74,31.1,1358.1,71.9,Loamy,6.37,234.26,82.84,111.75,Irrigated,87005.4,4240779.48
Satara,2024,Sugarcane,Rabi,45.89,26.9,2525.5,52.0,Loamy,5.87,169.44,68.49,59.66,Partially Irrigated,37943.95,1741105.94
Satara,2024,Sugarcane,Kharif,10.83,32.9,2126.3,78.6,Clayey,7.25,168.99,78.53,105.1,Rainfed,50992.87,552392.23
Satara,2024,Sunflower,Rabi,12.26,19.7,599.2,42.6,Laterite,7.09,65.29,49.14,67.76,Irrigated,1463.2,17933.13
Satara,2024,Sunflower,Kharif,15.24,23.0,519.2,48.5,Laterite,6.74,99.29,58.46,62.01,Partially Irrigated,1635.12,24917.31
Satara,2024,Wheat,Zaid,16.23,14.0,412.7,85.9,Clayey,6.9,170.93,73.71,72.75,Partially Irrigated,3698.56,60017.01
Satara,2024,Wheat,Zaid,3.11,21.8,554.3,75.5,Black,7.28,78.86,59.35,41.47,Irrigated,2870.23,8922.75
Solapur,2024,Bajra,Zaid,38.08,25.4,531.6,69.4,Loamy,6.95,108.85,34.11,56.88,Rainfed,1714.42,65282.54
Solapur,2024,Bajra,Zaid,17.03,35.4,569.9,65.8,Clayey,7.65,48.1,30.4,34.66,Irrigated,1486.05,25300.52
Solapur,2024,Bajra,Kharif,23.01,26.7,475.6,50.6,Loamy,6.13,49.38,25.67,26.38,Irrigated,1302.07,29954.65
Solapur,2024,Cotton,Zaid,30.83,27.9,674.8,41.3,Clayey,7.42,94.52,35.86,43.3,Irrigated,2546.33,78506.16
Solapur,2024,Cotton,Kharif,14.55,20.8,416.9,89.8,Clayey,7.06,93.57,35.04,32.56,Rainfed,1084.8,15785.89
Solapur,2024,Cotton,Kharif,40.72,35.6,988.8,86.0,Red,7.21,109.09,28.91,44.99,Irrigated,2128.64,86669.11
Solapur,2024,Cotton,Kharif,15.55,24.1,647.8,62.5,Sandy,7.66,66.62,51.82,34.1,Rainfed,1414.68,22000.02
Solapur,2024,Cotton,Rabi,20.1,27.3,389.4,52.7,Loamy,6.79,99.89,17.08,33.57,Irrigated,1404.71,28239.19
Solapur,2024,Cotton,Rabi,31.13,34.2,565.8,61.5,Loamy,7.18,110.09,34.53,46.59,Irrigated,2498.82,77786.44
Solapur,2024,Groundnut,Kharif,20.56,21.2,367.9,44.9,Clayey,5.86,19.83,44.32,88.15,Irrigated,1388.33,28547.85
Solapur,2024,Groundnut,Rabi,32.54,27.5,753.3,76.7,Clayey,6.37,26.4,26.59,83.89,Partially Irrigated,1806.86,58801.03
Solapur,2024,Groundnut,Kharif,9.41,29.0,432.6,84.5,Sandy,5.99,40.28,56.42,88.69,Partially Irrigated,2432.81,22903.71
Solapur,2024,Jowar,Kharif,21.81,31.5,474.4,78.1,Clayey,7.15,60.06,31.69,29.51,Partially Irrigated,1758.34,38357.95
Solapur,2024,Jowar,Rabi,14.09,23.8,503.8,70.6,Clayey,7.86,69.43,35.2,23.29,Partially Irrigated,2080.3,29318.2
Solapur,2024,Jowar,Kharif,19.81,32.9,489.6,60.7,Sandy,6.8,60.51,45.06,20.86,Rainfed,1717.54,34024.23
Solapur,2024,Jowar,Rabi,10.04,30.1,214.6,42.7,Black,7.18,92.05,33.55,36.97,Rainfed,2216.77,22256.12
Solapur,2024,Jowar,Zaid,45.08,28.3,566.1,78.0,Sandy,7.08,93.67,46.2,31.23,Rainfed,2545.52,114750.24
Solapur,2024,Jowar,Kharif,7.89,34.8,332.6,69.5,Red,7.52,76.04,40.75,23.62,Irrigated,1926.09,15187.93
Solapur,2024,Jowar,Kharif,28.15,26.6,269.6,86.9,Black,7.55,47.98,29.69,28.24,Irrigated,1696.2,47743.2
Solapur,2024,Jowar,Kharif,22.83,32.5,220.4,86.8,Laterite,6.97,44.77,40.83,34.58,Partially Irrigated,1653.87,37758.65
Solapur,2024,Maize,Kharif,35.83,24.0,713.1,86.6,Clayey,5.86,92.38,47.15,39.16,Partially Irrigated,3140.41,112514.26
Solapur,2024,Maize,Rabi,28.92,26.4,632.4,62.0,Black,6.46,154.53,68.36,10.84,Irrigated,4722.61,136571.2
Solapur,2024,Maize,Zaid,24.78,24.5,340.9,64.9,Loamy,6.31,101.01,43.67,52.97,Partially Irrigated,3669.79,90953.32
Solapur,2024,Rice,Zaid,35.09,26.9,1636.2,56.7,Loamy,6.21,102.4,50.17,60.14,Rainfed,4397.86,154301.06
Solapur,2024,Rice,Zaid,12.18,24.6,1499.3,44.5,Black,6.94,142.53,54.36,46.41,Irrigated,6772.36,82474.32
Solapur,2024,Rice,Rabi,9.57,24.7,1295.4,56.8,Loamy,5.41,95.36,16.48,43.98,Partially Irrigated,2932.39,28056.56
Solapur,2024,Soybean,Zaid,40.95,25.9,470.5,40.3,Black,7.36,31.8,68.96,66.47,Irrigated,2792.2,114327.03
Solapur,2024,Soybean,Kharif,38.97,22.4,472.7,42.5,Black,6.27,19.38,39.6,22.53,Irrigated,1462.29,56983.09
Solapur,2024,Soybean,Kharif,9.77,26.9,647.9,57.0,Laterite,6.54,48.77,60.6,56.38,Partially Irrigated,2751.9,26877.21
Solapur,2024,Soybean,Zaid,38.86,28.6,569.6,61.9,Sandy,6.6,38.29,85.23,43.95,Partially Irrigated,2563.64,99618.99
Solapur,2024,Soybean,Kharif,38.23,28.8,524.4,76.4,Red,6.8,30.45,57.48,40.88,Irrigated,2651.82,101376.67
Solapur,2024,Sugarcane,Zaid,7.96,24.7,2518.8,52.4,Clayey,6.86,222.14,77.3,119.57,Rainfed,59928.63,476818.59
Solapur,2024,Sugarcane,Zaid,12.5,29.9,2021.1,65.9,Black,7.51,28.11,81.79,81.88,Partially Irrigated,39951.75,499364.48
Solapur,2024,Sunflower,Rabi,24.92,29.5,450.1,64.5,Clayey,6.77,40.48,56.45,37.94,Rainfed,814.01,20281.88
Solapur,2024,Sunflower,Kharif,22.55,27.7,561.2,86.4,Laterite,7.46,90.04,41.16,49.9,Partially Irrigated,1168.31,26341.17
Solapur,2024,Sunflower,Zaid,45.09,27.9,396.0,48.0,Clayey,7.23,87.2,76.11,45.1,Partially Irrigated,1617.72,72938.74
Solapur,2024,Sunflower,Zaid,15.18,22.0,541.1,51.6,Black,6.85,74.9,55.49,39.26,Irrigated,1764.61,26778.59
Solapur,2024,Sunflower,Zaid,49.17,21.4,462.4,66.2,Sandy,7.0,82.4,37.59,47.39,Irrigated,1545.3,75979.66
Solapur,2024,Sunflower,Rabi,38.08,25.9,384.5,50.7,Black,5.59,107.07,78.74,43.29,Irrigated,1837.1,69948.06
Solapur,2024,Sunflower,Kharif,40.47,20.9,709.4,70.2,Sandy,6.69,75.09,69.8,36.52,Irrigated,1413.04,57184.39
Solapur,2024,Wheat,Rabi,31.72,19.5,734.3,60.4,Clayey,6.97,108.92,71.81,61.97,Partially Irrigated,3100.99,98354.99
Solapur,2024,Wheat,Rabi,45.88,21.3,557.0,76.4,Sandy,6.47,160.77,47.64,39.43,Rainfed,2781.91,127640.81
Wardha,2024,Bajra,Rabi,23.64,30.7,747.4,70.6,Laterite,7.3,73.06,45.77,32.01,Partially Irrigated,1595.11,37705.64
Wardha,2024,Bajra,Kharif,16.11,39.8,416.1,86.3,Red,8.01,44.43,37.2,39.59,Irrigated,1939.2,31231.01
Wardha,2024,Bajra,Zaid,10.33,27.1,387.5,52.1,Sandy,7.26,62.65,26.27,33.17,Irrigated,1744.32,18011.7
Wardha,2024,Cotton,Zaid,22.31,24.6,1109.5,57.9,Black,7.19,121.91,60.46,50.14,Partially Irrigated,2405.82,53678.43
Wardha,2024,Cotton,Kharif,40.02,29.2,706.2,72.3,Black,8.04,39.7,54.78,19.84,Partially Irrigated,1354.41,54201.99
Wardha,2024,Groundnut,Rabi,48.78,22.9,685.8,89.8,Black,7.12,30.92,56.47,50.88,Irrigated,2237.81,109160.39
Wardha,2024,Groundnut,Zaid,8.03,28.5,688.5,58.3,Loamy,6.17,49.13,52.25,63.84,Partially Irrigated,2485.03,19948.68
Wardha,2024,Groundnut,Rabi,47.82,26.7,403.9,40.8,Laterite,7.34,22.65,44.78,90.84,Rainfed,1232.53,58943.02
Wardha,2024,Groundnut,Zaid,30.59,30.3,461.6,42.2,Red,6.65,40.77,60.64,92.97,Rainfed,1988.19,60820.95
Wardha,2024,Jowar,Kharif,4.93,37.6,449.5,81.4,Black,6.65,76.18,46.71,22.68,Rainfed,1597.89,7876.24
Wardha,2024,Jowar,Zaid,29.42,33.1,492.1,46.1,Red,6.16,74.47,27.82,15.24,Partially Irrigated,1635.79,48128.36
Wardha,2024,Maize,Rabi,39.27,20.3,306.2,84.7,Loamy,6.63,88.84,7.35,50.31,Irrigated,2433.67,95563.3
Wardha,2024,Maize,Kharif,7.41,27.4,976.6,64.7,Clayey,6.52,40.85,43.87,34.14,Partially Irrigated,1688.5,12515.71
Wardha,2024,Maize,Kharif,25.33,27.3,659.2,84.3,Sandy,6.45,61.68,48.79,54.46,Rainfed,2677.47,67832.55
Wardha,2024,Maize,Rabi,32.78,26.0,877.0,48.6,Loamy,6.02,38.8,43.51,67.01,Irrigated,3033.7,99447.41
Wardha,2024,Maize,Rabi,40.05,27.7,606.2,67.2,Clayey,7.23,94.69,53.11,45.47,Irrigated,3818.35,152932.88
Wardha,2024,Maize,Rabi,17.48,25.1,648.1,66.4,Loamy,7.02,136.12,50.62,55.36,Rainfed,4402.32,76934.2
Wardha,2024,Maize,Kharif,46.38,27.4,427.7,89.7,Black,8.07,79.17,58.26,57.94,Rainfed,2607.15,120919.65
Wardha,2024,Maize,Kharif,6.46,28.1,553.0,42.8,Laterite,6.57,45.33,44.58,58.1,Rainfed,2582.88,16680.06
Wardha,2024,Rice,Rabi,34.76,34.8,1749.2,40.1,Red,6.95,85.38,59.48,48.63,Irrigated,4143.32,144025.82
Wardha,2024,Rice,Zaid,48.44,28.1,1462.5,45.5,Red,5.86,77.14,63.61,55.14,Rainfed,3945.94,191123.82
Wardha,2024,Rice,Kharif,49.19,21.0,1770.5,61.3,Black,6.01,124.22,48.82,68.66,Partially Irrigated,4355.46,214262.78
Wardha,2024,Rice,Zaid,24.19,22.6,1192.5,82.2,Black,6.52,110.02,28.38,79.9,Partially Irrigated,4145.35,100292.83
Wardha,2024,Rice,Rabi,40.37,23.0,1058.6,62.2,Red,6.68,114.52,40.58,31.24,Partially Irrigated,3170.05,127980.34
Wardha,2024,Soybean,Rabi,41.81,25.8,507.8,66.7,Red,5.74,19.61,87.96,53.96,Rainfed,1847.13,77221.23
Wardha,2024,Soybean,Zaid,14.08,25.5,796.6,62.1,Laterite,5.48,49.57,39.65,50.21,Irrigated,3036.42,42766.77
Wardha,2024,Soybean,Kharif,20.13,23.8,541.5,82.8,Clayey,5.74,25.59,49.59,54.66,Partially Irrigated,1767.45,35584.4
Wardha,2024,Sugarcane,Zaid,8.55,34.2,1933.9,68.5,Clayey,6.64,216.09,86.56,63.87,Partially Irrigated,65936.3,563995.78
Wardha,2024,Sunflower,Kharif,10.03,25.5,421.8,82.0,Laterite,7.38,86.93,32.64,30.0,Irrigated,1353.95,13577.68
Wardha,2024,Sunflower,Rabi,13.47,25.5,473.8,77.9,Sandy,6.27,87.14,41.71,52.28,Rainfed,1349.39,18171.64
Wardha,2024,Sunflower,Rabi,14.8,25.1,452.2,87.8,Red,6.07,35.72,57.31,75.56,Irrigated,1866.8,27625.75
Wardha,2024,Sunflower,Zaid,44.83,23.5,331.4,55.6,Red,6.46,65.43,50.27,51.87,Partially Irrigated,1040.59,46649.58
Wardha,2024,Sunflower,Rabi,38.37,27.2,332.4,52.8,Red,6.51,89.84,31.69,67.78,Partially Irrigated,1104.97,42401.78
Wardha,2024,Sunflower,Zaid,36.94,22.6,597.2,77.3,Loamy,7.03,90.87,69.85,0.0,Partially Irrigated,998.01,36863.55
Wardha,2024,Sunflower,Kharif,24.41,25.8,621.8,61.8,Loamy,6.25,90.6,44.8,58.7,Irrigated,1843.62,44998.44
Wardha,2024,Wheat,Rabi,5.06,14.3,629.9,59.5,Sandy,6.29,74.31,42.43,65.8,Irrigated,2859.76,14462.17
Wardha,2024,Wheat,Zaid,15.29,18.2,503.4,87.3,Laterite,7.25,157.87,0.0,48.78,Rainfed,1888.86,28889.11
Wardha,2024,Wheat,Rabi,25.37,17.4,662.0,46.1,Black,7.07,120.95,101.16,50.19,Irrigated,4399.85,111642.81
Wardha,2024,Wheat,Zaid,30.7,14.7,451.5,68.6,Sandy,6.78,163.81,38.15,70.66,Irrigated,3723.56,114321.69
Yavatmal,2024,Bajra,Zaid,14.11,23.7,462.9,46.2,Red,7.36,42.07,29.45,40.41,Rainfed,1153.99,16281.43
Yavatmal,2024,Bajra,Kharif,40.94,37.2,427.5,73.9,Laterite,7.06,34.66,37.75,28.03,Rainfed,1105.98,45277.42
Yavatmal,2024,Cotton,Kharif,8.05,31.5,564.7,56.8,Black,6.14,99.16,39.03,38.55,Partially Irrigated,1860.06,14969.54
Yavatmal,2024,Cotton,Rabi,46.62,33.1,715.3,64.4,Loamy,7.24,57.11,26.24,51.89,Rainfed,1143.1,53288.4
Yavatmal,2024,Cotton,Zaid,19.83,29.9,1037.0,41.3,Clayey,6.99,91.14,26.47,46.76,Irrigated,1992.69,39509.7
Yavatmal,2024,Cotton,Zaid,49.95,30.6,723.1,80.7,Red,7.6,54.04,36.88,37.38,Rainfed,1471.31,73485.61
Yavatmal,2024,Groundnut,Rabi,23.1,34.0,522.1,43.9,Laterite,6.5,23.74,68.51,85.76,Partially Irrigated,1656.28,38265.35
Yavatmal,2024,Jowar,Kharif,16.99,33.2,590.4,69.6,Sandy,7.25,68.61,34.34,31.98,Rainfed,1671.74,28398.66
Yavatmal,2024,Jowar,Zaid,49.99,34.5,488.7,51.0,Laterite,7.74,41.23,28.61,23.37,Irrigated,1846.88,92332.78
Yavatmal,2024,Maize,Zaid,27.72,17.1,611.4,65.8,Sandy,5.82,62.49,54.39,24.53,Rainfed,1924.6,53348.66
Yavatmal,2024,Maize,Zaid,34.76,26.3,519.3,47.3,Laterite,6.47,77.39,57.42,51.62,Irrigated,4383.5,152383.14
Yavatmal,2024,Maize,Rabi,49.05,23.5,536.7,68.3,Clayey,6.99,60.14,28.95,43.8,Irrigated,2892.95,141912.66
Yavatmal,2024,Maize,Zaid,35.61,15.6,641.9,85.0,Laterite,6.48,156.35,68.88,45.34,Irrigated,4545.41,161842.39
Yavatmal,2024,Rice,Rabi,25.34,34.1,1212.6,85.2,Sandy,5.94,125.34,48.89,61.5,Rainfed,3851.07,97575.21
Yavatmal,2024,Rice,Kharif,14.01,28.7,1372.9,53.8,Laterite,5.66,81.32,23.16,65.11,Irrigated,4436.35,62145.26
Yavatmal,2024,Rice,Zaid,45.85,32.5,1721.6,59.6,Clayey,6.13,64.08,60.7,60.36,Rainfed,3230.0,148086.2
Yavatmal,2024,Rice,Kharif,23.14,27.4,1232.8,48.4,Sandy,5.81,162.18,45.19,32.04,Partially Irrigated,4178.81,96708.46
Yavatmal,2024,Rice,Zaid,16.37,23.2,1728.4,84.4,Loamy,5.76,63.25,39.39,37.84,Irrigated,2853.37,46723.07
Yavatmal,2024,Rice,Kharif,37.7,30.5,1263.0,77.9,Loamy,6.46,85.45,31.02,45.24,Rainfed,3033.64,114370.06
Yavatmal,2024,Rice,Kharif,2.0,31.9,1151.6,43.0,Clayey,6.3,148.83,55.62,62.92,Partially Irrigated,5836.94,11661.34
Yavatmal,2024,Rice,Kharif,34.51,19.8,1297.0,61.7,Loamy,6.33,119.22,36.71,61.37,Partially Irrigated,3413.05,117797.93
Yavatmal,2024,Soybean,Zaid,35.59,25.4,586.9,81.9,Red,5.78,26.55,88.61,46.49,Partially Irrigated,2154.43,76666.89
Yavatmal,2024,Soybean,Rabi,41.46,30.3,548.8,55.6,Laterite,5.81,33.21,91.41,45.1,Irrigated,2574.88,106758.47
Yavatmal,2024,Soybean,Zaid,24.1,23.5,545.2,63.2,Red,6.23,23.46,79.75,50.1,Irrigated,2839.92,68439.51
Yavatmal,2024,Sugarcane,Zaid,9.36,31.2,2369.8,84.1,Red,8.22,138.32,38.95,88.21,Irrigated,47438.48,443833.93
Yavatmal,2024,Sugarcane,Zaid,36.23,34.7,1949.2,40.6,Loamy,7.23,189.37,87.19,38.99,Irrigated,68274.7,2473853.72
Yavatmal,2024,Sugarcane,Zaid,3.09,23.3,2477.6,71.7,Red,6.65,153.89,95.22,33.73,Rainfed,34239.05,105872.38
Yavatmal,2024,Sunflower,Kharif,44.89,35.5,371.9,74.8,Sandy,6.9,55.33,28.72,52.86,Partially Irrigated,916.1,41125.81
Yavatmal,2024,Sunflower,Kharif,9.3,27.5,296.4,69.8,Laterite,6.77,116.86,76.75,51.12,Partially Irrigated,1548.39,14400.93
Yavatmal,2024,Sunflower,Rabi,19.3,29.0,687.6,71.9,Sandy,6.43,90.09,58.22,94.68,Rainfed,1218.11,23510.73
Yavatmal,2024,Wheat,Rabi,9.68,14.6,349.6,89.7,Red,6.53,109.77,61.74,25.78,Irrigated,2554.51,24726.75
Yavatmal,2024,Wheat,Kharif,46.82,16.8,593.6,69.1,Red,6.25,67.2,23.63,26.54,Partially Irrigated,1600.71,74939.76
Yavatmal,2024,Wheat,Kharif,10.73,14.0,531.5,63.6,Sandy,6.59,111.65,92.7,74.14,Partially Irrigated,4073.66,43701.59
