N,P,K,temperature,humidity,ph,rainfall,label
89.0,60,19,25.19192419,66.69029010000001,5.913664501,78.06639649,maize
47.0,57,49,21.237542215140515,98.4565883070764,6.81294584400441,71.8151852707102,jute
78.0,46,36,16.578055879152537,51.45058708067008,8.415619855028599,84.16110954929601,maize
40.0,71,20,26.122505553105864,91.46132588616808,5.17529412216204,63.47744275646586,coconut
10.0,60,21,28.68007875114681,77.49590783571927,8.70401863734508,67.61598692005302,blackgram
0.0,5,31,23.176913364119084,99.11176032557997,5.308933435411269,142.5807901933072,coconut
55.0,72,19,15.40749735336623,43.68681067917717,7.107834204033994,85.43230509888068,blackgram
110.0,7,12,43.67549305,99.98187601,7.242114771623236,135.04881378599805,maize
111.0,13,32,28.95793992258949,45.87859047078642,7.41418295910923,296.2061548430745,coffee
77.0,10,35,43.67549305,94.21307392932862,8.697598383342404,119.23402700369064,orange
101.0,28,40,27.441300586978446,55.55915000257059,8.173528330416904,173.52927264676427,jute
41.0,73,48,24.07728851353434,94.29630291213834,6.983258521924454,298.5601175,papaya
0.0,47,25,27.91151805204933,78.53439975546166,5.7212962871781325,45.72576705052837,mungbean
0.0,5,53,9.048577440767325,99.98187601,6.545851827727949,90.17794873253304,pomegranate
18.0,19,29,27.59376845,92.48519606,6.206077742000001,162.8432736,coconut
28.0,37,28,32.13409675,50.52559148,6.097869767000001,98.63333684,mango
55.0,71,37,28.15015697485662,59.20066333497866,8.27341127966023,90.17794873253304,blackgram
17.0,72,41,29.39528387206552,71.10972868064255,7.224908801481975,47.8472111983135,blackgram
40.0,49,37,26.21877624264217,78.76435843148613,4.604573898568303,90.17794873253304,maize
140.0,5,55,20.278911176846023,99.98187601,6.914863352774399,39.20207174696752,watermelon
40.0,83,8,25.32085416969652,53.35072475087947,6.695123639459963,81.17941183362676,blackgram
49.0,91,36,43.67549305,59.025042535894336,3.504752314,38.61423944486101,pigeonpeas
24.0,90,9,8.825674745,39.990952454561935,3.504752314,60.65191417282239,pigeonpeas
140.0,67,17,24.93168196996425,81.22411049307604,9.93509073,106.14544844088412,cotton
105.0,66,32,34.54927721618179,56.47207385203579,9.920392643710631,79.81482793641135,coffee
108.0,23,50,33.41469220313574,82.95830691222399,6.901133818260788,59.832500821697614,watermelon
95.0,94,23,31.20349487285161,14.525517588688611,6.020032627450286,153.4339447700749,kidneybeans
75.0,5,40,23.85695394481982,86.84227158335226,6.886449576574288,141.8261917685936,cotton
140.0,39,18,22.58941319572704,86.85191496373625,5.702074215270527,113.77836404781478,maize
73.0,20,48,26.495018089280705,69.07095045809373,8.39544254278045,46.84770822255333,watermelon
79.0,32,64,29.598965180560896,95.08632191050596,5.818897140084761,20.21126747,muskmelon
81.0,68,42,34.00956352902874,79.88276919639911,9.8943039213259,111.1541826638829,pomegranate
122.0,5,32,24.199046566709352,92.21936128911244,6.506639793247775,57.27956030954459,watermelon
0.0,59,42,43.67549305,90.18679808782584,6.564059108439306,178.76161809454032,papaya
29.0,145,198,24.77499558886624,91.57126903579262,6.803782445408984,90.90333193586936,apple
106.0,73,37,31.17710754134885,86.98975285436596,6.396294338582592,32.72281001592914,banana
0.0,69,17,22.92854789985072,14.25803981,5.358832568720112,83.19069548412455,kidneybeans
39.0,145,201,8.825674745,72.77079118881835,7.33628758584778,61.89977757528676,grapes
35.0,96,36,8.825674745,63.012743946676565,7.978710342387526,112.54599829258528,pigeonpeas
0.0,33,20,43.67549305,98.0192391093606,6.709689410038629,152.88619667562887,orange
46.0,43,6,29.911039947748,79.2177640259528,7.352559469747874,87.4582732744493,cotton
98.0,40,58,31.0399607306912,75.78073189174688,4.330328979367224,100.27305731716996,banana
88.0,70,46,31.628173352158893,34.14098350640054,9.93509073,115.62827936187644,mothbeans
86.0,93,45,31.09062664353678,83.02967573135335,4.574565696072996,74.50910180743921,banana
14.0,18,30,29.80747243,52.13797867,5.191265116,95.74606104,mango
16.0,131,95,19.083345452968256,14.471921979635546,8.828068090702665,54.75294620930795,chickpea
77.0,56,45,27.557660793816407,90.38155836217332,6.60440073168481,106.1129753534857,banana
68.0,91,24,24.804804011477405,76.89080672690226,6.403167350861832,144.87289087909124,rice
0.0,42,28,21.133662647565988,33.497842437922586,3.504752314,122.73985064232068,mothbeans
36.0,96,7,33.81529754926088,63.233591012158456,6.954852525266433,41.75479227824433,lentil
61.0,64,52,43.30204933,92.83405443,6.641098708,110.562229,papaya
0.0,5,17,11.441845832255163,38.03206676586393,4.033379364825056,78.20408987853918,mango
67.0,39,58,22.57673043071976,92.0530138281853,7.465210976989864,20.21126747,muskmelon
14.0,24,38,34.57491128581316,94.98258787501209,6.071329756535423,258.8167468543851,coconut
90.0,73,46,25.44462348350854,91.24460585125892,4.762055570327605,201.1706668990326,jute
67.0,43,34,30.046265570432062,66.05670907294773,7.1748608869676325,83.05635775894585,watermelon
25.0,93,5,29.073902459779703,92.05335418659465,6.262075424681472,77.60237963449035,mungbean
140.0,89,47,26.994259628263578,84.81029914575342,5.026517450757835,150.98734886538824,banana
0.0,121,205,24.193579708730788,84.08567256821775,6.778243760662272,65.96276966594314,grapes
67.0,145,203,21.67681356759229,82.97148924543473,4.774061067114936,78.36239621643732,grapes
0.0,20,38,23.75997451484077,99.98187601,7.259948052207867,263.9630161472426,coconut
0.0,91,24,8.825674745,90.78278881157551,3.504752314,153.09224310996578,pigeonpeas
8.0,59,22,26.918019735716463,32.143310301371734,6.284120040661138,20.21126747,pigeonpeas
40.0,64,16,16.43340342,24.24045875,5.926676985,140.3717815,kidneybeans
98.0,53,38,20.26707606,81.63895217,5.01450727,270.4417274,rice
22.0,107,18,28.0753214998186,66.18508778542449,8.147403499350547,29.14228486614213,blackgram
132.0,41,22,24.29144926,81.02453404,7.810865753,90.41694635,cotton
16.0,46,33,43.67549305,91.3104324726561,6.210799440306976,298.5601175,papaya
85.0,69,47,25.50724544820693,94.30938883419792,6.469215153805523,20.21126747,papaya
84.0,77,88,16.914492024240847,28.34920482720604,7.578191251368871,49.9927792093464,chickpea
115.0,26,30,25.49158911727429,81.9398937997149,5.364878781618435,175.314805762527,cotton
0.0,5,29,10.878565264917016,49.1024563563688,3.981136790347376,76.67142313539873,mango
44.0,74,85,20.18649426,19.63719995,7.150681303,78.26039559,chickpea
0.0,58,54,26.446369972419987,83.850449053581,5.736503426882989,20.21126747,papaya
140.0,49,22,26.205199501915978,89.54500694401904,7.935416053529693,67.90823401017086,maize
106.0,33,5,15.69343458267482,61.79938880424445,3.504752314,100.6864864949238,pigeonpeas
63.0,67,28,43.67549305,14.25803981,3.504752314,20.21126747,pigeonpeas
6.0,63,23,25.49158911727429,49.94704718,5.906596905,160.33374469999995,pigeonpeas
106.0,67,54,27.58541924446813,90.50283206259152,5.911522358297662,182.0511035503216,banana
14.0,21,35,29.52501367,91.91185319,6.121005506,194.3100272,coconut
45.0,61,35,35.54597319177917,25.2696424693831,6.159986357201414,28.69655630864437,kidneybeans
40.0,20,49,28.4442356295071,82.76587416036296,6.030280133613799,37.31103515505202,muskmelon
0.0,71,19,11.946965890372132,99.98187601,9.93509073,273.3667337679085,pigeonpeas
16.0,130,201,29.12033769,82.79092939,5.682395429,68.8503047,grapes
34.0,34,35,27.27433181,47.16808054,6.422710539,95.257992,mango
0.0,5,48,28.99018160783033,78.21525278665494,8.58432365675233,102.37981783658503,pomegranate
116.0,78,51,11.029525138902404,89.2696710739361,6.215399021954772,234.38432834543696,papaya
114.0,5,46,25.521778520771257,94.49674194976498,5.5701770547459,20.21126747,muskmelon
22.0,59,24,8.825674745,37.14226204789287,4.82353976386967,43.82023056193268,pigeonpeas
39.0,5,48,28.706350397513443,98.38553967152464,9.93509073,102.4415440942808,pomegranate
21.0,11,35,33.72061122382787,66.81718522277177,6.226093317730324,119.3398406579633,pomegranate
52.0,55,35,31.613936400460684,56.31707320981476,7.85538213279581,62.36536388834764,blackgram
138.0,8,21,16.88708087649506,66.81767855065108,7.723238732177192,102.23921287219072,maize
94.0,52,55,19.337939248197426,68.03887146147892,5.449595228033696,35.002719249987535,coffee
29.0,56,25,19.364856046237463,54.09432853843079,9.93509073,52.302549224238334,lentil
67.0,72,36,23.80494033633081,59.29785800562408,7.147895021969153,199.82588024788595,jute
28.0,27,34,32.45465292,50.69693751,6.526654345,95.04871605,mango
116.0,141,205,37.945306488602114,77.55120356058141,6.840552224854559,73.75327822069897,grapes
58.0,55,47,26.05375792,93.69111672,6.7424900270000006,240.6863901,papaya
95.0,29,5,30.769980957666448,38.16140963133765,7.740669642431186,20.21126747,coffee
37.0,69,23,22.28268871968076,63.95956452641365,7.903368863327385,53.81060319863235,cotton
14.0,37,15,27.96235681,83.97586797,6.581351374,90.17794873253304,mungbean
140.0,92,60,18.87529833311996,74.30151181323784,4.852501242968223,113.03883280096468,banana
92.0,20,44,25.66468427396197,77.97317119771759,6.078552423287345,160.11753111981665,jute
123.0,5,46,32.86407638416624,88.2667646811905,7.260903968261542,28.89954554173935,muskmelon
96.0,24,68,29.462850613256247,87.19836580844276,6.952067141105959,61.08070798951795,watermelon
0.0,68,26,29.23528680591409,55.25147293299672,7.053648225462349,116.11944511182728,mothbeans
35.0,36,34,37.9367673836539,37.89218460366878,3.504752314,84.2315406282043,mango
27.0,107,199,18.180737143134607,98.3101468583535,5.782063569806024,128.4597729945968,apple
87.0,28,18,28.33963274917796,62.76668156489031,6.093529391565146,66.16173232845944,lentil
35.0,16,46,30.07881872650696,97.0639095201819,6.039436936676611,25.8262438935048,muskmelon
79.0,6,45,20.233528847906257,84.50720453566532,5.096826056988662,32.83784091325626,watermelon
106.0,55,50,23.36153286843833,69.60367458223769,6.403167350861832,67.50150907386877,cotton
4.0,23,5,22.67594476,93.36348717,7.477935216,110.3332655,orange
51.0,77,46,24.35206405094579,73.76643592823771,4.893968162970994,298.5601175,rice
14.0,76,20,29.05941162,62.10652364,7.042474679,36.5011366,lentil
53.0,143,205,43.67549305,79.7025736596339,6.922550623387044,77.13215876201089,grapes
22.0,17,5,24.12188673,90.72351622,6.403167350861832,102.835632,orange
78.0,145,202,19.29167009143248,92.26308836716964,6.911348908438208,114.0836089339838,apple
104.0,5,45,26.320322341761468,99.74855036464524,5.909704598183024,25.779545745486185,muskmelon
119.0,9,6,34.1322462923401,77.68067931906685,4.996180580320586,139.94710749354115,maize
7.0,144,197,23.8494014,94.34814995,6.133220586,114.0512495,apple
46.0,61,21,30.33585362301131,81.01830143487211,5.096016190986748,53.50331764823283,mungbean
35.0,114,5,14.673935743503652,21.019024583424205,5.776247738180624,20.21126747,kidneybeans
82.0,35,44,26.96656378,78.21047693,6.239011,169.8391177,jute
88.0,49,40,26.133700082680463,88.10210837539401,6.497912922575714,35.95921764555593,muskmelon
83.0,94,47,27.39872329,81.10523402,6.469370954,112.1355384,banana
140.0,5,26,22.538651115434703,76.5420629771749,5.913211016460846,69.05930863888588,cotton
10.0,144,181,43.67549305,85.14315820886522,6.827626915400622,84.37351314837069,grapes
34.0,38,31,35.37775595,45.58110023,6.454045329,97.41586402,mango
10.0,55,23,21.18853178,19.63438599,5.728233081,137.1948633,kidneybeans
24.0,54,70,18.43443623768376,20.00425767069441,9.93509073,66.9516471858861,chickpea
0.0,76,5,8.825674745,21.651689826689047,3.504752314,298.5601175,pigeonpeas
53.0,86,21,19.56815383944389,22.64678763394627,6.207044318761889,51.692079960902376,kidneybeans
135.0,16,44,43.62743277432212,50.107585416429295,5.798321561529439,81.77074342748016,mango
0.0,51,84,17.342817739929227,14.25803981,3.504752314,59.21106110470711,chickpea
9.0,5,68,26.5023297276617,86.21086010549458,5.908751788421413,20.21126747,watermelon
87.0,52,61,31.74408906467098,65.86574202345314,5.053311625052282,79.36805488026928,banana
123.0,60,5,21.167284647118635,74.25486488152886,5.790879051047199,65.72738725861939,maize
18.0,81,12,33.56617798800856,79.88276919639911,3.909428808016968,29.940618280449016,maize
95.0,21,47,27.93114233,93.56161439,6.431970877,20.66127836,muskmelon
140.0,68,13,21.27841749119102,75.45474469036034,9.93509073,203.18537997106088,rice
0.0,60,68,13.9498181251698,14.25803981,3.504752314,89.30780941998447,chickpea
29.0,27,34,26.4520462116559,99.98187601,4.446541495720072,120.76894494359544,pomegranate
35.0,37,26,27.55376286558479,99.98187601,6.354166665298482,127.19301780570753,coconut
140.0,5,53,34.287221121730454,99.98187601,6.882397383297798,31.712656495774908,muskmelon
93.0,22,48,29.12533739,91.52291141,6.776987974,21.90440445,muskmelon
40.0,22,29,27.55821802,99.98187601,5.735364307,174.62564809999995,coconut
58.0,25,19,8.825674745,92.15835352279623,7.838791565549158,118.43776036410743,orange
43.0,75,91,16.629035464621715,16.23631958688807,7.052266608890785,49.5612077503824,chickpea
0.0,59,27,30.83622662042287,91.74380744702152,6.967913329676693,51.18352990359786,mungbean
72.0,51,7,27.60134074167316,76.21015341586023,7.881777809469096,20.21126747,mungbean
0.0,63,195,18.41390037426553,82.17088162656859,4.611097318462074,75.75299092647096,grapes
25.0,78,76,17.48042641,15.7559405,7.228963452,66.96980581,chickpea
122.0,38,23,29.217226635799207,77.48728249769539,6.410670091643622,45.57125557423206,cotton
27.0,28,28,26.829156994873447,75.7714980677384,5.758773931884753,64.41176353378987,mungbean
99.0,72,8,33.35116480509614,79.88276919639911,5.789058783310049,69.4576649595641,blackgram
30.0,137,200,22.91430043,90.70475565,5.603413172000001,118.6044645,apple
7.0,45,22,25.50634557,44.8302551,9.926212291,74.32635105,mothbeans
32.0,41,16,28.63618921,61.39451307,7.702287236,68.54877876,mothbeans
0.0,112,194,24.465568206195268,92.77605870205856,6.403167350861832,150.01639003597387,apple
140.0,97,81,24.94166389202614,89.45907057130495,5.562222464904314,118.59678719207436,banana
6.0,123,203,12.7567962,81.62497448,6.130310493,66.77844567,grapes
128.0,39,36,30.741294270414087,71.1420454992593,4.403754847497865,53.151483211244525,cotton
29.0,22,40,23.62600218,89.73266695,6.145104401,107.6836871,pomegranate
4.0,70,200,18.46985368497169,90.1206671876579,7.107783203172511,86.90744736395858,apple
19.0,145,202,22.934408768406264,84.85680516232006,5.071755486679653,50.034755756127446,grapes
90.0,42,27,20.428852890750285,99.98187601,7.520260817507991,221.72404824624897,jute
88.0,34,22,43.67549305,99.98187601,3.504752314,167.4668116053101,pigeonpeas
19.0,46,43,12.131670451193909,77.52248613809303,6.403167350861832,112.06080420753948,pomegranate
1.0,70,65,17.716911903599993,25.30935627783973,9.93509073,58.2517577098703,chickpea
3.0,32,96,21.442207953022624,14.25803981,3.504752314,81.22453118961639,chickpea
98.0,54,86,20.99593232575102,14.25803981,7.559767104133222,87.54105852957177,chickpea
13.0,145,190,28.57247050147169,92.4424179811016,4.49639259249027,97.28586300955338,apple
6.0,25,10,43.67549305,31.14887833496957,3.57881403277198,20.21126747,pigeonpeas
52.0,35,14,26.996040646950256,58.16055892811462,3.5180157286011577,50.60059120601575,lentil
57.0,70,59,26.473269888687653,87.24494167528314,4.521069807256727,92.20672951859852,banana
45.0,60,25,25.53834457403382,21.565890866528253,5.454527701220913,110.14335235948678,kidneybeans
39.0,101,29,24.45421900514921,14.25803981,6.156337269145078,190.2165736373564,kidneybeans
3.0,31,48,33.03602325988636,90.8546264195234,6.612016024190933,20.21126747,papaya
44.0,64,69,20.81392971069985,14.25803981,9.615917216640952,95.7427186808907,chickpea
116.0,35,11,18.7016107992482,94.95304685287785,7.536472887911303,268.39395896368103,coffee
76.0,40,27,17.394925485923636,71.47849488719257,4.75244708865011,98.93688513391444,cotton
24.0,49,20,43.67549305,46.967118025186494,7.130386658074487,159.40911677426882,pigeonpeas
2.0,61,20,22.13974653,23.02251117,5.95561668,76.64128258,kidneybeans
48.0,63,23,22.527851245114835,84.32117664424793,3.504752314,134.10189774819224,pigeonpeas
38.0,77,22,28.234829,69.3159965,6.313284267999999,35.36831423,lentil
107.0,65,40,28.538521729573137,73.31170040069456,3.504752314,54.08664178961693,cotton
18.0,14,11,28.04799508,90.00621688,6.550814117000001,117.1311498,orange
95.0,55,42,26.79533926,82.1480873,5.950660556,193.3473987,rice
0.0,5,48,33.893076680619465,46.62902489699207,7.781597036396464,95.61100058566468,mango
0.0,100,205,21.936879108695816,92.25451345695114,4.939054450403258,90.17794873253304,apple
3.0,69,28,25.49158911727429,60.21467743684802,4.903926089509464,59.01598806082259,blackgram
95.0,5,42,24.16920196472436,82.82380909404615,9.10334499229805,293.52636494265795,rice
53.0,87,65,15.610067877715167,93.1224610414507,6.818582290899803,298.5601175,papaya
47.0,38,18,25.00468623462473,89.698998886421,5.904060621945841,32.098010257336,mungbean
0.0,29,46,36.08506025467042,93.4539245601098,6.838626018369947,284.2682782040265,papaya
50.0,5,55,19.372758513687096,99.88930163284218,7.045729315397431,106.3838083046322,pomegranate
0.0,5,34,23.395194845071074,80.8827826860527,6.743939071686784,115.63118319932951,pomegranate
0.0,5,38,11.754311381027753,81.71598357885709,7.844822232990147,88.51175127272873,pomegranate
22.0,42,38,15.318052609464496,45.49945611167608,5.795510272653458,122.11796246950225,maize
108.0,42,39,24.644081900914568,99.98187601,3.6458524484958432,167.51032728161383,jute
35.0,58,20,29.38538562,63.47742011,5.761702519,90.05422663,pigeonpeas
80.0,5,36,33.20256060532704,51.37549711118806,5.413367268797439,74.41968082229421,maize
6.0,124,200,22.98208095,93.84505029,5.971332179,109.5852253,apple
1.0,124,199,23.71059131,93.27392415,5.658473817000001,112.66765890000002,apple
88.0,46,42,22.68319059,83.46358271,6.604993475,194.2651719,rice
13.0,126,204,23.1094265,92.79630809,6.3831802710000005,108.183792,apple
0.0,145,181,23.7567750911046,89.81204694766984,5.188204152118601,122.02912690512514,apple
78.0,106,5,22.015902318847488,75.67499087239221,6.1601989353420885,118.9896426441548,cotton
0.0,67,22,43.67549305,44.78035151333754,4.334925241028618,139.94990792394063,pigeonpeas
26.0,21,50,31.13557698964944,56.80675256422951,4.508251226890103,95.92506254046728,mango
25.0,31,22,24.152849315616447,55.69531740634778,6.8296288436635,57.32631212223852,lentil
93.0,29,25,23.735931311028715,91.88344112777597,5.725300366959491,72.66362153125093,watermelon
0.0,99,13,22.21509600572496,32.601035886525466,9.93509073,257.51825584095945,pigeonpeas
70.0,24,38,21.172340514352697,66.23232001102929,6.996067318338371,92.06630452204904,coffee
22.0,133,201,23.81995682,80.12211649,6.00299607,67.27398640000001,grapes
48.0,5,24,22.85616114169577,85.37046710750272,5.848989330703204,277.7813842074122,coconut
140.0,8,18,20.757994088458368,69.83448875147937,5.2336768309552415,132.8714827523554,cotton
59.0,136,199,43.67549305,83.27886839060484,4.71350826565986,80.69137742172116,grapes
4.0,62,18,8.825674745,14.25803981,8.298537874361669,298.5601175,pigeonpeas
115.0,18,53,29.17052093,94.19790371,6.0124803510000016,22.06994464,muskmelon
14.0,70,17,8.825674745,62.83859083494196,3.507443966769713,21.490616695969173,maize
0.0,89,5,24.43626195541306,67.9257747100529,7.616556293517398,20.21126747,pigeonpeas
46.0,43,50,19.74209049324586,79.86863782393398,7.176796626275368,203.7240404749705,rice
111.0,32,34,25.46743689,69.35161206,6.392048018,171.37644619999998,coffee
3.0,5,6,22.891970267369704,96.30999124904884,4.87599932969057,90.17794873253304,orange
33.0,52,35,27.27521882636912,99.98187601,8.325521035197728,265.36560701898827,coconut
27.0,62,77,18.19737048,14.71070537,6.576415562,70.18185181,chickpea
77.0,5,63,19.761383920390013,76.85467137863351,6.984740837324125,20.21126747,watermelon
21.0,5,35,25.49158911727429,88.5579874696699,9.039953829603732,65.79676898020918,coconut
100.0,41,17,29.409824398120712,63.61185004737597,6.432789231722198,75.99950158254019,cotton
43.0,47,29,8.825674745,28.21558347184445,6.011500712216653,63.7033988833708,kidneybeans
64.0,80,31,43.67549305,29.177917510118416,3.504752314,61.58204792077351,pigeonpeas
117.0,5,43,14.757825661236875,66.7273579808057,5.694075278761244,163.59421650984947,coffee
20.0,24,6,21.80222395442568,92.30961233053004,8.167103553442505,212.0974973599353,jute
53.0,74,16,8.825674745,32.76938838239821,5.261486222297281,298.5601175,kidneybeans
11.0,46,24,27.65280218,89.80650642,6.459252023,56.52558045,mungbean
0.0,145,205,25.33300791289716,96.46257572442433,6.65831206797893,125.03989847817196,apple
61.0,44,17,26.10018422,71.57476937,6.931756557999999,102.2662445,maize
68.0,15,37,25.50736028112262,69.54739731405886,7.485941138984431,28.103897711140924,watermelon
62.0,77,46,29.087760973450496,98.06233299830627,7.7223249368808915,143.29633651895455,banana
25.0,82,5,8.825674745,50.00729913067034,8.49775407598205,45.15098753893237,lentil
62.0,63,28,30.8609447826808,59.76953450140359,9.93509073,20.21126747,mothbeans
128.0,27,38,27.91925311892101,33.49965964490654,6.419902625404787,58.188179856695655,coffee
0.0,77,205,22.07208849048239,92.48060753466189,5.193030017120781,116.2669477208514,apple
0.0,85,19,27.46018376298956,14.25803981,5.0458929367344645,117.51969546459848,mothbeans
128.0,40,21,18.99738455585204,78.08922948435543,6.140307667392507,78.95101812762853,cotton
45.0,63,9,21.572155679706384,71.80803244158967,3.504752314,31.711397256708423,cotton
104.0,5,23,36.59001459182313,86.57904777433698,5.879677714761352,52.42397891872473,coconut
0.0,86,32,23.56804881269751,51.86614426701576,6.920358352459404,97.03958432140024,mango
100.0,32,26,25.234661,57.53161469,6.043485685,124.2261737,coffee
52.0,66,23,29.5525969091864,40.34703190442821,9.205266168445265,95.546521465068,mango
81.0,85,28,31.26564439033005,14.25803981,6.001622930034979,298.5601175,pigeonpeas
21.0,70,18,36.58182533355803,73.07129522677262,8.673620072740711,72.70598247491239,lentil
115.0,12,52,27.51492243,94.96218673,6.685553129,21.01796432,muskmelon
67.0,71,5,8.825674745,42.87463750162128,4.81368570306997,105.54287084020478,maize
15.0,26,50,40.72596020462295,94.05900556931272,6.706287907483551,20.21126747,papaya
18.0,19,27,27.75518664,52.34605806,4.772385986000001,94.11213345,mango
30.0,5,9,8.825674745,87.35064394591275,9.621051396306198,77.72535481069119,orange
0.0,76,23,17.41004493979502,39.19764918168983,6.68774718984958,64.29556009250847,lentil
104.0,112,82,24.66094734932291,28.477187968877534,6.366725079465805,102.45904332068102,chickpea
23.0,18,44,30.23591339411793,57.87511555390405,3.6177210301550375,101.8874943279277,mango
99.0,16,30,23.52652084,65.44340921,6.392791654,186.1728203,coffee
31.0,24,31,21.50545238347481,99.6812827127582,7.842822588442028,107.15106827019628,pomegranate
82.0,10,54,28.26979371411361,85.69081531954677,8.098515413830363,72.7060681444064,watermelon
0.0,63,14,31.44781226376748,81.67317926200938,6.975206710543187,20.21126747,mungbean
126.0,5,40,26.33428912596913,91.76893760677828,6.704713086824827,41.83762434672281,watermelon
74.0,111,44,25.49158911727429,72.50388067156197,6.152410640499253,298.5601175,rice
136.0,43,27,23.29357104473919,70.5975998455031,6.571715380978803,119.508395355142,banana
35.0,103,58,9.859645887450956,88.21052212196899,7.8651826782293615,249.1881630922576,papaya
0.0,142,22,27.3733566160622,89.10912471893187,9.93509073,90.17794873253304,pigeonpeas
83.0,44,35,23.14753927781329,85.80648519769301,8.485913661555525,196.657852792382,jute
0.0,5,34,14.961814766906771,82.2214860245522,8.275083290308666,105.02922829196126,pomegranate
0.0,30,7,8.825674745,38.11040129927163,3.504752314,177.76367362369749,pigeonpeas
19.0,23,31,28.76011621440772,76.35187524819133,5.712232966701348,50.92680874585732,lentil
22.0,29,40,31.18333895794804,86.67810398039553,5.614377815039979,47.66630859075628,mungbean
63.0,17,10,28.544606571202326,85.8989087909179,6.072513917501549,34.38610424188523,maize
17.0,5,27,27.425285887987112,99.98187601,7.191741014890464,49.24333935059738,coconut
123.0,71,70,20.92470859296504,18.151868047142514,9.34971606448029,123.8295684669054,chickpea
27.0,63,19,20.93409877,21.1893007,5.562201934,133.1914419,kidneybeans
140.0,112,66,35.051742336079194,94.00927714554426,6.799899954786312,20.21126747,papaya
140.0,5,37,20.19891097503516,80.91756499307704,6.7438765473622295,156.5933650149545,rice
64.0,48,44,17.55826155353402,69.96909860043965,7.667010837862783,203.17461918146648,jute
20.0,105,17,26.78098133674075,99.98187601,6.711166869634757,76.21495600179,mungbean
18.0,12,8,12.59093977,91.81668769,6.206053072,119.39167179999998,orange
28.0,105,5,23.75474373371838,14.25803981,5.597602117334986,172.9042428699502,kidneybeans
72.0,53,42,29.411499326110977,89.77279392019987,9.849444858253502,165.56950157460835,jute
96.0,41,52,25.501680162300943,78.80499583811208,7.464234729940395,20.21126747,watermelon
0.0,54,86,21.55323452992906,24.57127590825304,8.612376125836919,111.96473155535348,chickpea
125.0,41,47,32.93972779263158,99.98187601,5.29008043104006,24.28527495511448,muskmelon
7.0,63,24,22.95458237,24.03553105,5.858617867,107.7315386,kidneybeans
25.0,71,23,22.989163256791684,20.836508332967835,5.972455232928184,90.83502332431192,kidneybeans
118.0,88,52,28.65003945,82.68752542,5.8431631610000005,98.75084366,banana
62.0,46,60,27.169981164728924,92.91625778865787,6.307929006689818,24.25890117555877,muskmelon
69.0,5,49,24.21851167685599,70.84576548644527,5.576667643682629,39.065116490946906,watermelon
19.0,5,39,22.165221675226405,99.98187601,5.767271550304733,185.24729857455787,coconut
0.0,145,91,15.610293818417002,15.525843267141155,7.690474325179598,91.35371228838568,chickpea
0.0,102,90,16.723271486936593,16.528748267698298,3.82823683333215,55.743822878108446,chickpea
29.0,60,8,32.35273705873008,84.41053646835206,7.3650308801328785,36.18552980081608,mungbean
10.0,132,183,26.89788361250189,85.45000233960324,6.348131310885328,60.43320360791978,grapes
0.0,52,9,22.822758444522137,19.35644371115088,6.513755520141606,35.382191339539034,kidneybeans
68.0,66,31,28.120143971064696,47.4662494631078,7.773305557616501,67.20118678293306,maize
97.0,5,25,24.451511208174963,91.02908718125836,6.408771506497208,20.21126747,muskmelon
105.0,25,24,26.876643206936468,40.19823736351877,5.288355054048872,83.01107066855371,mango
109.0,30,62,25.4706339523534,97.0164506082368,7.912923042363939,20.21126747,muskmelon
57.0,41,28,26.506942364593503,93.23590665667012,6.371738966685433,71.7334618066864,mungbean
6.0,5,19,35.302137920059444,99.98187601,5.471217868513506,184.39000553354265,coconut
0.0,5,36,28.936937025742523,62.64245632695877,5.25302323447559,97.00753151351115,mango
84.0,28,75,24.15502394521283,72.16051566566912,5.645550751329187,71.45891801807213,watermelon
0.0,49,11,8.825674745,92.14570804848968,5.6733354064521695,119.83985241262036,orange
7.0,28,35,30.02086169,46.78393776,4.66910839,96.63721027,mango
51.0,39,56,25.85832780910656,93.9101489360039,3.631156552373488,168.1148752906871,rice
63.0,5,10,32.50946604054584,85.6382093263718,4.064200425484827,95.61216594734462,orange
28.0,58,25,27.4818649,62.04814951,6.861640036,37.81123974,lentil
66.0,69,47,23.69212243,93.61055571,6.912299695,87.53393983,papaya
19.0,18,23,24.575849351587745,75.2479185878311,7.199715802625829,55.83444161303164,mungbean
47.0,87,25,21.07746273552869,63.61620199162128,3.504752314,66.4689344780057,maize
0.0,98,86,16.684816535747803,14.25803981,9.282465731897467,99.49514397144613,chickpea
96.0,27,42,14.53089629552817,57.71411165778294,7.65732841297752,94.97956273400708,mango
79.0,56,51,40.03359496861227,89.36218548791327,7.138678174698507,90.17794873253304,papaya
69.0,66,49,40.00439101,90.17015833,6.52711001,92.11877372,papaya
14.0,63,33,13.487231902432963,54.22866307193544,8.22743378434157,66.50180327836945,lentil
0.0,23,19,33.82806317577904,45.70683986992623,6.883422219054636,118.25763206330944,mango
118.0,18,32,27.6496114,51.11044023,6.351823783,122.8392822,coffee
0.0,102,13,8.825674745,66.99381956718025,9.305355930625996,34.55052582947909,lentil
0.0,103,205,33.34033204305575,77.87217767427414,5.977044416847519,71.65678593946164,grapes
36.0,67,20,20.39078312,60.47528931,6.924042372000001,53.31508572,lentil
136.0,98,50,25.969004742527915,88.54045711543382,5.058718427967103,40.479061711778485,muskmelon
41.0,14,57,29.46851217799482,85.01847541115066,5.9167223028308005,27.001228979160864,muskmelon
0.0,45,51,30.042014966855803,67.29882784027063,6.425382268960084,65.69615378248709,banana
77.0,61,30,8.825674745,86.75470833916471,6.572940673545519,193.60615609142457,rice
38.0,18,42,24.17745512186353,99.98187601,4.338235744648598,125.79034595677132,jute
2.0,5,21,24.90036225030275,41.91254532639756,3.504752314,20.21126747,mothbeans
0.0,73,18,16.32827471649201,76.8321759364763,6.939195279888901,29.28779884056202,lentil
101.0,41,60,23.19996855117315,74.68547912887861,7.729909198464867,238.94212210642496,jute
45.0,99,33,43.67549305,18.192785422512383,5.601111848199651,46.0167060666202,kidneybeans
102.0,78,41,43.67549305,85.27044314880342,7.185307881106777,298.5601175,papaya
96.0,56,83,16.999884150025036,14.349388332014968,9.619033664679328,51.48432339952278,chickpea
140.0,44,25,27.559542058294763,90.10002292435306,5.8146727860433325,138.2603650477021,cotton
33.0,127,205,24.916322543697312,98.49864629705068,5.892533588799443,98.64740403756758,apple
57.0,70,24,26.135617769120163,66.44355401001472,7.5681107013079485,54.171079371188455,blackgram
122.0,20,36,28.3430057008062,55.04584284142744,5.376048705434432,198.43796957635453,coffee
140.0,5,60,32.953343027585845,97.3779276227616,6.814070275832136,35.28735851689862,muskmelon
0.0,49,21,27.1203641106871,42.467438412600174,5.841713530008332,90.17794873253304,mango
50.0,56,76,20.99502153,19.8601304,7.966605025,73.50734019,chickpea
86.0,52,35,29.690231133247053,84.03704908629462,6.686877295662569,48.15564873042295,watermelon
82.0,39,63,26.58152702493397,87.66330832719542,6.949795523761938,24.20824156132448,muskmelon
78.0,83,64,21.514650620642005,20.280622711170324,5.994646701105206,119.8808394019141,chickpea
62.0,5,8,28.62387434910504,54.72697564733563,5.162469916594639,266.16710500523106,coffee
116.0,91,18,25.78507106730272,80.76549768899082,6.330283065249547,53.23113335215572,banana
140.0,16,19,11.687565580030151,67.2018617757255,6.433650770004085,76.09554332071257,coffee
65.0,67,41,20.12439893565,81.01217978010295,6.1512471489716285,94.61710110482582,watermelon
125.0,33,20,21.107233486984928,54.41666013999451,6.97315870412521,168.49999754632165,coffee
44.0,34,71,23.981097277020783,19.09609182023429,5.707558310862037,117.51245724919902,chickpea
31.0,5,14,17.66545409,91.69865887,6.583411671,110.6857506,orange
4.0,40,21,28.79728147,80.45744422,6.725551062,44.30070517,mungbean
0.0,43,28,34.58808096971323,42.60463263408344,8.660224246146225,82.9751898608683,mango
5.0,34,21,41.529017271270064,42.74529609431143,4.561518003547107,105.94831488462664,mango
9.0,18,41,35.18405564257266,15.272324565525128,5.438075337056978,164.37842349742573,kidneybeans
58.0,73,16,33.36984395,65.67718163,6.874142175,64.89517488,blackgram
24.0,5,57,22.07326170834254,91.36676564745136,5.498598997114284,113.39548235226876,pomegranate
43.0,41,28,23.508083726284426,61.190510598595125,7.419632733407204,193.22502783629363,coffee
104.0,73,46,29.1400919,80.1190228,6.28236237,90.45142867,banana
92.0,33,42,31.10049663399996,40.838549386799656,7.793099355699459,109.31449844572651,maize
140.0,84,12,22.097615439453087,41.14474042341666,5.480501359045605,87.06196557923127,maize
34.0,39,88,23.280685220240592,14.25803981,5.067943401525035,145.11792811424283,chickpea
95.0,19,46,23.17987255563439,91.17230310556114,5.270901837995818,56.16895903140547,watermelon
0.0,91,13,28.35943410349867,85.36060249034156,6.388648908284953,34.26701525486359,mungbean
22.0,47,39,28.5689568439386,83.81685764769605,3.504752314,140.73223334241095,rice
0.0,65,15,23.46168338,23.22197648,5.645435626,95.84253438,kidneybeans
0.0,48,33,29.2435271079111,55.0931456434496,7.360459780842145,59.70905758535783,blackgram
104.0,18,30,23.60301571,60.39647474,6.779832611000002,140.9370415,coffee
58.0,92,33,13.136154966970498,83.77850515508008,7.815587685292964,138.80268271751436,rice
64.0,69,17,33.978633349642934,37.875876178818125,3.9924603982430433,249.9014247421475,pigeonpeas
90.0,48,29,43.67549305,69.36018452926866,6.609805286612903,73.42114572062277,blackgram
8.0,47,5,24.6106274879459,95.03394912630414,4.623191216151528,106.74160745233031,mungbean
63.0,51,31,28.64938965300425,56.17386590540872,6.153510428173294,104.35326787315154,mango
34.0,140,198,21.70416965,93.44006288,5.751707342,115.1781396,apple
45.0,30,11,32.39523995,94.51768464,6.601395755,113.25373,orange
60.0,44,48,29.575984182254984,73.74498138372758,7.310597661094053,140.1295628829057,jute
45.0,51,19,29.19271983947975,79.08808157640495,6.075135742784503,63.83103180797584,mungbean
54.0,109,178,43.67549305,87.21722291138371,8.345862084980116,77.5419488867328,grapes
31.0,53,16,28.7420098,85.81675947,6.452006451,48.54598575,mungbean
39.0,57,19,29.32379604,45.93248374,6.421748487,165.4113371,pigeonpeas
95.0,32,49,42.58455742419088,91.13372241330389,8.138932045254553,20.21126747,mothbeans
111.0,6,42,30.455973765111057,93.75422375545917,7.0240906753814265,27.269993276442168,muskmelon
0.0,138,205,9.118711086531016,81.37828818693004,4.280849902095333,79.82465145896401,grapes
140.0,60,31,19.96158503986142,75.42377104592963,7.098446615514698,97.85994923403923,rice
86.0,103,27,29.4679384769338,76.74743067837275,6.286596896016397,67.51578696099173,blackgram
36.0,25,33,27.98392787,53.33018851,5.548584852,99.61465679,mango
55.0,67,16,34.37329112,69.69366426,6.596719015,90.17794873253304,blackgram
32.0,58,13,34.70949769945442,88.6660801108359,6.403167350861832,101.33833610039436,orange
55.0,81,26,35.97666394939732,75.09368796483209,7.782112273340976,62.21693645341316,lentil
140.0,126,52,31.593700936528894,66.48488185776237,7.69607552174122,176.77859137532027,banana
22.0,60,24,18.78226261,20.24768314,5.630664753,104.2570723,kidneybeans
61.0,52,41,24.97669518,83.891805,6.880431223,204.8001847,rice
44.0,56,49,39.23342464,91.25589286,6.519779582999999,64.4478499,papaya
75.0,82,11,35.02283124149331,14.25803981,3.504752314,115.01944938868974,pigeonpeas
84.0,119,198,8.825674745,75.29310319907228,4.564345298357541,74.1879465073605,grapes
0.0,74,29,10.20248667442183,60.7185417770149,4.329893463438533,45.14872507820599,lentil
116.0,5,23,27.00532092750747,71.24154932600146,6.7747698783289625,222.5235167296985,coffee
130.0,76,36,25.14424958555328,67.87763950287228,5.443027850255082,139.24966355715517,banana
35.0,125,204,19.6491772,80.15215777,6.107741787999999,73.69529586,grapes
37.0,5,31,34.135284625482704,48.075134630471176,9.055769404279086,93.27501463288311,mango
0.0,33,28,40.81944939392352,47.98241207786809,7.021247933114818,103.92666474127428,mango
45.0,49,18,29.68361658,87.93598094,6.990095452,41.82490236,mungbean
36.0,46,75,21.39991085144331,24.55089837622685,9.325199842018533,73.98455919823218,chickpea
107.0,29,38,23.660690433146407,80.75930400984956,5.549844821364221,285.1682859027177,jute
48.0,74,57,36.98467310150666,91.70074842501006,6.32758401010056,298.5601175,papaya
0.0,68,84,19.19417237126803,18.67370932905189,5.918955297338566,107.42848815525863,chickpea
79.0,33,5,25.820546596728622,88.09882607220356,6.971434405266558,141.99862269485118,cotton
0.0,68,17,16.84653242119618,22.02413836182426,5.063661869797908,189.5449154659844,kidneybeans
53.0,87,57,18.29060292134048,91.21078043260007,7.054115772676971,157.96871699226415,papaya
108.0,79,8,27.49246928045192,92.3068705225307,5.640370589997256,91.72368043669329,jute
109.0,36,18,23.22895008288305,90.41967532404934,7.740160956884574,29.430093096093373,cotton
109.0,63,37,18.51788223140169,91.1158494981275,6.346709969713934,216.8331298889788,jute
127.0,81,46,30.00303612784269,73.06071996297506,6.275054530974923,298.5601175,rice
57.0,44,33,25.76090547343393,86.73288660562996,7.848431204196439,205.55781022998065,coconut
99.0,54,30,28.85747219790921,56.1433106346212,5.588475961014487,113.4117261234377,maize
0.0,33,27,27.567333751037985,98.95675157187236,8.35306222396814,114.1163522740414,pomegranate
140.0,5,32,21.92992058771864,84.33437139905418,7.9148705445991325,34.641988450938626,watermelon
98.0,26,52,27.33897716,90.69759008,6.150090898999999,28.69113835,muskmelon
95.0,96,38,25.47183358779775,72.24255969701414,7.670370825261925,140.1814600766188,banana
54.0,24,15,30.623783840839582,67.84957462773785,8.147390746119589,77.51799140719453,blackgram
32.0,14,37,22.73031253,88.48567856,6.825256236,104.6843243,pomegranate
49.0,87,44,11.824914738095217,96.91624610424954,6.906160258750311,160.6188434394116,papaya
0.0,35,28,40.7185530496284,60.57674184556237,7.360121246926912,75.11694626228004,blackgram
118.0,45,23,29.028743463329835,66.63563111882267,7.123318657144489,164.7680673425459,coffee
94.0,50,19,23.30355338,73.62548442,5.873242491,97.59081274,maize
40.0,55,18,30.38257873,40.5926071,7.115994051,47.95406479,mothbeans
0.0,60,16,28.49778253730945,92.52832152500584,4.92710817357775,85.96887651582048,mungbean
63.0,32,89,24.06237675157329,17.29018519426533,3.504752314,98.31078531938934,chickpea
77.0,5,63,22.77860254050849,92.1360748546532,5.730264665319685,52.41608319375449,watermelon
32.0,55,15,43.67549305,61.61950418189049,8.839679411366557,58.73851984526334,blackgram
8.0,22,23,31.27641964277061,84.70486522765529,4.588941577919109,183.7050572586335,maize
140.0,5,34,28.29627116336152,95.66243613830652,6.149003949083316,41.23399338630428,muskmelon
107.0,11,54,28.59052369,91.33617236,6.094016337999999,29.44008034,muskmelon
40.0,38,35,32.18567267498592,95.1657615049596,6.216358129597893,229.9878879615115,coconut
89.0,25,50,27.04863538,91.34685096,6.375923383,25.08146686,muskmelon
30.0,74,8,29.888565125759392,99.98187601,8.985893006014013,161.37340227543348,jute
124.0,18,46,28.00883234440701,88.38796095756412,7.247726134054455,61.04639601612162,watermelon
33.0,78,18,20.78561141996098,99.98187601,7.611661914427507,211.7396354541146,jute
45.0,145,197,26.8837763768215,94.02469953310974,5.81792152222833,119.29550075227748,apple
54.0,52,31,35.61306012797288,71.42748774577247,7.397139676586152,71.17034506950453,blackgram
95.0,14,50,26.6333118,84.31756844,6.560443519,56.31866159,watermelon
50.0,59,47,40.76998685,92.09278584,6.747975732,209.8678411,papaya
16.0,139,203,17.82803682,80.96093443,6.27564088,65.84748763,grapes
0.0,5,37,25.05006495157301,52.11694597063832,6.896921268614973,90.17794873253304,mango
140.0,27,24,23.244317928330773,60.73394577634827,6.865917296663048,298.5601175,coffee
140.0,71,33,18.456064334959088,77.66307102064313,8.072582051050011,90.02843889012239,cotton
121.0,53,19,23.51308653,76.72621429,7.976889497999999,80.11272117,cotton
113.0,15,29,27.09617155,63.55324262,6.779230041,190.2440566,coffee
0.0,59,18,32.303562573647284,63.71860051793104,7.875803713190336,56.21952250641599,blackgram
45.0,5,34,26.950513546937977,99.98187601,4.866395670423842,221.03259931572768,coconut
54.0,5,28,30.29899801881393,57.31082383383728,6.403167350861832,179.7364938235144,maize
0.0,56,21,38.245802842226496,29.44225906631016,3.504752314,20.21126747,mothbeans
83.0,80,84,43.67549305,88.90303094844512,6.403167350861832,264.7302530413057,papaya
2.0,24,38,24.55981624,91.63536236,5.922935513,111.9684622,pomegranate
1.0,57,27,20.46441428260691,51.59596355088268,5.5703435590965285,64.11221456941358,lentil
137.0,14,43,28.97259571059435,79.84834793159312,4.720146744162703,23.807447209979767,watermelon
0.0,41,21,31.5597246779006,48.00044425024897,9.93509073,298.5601175,pigeonpeas
74.0,89,35,15.660220584542216,68.7870189589018,4.721966963952765,41.24889981692184,maize
51.0,5,23,31.7403826255222,15.931466228413978,6.118224284140203,298.5601175,kidneybeans
92.0,31,52,24.49771382838776,90.74965942517628,6.8919301803171065,20.21126747,muskmelon
129.0,46,26,17.077379896426077,62.23111311679954,5.775487854629091,51.73279276421109,cotton
38.0,79,21,8.825674745,16.35156882283138,3.504752314,215.39238644576443,pigeonpeas
81.0,85,13,43.67549305,17.34175185054869,6.8940692910954375,103.62242030704516,kidneybeans
16.0,68,23,34.63569879737359,14.25803981,3.504752314,49.30001438462489,mothbeans
5.0,91,191,22.63586570424865,93.06670893401088,4.597555222593041,134.53203997134392,apple
0.0,86,21,17.98765313938147,55.84264756971659,8.041560558085726,146.2862247241829,maize
58.0,53,10,29.078044365606736,71.63536559736545,7.57999138591225,48.92588323912433,blackgram
116.0,51,43,37.23648090101893,99.10937924297605,6.498665064364973,298.5601175,papaya
40.0,120,197,23.80593812,92.48879468,5.889480679,119.6335548,apple
45.0,79,16,25.49158911727429,46.38717889223422,9.93509073,111.65986656503642,mothbeans
24.0,145,185,35.75012861522776,78.30308003261266,6.428237219503933,72.39655553368804,grapes
0.0,45,40,15.832912120507928,99.98187601,3.504752314,99.81686166867956,pomegranate
28.0,74,52,34.2647932898425,81.84997636899793,7.155855123336088,298.5601175,papaya
123.0,19,20,41.43406748257655,99.98187601,8.725402079229807,206.5964002345669,maize
91.0,70,44,30.52906333552081,57.7434095003792,7.397729306063407,79.38375398224116,banana
140.0,5,17,27.47650796760857,52.31890284854517,5.662551644546819,298.5601175,coffee
74.0,39,38,23.24113501,84.59201843,7.782051312999999,233.0453455,rice
9.0,45,34,9.424524207920564,96.83957383995866,7.307827690968388,130.97109804468903,orange
63.0,44,41,24.17298839,83.7287574,5.583370042,257.0343554,rice
31.0,137,196,22.14464104,93.82567435,6.400321212000001,120.6310784,apple
12.0,56,39,43.67549305,43.50172185647431,6.678695695477096,89.11663841629058,mango
140.0,14,48,25.40054521466617,99.98187601,7.023520111331554,50.0836656581821,watermelon
103.0,58,20,34.99073111196225,84.40159105893946,8.484611589231204,116.92677520989844,maize
73.0,74,33,27.68565924156747,59.4933408640157,7.970566258146686,53.29186277241253,blackgram
0.0,5,47,19.192890539243137,99.98187601,5.5397673557842895,108.88989874164882,pomegranate
35.0,145,195,22.03911546,94.58075845,6.231950009,110.9804014,apple
0.0,145,200,20.74060169784348,92.32525745871148,5.529069053832181,80.42330936318149,apple
22.0,17,26,28.69818144,47.71875722,4.754435025,99.642454,mango
61.0,5,16,26.13259996165229,44.30869961206116,4.455428582725399,95.80310671370069,mango
36.0,61,21,34.53823889,39.04468913,5.617008201,168.5948318,pigeonpeas
17.0,56,17,27.94293692,45.41393636,5.9565851,69.66289997,mothbeans
40.0,24,25,28.70595247,50.44030129,5.445008416,95.8946444,mango
0.0,113,205,17.633020664542247,95.53517021585525,5.162120467651623,91.89098334928082,apple
37.0,126,196,23.59997268,90.97597665,5.596449493,107.17281909999998,apple
101.0,71,31,32.74283152745059,81.00896060877132,3.504752314,270.68889933441915,rice
102.0,49,29,16.299116420701473,48.95396233048601,6.112073656449966,230.8215940413982,jute
52.0,71,32,23.314056595256552,92.5919569591163,6.713384625867286,48.683300027076186,coffee
104.0,52,44,33.60081579822308,79.1209279151744,5.890838866347921,125.40232959460684,banana
29.0,109,205,21.15749239154076,93.87369590902968,4.761999859971011,123.60549739377107,apple
79.0,85,61,17.361692587825072,99.98187601,7.026757796945862,20.21126747,papaya
16.0,143,197,22.61711614,93.51978375,5.90402645,116.9256766,apple
7.0,56,23,26.33908791,40.00933429,5.545219232000001,55.50429227,mothbeans
51.0,145,205,42.442774114390105,80.63362281910605,4.24183824602705,76.25242314899754,grapes
67.0,46,44,26.82489244,78.20392774,7.093328631,153.91998069999997,jute
106.0,40,30,23.42611644,64.10651528,6.779984384,122.6847408,coffee
41.0,62,15,29.38400259,64.14928485,7.358974541,65.24194361,blackgram
0.0,62,14,41.28325661256933,74.30922639203058,6.6961291542129775,57.2959222458345,lentil
54.0,65,21,28.640555160632186,83.75774622733144,6.260006872099006,55.86200870550458,mungbean
113.0,6,47,26.928603703954465,93.42913299694912,7.775145963167584,49.50020120312499,watermelon
84.0,60,5,24.077326949742886,69.18693606510885,7.781101197544963,89.64850840816086,maize
82.0,9,40,29.076801508155487,14.279410745999222,5.677682274709692,20.21126747,coffee
140.0,84,27,29.01262992125437,80.47072226642813,7.426249046482495,99.27206221788852,cotton
137.0,17,36,21.437304282213155,81.00006461892661,7.032922950947219,62.94566905797225,watermelon
0.0,145,205,19.18515017462555,99.98187601,4.786050508255132,111.9637723442084,apple
140.0,70,68,32.34408255391902,80.28091599563267,5.126995580031494,90.17794873253304,banana
16.0,145,183,23.31378298293513,96.44877293800518,6.6123498359320045,90.17794873253304,apple
132.0,67,24,23.90503442135714,54.0498805993812,4.5148675869784665,73.43529712566072,maize
51.0,37,5,33.038917477580384,53.63039718498476,8.23446740961227,91.61039605113028,blackgram
0.0,38,20,32.39906306163252,89.97314427837149,7.361145471150119,148.55846484681297,orange
0.0,145,198,19.34550801042957,88.6941085220158,5.929903253572245,124.61740948534066,apple
24.0,80,19,29.67892453,69.0854554,6.8080417220000005,65.66436565,blackgram
43.0,13,36,30.360021747494983,86.00867632619456,6.947623263151771,101.26575757732304,papaya
0.0,105,30,20.131052270539467,64.4881368392792,9.93509073,36.32785318719076,mothbeans
90.0,39,43,24.44743944,82.286484,6.7693455,190.9684885,jute
130.0,34,31,23.110431356719985,68.98376215273021,5.8472242354918365,246.4503408653798,coffee
42.0,67,77,18.99424448,15.9362937,7.114405288,78.69707199,chickpea
78.0,29,37,21.958965412189805,80.00515949340252,5.340265165023013,124.86129004282996,rice
15.0,105,194,8.825674745,78.4883029482333,5.658811178265812,68.27989116320805,grapes
140.0,82,18,28.929948761804543,79.94332801925022,9.93509073,90.17794873253304,cotton
140.0,32,50,31.736836712062384,99.98187601,7.616450999876794,69.32487779023138,watermelon
21.0,20,31,25.60033702,99.7240104,5.855457599,165.82487319999996,coconut
76.0,34,50,29.68786798239787,83.58723424360375,7.13614542113898,73.80808189116794,watermelon
96.0,13,34,25.49158911727429,70.45222458955801,6.110455809016731,222.8341989954741,coffee
48.0,5,20,30.998818756603686,99.98187601,5.131015040344844,179.13325244188573,coconut
17.0,77,23,24.51324787,20.81527638,5.670062975,64.19497947,kidneybeans
123.0,31,57,27.074564700042124,92.94311560768536,6.038649415435501,28.91001496060518,muskmelon
119.0,5,25,39.91463847578749,57.7588197149455,7.266622039812194,90.16574478741,mango
58.0,19,55,28.028142239335583,95.1545340211671,4.813592955215082,35.69426517840756,muskmelon
94.0,50,37,25.66585205,80.66385045,6.94801983,209.5869708,rice
140.0,51,25,28.384656977008515,79.35811301204124,8.726182509982934,102.8112856540695,cotton
69.0,5,36,20.52355974165509,85.72960319444672,5.85987612195696,242.32953391901785,coconut
138.0,11,42,30.56868346997241,84.48926437253398,7.335442432858691,74.9328517619703,watermelon
13.0,75,20,30.55992394,35.29006485,6.979540061,178.8998611,pigeonpeas
9.0,78,42,8.825674745,43.92530243373543,4.989750908779758,87.28049685665023,mango
39.0,31,60,13.116693349667283,92.4756539253097,4.733099128385264,104.0218784396855,pomegranate
62.0,40,34,19.501978648600613,77.69589777615026,5.8161300643060345,20.21126747,rice
0.0,69,39,30.47376000556936,29.4128284642579,3.744490108180111,87.11565727625978,mango
0.0,65,49,20.086086874662936,79.83436180870792,3.504752314,20.21126747,rice
10.0,5,30,30.38006680028739,86.10743210880769,6.15964585979721,132.3939696557294,coconut
60.0,26,16,29.121808736394943,93.91642183421884,5.773836818148283,146.41415628444963,coffee
27.0,5,5,34.21575291205634,92.4939775501029,6.975122123175889,139.71826778800403,orange
65.0,55,9,21.192670655762903,22.352323814210084,5.727594175307684,90.17794873253304,kidneybeans
30.0,37,25,29.89129144,80.14487166,7.120032489,54.7960127,mungbean
12.0,83,28,23.53827971375106,70.98048660406833,3.644555426293608,48.25793014298107,lentil
67.0,41,40,25.84879500000001,87.81661683,7.333143205,90.17794873253304,jute
33.0,145,205,20.369261144619507,87.95048208990113,4.511599244453152,56.88102743788387,apple
97.0,37,62,32.23737001576436,91.49850714445763,7.18838626739062,22.398604949074645,muskmelon
111.0,88,46,27.05577761351092,89.13316247847379,6.695193744343822,60.139451192730846,watermelon
0.0,117,82,19.206440684827275,14.25803981,5.717403314244564,78.65344638462665,chickpea
72.0,27,31,34.44310488976605,47.38648951407912,7.934421740250622,24.864296018321795,coffee
29.0,75,75,19.62416326,18.71483156,7.064790365,88.4585692,chickpea
140.0,14,32,29.926729494168505,73.06619333222673,7.005345089795039,58.46473320349557,watermelon
0.0,5,43,25.49158911727429,89.93315625559991,8.88657634710921,121.1473499156322,pomegranate
37.0,57,9,36.95628427850051,44.064710399444586,6.598384351097146,71.48868369173297,maize
0.0,59,17,8.825674745,74.92703419822456,8.390462397162759,20.21126747,lentil
121.0,32,54,28.447718284883155,83.1541404713327,5.083556083979534,20.21126747,muskmelon
39.0,5,44,29.387598285233768,54.54694954241872,7.879493523827141,102.8820394066922,coffee
44.0,47,45,38.73218907,94.73613484,6.403167350861832,218.142147,papaya
40.0,49,17,31.02215872,45.89239456,6.68727523,53.56783314,mothbeans
55.0,48,17,43.67549305,79.90697649932454,5.489556431079911,54.282148956109495,blackgram
117.0,91,36,28.52720244281566,80.72022852872576,6.831528314709392,60.1296956299127,banana
34.0,103,15,24.40787490972533,52.91098681725028,6.8219780114905095,83.56528154786156,blackgram
13.0,74,25,24.12192608,61.09533545,6.461618577,44.23629285,lentil
63.0,5,19,24.42256661751772,41.19416092423988,3.8995520295834094,256.09528463777684,coffee
112.0,60,64,26.307677290991226,59.956884358016936,8.426308886689828,181.9332086000636,jute
106.0,14,5,20.59785633408537,55.076845666378446,6.503532071021982,114.45357604972575,maize
113.0,85,46,25.49158911727429,88.5354829965724,5.860862113434501,137.23342675741577,papaya
0.0,45,36,37.95169591655955,43.1275440396626,6.338156673860219,67.90927434941841,mothbeans
1.0,132,200,16.27852801,82.94270065,5.620745638,66.57462809,grapes
73.0,9,33,24.849338191240523,99.98187601,6.596225173877897,63.9092432845373,watermelon
69.0,77,22,22.09887346174378,84.87380565994548,8.794472746955575,98.68463536705468,cotton
7.0,20,14,28.617331719684653,71.30644081719234,4.8350576206416935,298.5601175,coconut
21.0,134,202,10.72302459,80.02130636,6.425419926,65.29821120000001,grapes
6.0,44,33,25.83279801162863,99.47267654535024,6.403167350861832,38.50361834425042,mungbean
33.0,14,28,41.84672574883369,42.28941986422822,7.897666836934461,96.23282973246896,mango
62.0,26,5,12.831556162801409,89.28979008744706,9.133910490493186,115.98826781434222,orange
13.0,75,17,8.825674745,15.588036040264498,4.151414638544724,194.3832596374182,pigeonpeas
11.0,47,39,17.800532948652762,61.81904520655469,5.763494715088929,190.95719911360453,jute
108.0,12,37,19.985867911760007,88.33268474538522,6.051011232407993,66.30724342496627,watermelon
25.0,135,191,11.964222915196308,83.53980998333054,7.745446239214939,71.32253003420085,grapes
73.0,64,5,26.33836932777412,77.67777149706838,6.264600432926096,20.21126747,cotton
16.0,7,8,22.79196751,90.60901895,6.420457311,116.5084074,orange
40.0,29,42,24.63228709,89.01574455,7.104094929,110.6956184,pomegranate
104.0,84,40,43.67549305,98.06740452819392,7.587164707730781,36.42390894656592,papaya
125.0,25,53,18.52964860297863,79.06169883294609,6.910406680332278,298.5601175,rice
120.0,60,49,26.27807054176041,76.07686724949636,6.478399336988633,122.0702788350014,coffee
13.0,144,204,30.7280404,82.42614055,6.092241627000001,68.38135469,grapes
140.0,31,43,25.49158911727429,78.69588431450016,6.964698105245744,109.6154929568868,pomegranate
42.0,10,30,29.028719121337296,83.4451151690665,7.052059897983456,127.18005477834396,coconut
8.0,6,33,28.27804288,93.64761266,6.095261012999999,171.9457959,coconut
28.0,10,30,29.8690834,91.14723422,6.305740522000001,192.7678575,coconut
43.0,72,51,21.361611319894653,98.47163553461016,6.976497524355707,92.55967141868044,banana
111.0,18,29,15.579509155591984,72.44533364209488,6.403167350861832,298.5601175,coffee
6.0,72,95,19.27952888663636,14.25803981,5.734536306886885,120.4521833184647,chickpea
63.0,50,24,18.357140921446124,58.28287002527836,8.627488482316844,92.95533479433156,blackgram
82.0,60,30,16.415506811957083,85.49393576624405,8.234866572488471,278.75056710805205,rice
7.0,145,202,19.963307346947595,79.19738544416921,6.403167350861832,65.65666027130298,grapes
22.0,5,16,38.327548517937046,69.69238402156421,6.345806319346458,44.65174923601786,blackgram
80.0,60,19,26.0923040619404,14.25803981,3.504752314,222.920924670566,pigeonpeas
31.0,57,5,28.14882295578732,73.22922510438312,9.93509073,70.70259599320329,mothbeans
0.0,8,24,29.47186342762948,50.854463887983336,5.052967876275374,80.56126204474103,mango
11.0,103,45,30.97593161566168,61.481717683516166,5.261659267805856,68.54851061372547,blackgram
116.0,56,17,24.71252544,77.7293114,7.979090365,85.24963302,cotton
23.0,5,44,21.20725375,94.26304717,7.16300467,107.5660804,pomegranate
15.0,24,42,35.697912912051464,72.7636071165777,7.524746138117974,117.85164096319272,jute
0.0,17,40,21.45641711742914,84.8551165277738,5.871405113329396,115.57086794630531,pomegranate
8.0,61,62,8.825674745,92.55313840166964,6.492771139191021,223.50389105231983,papaya
16.0,22,27,22.50828110188376,94.96678566803205,6.565631361061833,109.3125004331444,coconut
50.0,33,29,43.67549305,99.98187601,5.008584948905685,101.41393155889864,orange
119.0,29,39,31.48134070350912,94.44793807145172,6.176417507738442,23.890186896682906,muskmelon
62.0,68,40,25.94485500648968,69.8543206016107,5.271179010218479,206.36264202367133,jute
39.0,5,39,26.12226241561376,98.36191185186952,6.385532816974625,33.608064956250935,watermelon
4.0,135,197,20.68500965282241,84.85171861860543,6.816030410272724,124.0317460931188,apple
37.0,65,16,22.8352024,18.97267518,5.683548308,63.59276673,kidneybeans
0.0,124,84,12.2122464838367,19.25838721296516,3.504752314,50.72401703543059,chickpea
16.0,71,24,18.33124824,38.40975482,4.946369874,139.64833169999997,pigeonpeas
91.0,49,56,23.65374117984175,73.15072537017421,6.60491008245179,77.23707195360298,banana
19.0,45,40,26.840781120312204,99.98187601,7.62375158457042,110.93540467248064,pomegranate
73.0,32,43,22.444753982605143,78.34480350285986,6.209586384083653,176.4099669560399,jute
140.0,24,40,24.82101645445985,60.09018382595608,6.794568931028282,138.78014577042296,coffee
19.0,61,5,39.7219587242035,69.23552480186717,5.417652053706676,20.21126747,lentil
15.0,88,12,42.701899533345234,80.69813021390024,6.226461264079495,20.21126747,pigeonpeas
45.0,5,57,28.07154423110241,83.94677531812108,5.499649433408355,106.79283035630108,pomegranate
0.0,126,193,8.825674745,81.80834860387222,7.517457540597523,55.047197241061866,grapes
32.0,61,95,25.52648702877449,21.06994166517064,3.504752314,129.38300835811197,chickpea
140.0,5,20,26.6645086349527,61.247266909717865,9.93509073,124.87278457078853,cotton
62.0,5,13,27.91929790807325,62.91333910652739,4.816871998699293,61.84857982306427,lentil
13.0,8,21,28.15323834823589,89.61319107295425,6.583077353605137,191.0887536220373,coconut
98.0,44,21,25.77175115,74.089114,6.524478032,107.4931917,maize
37.0,24,13,19.14381903,90.71037456,7.8546243,108.0230792,orange
18.0,16,13,20.51292013849999,37.30176983507032,9.93509073,21.31622858575636,mothbeans
125.0,64,43,43.67549305,99.98187601,5.147659732133191,229.05603171057572,pigeonpeas
140.0,5,25,25.054857568863884,92.78018116807058,8.50980308382874,67.04507855277552,watermelon
0.0,13,19,22.751741521013027,83.73754241761242,6.000480740914018,94.8666136896678,pomegranate
50.0,85,17,34.88429893423975,14.25803981,6.224410121000096,20.21126747,pigeonpeas
30.0,39,19,42.67671010472844,43.78378024541349,7.334523181836015,79.55632587829714,blackgram
0.0,5,38,28.35119347919194,88.55526701292952,5.491500677534265,90.17794873253304,coconut
57.0,105,5,21.272908597658137,77.78883268318377,5.400620392173174,49.65360767846725,lentil
30.0,7,36,17.019447471019372,87.0071675160942,6.213761084116598,117.055853209792,pomegranate
33.0,56,26,14.429124469020326,99.7778430917122,5.418141511643537,90.54694683310362,pomegranate
0.0,36,9,42.73046914227413,63.13087870867243,8.162786036282311,72.0792722927639,mothbeans
104.0,35,28,27.51006055,50.66687215,6.983732393,143.9955548,coffee
69.0,35,10,31.14110612330148,40.187044373322976,9.93509073,20.21126747,mothbeans
64.0,121,190,31.856854313230045,82.1741128612714,4.837038784707066,81.55228578259019,grapes
58.0,56,87,22.92537614278374,16.24297848320963,6.3633135456320735,90.17794873253304,chickpea
140.0,5,61,25.14390991953406,98.84872787367858,7.223606735548914,20.21126747,muskmelon
85.0,5,33,21.59683926644968,85.09646632224147,7.078984252947831,90.17794873253304,banana
6.0,128,200,25.96308415,82.57813624,5.838748311,70.31782647,grapes
5.0,13,38,26.87591063801548,86.5671619895982,9.93509073,71.81188885200496,mothbeans
80.0,68,26,29.16460335110072,83.29654894717854,6.734411627684618,75.99015554142778,banana
140.0,70,18,19.181500541901613,79.8946769128094,4.756177818956294,66.20079011019334,cotton
25.0,56,69,20.463104840547825,25.47423120228009,9.93509073,86.36137516588727,chickpea
28.0,6,40,22.10621387,91.34039616,6.769855664,106.8704803,pomegranate
3.0,21,25,18.09924490079453,91.70024248857284,7.259408808914245,20.21126747,coconut
93.0,8,39,33.64445367629872,82.67591549569488,8.244005781693165,202.05231220597904,jute
104.0,5,36,25.49158911727429,76.90541864611363,6.196305113435447,28.85512314694289,watermelon
126.0,50,19,24.69457084,81.7358876,6.6287228360000015,78.58494391,cotton
61.0,16,51,30.241810233024147,85.85175466891711,6.183368263273714,25.934320111561668,muskmelon
115.0,5,55,23.306784742636747,98.60425831691266,5.920049869884812,52.66393145117027,watermelon
34.0,57,18,29.52366598852826,79.88276919639911,9.128090198557572,64.06216150887391,mungbean
38.0,19,30,19.69446465842724,94.4720470357664,6.548223432180583,108.69845856625366,coconut
140.0,113,53,25.98800816740785,75.29954733278807,5.302379322292199,122.21880371406225,banana
65.0,96,191,43.67549305,83.94145245334329,6.122411068839604,75.63066399281448,grapes
122.0,20,41,28.176275898335167,92.58674352704588,5.981854032419172,30.16534742166377,muskmelon
0.0,59,97,13.2707388532594,17.500926759452682,3.504752314,47.60811857978935,chickpea
52.0,105,52,43.67549305,86.80828405863593,5.901551620016195,125.03597829900556,papaya
13.0,125,17,8.853773406991966,77.08549737619113,3.863897340673926,104.0836643676285,pigeonpeas
101.0,70,48,25.36059237,75.03193255,6.012696655,116.5531455,banana
94.0,70,48,25.13686519,84.88394407,6.195152442,91.46442491,banana
37.0,57,20,31.1006247,44.82069159,7.354286985,70.79934452,mothbeans
42.0,64,24,18.68175825711515,25.57362170591509,5.511937740549133,89.9608249914271,kidneybeans
55.0,74,29,16.764732352848014,63.08008181422099,6.761205105601293,69.96084180982243,lentil
98.0,11,32,29.915775700104323,88.01367300253926,6.395265824034941,29.83097404508632,muskmelon
0.0,83,28,21.584082897821773,51.277464587769614,6.33501971863712,125.02707001371805,pigeonpeas
61.0,71,17,36.80007316813211,14.25803981,9.93509073,146.28505321162731,mothbeans
45.0,51,25,26.80474415,48.23991436,3.5253661,43.87801983,mothbeans
47.0,47,37,30.91396921793084,77.5702305483979,6.696126326302527,60.624225070088215,mungbean
0.0,5,59,20.679189531868584,81.81052135556763,5.591298774606916,106.97651229243615,pomegranate
66.0,63,11,32.69628209526431,14.25803981,4.88649654574385,196.10893678329245,kidneybeans
11.0,27,30,27.69637763,48.56224879999999,6.39474303,89.85646496,mango
74.0,35,40,26.49109635,80.15836264,6.980400905,242.8640342,rice
16.0,43,33,28.667289422233505,99.98187601,5.11951773289206,113.1877585434023,pomegranate
93.0,5,34,28.52612201469713,98.58749955446748,6.870869047487442,20.21126747,muskmelon
0.0,18,40,43.67549305,81.97764913316522,5.914682979785068,88.42221095064161,papaya
48.0,29,6,8.825674745,24.202199037594955,7.938280645641361,298.5601175,pigeonpeas
116.0,78,37,18.90127531425985,44.47420142054624,5.429621463498801,46.579150682876346,coffee
117.0,34,25,24.83846178,56.7685316,7.21270048,124.4135035,coffee
39.0,60,15,35.09357419,30.98685456,5.004074623999999,116.9106908,pigeonpeas
82.0,5,49,30.04548035522752,95.94928219714504,5.430426005719886,31.35586820563519,watermelon
82.0,5,30,43.67549305,39.53139183804103,3.504752314,90.00891810724396,mango
68.0,46,14,15.305521140194893,61.69708152031532,7.005767809540812,32.681627881918686,blackgram
1.0,29,29,27.32961444,49.30347234,6.052026047000001,93.53197359,mango
57.0,100,14,33.9266194474819,65.86755108497998,5.355596499001825,80.43987011731899,blackgram
52.0,96,9,34.6324173265982,63.90928139352297,9.833563693580718,44.380743011386336,mothbeans
0.0,22,16,34.22582799515962,76.00235082995533,7.448906981273282,23.93066367200249,mungbean
6.0,72,205,24.43514861097948,86.27359792216554,5.685017453444574,134.11495834288002,apple
81.0,53,42,23.67575393,81.03569343,5.17782304,233.7034975,rice
86.0,5,25,29.07028956690677,99.98187601,7.196787803811646,244.8106788317591,coconut
22.0,5,20,25.39210315650532,36.66848772580408,5.785854969071681,105.6019200902639,mango
69.0,42,50,28.63898445945096,84.6606947488007,7.347281651204161,82.45187498271888,watermelon
35.0,66,47,31.7018373,91.66232213,6.953439161,90.17794873253304,papaya
82.0,35,35,25.49386782,86.97061481,7.299076163,176.5268267,jute
14.0,42,51,8.825674745,99.98187601,5.21665297692132,122.54232220814345,pomegranate
117.0,71,67,43.67549305,90.74333031799938,6.836354507801716,20.21126747,papaya
0.0,5,55,22.265294781095097,99.98187601,3.504752314,113.24958349643676,pomegranate
15.0,125,200,23.715879286712905,95.96355825600187,5.900741038416997,118.17913821541669,apple
32.0,60,33,22.918153063264675,80.40785852014119,4.94526830726364,266.4564667392054,rice
65.0,54,33,25.49158911727429,68.56031928321141,5.984960058880988,117.96033866810224,banana
18.0,40,20,28.479535276366008,91.75880088602732,4.581893141600396,244.73697569047613,coconut
90.0,36,36,19.52829455065706,74.58698584312248,5.3661182752458565,125.48967819086452,coffee
61.0,47,5,27.994617274903568,90.77249517979936,5.488089035482074,20.21126747,mungbean
2.0,21,35,25.02887163,91.53720922,6.293662362999999,179.8248944,coconut
0.0,97,20,24.193190641876228,19.621286500888782,6.403167350861832,90.17794873253304,kidneybeans
22.0,38,10,43.67549305,86.96560730348062,7.492901798668205,105.19978029177928,orange
75.0,60,25,19.34433319079876,73.68386748010829,4.053502414449351,151.50871813608487,pigeonpeas
126.0,49,23,29.841239697766955,70.23558205559598,4.730429795911714,103.61434687969025,cotton
0.0,145,186,16.449021739643072,79.53186957954618,7.252866375301076,73.25101940122512,grapes
140.0,11,32,23.953234600548218,86.79213709373535,3.996985160572714,22.228392229438136,cotton
68.0,142,185,8.825674745,78.09172732257822,7.529767524582405,76.02351322750536,grapes
77.0,82,21,29.042040541516947,99.61801822158228,6.483046154675949,46.58116915996453,mungbean
45.0,56,38,14.633627094899712,78.4785878616598,8.060840451620782,123.16135403154767,maize
39.0,73,24,25.65842532,61.18235808,7.22405917,69.28607828,blackgram
109.0,43,52,28.8481483895706,73.27095071090831,7.9076278393950545,96.19292814691252,banana
58.0,49,82,12.693826986959184,14.25803981,9.574612952796876,88.29693726644209,chickpea
38.0,55,19,33.18184225,38.23184742,5.864623352000001,198.8298806,pigeonpeas
99.0,19,33,27.536454700000004,55.51673151,6.273741983,130.6377143,coffee
85.0,126,31,32.32414925541594,81.77894209873199,7.535167783651815,105.71421585546146,banana
107.0,5,30,25.03480134557567,56.7375246648445,9.93509073,161.58252748678075,coffee
0.0,89,23,32.95231639795801,61.274158986268944,8.676011444600183,59.67510915879349,lentil
30.0,23,28,8.825674745,52.07036662956342,4.404606870975099,92.69067641176694,maize
108.0,56,37,28.66996684572841,67.64332648631576,8.279578113939653,81.82188577832623,watermelon
12.0,26,16,11.514809667094756,48.8319345075892,7.614622677215938,50.171956062922426,maize
0.0,126,22,16.078049707442638,75.38431280467888,9.93509073,298.5601175,pigeonpeas
22.0,28,26,27.67256197,45.41692012,4.947683034,92.84991507,mango
100.0,5,45,23.61286922825748,90.30645289826408,7.523688722483915,59.976652254191286,watermelon
45.0,12,56,27.442700859292124,78.8034814040471,6.156090634101457,61.301687897748536,watermelon
8.0,78,23,15.892598517359508,24.29873403764824,6.20689246224502,22.661563592126896,maize
90.0,39,6,37.788109277072216,67.23220867187506,9.93509073,28.404872528441324,lentil
0.0,5,32,15.796810579275562,86.00659157620535,6.255112422267644,101.26073811019326,pomegranate
9.0,5,45,29.241013989591792,89.63741046331597,7.141549122780799,107.99226638227802,pomegranate
68.0,145,183,18.820720847248644,99.98187601,6.481159011620577,136.26713501235696,apple
0.0,145,196,43.67549305,79.29025221738037,6.655480840209413,75.44849934616362,grapes
42.0,48,89,20.57388744074822,14.25803981,6.371692898804239,122.32409947833897,chickpea
35.0,5,46,23.929186745000848,91.72146790412027,6.403167350861832,30.500584699833,muskmelon
101.0,125,75,29.62110439572387,82.22413135391221,5.9486359487446,78.24767074747477,banana
58.0,75,19,8.825674745,80.87326826242882,6.020037774898832,104.73601407678171,blackgram
0.0,136,205,15.41626679511926,83.23710387632951,5.18351450135518,79.49606665104268,grapes
26.0,18,27,27.45907759,92.90736493,5.836075368,142.1430003,coconut
97.0,77,52,34.27406840911416,47.510944261894124,5.630328662790423,69.04368348715161,banana
0.0,104,77,18.220420041336965,14.25803981,3.759360791732815,44.19763969250107,chickpea
73.0,43,45,22.659603022446063,69.81458635408117,8.64566583751202,86.4375112637442,jute
82.0,113,34,18.506495459891248,45.431666053141896,6.701292287608817,34.96580919746562,lentil
77.0,36,48,25.346661185593515,92.9816610849198,5.849934858186044,50.86276540557838,watermelon
74.0,105,198,12.112201712456448,78.66332704128874,6.545364544845441,68.58057137252477,grapes
0.0,31,36,40.071613999753886,29.54515696763765,5.519242434671577,99.22711413820264,mango
41.0,42,14,31.390551459969064,87.79817867990481,5.888113090318532,65.38067278424536,mungbean
0.0,38,21,23.36431555026004,77.41528858286611,7.44556289790212,66.47997904431627,mungbean
82.0,26,47,28.50416396,93.46806467,6.565312652999999,24.20007242,muskmelon
121.0,5,15,23.200236247808185,83.32644165095887,7.867491374974768,122.35006557224987,cotton
103.0,62,59,24.68099699179179,85.50984595072156,6.479210608396375,113.31262323073402,banana
63.0,43,19,18.51816776,55.53128131,6.641906353,90.988051,maize
0.0,145,205,24.12662694370337,89.82701964953071,4.577826184595223,100.39119273951933,apple
29.0,11,5,23.13338811,91.94670335,7.639788459,104.4224145,orange
79.0,69,9,36.601080759342565,71.36101637891258,8.482444221455337,39.38730656056252,blackgram
68.0,12,27,32.892163319686624,60.4575929810265,6.167665700812631,99.74896890688098,mango
93.0,47,37,21.53346343,82.14004101,6.500343222000001,295.9248796,rice
29.0,76,15,28.541723600000005,64.2020154,7.0256077060000015,69.68862306,blackgram
140.0,34,51,23.9171988387804,61.006304147486354,8.244052436396219,226.77519450002384,jute
25.0,57,19,17.15432954,19.87070659,5.566522896,87.99669731,kidneybeans
74.0,25,48,21.79631257136837,99.98187601,8.356125531296726,167.83514481632474,jute
122.0,77,44,24.64202383579133,90.68224317913042,6.388006945707019,85.80882039255579,banana
86.0,68,8,23.584560310391154,64.03611990894917,4.3569727080354905,63.01842155783359,lentil
56.0,79,15,29.48439992,63.19915325,6.403167350861832,71.89090748,blackgram
140.0,36,26,18.989407611182216,90.27536567131273,7.63355290498019,214.15371402183223,rice
19.0,57,23,23.6734328,47.2879691,7.342409555,141.12507219999995,pigeonpeas
64.0,47,43,21.01617136550441,82.92956753159304,6.736196682319347,259.36549121601496,rice
101.0,81,28,31.251870934115363,54.76789063429732,9.93509073,55.39394165686173,mothbeans
26.0,74,31,25.66928378161719,70.52490961939093,4.210575970138233,34.24004844367315,mungbean
0.0,74,47,38.77373908114491,90.233519193653,5.972931678468424,298.5601175,papaya
74.0,55,19,18.05033737,62.89366992,6.28886807,84.23613484,maize
75.0,5,7,29.72414125767263,86.7244807008235,8.881768340512375,130.93890154182057,orange
7.0,90,91,15.959862416766684,16.890105393452025,3.504752314,110.2792471323089,chickpea
97.0,25,50,25.49158911727429,80.90127035,6.093814669,49.08553937,watermelon
0.0,10,18,8.825674745,90.76132929747573,5.641802337960906,123.7556557433767,orange
0.0,44,28,23.134242953128705,15.022152678252011,5.449319994550953,214.405323047512,kidneybeans
87.0,114,56,35.56308159442168,80.65764058829633,6.170768784685066,98.93887375024192,banana
10.0,141,201,22.12659387,90.97818277,6.386021424,104.5412275,apple
89.0,47,21,17.80321482602709,81.97902714391333,4.343438440041308,298.5601175,rice
6.0,96,21,26.021670863548373,60.86567028723712,6.549141421102451,239.45577847737871,jute
12.0,61,17,20.101308592383887,74.20534090682543,5.116342214302546,114.36046742060704,cotton
29.0,62,100,12.705907161607067,21.924436816667487,5.5562659266155645,51.07805705859797,chickpea
0.0,58,14,27.97948581295853,69.30589145055627,6.187509872819232,20.21126747,mungbean
50.0,48,34,23.1684948608581,56.48627300943415,7.763151077979332,152.4379089351366,coffee
77.0,108,199,22.06967980894474,80.43507769784749,5.152275367778266,72.79046914909472,grapes
140.0,48,30,20.24131963695583,85.79495149914828,6.437075684779975,105.97894826748322,banana
11.0,82,12,31.959673560453293,57.749309239445125,8.275517661927552,52.13552220871138,blackgram
3.0,18,19,38.81667167689231,61.91041082788071,3.504752314,41.76416311224122,mothbeans
28.0,57,17,30.47757686,61.58245338,9.416003106,61.86633917,mothbeans
11.0,67,40,22.619531098013784,86.67236527412533,9.571009393476178,201.3817548723336,pigeonpeas
63.0,24,49,23.79070305756593,56.71107324917509,6.299087181361511,125.74724370777994,coffee
85.0,5,56,29.80930828478965,99.57083946002292,5.586034627158864,24.14025605895924,muskmelon
140.0,40,30,24.83927803650188,43.34487662798419,6.734107966196484,99.94163472528776,coffee
1.0,27,36,23.98598756,93.34236582,5.684995235,104.991282,pomegranate
0.0,5,5,8.825674745,99.31269691807496,6.135705220522586,155.55661322139434,orange
18.0,93,15,8.825674745,73.5053142869414,4.409751896699369,121.40503834609584,pigeonpeas
140.0,5,24,18.31771356497873,90.75950845643725,9.93509073,20.21126747,coffee
47.0,68,18,31.88984053357435,75.35778181261958,7.190622596590223,75.96713384294652,mothbeans
88.0,5,62,39.23604005806641,96.66604106148785,5.577048689015607,298.5601175,papaya
74.0,40,40,25.13842773,83.12053888,6.386259977999999,169.33884650000005,jute
0.0,29,27,26.99604685908453,97.69439016109192,4.852035445112828,253.58208231219268,coconut
68.0,43,6,24.006886307025404,80.46917789739761,3.989419693853743,69.10864559638775,mungbean
40.0,67,61,22.95600367214339,82.6913802384647,8.023659247716818,159.24256214031286,jute
89.0,25,34,23.07895447,63.65861483,7.184801627000001,129.8765443,coffee
45.0,33,31,23.69287069,66.76090123,7.393825704,144.6576424,coffee
0.0,66,22,11.11002671644469,21.39249619485811,5.914223700278703,89.95267164891297,kidneybeans
114.0,21,55,25.4438391,87.93923120000002,6.472756256,57.51549686,watermelon
9.0,12,29,20.86886815107281,76.64591382540753,8.88186880196828,69.31719961364944,lentil
0.0,35,43,17.596848175107837,40.100933163231886,6.655333420418794,86.58086758025374,mango
9.0,77,17,20.12373284,24.45202552,5.783425416,106.158201,kidneybeans
0.0,45,12,32.15264844143625,90.38301060133142,8.152682233689246,35.46757265829775,mungbean
0.0,5,8,43.67549305,83.02550645532538,4.4067094513790135,126.48080399899666,orange
81.0,41,39,15.60109068080607,84.61037011378698,6.399749994771804,298.5601175,papaya
31.0,64,14,25.55420066015328,63.216378940219606,8.519212535120806,169.6388964968394,pigeonpeas
80.0,5,22,26.318747253706096,96.45573083880252,5.977838139786339,233.23286019110824,coconut
69.0,5,12,22.93306188237038,97.76630989425712,6.403167350861832,227.162584198317,coffee
28.0,145,202,19.2077707,82.90428409999998,6.484323189,66.83113717,grapes
1.0,66,23,19.54317155,56.92831399,4.803564468,173.1686574,pigeonpeas
112.0,67,73,30.830275819815206,70.61447553617027,5.96421372072222,83.14211042798892,banana
0.0,104,19,43.67549305,99.98187601,7.093031600902739,179.014440386562,pigeonpeas
0.0,5,25,26.34639486981109,86.16948702624823,7.367493928378778,38.607757378087456,mungbean
71.0,88,38,13.393831307493024,28.17191037908623,5.866643011837785,20.21126747,kidneybeans
83.0,31,54,32.10614665358977,98.67896655784982,7.109545309292976,20.21126747,muskmelon
35.0,63,76,17.81564548,17.60756635,7.714153037999999,90.82097601,chickpea
0.0,77,90,12.918923168163737,22.62425152480149,6.403167350861832,92.69329130032992,chickpea
93.0,55,25,20.568576982387288,84.03589478941382,7.404818170731152,151.93952145319673,cotton
39.0,39,65,43.67549305,91.35963617722628,7.022502353204683,48.61949756789984,papaya
0.0,7,54,8.825674745,88.50575011475105,6.212861523635046,240.0937506629041,papaya
14.0,139,197,21.72484506,92.83975602,6.056529526,121.6961761,apple
73.0,60,10,15.371765697353062,29.143038246178268,6.1335449213093005,101.62520485156077,kidneybeans
26.0,49,27,14.445993413195414,70.29490799336841,5.710140189465088,20.21126747,maize
113.0,6,52,27.76317235,90.35567642,6.740983646,25.21609113,muskmelon
140.0,51,35,32.84110209996679,79.29441840229869,9.93509073,20.21126747,rice
11.0,53,37,27.25287875194385,56.5464651354969,6.65515979730693,99.40022934972626,mango
6.0,37,60,33.553628914834555,98.12590001175298,6.154185957851612,56.56816362457475,papaya
84.0,62,31,30.131877112049327,72.19129460324673,8.109630096026201,67.86537103082907,pigeonpeas
12.0,58,23,21.74600081,63.39503184,6.765091462000001,50.43306085,lentil
92.0,40,54,27.84185175468836,25.53531356492788,5.087076433458664,298.5601175,coffee
106.0,41,17,26.26637404642925,78.55316451798652,6.510447027748345,198.14177292423548,jute
45.0,13,37,29.73652520092761,64.30967141965323,8.24317755028981,173.4740400380933,coffee
86.0,67,59,28.320375374322268,87.69793900176902,4.61069406909438,25.16233731606806,muskmelon
14.0,50,19,25.785288763220755,19.652332751090093,4.933129949546535,122.36043108992624,kidneybeans
43.0,5,30,29.548120288354383,87.96781634086041,6.5688330262069945,35.119431563694725,watermelon
131.0,5,46,27.948383889682805,92.49801876230032,5.204035059566737,39.0069435043178,muskmelon
58.0,90,177,43.67549305,80.35875001321193,6.211432141820207,56.79092736656644,grapes
45.0,18,15,12.818578442239383,89.19677249613417,7.504294949106819,60.79234773609595,orange
135.0,35,19,24.236691728189182,61.47515513674915,9.334049003131137,89.40232537839039,cotton
45.0,86,29,42.28398581237432,66.05300779063303,9.93509073,80.71394561489934,blackgram
18.0,8,5,35.456713639261146,47.24629434780391,9.93509073,79.55775284801523,mothbeans
106.0,6,84,27.1129299637846,99.98187601,5.302140715209181,21.66808230944265,muskmelon
120.0,20,51,26.093813677493003,89.44979716779797,6.403167350861832,23.05168253161232,muskmelon
0.0,121,205,25.034555157404707,93.56784612494684,4.149295051663917,112.22002918391154,apple
26.0,19,34,32.63689793009186,80.24896184516243,7.6988425535649565,110.02693253819486,pomegranate
5.0,19,25,27.351105600000004,54.43945147,6.441328044,96.27792547,mango
140.0,5,19,26.55525503995685,97.83259720442484,5.215197481881438,83.65332417714929,cotton
76.0,104,5,23.06910118189989,76.92550536174173,3.504752314,79.3325377948766,cotton
73.0,13,27,23.51056491259668,87.63608339901741,6.403167350861832,257.4360172649872,coconut
0.0,19,5,8.825674745,99.89869271747772,7.620517529084614,76.58171626349929,orange
69.0,61,79,18.380018099366787,21.056522739708377,4.250708710210097,57.72831692496216,chickpea
7.0,6,28,31.7613884029896,48.58512330597834,9.93509073,84.40145478713876,mothbeans
3.0,49,18,27.91095209,64.70930606,3.692863601,32.67891866,mothbeans
47.0,43,15,24.393006930171136,88.21291180429868,8.884943011229012,93.1676924748248,orange
70.0,87,15,27.92511604401187,23.177301142680427,5.100195241310788,150.41549330813845,kidneybeans
75.0,26,39,27.82616141613266,90.11455320704836,4.908479851539604,26.65988537930778,muskmelon
31.0,41,12,27.272921121999,84.47147599309021,7.414568190181595,30.753478563698124,mungbean
21.0,23,42,19.54128063,90.29751796,6.902751061,104.3739878,pomegranate
20.0,5,36,18.054239958950863,83.1713919199201,7.34211264880366,92.207951879686,pomegranate
52.0,5,34,20.02941981622978,92.97728070339124,7.744245093771929,105.97855315581664,pomegranate
108.0,67,40,37.773533673217415,78.51366013116747,3.504752314,90.17794873253304,rice
27.0,53,5,33.337995799406315,78.34066165240847,7.085274286836146,53.875523664786215,mungbean
80.0,18,45,28.550150183897497,74.8258847333502,6.80260985120773,89.62843511374258,coconut
53.0,5,19,43.67549305,90.0069934746245,7.677851789813292,107.82448529196796,orange
20.0,79,77,18.54988627,16.02542689,7.64867466,76.32565249,chickpea
8.0,145,205,8.825674745,77.88495895788182,4.654731890328115,71.06425887196252,grapes
60.0,36,43,23.43121862,83.06310136,5.286203711000001,219.9048349,rice
0.0,97,75,19.221731418352803,17.995983263159523,9.93509073,57.315426467712754,chickpea
90.0,64,30,22.49192777974071,79.95557608455478,5.702638827833216,105.56280520694357,rice
70.0,5,16,23.10682355312912,74.84741892310063,6.255343676219439,130.5751846800359,maize
140.0,12,41,24.77234223547481,79.93484019410499,6.906010376689596,68.0023278075619,watermelon
115.0,104,24,27.42098199967057,49.82629837177551,4.107145259023966,212.12253087513412,coffee
88.0,54,9,33.068835823300546,61.91147658300043,4.648758917284799,184.75338095576103,maize
7.0,17,26,34.89226666,48.75613373,6.414526606,91.63074547,mango
35.0,66,53,22.976334794856754,84.01595683019589,5.890645234462499,55.9196450621846,watermelon
75.0,5,53,32.613792616564666,99.98187601,5.60719964811998,135.2683858244277,coconut
0.0,57,18,32.83574774846208,73.22066115542454,6.00066234574519,53.21641522347462,mungbean
33.0,60,15,28.95172351,81.67085323,6.510840928,56.51103293,mungbean
0.0,88,41,28.231213814050456,94.82847565000355,6.4631797202362025,62.35595432212156,mungbean
62.0,27,19,31.3981439411437,49.41064914129488,9.815634546567743,100.02950005190884,mango
38.0,85,33,26.90206467115317,71.3764162358612,8.796730250025803,165.5555028137087,jute
114.0,25,26,21.280984191688287,69.63832293828467,4.87929848525817,46.96383109760286,cotton
93.0,85,49,27.96799119,79.28625709,5.694243847,119.4765557,banana
109.0,34,31,24.656478840000304,73.40562200840168,6.630533250067508,90.17794873253304,cotton
84.0,74,49,43.67549305,93.47683599148044,6.602617226644414,260.97982199067184,papaya
5.0,5,23,22.18356997762615,46.85851082663141,6.200657345197786,20.21126747,mothbeans
6.0,47,12,29.02973688898523,56.48791304049468,6.010276433592625,80.55079056544427,blackgram
2.0,126,199,22.355809093231,93.17824553006076,7.485648365079791,96.63571426690972,apple
103.0,57,24,24.73166734221504,81.26632102422096,9.93509073,132.6743042363173,jute
0.0,64,33,25.10032659594456,14.25803981,8.405185005309761,66.36041151843904,mothbeans
21.0,126,205,23.24221587475364,87.70626033268755,5.553828672768352,105.0602173203471,apple
59.0,27,60,30.79759400288493,91.8972234078866,6.830452914422998,20.21126747,muskmelon
135.0,5,18,23.660158653445965,92.51030302824113,8.322851341419481,228.2465170979989,coffee
140.0,5,48,35.18036917367915,99.98187601,5.668238085121158,29.60694165666873,muskmelon
62.0,66,19,33.230809561117965,14.25803981,6.814928802000852,20.21126747,pigeonpeas
45.0,119,199,43.67549305,81.80117587073832,6.403167350861832,63.7598673476836,grapes
54.0,58,78,21.999057231755017,14.25803981,3.859980340428351,115.24645871121032,chickpea
0.0,5,14,14.888982484381565,95.58611218533336,6.575520417842838,114.98729594339426,orange
131.0,78,5,26.02562933815869,86.10328667956014,5.853430852063562,80.28565053935873,blackgram
20.0,61,29,26.74625465405753,89.39152790908895,4.599511189205503,102.96184566190746,pomegranate
45.0,45,59,25.73171775877236,91.22672551519422,5.393527350500988,52.83353598714874,watermelon
140.0,69,60,28.11173908380042,85.51191581912866,6.897372295923328,43.24454529940055,watermelon
54.0,21,56,22.0813715395022,90.55074573409983,6.447689395036607,74.19821202268514,watermelon
50.0,62,20,41.65094691557334,63.9428399367421,5.7856717616387785,22.19018511832925,lentil
35.0,7,38,27.097643472350818,48.72895792551428,5.983382099482493,83.62184285347846,mango
60.0,41,54,29.905293558577505,82.30191070034003,6.10944799286802,238.34624763662416,rice
112.0,19,14,25.43339506938095,75.62413293412115,7.758272145071396,20.21126747,rice
0.0,40,48,43.67549305,82.6419846048675,6.970137698179314,298.5601175,papaya
87.0,48,38,23.81579631,80.94023552,7.161865733,190.312216,jute
0.0,97,23,29.98930395057046,71.43102592575846,7.065302255602417,87.33746662520491,blackgram
46.0,57,23,34.65829845050372,54.020751906059,5.81919686742748,71.59403996799591,blackgram
48.0,131,53,30.14006198579632,55.59033123086672,5.436752755757368,103.39371853250054,banana
28.0,145,205,24.485384557847468,99.98187601,6.386636135862991,94.3210244363107,apple
29.0,25,35,28.3575072,91.64509299,5.542873799,160.73069909999995,coconut
0.0,48,27,18.27335011963495,26.944498772273025,3.504752314,104.83625105202285,mango
32.0,59,11,34.205487149851905,89.38745815277453,6.342130961467175,94.93486034202812,mungbean
81.0,48,45,29.98000545509189,79.4044575504332,5.595401437098002,155.54651185217477,jute
90.0,91,21,35.97288557862211,61.95355748044664,7.216227441006925,61.08579735477057,blackgram
11.0,30,16,26.639102841398284,47.15261477311231,5.205659386762939,20.21126747,mothbeans
63.0,44,5,14.27420162860504,96.85099301186176,9.457564894769453,104.76616881651624,orange
0.0,5,29,30.18549885172223,90.89509852918084,5.871271792267075,298.5601175,coconut
4.0,6,7,23.01014302,91.11764246,6.708889665,112.6738296,orange
26.0,56,22,23.05276444,60.424786,7.011121216,52.60285259,lentil
0.0,145,181,33.570498551182624,82.18847470022017,4.383537774377123,48.98902002838295,grapes
140.0,65,30,26.9021078067926,67.59551740349607,6.556330594459393,108.36069356634104,banana
58.0,75,25,25.25596239,61.36669662,7.261791753,68.64685069,blackgram
0.0,30,27,32.65559670027336,91.39367370558378,6.850535399833643,118.97239486052624,coconut
25.0,111,68,17.08292027838756,14.25803981,9.93509073,73.58205792392309,chickpea
19.0,145,205,43.67549305,81.29762585170539,5.081847370655384,73.62708739898353,grapes
20.0,77,23,34.87248659,38.83786012,5.180271502,148.25027859999997,pigeonpeas
45.0,5,22,29.98797088317924,43.08779769669348,6.365907395341448,298.5601175,coffee
50.0,145,205,8.825674745,80.28795139987832,5.530129461501375,70.36244703176402,grapes
66.0,52,40,20.05496360540836,92.1839572366299,7.257978815970742,168.1978848525101,jute
37.0,91,24,25.34244815719752,23.610582161401872,9.233011067337287,74.53837779345511,coffee
39.0,65,53,35.33294932,92.11508608,6.560743092999999,235.6133585,papaya
0.0,100,205,8.825674745,85.70900927524143,6.608999951999276,79.56483520185121,grapes
22.0,5,46,30.86209218170292,99.98187601,7.0263181252793565,298.5601175,coconut
112.0,39,29,26.12492233,63.37479229,6.726528895,147.8035305,coffee
44.0,102,25,23.853225838946774,67.14677200328126,7.97834395628284,47.68968211034916,blackgram
28.0,27,32,28.94099669,93.00109012,5.764615485,191.7723087,coconut
6.0,7,52,9.972979237948712,71.0144674000935,6.055229030622044,120.91469487013174,pomegranate
11.0,41,19,26.85911286,41.81420849,5.131779302,44.13827124,mothbeans
111.0,87,51,40.49924123751939,94.05653829098696,6.89560855814564,298.5601175,papaya
121.0,25,46,27.087326023202063,99.98187601,6.189649514873241,20.21126747,muskmelon
45.0,20,23,34.601630443925224,99.98187601,4.940515391230797,108.77325248259731,pomegranate
1.0,25,31,30.253178877514262,96.9526607416563,5.923502601462476,138.69988407581098,coconut
140.0,37,39,26.30649124565166,71.67266830531183,5.4129326991498425,121.12157909320668,banana
37.0,145,198,8.825674745,75.14393967081709,6.503792809007056,69.5596352918974,grapes
58.0,17,8,37.99868485090136,92.62430069416182,7.602557022712101,122.6593427559088,orange
0.0,5,21,38.56612354551966,32.652972774678695,3.504752314,20.21126747,mothbeans
140.0,60,68,22.38152557867724,65.6584418745057,3.6156098568885744,183.9068200689626,jute
0.0,17,34,22.98695187508689,79.3375472447988,6.507899327052664,87.36606210588056,pomegranate
96.0,54,22,25.70196694,61.33450447,6.960358276,83.20711308,maize
111.0,54,5,25.93220449799088,70.43410098054393,3.504752314,63.177616842903305,cotton
45.0,16,67,12.857553834127192,19.60030190733099,4.501772809351582,102.70362595382508,chickpea
85.0,37,36,31.040491451108178,93.1746357974395,5.754040342946922,90.17794873253304,papaya
45.0,5,23,22.241469671459164,99.98187601,6.921063532356151,105.62106691924072,orange
4.0,5,21,37.47004350727108,56.3482233625784,6.662138640969704,98.54172588530076,mango
0.0,6,38,26.41087463086337,54.67901696373909,6.199789840951558,88.61486182368927,mango
57.0,71,32,31.879973598056345,80.46449681758153,6.403167350861832,230.38381811703755,jute
41.0,41,5,19.50587703340909,99.98187601,9.93509073,40.47129226343983,mothbeans
104.0,23,47,26.98212846,86.70068316,6.770434148,42.91292205,watermelon
36.0,97,70,17.487472694243476,18.568220197588182,9.93509073,50.69761726554143,chickpea
51.0,61,20,14.959441204510489,90.95238140206712,6.324283375971146,124.68462278947896,maize
45.0,22,62,21.58530306059124,99.67485345626233,7.458115345518927,72.48402981052794,watermelon
0.0,30,15,29.106731440761383,88.43381098799249,5.770586327622509,30.300832677104648,mungbean
140.0,43,48,27.041680867100304,87.1201958253073,5.683828322798468,69.87288722096335,watermelon
140.0,30,53,10.155389782285878,79.99409152462292,9.93509073,264.99753778110176,rice
64.0,122,8,23.610063632253425,48.276341353281005,3.504752314,83.59178734313011,mothbeans
60.0,107,71,15.74858435432999,14.25803981,7.150398162953597,85.77638141462894,chickpea
47.0,94,14,34.99878870357156,37.44659715184919,9.93509073,90.95996381091376,mothbeans
19.0,65,25,18.09551014,18.29318436,5.6250964460000015,144.7902323,kidneybeans
16.0,135,205,12.317916432185374,79.52320099769123,5.235762266246351,87.48029189190046,grapes
38.0,72,21,28.23416057,49.4421345,5.902103172,186.5008581,pigeonpeas
54.0,15,20,21.880792782934304,95.23988341112954,8.503360158778863,191.7984800190826,coffee
9.0,66,21,30.11812084,34.13307843,5.719889876,157.0858232,pigeonpeas
28.0,62,26,28.757397794817063,54.917068338223736,5.624069245449736,20.21126747,maize
110.0,84,12,29.753909401490485,91.92432612741204,9.93509073,61.85986915239716,cotton
38.0,51,9,23.30068688140597,70.24745259856137,7.228732321359686,36.859457521230105,lentil
36.0,140,198,23.34386401,91.47684705,6.28188384,104.4267991,apple
42.0,60,12,25.3844310963498,81.31423617333252,6.016492427642947,20.21126747,coconut
12.0,66,26,39.84946525620625,62.08832520903616,6.403167350861832,57.66818137573989,lentil
12.0,73,24,13.782747832545088,22.96354470629007,5.747902614542801,296.5249779408732,kidneybeans
42.0,5,31,33.85999311931328,50.87145191829807,4.682803293181782,20.21126747,maize
45.0,56,7,21.627427386464745,87.89446830140382,8.262725577478548,83.04370765449687,cotton
68.0,57,43,26.08867875,80.37979919,5.706943251,182.9043504,rice
108.0,78,61,32.329262681299056,66.19535580354626,6.689217835057429,97.86440074003389,banana
102.0,134,199,25.49158911727429,93.0651043064813,6.897048304740592,105.67545451995794,apple
119.0,28,41,24.12167531139703,48.76212267648979,6.055019439039052,66.8311389157252,coffee
62.0,10,21,27.267809359138067,49.01220656367932,5.402649527110972,298.5601175,coffee
132.0,54,35,8.825674745,30.53375143684002,5.833588907079733,20.21126747,maize
32.0,120,204,10.38004759,83.44518113,6.138958698,67.39173790000001,grapes
33.0,59,22,22.64236876,21.59396123,5.946999529,122.3886015,kidneybeans
17.0,29,26,26.14162144,93.28415295,6.071897347,195.4115025,coconut
13.0,41,12,31.085039888273847,95.53135184354132,6.683740280623836,58.27714147991149,mungbean
80.0,95,205,25.24287302334261,81.11798270949669,5.345406068573037,125.5196375608948,apple
45.0,74,78,16.933758062557885,17.510957172753628,9.93509073,63.74064478133395,chickpea
119.0,86,40,27.60941882459117,77.99263464121256,6.744858117917113,133.85663393364084,banana
0.0,91,205,24.71713332931016,95.01235550920326,5.938945034585754,108.76086510019604,apple
113.0,75,71,18.53540566504683,14.9408192227559,8.578838802129487,129.6183151903321,chickpea
47.0,54,25,20.20878402515569,74.08435611299564,6.591819918733823,131.78043837528674,jute
119.0,5,38,31.6531623531309,98.57868189301487,6.196260953888768,35.34029846603697,muskmelon
23.0,115,201,37.8067027986634,82.58568363511945,4.34513754635699,67.44416175595263,grapes
11.0,84,21,28.4966528370548,99.98187601,7.248339411767157,55.2002513827071,mungbean
59.0,74,86,16.74757363455912,14.25803981,6.403167350861832,100.53644062422352,chickpea
5.0,5,40,27.21887687557258,53.06246608236568,8.07458589404704,97.024817461761,mango
94.0,48,15,32.36831186888317,95.02582251841548,4.3011398492226185,97.83879757598577,orange
0.0,67,17,8.825674745,87.35630874316821,5.37691176642184,37.79684487948597,lentil
90.0,5,50,27.93253715326196,78.82975306965254,6.080625887838014,46.26730090858103,watermelon
84.0,21,55,28.47090661,94.79453182,6.494251024,21.08484101,muskmelon
92.0,35,40,22.17931888,80.33127223,6.3573893660000005,200.0882787,rice
1.0,72,19,18.71142898703343,46.23386418019685,9.502991934734236,32.753075812206355,mothbeans
26.0,72,25,33.33085815324529,67.84601634346463,7.204059398795079,39.67978824236697,lentil
0.0,63,22,23.833774735164084,93.3425864580407,9.93509073,65.00876077075873,mothbeans
97.0,53,30,24.581819502593746,84.36569207211294,3.504752314,248.83621714660367,rice
36.0,100,193,8.825674745,84.1896241724151,5.7215808868979,73.64180094509655,grapes
0.0,124,183,43.67549305,88.73299114212416,5.645092160498368,67.50216087597212,grapes
0.0,50,50,43.67549305,87.43415278297563,7.307266912780746,298.5601175,papaya
134.0,5,46,26.102692183218547,99.98187601,5.526790358713225,20.21126747,watermelon
89.0,5,31,31.61504684052809,85.20639047033102,4.901631324868909,33.71422415061862,muskmelon
30.0,52,7,30.979162995572302,18.581994154713,4.968444603939692,232.23136303435365,kidneybeans
83.0,60,21,27.76023294866417,14.25803981,3.504752314,67.06698446949598,pigeonpeas
22.0,80,20,23.00884744,18.86880997,5.669560726,100.118612,kidneybeans
9.0,87,23,26.76059736909108,64.29943286300653,7.455902968326897,107.9681736060692,mothbeans
45.0,39,21,29.178414445168706,38.05458596809308,8.872405480113716,20.21126747,pigeonpeas
0.0,40,80,26.105528450848283,17.588247176747235,8.235951239326292,70.39681103040009,chickpea
123.0,87,25,20.64002312738608,79.09611573122768,3.504752314,298.5601175,rice
13.0,145,178,15.668108456824935,85.76343795454198,4.484355778966814,70.38053365115425,grapes
45.0,11,28,25.954942436865768,94.48717253544427,6.517628642683193,20.21126747,coconut
75.0,53,55,31.80574935775545,89.40520258593718,7.503439025940831,119.82344092559433,papaya
82.0,48,5,39.79160344607954,68.40175928828545,6.6861821802495,63.49860769921314,blackgram
26.0,62,10,11.503902976987588,65.72451840441505,9.391880616592957,51.64948701445651,lentil
91.0,90,46,43.267684916566736,95.28442011692448,6.570381073633135,298.5601175,papaya
37.0,27,44,25.96343701286203,88.84306792911535,7.013882641346638,93.48360989588188,papaya
131.0,60,39,20.106950103579635,72.99858190048249,5.32917352369141,132.054665800111,coffee
8.0,91,19,34.72878808687288,45.35013362484745,4.796951344834646,67.2969300149548,mothbeans
139.0,59,45,19.4973838286788,85.08479069999917,6.916264928914265,159.61282607456084,jute
58.0,53,7,8.825674745,14.25803981,3.504752314,298.5601175,pigeonpeas
36.0,111,196,43.67549305,82.26453945470949,5.634143809550521,87.65397983950214,grapes
38.0,75,8,10.527619938563042,75.27998764219473,7.0079825011499,25.11118115615287,lentil
84.0,31,46,42.488636265019736,90.5781741853504,6.23737537951985,210.5946302448909,papaya
53.0,64,28,29.252678348880245,99.98187601,6.313965053588166,211.9197858453682,jute
6.0,77,25,20.61162204,24.36314135,5.792744849,69.63833855,kidneybeans
0.0,30,18,39.47735720996834,90.88779613662962,7.654338457000077,224.91728396426203,coconut
39.0,9,15,25.35467646,91.81183218,7.992041984,116.7555937,orange
102.0,75,40,24.33926055460249,62.61304761474051,6.379746650936643,146.83859508125295,jute
0.0,5,5,38.1866656347034,91.53046556967723,4.090558173193015,123.0297006343566,orange
23.0,117,191,21.94637096874502,86.81051485992143,6.403167350861832,42.084068182911366,apple
27.0,57,29,38.57204643781763,82.18575077397614,7.406782848159166,94.82890487648878,maize
95.0,39,24,29.974734439933776,77.35448525938617,3.8310420444376647,20.21126747,mothbeans
77.0,73,15,35.562031447973204,29.20546425567498,7.725653006862709,20.21126747,mothbeans
117.0,24,53,25.49158911727429,92.21405224,6.293486295,21.30290472,muskmelon
22.0,97,84,18.19900713637136,33.15585682915115,9.93509073,73.73926340421261,chickpea
0.0,48,7,43.67549305,14.923867203224546,8.183620766574027,124.82142165292709,pigeonpeas
124.0,5,48,29.387860889453503,85.64748916773522,7.008222914829186,61.855251994552034,watermelon
27.0,65,36,33.173524149938444,63.01639490547921,9.15453668393761,68.65066287262698,blackgram
125.0,81,55,32.69917736905995,73.12194958078983,7.086810776257559,77.82311089361859,banana
44.0,80,8,43.67549305,72.04561022734859,9.21645091004514,22.395843158441224,lentil
75.0,57,7,31.25925161538373,95.01467413546494,7.644975691424804,65.66272212408977,mungbean
29.0,29,28,28.543111115143702,88.79670562247586,4.785476559530641,171.57634769216503,maize
92.0,78,28,43.67549305,67.85486701975657,6.7836356231720085,69.6878369993076,blackgram
19.0,47,16,23.59067718694493,48.23445323400521,6.612886599243632,118.41127526485046,pigeonpeas
41.0,46,21,22.253454945397785,96.88701828169752,5.044220061578907,86.69526876503535,coconut
92.0,17,27,33.8308912094163,60.06684061920352,7.654737479676345,51.57498114409114,blackgram
39.0,18,13,43.67549305,89.08914295934107,9.93509073,117.73947332495328,orange
140.0,42,41,21.017385662276,79.64798017307108,9.344974647461282,256.68654066471663,rice
6.0,91,7,32.30857359345766,91.26434143836944,9.93509073,47.1014043151776,lentil
12.0,8,10,16.14820285,91.4448027,7.995848977,107.4287664,orange
135.0,29,15,20.89892190985416,87.64630298033488,4.975928729560936,78.80096339884702,cotton
123.0,50,16,23.04920461,75.53835214,6.498052108,70.65644296,cotton
40.0,85,31,26.67962427407994,77.04468970764115,6.383370668573424,64.74713378916759,mungbean
55.0,66,22,30.91219459,68.79427388,7.747775262999999,66.63830637,blackgram
18.0,125,203,22.44307715,91.59234006,6.160267496,102.5565807,apple
36.0,24,41,24.94467632,94.25702672,7.009180374,103.8799347,pomegranate
73.0,69,48,29.994931284601343,78.41201055378511,5.369438997367365,154.6497826191554,banana
94.0,89,48,28.55980972,84.51602322,5.653437902,111.0843029,banana
0.0,109,205,18.55173962721572,89.87520979337175,6.628214755853429,141.0745549232382,apple
28.0,41,45,22.614370412313104,76.17802135094294,5.067727711564757,153.37856408916173,jute
52.0,57,21,25.49158911727429,76.7921587280154,7.507025327575697,90.17794873253304,blackgram
95.0,16,53,26.0479133133738,87.78185160535462,7.292513693090799,21.382473727809742,muskmelon
19.0,19,16,22.770100018122427,98.30575528383032,3.504752314,122.28417176568963,orange
40.0,15,40,18.72531695027037,99.98187601,6.546517199441592,131.40497260334334,coconut
0.0,40,13,35.306757796590425,56.68347325923536,6.553814903673345,90.17794873253304,blackgram
9.0,56,17,26.13708256,66.7729209,6.261937875,46.48280681,lentil
140.0,76,10,20.11761443442604,68.73442406630625,3.872296043575824,38.13900012154513,cotton
56.0,91,23,14.932162084134218,55.02166239853872,6.232882363714282,54.541820226293495,lentil
37.0,32,25,33.80429313796069,65.8436753441297,9.584952273311211,103.36687087882628,mango
1.0,12,41,22.62139191298045,92.39242302610036,7.767245004652697,103.53419616818896,pomegranate
1.0,31,32,14.06164465318584,85.62448300015572,7.349649855030222,106.3093214750348,pomegranate
30.0,34,37,18.84161618075789,83.78799217816244,5.210168171131944,291.15233222830574,rice
16.0,106,17,23.117906437196865,63.70508534059257,7.300826787188765,35.092055193668216,lentil
0.0,29,34,28.452890413852927,98.30609422129632,6.477889144862766,138.58660597182993,coconut
139.0,16,38,27.6266018282611,77.7533694226357,4.572653324535301,90.17794873253304,coffee
104.0,71,44,20.412145633712967,95.07325195293473,7.673535469394368,195.1693254876253,papaya
85.0,109,30,29.237644480429683,45.88464008515066,4.381367611469093,89.42041018536898,blackgram
112.0,28,58,27.76431549793764,52.93248382038446,8.434637006894151,122.86334046329245,jute
8.0,45,15,28.09568993,60.98353839999999,4.61136408,33.84110759,mothbeans
0.0,125,189,13.13148005290849,82.6969608077124,5.716083583181809,74.56396371771595,grapes
88.0,34,28,15.225843758055284,32.34568452477137,5.9823573974252495,72.93328670682067,maize
140.0,117,81,31.711580095242503,97.14489642254952,6.070970074626954,148.87657845441086,banana
9.0,5,13,30.624459649099823,89.05400513272234,5.682079178296176,109.7087614343841,orange
73.0,44,25,24.76939679509859,41.513089134028334,4.788892693193295,68.59125596781766,coffee
54.0,39,35,29.549051030233645,64.82584904270448,4.904433098450349,128.89167518589323,banana
58.0,51,47,42.13473976,91.70445386,6.757470637000001,197.402901,papaya
85.0,35,30,22.667061511283908,50.80374838784726,5.855225211451301,79.52585535949268,maize
7.0,40,6,31.19434817086226,87.97264768739882,7.620499672163757,20.21126747,mungbean
48.0,57,54,29.02328049,90.20396783,6.617703177999999,126.8069869,papaya
57.0,36,33,19.016107798498616,99.18504025136323,5.78576133351374,199.026588065794,coconut
4.0,19,43,18.07132963,93.14554876,5.7794274020000005,106.3602023,pomegranate
78.0,61,11,43.67549305,50.354849022923176,4.347677706844989,57.89346752870698,blackgram
140.0,67,23,24.56918522283689,79.24181045555221,6.699918552757381,89.59328538351502,banana
53.0,67,17,25.49158911727429,69.01852894,7.296972161,61.46892873,blackgram
0.0,32,5,8.825674745,90.93495708983303,5.08677166151484,124.8132807090244,orange
34.0,44,18,19.42654291295225,56.32240052543159,4.2482379680452045,153.1669199668641,maize
13.0,105,19,30.82449729532118,58.028702023623815,9.93509073,35.621493085720715,lentil
123.0,76,7,23.26230427365733,99.98187601,8.073127056265948,20.37818916855121,cotton
13.0,49,23,25.62033264123733,59.54598437600247,7.299844046190263,63.81564954061479,blackgram
50.0,43,65,22.83221636005842,91.54600148270544,6.471888641147596,179.59358790154909,papaya
37.0,5,21,24.335722552289884,99.98187601,6.917209695085832,217.7947401660326,coconut
140.0,32,50,25.193378457923195,91.1906470348982,6.370250303377444,23.333875342277967,muskmelon
0.0,27,44,21.234840521513245,63.3308308470162,7.731941005917619,67.02414823002354,blackgram
39.0,16,27,35.53845018,52.94641947,4.934964765,91.54560427,mango
116.0,37,30,24.651627099056103,84.62816397137425,7.475676474681365,63.33215919225394,watermelon
21.0,38,20,27.10508014,63.56791363,5.794289715,62.20279647,mothbeans
66.0,5,46,21.98673108364068,91.37808087289363,6.657465892930021,28.7409330382711,watermelon
19.0,76,11,29.163543317733748,72.63014891240074,3.504752314,20.21126747,mungbean
12.0,103,5,29.626249912125004,70.78780183795574,9.93509073,71.85616832531444,mothbeans
106.0,88,32,23.747661930717147,82.99460440139663,5.23313505269433,20.21126747,cotton
98.0,18,27,27.56088634,68.49299897,6.516312148,167.43580749999995,coffee
7.0,142,193,27.148921260645693,78.25810234678731,5.948816895595439,65.87465602791063,grapes
45.0,5,56,20.307956555620343,87.86223057035558,3.504752314,105.64897597241172,pomegranate
140.0,58,23,23.42191872124864,90.96716417195252,4.419810758046208,117.24387083477254,cotton
34.0,5,25,19.59265989027763,99.98187601,6.29639976363753,126.49397234661969,coconut
100.0,29,41,24.22020532931065,76.08696314938221,7.482954789849098,88.11312006960996,watermelon
41.0,5,33,25.49158911727429,33.56589239509534,3.504752314,118.84808730718748,mango
0.0,69,28,28.967842986479297,30.801169133223794,7.382078525015618,94.10575913870332,pigeonpeas
0.0,30,34,21.58443810303,69.31484104049773,7.465731029495205,213.85896942699327,coffee
23.0,53,35,18.437053377939,90.41497500701514,9.19523922900937,121.7363136391354,pomegranate
41.0,42,19,36.04883296917549,44.68828156340327,5.925687931520067,209.077897344646,maize
25.0,26,77,19.26554944639493,14.25803981,9.831530777685078,93.13129750048482,chickpea
58.0,45,42,24.82546849728072,99.98187601,7.253120169031501,239.55251755540772,jute
108.0,108,37,29.006909004559304,80.52977808182648,5.432298617021454,99.01688755837658,banana
80.0,29,59,24.388623906280387,43.02960919137554,7.644352958414226,212.9623641711869,jute
98.0,8,34,27.703075348016963,84.04588073462601,5.725189579449936,197.0870235118142,coconut
0.0,8,34,30.2772486893927,79.13335992947191,6.403167350861832,98.83578250582062,pomegranate
57.0,56,78,17.34150229,18.75626255,8.861479668,67.9545435,chickpea
8.0,24,8,43.67549305,81.42110522231138,9.197348951984242,88.06417349466432,blackgram
94.0,138,43,31.531011177352223,69.74125525627828,4.726040447853414,99.19933641167948,banana
42.0,70,31,43.67549305,58.3374862258878,8.199445256693094,61.53376718758884,blackgram
30.0,75,81,25.49158911727429,16.80472243,6.4084378860000015,68.4951189,chickpea
58.0,66,79,20.99373558,19.33470387,8.718192847000001,93.55280105,chickpea
0.0,115,202,33.36817493265666,90.24257039465252,4.817781780853798,53.42342198380399,grapes
99.0,5,18,20.01330455162703,56.8898008049178,6.008341654104959,39.17537401894721,maize
23.0,62,11,33.699075332845965,79.48476145658114,9.147522859795584,20.21126747,mothbeans
49.0,32,5,43.67549305,90.71212987263732,6.2443675646271775,113.92850506375676,orange
25.0,40,11,24.8988450627016,58.13280519684512,6.592782786149949,61.8119028777338,maize
56.0,57,48,31.56213762,93.0484859,6.506120752,63.62250788,papaya
9.0,60,23,31.96987867,57.17377029,6.2760043360000015,64.25520357,mothbeans
0.0,125,26,18.38546765568344,28.91814451949528,5.466815250809513,97.63620197150932,kidneybeans
22.0,37,20,27.62749466,86.49366929,6.605733067999999,39.26137642,mungbean
67.0,10,36,33.46183323150562,99.98187601,7.822883399893072,142.6312112160781,coconut
107.0,74,41,19.04905186258029,88.06423458273946,5.812095732126913,77.25562625383932,banana
35.0,5,9,17.441420951645892,92.0291750299637,8.338379457136334,109.17397041105502,orange
15.0,5,29,21.392177879266413,58.28338260638471,5.437670683725382,87.9341093128005,mango
80.0,5,25,28.557543581549247,99.98187601,6.89554097881066,298.5601175,coconut
37.0,53,30,17.699354463236382,38.89327732266946,3.868906431429605,57.94560942818934,lentil
0.0,63,21,20.95863891077849,28.56780256802313,6.584807939999943,202.0969046205644,kidneybeans
13.0,105,192,42.92765742870103,79.1854188010749,5.0339850399078845,83.08844561281599,grapes
89.0,28,33,26.44414097,53.83876189,6.9932360010000005,175.3723314,coffee
8.0,12,41,25.3972840275016,83.50168679319412,9.30282325683498,105.43220557018596,pomegranate
0.0,114,12,27.23188867197973,59.82719601661168,4.586583088178951,62.7714019224747,blackgram
140.0,51,31,17.716246602181407,47.2147757595222,5.981157648991836,20.21126747,coffee
74.0,53,22,43.67549305,91.37141971451786,6.636426012662732,101.3286801500942,orange
101.0,142,65,23.91656603436808,76.04933013145218,6.852326002787311,142.17702931561678,banana
0.0,34,63,22.03581433550432,19.402691299527337,9.93509073,85.16928337407701,chickpea
22.0,28,20,23.14704865993177,97.50174913609256,6.16748738764012,107.67985246595588,pomegranate
12.0,82,45,43.67549305,91.63447557200634,6.8490413437498665,298.5601175,papaya
0.0,17,39,30.31411772708613,82.39232763734255,9.93509073,218.4253464289844,rice
36.0,27,26,26.58413917,95.78923137,6.403167350861832,171.6262299,coconut
114.0,12,50,23.16730901643625,76.18688487279518,4.739340878226109,101.5220636428606,jute
63.0,41,68,23.56750630730681,22.315411080035886,8.880024451040185,61.8544526460754,chickpea
11.0,72,25,23.98135908400185,14.25803981,6.379803304320605,123.48705947987864,kidneybeans
41.0,71,58,17.177189194291664,84.7855297527935,6.790638031724898,20.21126747,papaya
60.0,58,51,42.07213781,92.92203105,6.840802254,165.7412972,papaya
87.0,41,26,21.72095472727931,90.73936500087927,8.15748063440122,90.17794873253304,coffee
62.0,13,15,43.67549305,99.98187601,5.310022916248364,128.01254320081495,orange
41.0,57,20,17.76622252398414,31.71287805698316,6.217112808939403,94.12211954406855,kidneybeans
99.0,94,14,15.157938799552465,63.48953915673453,7.636178689663442,90.17794873253304,lentil
90.0,18,36,22.93940346862234,94.21035743378636,5.564209791832886,102.41993271954853,watermelon
47.0,129,205,9.355826223545764,84.71601341182753,5.740410056070592,59.26095896780791,grapes
85.0,53,38,24.90075709,73.84186449,6.588017308,153.8990984,jute
97.0,52,27,32.52714088128876,50.6465674675212,6.403167350861832,20.21126747,coffee
104.0,25,51,28.96361426,93.88482153,6.469983276000002,23.56130173,muskmelon
21.0,33,41,21.482959726707083,96.98390685634388,7.867445571612731,101.67514362092165,pomegranate
4.0,38,31,15.350727147675949,90.925746755832,8.832608286219797,90.17794873253304,orange
0.0,64,12,35.037530554450285,44.07000824894919,6.750107565148289,93.55543793012004,mango
82.0,46,41,23.325013100000003,79.79609448,6.581693772,187.3096148,jute
123.0,5,26,27.28049615875033,70.80318325434328,8.029556633109252,100.50315769660948,maize
118.0,91,5,23.06447715393372,79.1787929606952,9.93509073,87.60731523783444,cotton
19.0,109,57,31.12459924072813,92.633990536041,7.075644495586056,28.95048762355609,muskmelon
26.0,35,5,34.5728792888425,69.2884114596207,6.432533570167637,78.87578187692598,blackgram
49.0,56,41,25.49158911727429,90.08737427596296,5.699328772143985,213.06293031037129,rice
83.0,14,37,27.579386874869385,92.83242710029036,7.325524883947275,20.21126747,muskmelon
0.0,5,34,30.39971764957285,99.98187601,6.718375854985499,90.17794873253304,coconut
30.0,60,21,28.87667593,62.4901206,5.457871272999999,182.2688175,pigeonpeas
0.0,32,59,21.72420029434465,90.95422984676648,6.945785482460263,106.19993249567138,pomegranate
0.0,115,14,8.825674745,22.0329844128043,3.504752314,194.9992518964793,pigeonpeas
0.0,56,27,34.84319424249287,53.88955189538027,7.017431746888351,44.30022611194634,lentil
0.0,69,21,43.67549305,52.48241287363822,4.615110187119306,99.55400855949036,mothbeans
32.0,55,52,37.58899717,91.99740365,6.967759599999999,159.6577388,papaya
72.0,21,49,17.776561951615868,87.04860706326231,7.669529936428712,298.5601175,rice
93.0,41,17,25.6217169,66.50415474,6.047906679,105.4654703,maize
2.0,32,31,21.4716469153937,33.435708875707654,6.582596664169871,20.21126747,maize
0.0,37,22,21.312525008433365,36.94848372821123,7.342415529590563,44.16396798847599,lentil
35.0,38,19,25.32688786,63.18180319,9.112771682,32.71129281,mothbeans
126.0,38,23,25.36243778,83.63276077,6.176716425,88.43618918,cotton
45.0,63,31,20.17578479957473,78.69601187065531,7.154199248440755,225.9454606265852,jute
65.0,145,205,8.825674745,81.38554117868593,5.179707849684202,65.33587779911605,grapes
0.0,145,190,20.249889085296143,85.8395140055433,7.401043127229113,78.60467185509997,grapes
37.0,36,32,14.974114038013768,75.3531584011558,4.459550298044192,113.63734946571738,pomegranate
114.0,16,38,27.93599677133913,94.46055007572808,7.753690005649613,181.0542038230949,coffee
85.0,40,30,25.32756688853287,82.68234737668844,9.40071808814501,298.5601175,rice
46.0,40,27,27.659160458225344,99.98187601,5.179739982454899,213.31196550359093,jute
135.0,22,32,22.43854514215272,43.12725935548985,7.715334161435459,32.35929063816491,maize
120.0,27,64,25.49158911727429,94.35936711406488,6.066037365196316,20.21126747,papaya
91.0,57,32,28.07317973931527,97.51285235258943,4.105315471859487,49.17295108870563,watermelon
52.0,82,17,17.43785110441003,68.43255442076484,6.366648392284526,31.054771841928734,lentil
19.0,136,197,22.02556616479865,99.68124731534726,6.972731722939993,110.77804896461356,apple
0.0,72,44,25.956269683698267,99.98187601,5.417617359207076,61.86562368240657,mungbean
40.0,46,38,31.24461051084247,58.66345668141873,7.511102103973045,63.03172369754483,blackgram
100.0,52,19,23.45969093,82.44777468,7.903528672999999,93.50153555,cotton
44.0,47,79,14.1154173272096,24.626147739643816,8.967052023566723,123.92702534798842,chickpea
76.0,42,59,22.91625639688544,92.07980398321044,8.44781770444455,205.63584020445887,rice
35.0,86,30,33.943971612290426,50.46853805939935,6.403167350861832,71.76382282672373,mothbeans
0.0,75,27,13.134399643698202,62.557071457947565,6.396958495877527,49.79559557864291,lentil
51.0,62,22,23.874977308882645,93.10504823780572,6.209362706284904,208.3298877077968,pigeonpeas
0.0,13,5,8.825674745,95.48858600334816,5.369622221221813,97.65291322028806,orange
26.0,5,12,18.445136194042256,64.68286009596127,6.754193300322309,51.83005259997043,maize
0.0,6,31,28.87630357386241,98.89472379733498,6.252895324736385,142.36481773550366,coconut
140.0,37,65,26.92361088563031,71.99161987028236,7.486318862093891,42.03431513828571,watermelon
0.0,122,190,43.67549305,82.56476364344817,6.4284046920747215,61.68848235468603,grapes
0.0,67,20,23.092654519932903,85.84136049334907,7.288051407362969,63.3737409147635,lentil
47.0,53,42,29.78821034128978,70.08694661344434,3.504752314,37.5668231136132,mothbeans
140.0,23,48,30.81769557251084,89.21235941388476,6.570638669806434,20.21126747,muskmelon
84.0,51,35,22.30157427,80.64416466,6.043304899,197.9791215,rice
79.0,48,59,25.652544475983884,68.67016132683898,6.377229150650576,202.75867721064395,jute
0.0,41,5,43.67549305,61.45206571404528,5.841943850930819,60.79236471949615,blackgram
77.0,52,41,23.89069041,83.46409075,6.097294061,167.72306319999996,jute
7.0,77,18,20.5591255,60.54880693,6.655918077999999,191.0895109,pigeonpeas
0.0,34,10,18.51483056268517,90.93668125722375,7.906306323353813,109.41650445488072,orange
83.0,145,205,18.57137972058824,80.9982077634478,5.73196221849261,88.27809107302889,grapes
25.0,35,20,28.90245417,43.35365671,8.923095695,71.90018566,mothbeans
66.0,75,53,20.99543125767554,17.420134292673588,5.363546024462146,67.3358670784431,chickpea
140.0,49,17,31.67980049110284,67.19682015280323,8.88736969174395,42.19355931633456,blackgram
60.0,8,38,27.281022805166213,16.827589769889613,5.77505891646813,202.70958462118176,coffee
31.0,136,197,31.11047251,83.34010951,5.653776057999999,71.43001582,grapes
39.0,71,84,25.49158911727429,16.39535215,8.140825437,82.52339655,chickpea
29.0,15,27,29.746899500705148,96.74644576977984,7.083544836543534,90.17794873253304,coconut
7.0,103,34,25.94280555002764,49.70855849273548,3.504752314,65.12022101657905,mothbeans
63.0,58,50,43.03714283,94.6428898,6.720744449,41.5856585,papaya
76.0,44,17,20.41683147,62.55424820000001,5.855442401,65.27798457,maize
64.0,39,37,31.657870629656752,80.12016557782455,6.403167350861832,90.65816669550162,rice
114.0,27,28,24.99451759,57.93250202,7.162802357,192.8736822,coffee
45.0,145,189,8.825674745,80.18989933151742,6.547317521588631,85.25472011191587,grapes
17.0,21,26,29.424955531384413,60.835320989048725,9.93509073,53.05976820181018,mothbeans
6.0,13,29,27.31155708,99.96906006,5.832608027999999,201.8258633,coconut
33.0,22,5,19.434867690436,93.06319967324586,5.296086336259298,86.70262795780015,orange
131.0,21,53,15.549192096738023,78.46280114844323,3.504752314,122.30580071445844,rice
49.0,13,60,17.80680649983922,14.25803981,9.93509073,101.45724542943094,chickpea
0.0,100,23,37.11389883554436,24.458073063548223,4.33526744098595,219.5507782605777,pigeonpeas
71.0,34,49,24.49229003888431,66.60777466426106,5.919692846912588,48.64510832741693,watermelon
117.0,82,45,25.29391516,79.29122198,5.614471478,105.4220251,banana
0.0,79,24,42.937421083891934,77.5877364843494,3.928471581038324,65.35287229012297,mothbeans
85.0,38,5,29.790206488264047,96.28913369295007,8.283531974652181,20.24717902020853,mungbean
20.0,41,17,34.55798507838445,48.763347692287766,6.079917523820881,51.55441675021767,lentil
131.0,50,32,25.15375080763266,79.6108805808977,8.422471807555342,73.14734252100749,cotton
8.0,78,10,31.76567906459461,59.811971332957405,5.78000126807672,76.07585911100432,blackgram
0.0,67,29,35.980353145082006,41.97564722048479,7.084883172035752,88.33178748332818,mango
14.0,31,5,9.81116985018328,93.53998284907196,6.403167350861832,95.123781423025,orange
81.0,51,37,28.77292666294316,77.33006337359832,7.711752234367644,47.83759732274408,mungbean
43.0,41,28,20.619931592393115,71.01895519299663,3.504752314,74.97602480234809,blackgram
57.0,60,85,15.802706978706675,14.25803981,9.93509073,79.73394090634096,chickpea
15.0,120,205,30.662457173584343,76.23417289832165,4.398560540647384,69.21912355456577,grapes
51.0,47,27,30.633050828907933,88.33938183319228,6.701890755909897,29.11624995419642,mungbean
86.0,5,38,27.531246216349693,78.83091412140843,3.913930316105733,160.63971817828485,rice
32.0,36,17,42.99206832930966,14.25803981,3.504752314,43.093772354226914,pigeonpeas
5.0,55,20,24.573856375256145,77.64102472580711,5.539263314905751,25.09819734031925,mungbean
68.0,59,38,30.25680012117565,84.70202539987093,5.683223930168678,83.03768263290743,mungbean
18.0,84,31,35.9961939763634,14.25803981,7.40011671707418,20.21126747,kidneybeans
21.0,116,191,8.825674745,85.46207293140102,5.1250759822903085,65.16002365838756,grapes
58.0,70,9,31.81122011819032,83.22441241303989,7.505065967758167,26.765187726415487,mungbean
115.0,15,42,21.99259508928686,92.29061083599032,7.600127798029767,296.184509257614,coffee
112.0,21,71,26.785047732795228,88.9014857834984,5.528381137644348,20.21126747,muskmelon
27.0,104,25,15.685944949985055,87.08032346162649,7.7482092699973135,60.63963806582061,lentil
0.0,93,32,19.760306564866067,14.25803981,5.13378133758071,20.21126747,kidneybeans
21.0,20,28,31.983130829328243,57.64074149048866,8.260739720403823,104.80210955138588,mango
24.0,45,19,26.85851927,48.8246387,5.9523849570000005,34.7426459,mothbeans
10.0,32,5,16.990791813730667,80.47710405924127,5.348045559325877,35.59561742231466,lentil
118.0,39,29,22.28093661817108,79.07318371783664,5.979038324427352,43.347090958083925,watermelon
31.0,52,37,39.7120749160085,72.39017802172843,8.722184270058658,201.9119072524927,maize
129.0,71,18,31.816902395636724,98.73001961179511,9.93509073,291.3145643693274,coffee
33.0,58,24,35.45790488,68.75810535,5.269504214,108.6333046,pigeonpeas
41.0,66,21,33.60720335133601,66.40470074526803,6.826377814912142,145.7570921274135,maize
56.0,33,57,30.87133855620336,99.98187601,9.405338318475264,113.06758810361792,pomegranate
92.0,60,47,8.825674745,99.65380099645324,6.307205317973212,298.5601175,papaya
112.0,5,33,32.104603884113,91.77113234988823,5.797760598612321,27.692625866961446,muskmelon
72.0,96,24,22.90536042943021,63.67565684845579,7.90018203887629,156.4942771619872,jute
91.0,53,40,26.52723513,81.41753846,5.386167788,264.6148697,rice
77.0,5,45,30.42030110181892,69.6960888184225,5.521429321197207,81.65027901247949,coffee
46.0,87,15,26.48685686707099,48.53599761051004,3.5088564277889804,41.09056086262248,maize
3.0,136,205,17.5862944,80.84806564,6.334771461,71.40654520000002,grapes
140.0,22,19,24.843272762924528,57.52761170912105,6.109145885616279,81.68074242098488,cotton
11.0,57,44,28.641205543420323,99.98187601,7.564837067151207,105.5057858629604,pomegranate
30.0,65,25,32.88733849,64.59457409,7.70650895,71.50569456,blackgram
135.0,68,59,30.48922483212573,70.0610932475565,5.559943891817838,82.60255438924568,banana
36.0,59,60,43.67549305,88.05549980115472,7.364978720853801,263.8969572666103,papaya
49.0,55,25,31.11239814629624,77.44681549278823,8.917261319849047,54.00127710233744,mungbean
0.0,5,44,20.96259783901335,79.86781330626494,5.169053203717467,107.45415500470509,pomegranate
21.0,78,19,27.16159076,66.76017239,6.92009048,69.85112265,blackgram
25.0,76,17,31.74105409,68.63525428,7.241148507,62.3061735,blackgram
75.0,5,27,22.89104848813857,99.98187601,7.461045168924357,198.0460136071992,coconut
2.0,110,15,35.77784397533121,72.76112925969632,6.440471357477644,40.01289429685158,lentil
0.0,145,202,26.54983661794271,91.34482111787,6.086491682569193,137.43710137238574,apple
100.0,14,49,29.48882958,91.07574233,6.365956657999999,26.01909355,muskmelon
81.0,45,35,26.52872817,80.12267476,6.158376967000001,218.9163567,rice
0.0,19,22,27.42630451161592,41.58229484984157,3.504752314,57.03505313736063,mothbeans
64.0,10,49,31.50827393039473,81.61609331250983,8.215347034535956,237.9496905497358,rice
5.0,37,37,12.540697654515762,80.83353865472982,4.859334723107148,109.43283366943366,pomegranate
41.0,116,16,29.3046910220857,19.1747880277842,6.63622346587611,88.24747265215696,kidneybeans
40.0,48,33,28.09925284845421,90.37043009564846,7.897636471360132,23.670264422428644,maize
140.0,5,53,29.1638516983066,88.41252818053849,6.29220869475467,20.21126747,muskmelon
11.0,72,22,29.37735586,44.82294584,6.842744374,172.40168,pigeonpeas
140.0,48,27,24.56155063810262,79.48510737336159,9.93509073,219.63923494108977,rice
0.0,145,189,37.90072928029014,84.41762600287774,4.987624631033973,75.96788227487937,grapes
64.0,30,17,8.825674745,78.39879569300558,4.003606115528912,91.23572156245676,orange
84.0,5,53,25.74511596684532,84.63596679777484,5.753158986830639,87.71378251522827,watermelon
35.0,140,197,16.77557314,82.75241875,6.106190557000001,66.76285469,grapes
89.0,9,47,29.47156259,90.77069618,6.6683827660000015,28.75226067,muskmelon
31.0,36,29,33.93679864,52.72170281,6.460542749,97.4611918,mango
13.0,101,19,31.221592928040685,36.620756912907154,3.504752314,187.2519655398405,pigeonpeas
0.0,123,205,22.187478734884724,94.69974900087652,6.263714977485599,103.8223693769512,apple
21.0,29,12,22.30318989,92.15987039,6.438668989,117.3688104,orange
19.0,38,26,31.48451729,48.77926304,4.525722333,93.17221967,mango
140.0,38,40,30.578697008971805,81.81046650131873,6.452245981984046,72.62807534549196,watermelon
140.0,5,34,31.651362093421447,80.61622283954223,8.561728653147432,298.5601175,rice
104.0,55,7,27.219671703366608,80.69822949986178,5.685884729124362,123.18804438974686,maize
0.0,61,15,14.91595803182641,62.46653932211578,5.891748736098392,43.10019364610593,lentil
113.0,19,46,25.41864024,81.12122989,6.286387658,49.52320689,watermelon
35.0,111,191,31.74271694209882,82.13639452112078,6.323515494342848,65.36341994442145,grapes
45.0,58,24,12.09357508077026,25.36591234596573,5.558522372532307,136.21408660109034,kidneybeans
53.0,65,76,20.19137759,16.41998269,8.719960893,77.33795356,chickpea
45.0,29,13,22.45616931,91.52781832,7.57125447,118.0069295,orange
26.0,31,24,36.2966448611156,63.63408279247869,6.429898861893258,90.95640236202156,mango
13.0,66,42,12.60175001913199,99.98187601,6.534628800510507,92.14232836116128,pomegranate
13.0,40,5,43.67549305,27.847922450731343,5.743461123052587,58.970906292235,kidneybeans
51.0,25,15,8.825674745,96.13023995045124,9.93509073,108.37118709265695,orange
113.0,83,57,23.897870448573087,98.62646288451133,5.486035910896929,20.21126747,papaya
47.0,47,21,26.11485452414089,47.76020827194166,4.508003538398643,106.80825945968894,mango
14.0,67,22,23.82576704,24.75485098,5.624690247999999,84.64143632,kidneybeans
19.0,72,15,28.83600962,69.76112921,6.890760124,44.08562546,lentil
0.0,91,13,43.67549305,65.54711056826616,6.166143889389599,101.42452535482089,blackgram
53.0,34,42,8.825674745,65.51058477464449,6.905204510822091,68.76269700978025,blackgram
0.0,55,14,40.493491799913,48.37180854412931,5.598232965903906,20.21126747,mothbeans
76.0,53,26,15.1506392508589,79.64895768629083,5.193122152445805,44.309684241743575,lentil
82.0,79,32,18.499745025633462,61.3735165218939,7.519709116285696,35.8396612936225,lentil
73.0,145,205,24.74167516109432,91.75470036426849,5.511965186412962,78.20192993070482,apple
140.0,36,75,29.63161366966223,96.40775818541525,5.146657801055733,52.93300569558561,watermelon
102.0,11,45,29.03167341,93.12603235,6.403167350861832,24.15591199,muskmelon
106.0,101,11,23.04848186382848,77.36735398694248,9.93509073,137.3678566715318,cotton
37.0,30,34,27.53907547,53.63549533,6.797779227,99.35408185,mango
21.0,86,21,43.67549305,87.37485961551585,6.403167350861832,27.37757430594183,lentil
59.0,64,27,20.14760182305044,25.325501717951777,6.056552981478203,27.244354885616943,kidneybeans
140.0,5,27,32.28145718304831,75.407199804549,7.987254346390204,107.93932357192485,coffee
86.0,139,202,22.505843932463137,99.98187601,7.0464092797361015,135.08610798222958,apple
41.0,69,82,20.02381489,16.63294455,6.715587232000001,68.97806542,chickpea
18.0,67,82,13.737993212168252,17.902588236174033,5.547346084489231,20.21126747,chickpea
73.0,5,42,25.80009963037772,99.98187601,5.265033070887594,20.21126747,coconut
45.0,58,16,19.68566963001927,27.2765933844547,5.533546242504908,205.2753449280331,kidneybeans
45.0,81,18,34.07701617103029,45.66903264309886,5.794421594697615,112.14844433336464,mango
0.0,36,38,19.12741552056493,87.97884726565918,8.879856135048048,105.82948239230032,pomegranate
0.0,38,13,35.19830896368948,76.49832403629578,4.665937586435502,255.33432788377604,coconut
0.0,134,181,43.67549305,76.26536851028534,5.689921332395425,82.02574188906524,grapes
66.0,76,43,31.198376916892755,82.21505249994235,7.449610529467826,138.46493881286108,jute
128.0,20,25,24.93282483091027,38.559580846169744,5.481582587880044,242.15743094766248,coffee
99.0,56,34,34.28568364898815,55.15881712673429,7.844990502064449,148.26886388298055,coffee
18.0,58,16,21.47607807,38.80023714,4.962661422,180.382234,pigeonpeas
63.0,26,40,22.029392589947324,89.51384595778268,7.463057278775065,298.5601175,rice
122.0,57,26,32.15631690439571,59.70385597177064,8.657207200531222,47.10955903434122,blackgram
104.0,35,45,34.175841953541344,99.98187601,5.376563521093733,46.04062497502915,muskmelon
39.0,69,53,25.9300384,93.02357765,6.964955435,241.8202079,papaya
12.0,5,33,28.98803660608736,88.25020250096244,6.591648648552491,130.9446257855043,coconut
17.0,106,195,8.825674745,78.68037220601205,7.0144519379496,96.07110840314654,grapes
65.0,47,29,27.66950118510917,74.38495780153148,5.291540071523171,20.21126747,mungbean
48.0,145,180,25.49158911727429,90.00176644264135,5.674603072430391,111.13730781555722,apple
100.0,26,40,27.499946620287822,99.26746338786884,7.170281205368066,279.1770564115909,jute
129.0,44,40,26.711557036678933,71.68143560358307,6.55500924067807,47.817766353058026,cotton
140.0,5,53,32.57400374835952,90.78637473740318,7.013588903680941,44.18199758010121,muskmelon
0.0,120,197,43.67549305,85.20469569864385,7.278795600823284,63.907408868930304,grapes
98.0,84,50,25.53908958596778,73.85228363778033,5.095758595041235,112.22870430239507,banana
89.0,54,38,24.51588066,83.53521629999999,6.685346424,230.4462359,rice
52.0,42,35,34.24783331978756,48.24018581474292,6.444705117519194,109.68551920602654,mango
20.0,74,16,36.04353699,43.61444121,4.759490199,159.8938645,pigeonpeas
121.0,31,17,11.954141757254712,89.93058547939354,4.468099024849794,140.77478832906928,orange
76.0,23,56,27.17783601162072,82.20235164013572,8.607735751362226,171.0808953389741,rice
111.0,62,38,23.45474579260395,74.89167871584836,6.218614929168679,32.20585484363819,banana
10.0,75,43,22.53770360196795,39.5444775153492,5.427174364794292,209.55268423499933,pigeonpeas
40.0,27,45,21.66024980000001,94.79397419,5.885638185,112.4349689,pomegranate
100.0,41,22,22.4204752,84.55794703,7.318802162000001,93.46595573,cotton
21.0,6,27,32.85930731818762,93.97887590345452,4.832193692664724,30.600763537802347,muskmelon
99.0,31,23,21.127246556983707,74.44332157434621,7.410791042682591,64.40768347910739,cotton
88.0,82,49,31.70374559652548,93.26301681194532,5.649446889176209,160.6548562872979,banana
35.0,58,76,8.825674745,14.25803981,6.148669788399907,42.08925286031066,chickpea
126.0,31,23,32.710558372462884,67.47917585210178,6.403327501857236,159.58339636741394,jute
86.0,5,58,22.354053386076355,99.98187601,6.961988187372578,20.21126747,muskmelon
0.0,45,25,32.74239092504605,75.63462301792569,5.491112665424497,34.58881447378202,mungbean
46.0,26,5,22.75414792430263,97.99526418275696,5.340334338582331,20.21126747,cotton
47.0,5,18,28.45819725978121,96.70874330878674,5.189871999605876,298.5601175,coconut
0.0,117,22,21.91150361272628,60.286806778162855,6.084594210984707,55.02419531671735,lentil
140.0,40,17,22.72767171,77.07598065,6.006085786,77.55176318,cotton
65.0,139,198,43.67549305,83.24741414479503,5.24838399988464,72.86297040504819,grapes
37.0,45,33,15.008030730682764,41.43464909343229,8.920957817067057,61.01005537960956,mothbeans
26.0,40,79,16.096266061077692,14.25803981,5.479699554883573,90.17794873253304,chickpea
34.0,9,36,22.8122645,86.34233767,6.403167350861832,110.4432293,pomegranate
29.0,70,15,30.33499674,63.54718862,6.872594461,74.16699119,blackgram
20.0,72,19,32.47648301,64.34848735,7.397190844,65.82045699999999,blackgram
0.0,5,24,19.516974762194582,68.34769261323146,5.70552873493791,86.06283946767964,mango
0.0,89,205,17.531625789209905,87.70829429548174,5.758096563368882,92.51219536564584,apple
54.0,5,25,24.96695528844321,79.21458326760059,6.5728475745724735,172.0106924542595,jute
122.0,5,29,23.73894929925802,81.17110520292213,8.676111562134627,118.78157797825324,pomegranate
0.0,91,194,8.825674745,79.35797723698018,4.5958268217346125,70.37950740291345,grapes
120.0,43,29,19.468759627575498,80.42687716958883,4.995111753461783,88.09747743301219,banana
34.0,58,35,22.215910239773542,76.65781331185681,6.587947171578547,196.7721875518896,jute
120.0,73,18,30.70982671748456,58.59920831119728,7.915952250130866,141.722322316321,maize
18.0,145,205,20.338668208599447,96.84924715629182,5.097472698246087,171.53060225326308,apple
127.0,77,79,26.13766318202763,25.659603384903647,9.169316034541694,71.6828523656165,chickpea
126.0,21,59,27.987126744060216,92.58341073820064,7.987643409161179,20.21126747,muskmelon
56.0,5,45,26.201621103170147,93.56210776752386,8.235803177144021,64.98823151928443,watermelon
18.0,43,27,25.69528737596832,65.63829001511256,7.161324557592224,87.29799564131841,mango
44.0,58,18,28.03644051,65.06601664,6.814410927999999,72.49507741,blackgram
0.0,15,49,15.782248064558916,94.51506230731628,7.561302611628667,110.99261455244778,pomegranate
31.0,87,11,25.49158911727429,73.84642905933315,6.284112294467079,44.27978147109191,blackgram
50.0,52,16,43.67549305,44.791227184892726,8.781480351215482,20.21126747,pigeonpeas
35.0,64,78,17.92845928,14.27327988,7.496645259,85.37378769,chickpea
32.0,96,32,21.16760521746303,95.53548441309545,6.21194857879641,187.2202487095674,jute
79.0,21,48,31.16968801815744,46.08888452624297,3.504752314,171.13325605266496,jute
118.0,88,51,25.44926208,79.49221962,6.201911642000001,100.6619171,banana
49.0,33,36,43.67549305,29.531259134229067,4.620569493302245,90.17794873253304,pigeonpeas
26.0,73,41,19.408503120318684,99.98187601,3.854617816221564,270.64097687557864,pigeonpeas
111.0,54,27,19.76398435815583,74.59243057701838,6.658810522556603,101.76153308182292,jute
140.0,21,25,23.50451730188522,99.92356252207207,8.492317885044034,82.46074806417279,cotton
90.0,15,52,27.04927452,91.3821731,6.448061578,23.65747461,muskmelon
60.0,80,9,19.182445282956703,63.63658426195577,3.504752314,20.21126747,mothbeans
77.0,22,72,29.16601997866418,82.63413646636289,6.600632787783457,20.21126747,muskmelon
104.0,27,45,28.54424355066098,83.15746638490073,5.646687922022155,61.77375111094575,watermelon
106.0,138,60,28.92273530844011,91.5978681877616,6.934465292061232,134.4003876500269,banana
28.0,85,6,28.82084437504154,84.77940457186129,7.0978275630364,40.9339802887392,mungbean
23.0,23,27,34.72413192,51.4271781,5.161148592,97.31258083,mango
55.0,71,36,18.302850733302293,76.82951954899252,7.684555835782193,298.5601175,rice
0.0,69,71,16.42987704127034,19.9690848261478,7.336344375055352,101.28427299653518,chickpea
108.0,5,79,30.42353135110646,99.98187601,7.288098918344989,29.17289805436325,watermelon
45.0,61,16,43.67549305,59.98264577424428,4.922405489485763,28.86651750334412,lentil
29.0,121,196,22.84852833,94.32130209,6.079497202000001,123.5977843,apple
57.0,60,84,19.1034283,17.26184541,6.586777189,75.49101167,chickpea
0.0,72,21,25.92140812379803,44.91400595051968,3.504752314,45.16236978622423,mothbeans
79.0,61,33,39.47179345578674,82.48002351847255,3.504752314,184.9708751749164,rice
70.0,36,42,21.84106875,80.72886384,6.9462098810000015,202.3838319,rice
50.0,5,5,31.06088030865217,99.91770328225591,6.310476674600967,81.01632053811943,mungbean
83.0,39,14,33.46972754772163,59.38345048405118,6.6039635876143095,61.2149576467175,blackgram
73.0,52,15,21.637253390403263,73.56883419687158,7.463316104518629,37.146323226199215,lentil
96.0,27,31,41.641938798038666,48.835440456053625,3.504752314,90.65049270680964,mango
85.0,21,47,29.87331077,90.60932469,6.186770318,24.69720481,muskmelon
39.0,9,36,35.17177500172122,47.519340329074765,6.706049625784582,92.03409715101812,mango
140.0,70,64,27.219630828200767,87.19388891690964,6.403565378421594,25.08703235617102,muskmelon
35.0,34,35,41.19245174261669,74.37796544707831,7.473968851157763,65.02563833418822,blackgram
23.0,99,31,24.528181027971424,96.35152453145552,6.032759138568167,49.198014262506085,mungbean
88.0,36,28,25.046798572207816,89.3636067714475,7.170395420964252,122.3315059000935,jute
110.0,28,46,24.29105004,88.04541346,6.49889585,51.26046418,watermelon
125.0,103,99,17.379204429177648,15.347178249911575,9.287007331428974,99.9541822451105,chickpea
50.0,36,80,18.925325793868392,14.87319468837944,6.718839643251482,73.16446421720403,chickpea
128.0,22,30,22.644447085788947,70.05717249193353,8.989815226030847,70.11772567171136,coffee
118.0,15,45,24.21495706,84.20576992,6.538006356,48.01138482,watermelon
74.0,142,173,26.75750436850869,90.23829052883306,5.611543186417312,132.7663641235291,apple
108.0,92,53,27.40053601,82.96221306,6.276800323,104.9378,banana
0.0,113,34,25.82702604531769,84.59525028643323,7.365439807997951,33.06200890934899,mungbean
62.0,38,12,25.49158911727429,93.95334183992664,6.88511241660412,115.75892107549144,orange
0.0,58,196,23.40357425315172,90.50185538536417,5.23725188592799,140.4545612100103,apple
27.0,47,68,43.67549305,93.12419003672258,7.535621560750861,274.40415111654374,papaya
90.0,86,55,27.96236771,84.15403614,5.644486582000001,90.17794873253304,banana
45.0,101,97,19.481410019973843,16.739937250512114,6.429381800375809,63.1751755099645,chickpea
61.0,64,42,18.22823654224061,89.1785556608854,8.589363854826283,298.5601175,rice
91.0,84,52,29.14827211,78.71024836,6.390741836,117.536781,banana
45.0,145,192,14.934538971830404,79.0474913967025,6.646204686527264,90.17794873253304,grapes
140.0,87,59,23.310852397085768,87.85613954921583,5.029915297579641,38.207053707042505,watermelon
112.0,73,48,29.244063800000006,77.32017166,5.7074889870000005,90.66727868,banana
22.0,64,82,19.48974337,17.17260319,6.4740245000000005,87.51312796,chickpea
25.0,39,26,21.037836656991885,94.39060732266702,5.921298628103547,298.5601175,coconut
39.0,139,201,41.18664903,81.01783402,5.5399808120000005,68.68895899,grapes
116.0,47,29,29.77768534174321,71.84576243836116,7.524941343338475,235.1460901092456,rice
36.0,31,5,22.872074423778244,35.08832788864879,9.643312018172542,22.04571009507318,mothbeans
25.0,40,21,27.73329078,81.13903037,6.248900919,44.17580911,mungbean
31.0,37,21,25.49158911727429,86.404241,6.713410626,37.31236904,mungbean
138.0,48,43,21.873059280875555,99.98187601,6.609656138289316,29.656795334716435,watermelon
0.0,74,5,23.95225651680328,65.88654045256662,7.315550334223891,47.34453364742521,lentil
55.0,47,28,21.644488028360417,51.150711364664005,5.544452506705708,84.53945735099583,maize
82.0,143,205,30.08085832672201,76.6574921183316,6.36813175118766,73.95604407415057,grapes
29.0,111,205,21.01919285678391,96.8739785887619,6.062353167312061,85.33309749724458,apple
31.0,140,203,23.890193135831737,99.98187601,7.442936822270077,151.24204944736906,apple
67.0,54,26,31.964922665048547,27.80738112919278,5.9598100192211465,20.21126747,kidneybeans
26.0,76,27,29.14177368372023,25.705067733607905,6.193881180192414,162.36653565949018,kidneybeans
56.0,65,45,38.2016825,93.97379963,6.751298936,218.09088140000003,papaya
140.0,85,31,23.60025706962245,83.09857679835804,7.469097150174506,30.240876334816605,cotton
3.0,18,31,31.65333432,48.20662669,6.392313972999999,91.09745581,mango
18.0,17,31,31.74592134,45.16127859,5.667507706,93.75441586,mango
129.0,10,26,33.61549025511578,87.33517734017627,3.917950675290839,20.21126747,rice
68.0,13,57,32.83020632193165,97.4886596354888,5.691123715779106,21.67776152268915,muskmelon
0.0,46,40,13.257676608808229,79.52596395813458,5.440729477940431,116.35240070735384,pomegranate
65.0,28,26,43.44781333980743,57.27388821158044,4.494499803797348,99.73569378094626,mango
23.0,109,192,8.825674745,84.42430144035573,6.5124120775182535,62.487042811991294,grapes
101.0,19,53,25.74298124296488,82.89808937071933,6.305375701779243,75.74943020456155,watermelon
7.0,40,17,31.2123945,40.92604945,8.532078732999999,53.78769958,mothbeans
0.0,37,41,21.857993479409696,54.9653638230364,6.297304121175017,111.20768674113474,jute
25.0,24,11,25.71923314024043,96.36476593284095,6.866840488202613,66.86155235021914,orange
111.0,35,32,17.451303058213167,40.59827002606721,9.027296537694715,225.3010512821067,coffee
28.0,95,21,9.99832526659637,54.1079933554536,3.504752314,39.46645462382417,lentil
92.0,51,54,8.825674745,95.74688292186748,6.403167350861832,20.21126747,papaya
89.0,21,50,23.23704196604753,92.0924869498776,7.00510498274827,58.87901618347016,watermelon
61.0,5,9,36.86866276100233,80.57450066624769,9.81229149000496,125.22926540555466,orange
0.0,38,12,33.26534154757823,63.41361286893584,8.971474260120402,85.20264455898584,blackgram
28.0,36,32,43.67549305,94.50531594539028,8.571618846664512,138.58335182638984,orange
0.0,145,205,8.825674745,81.64391160499866,5.699667464745946,59.16131404788101,grapes
48.0,57,5,31.679298464503265,72.73741268796317,5.695050720479191,57.11383603432828,mungbean
118.0,50,19,25.49158911727429,82.33733678,6.360812227,66.48339303,cotton
38.0,61,21,30.27374995,67.38680755,4.696518678,127.7767134,pigeonpeas
50.0,52,5,8.825674745,97.90259611418529,7.094738658592842,92.60983516272364,orange
68.0,85,23,17.881162476703828,65.2388098541276,8.099685335012417,202.837026918473,jute
67.0,47,44,26.73072391,81.78596776,7.868474653,280.4044392,rice
44.0,47,23,27.69219236453804,99.98187601,5.786596408927674,209.81696904768987,coconut
103.0,76,205,39.82333910717706,71.92006165053854,4.783962821152496,81.6880538390467,grapes
0.0,83,23,17.68664935732334,88.43225684296382,4.37789289250092,60.76874175030973,mothbeans
42.0,52,46,19.96450985088235,86.51090677164913,6.403167350861832,108.47563611943252,pomegranate
32.0,17,18,31.930340350418035,58.29371062245515,6.770733176331209,95.8774388234844,maize
0.0,109,5,25.19555667963488,50.97181818459588,7.314868171160187,53.57361788395456,lentil
11.0,35,61,33.12880554692377,91.69394458939908,5.578371258360868,148.49166654245772,papaya
62.0,39,33,32.733476559043794,90.95445310888226,7.986960544468593,185.3788019818448,coffee
0.0,84,18,43.67549305,14.25803981,9.177170783342875,119.56273265848064,pigeonpeas
42.0,52,47,27.01324573377885,56.74252659539712,8.93687004296929,44.14622215073732,coffee
53.0,145,203,25.16254329226076,90.8620771997447,6.024513356242162,104.55352645571352,apple
81.0,36,36,19.942046183008973,79.69378274188904,6.403167350861832,82.17681879253144,coconut
54.0,65,47,27.92765919,91.55594211,6.721835879,149.91075569999995,papaya
78.0,40,38,26.46428311,83.85642678,7.549873681,248.2256491,rice
0.0,87,9,10.80149265089068,72.18253590238919,9.105752255991153,63.51874849758831,blackgram
140.0,18,21,21.430956324920302,96.68839916189256,6.5212076806586445,101.26978839849929,maize
24.0,44,17,29.8596912,80.03499648,6.666380512000001,50.66487502,mungbean
0.0,94,76,11.978632818776113,15.6056644596727,8.664125602133831,71.51163445784348,chickpea
35.0,48,15,27.10818093,87.45126690000002,6.981758362000001,55.03723979,mungbean
33.0,73,32,25.49158911727429,58.04697970713103,7.875099332644217,65.17513563385728,blackgram
51.0,56,18,28.12787838,64.2097765,6.706505915,70.86340755,blackgram
0.0,77,19,26.27540201947605,52.5559106714968,3.504752314,115.83466821366568,mango
89.0,91,55,25.08347445,80.26173100000003,6.275572297999999,94.32961456,banana
60.0,61,78,20.71219282,19.83643308,6.317153205,94.03659867,chickpea
73.0,83,30,41.46460806574435,94.81122804892104,6.39772005052662,298.5601175,papaya
58.0,105,51,43.67549305,94.45365198940264,7.241513950325441,173.18026121350152,papaya
46.0,101,20,10.481273066675657,16.994088673177302,5.34834241569758,33.78644106079048,kidneybeans
0.0,85,199,18.68118712044569,85.08630714519302,4.864955961219468,130.624968833369,apple
140.0,5,41,29.34787640103692,88.86980655072757,5.618632254186168,32.79992236602117,muskmelon
83.0,5,11,8.825674745,93.96246426831732,6.411387987486744,112.33460786483847,orange
9.0,50,16,25.43692270863353,62.961390591204506,7.023573530771256,31.642878027130067,lentil
72.0,17,10,26.397346266328206,62.695678109652704,9.93509073,101.99323022831452,mothbeans
99.0,29,55,25.49158911727429,91.46241065,6.660954816,26.48240255,muskmelon
15.0,38,13,13.535494824577889,94.09100961491392,5.4840085071804605,132.2873098959018,orange
81.0,49,29,25.82700416733167,93.2970700060991,7.63362321285372,111.974227992958,mungbean
47.0,72,18,33.40249568457683,39.26713473096058,6.032312076496497,298.5601175,pigeonpeas
13.0,30,5,8.825674745,96.53681815579064,8.535952080110482,128.51738851415175,orange
0.0,70,17,14.43213872186742,42.25294681594299,5.787401283315385,112.650884017987,pigeonpeas
1.0,135,205,17.470998977504994,99.98187601,6.662642698105201,114.53158150290272,apple
8.0,86,33,22.717582796699755,96.77328377841684,9.771677756912167,168.5378649917603,jute
45.0,96,198,37.95416808887816,79.72841555357087,6.403167350861832,71.75412020483016,grapes
0.0,65,14,19.853703591295435,47.80454278758603,6.403167350861832,101.6781266174888,blackgram
115.0,43,34,43.67549305,93.6994873823516,6.183473028950009,122.561337790076,papaya
22.0,107,33,27.761794104583217,57.81478498845668,7.811859100533422,55.06580150588074,lentil
36.0,91,74,19.678030003147747,21.11179125268174,7.425199535037043,62.581903148329616,chickpea
88.0,38,15,25.08239719,65.92195844,6.455116637000001,62.49190812,maize
140.0,70,6,18.65832675994645,60.31069717154374,9.83160477190686,73.49111734560637,cotton
8.0,39,26,33.94645087663415,76.92985222900765,6.5141787459779135,21.790999318636068,mungbean
5.0,76,5,28.66830111600389,75.62175776727653,4.463374282128136,73.65225220392148,mungbean
91.0,38,26,29.305560186602925,99.98187601,8.74508864796534,67.17894599731949,maize
56.0,5,42,25.55033993761665,85.02988810629276,8.568755444192039,187.7249125182704,jute
105.0,126,40,24.79200585443071,81.43110121142604,9.2492808710794,210.25083125745337,rice
88.0,35,40,23.57943626,83.58760316,5.85393208,291.2986618000001,rice
6.0,142,202,27.23708304,82.94573346,6.224542938,70.42508897,grapes
48.0,59,25,17.821994305614215,96.26656504953748,6.76260638290978,109.48298384028966,pomegranate
9.0,16,16,27.14847848074171,77.05132460641963,6.2289098711609325,272.5806494705107,coffee
0.0,91,32,40.07610356166455,55.97121180953455,8.675798992734943,74.97411482292387,blackgram
59.0,69,60,34.68408363539502,87.61924443671919,5.485288350161797,20.21126747,muskmelon
40.0,73,87,16.245626456885947,17.77371797237305,5.967472714483387,117.00738946836503,chickpea
5.0,71,5,30.90089986149609,99.98187601,7.146633965959407,72.65895752633946,mungbean
39.0,42,12,9.70038751999392,23.388691448273136,4.737423052634961,45.39342315149834,kidneybeans
66.0,38,10,31.9888312809073,75.75562950137984,7.305989052231031,20.21126747,mungbean
21.0,86,67,30.035625250628254,92.39835800385428,7.652457540691786,298.5601175,papaya
0.0,54,21,36.53785573270911,43.30401172001084,8.098068866471493,54.74356256731181,blackgram
15.0,135,191,8.825674745,76.63685237533504,5.7015796394228975,65.60533907908945,grapes
65.0,10,9,17.483944478685068,93.87031165261932,9.118379883037427,119.67271416718071,orange
57.0,36,44,23.45992979584195,89.59781197456904,5.748944724621008,295.06148611471247,rice
11.0,78,22,23.89756791,22.74378977,5.940546818,112.6616435,kidneybeans
100.0,49,74,24.81950322558389,25.604855090245017,8.344642221511316,42.27613445573531,chickpea
17.0,54,5,43.67549305,70.77510530368521,4.785151078531424,58.08716036348707,pigeonpeas
136.0,27,23,23.345101549962145,57.28413484288233,4.625978386761908,237.28243928872345,coffee
42.0,59,55,40.10207731,94.35110201,6.979102243,149.1199989,papaya
31.0,78,32,8.825674745,14.25803981,3.504752314,225.6817656620426,pigeonpeas
0.0,68,25,24.66328205902912,46.74700427184243,3.5805630262345844,29.071462088518924,mothbeans
79.0,16,41,21.63500708986953,43.87885203865586,8.273198286601417,88.01265314196353,coffee
81.0,69,39,28.948283369444777,63.05345755354902,5.165447863276988,135.8820531150111,banana
108.0,8,25,30.26973268461705,87.01258110690878,5.421435049399858,57.83729674646101,watermelon
0.0,33,9,27.80708819559129,71.54772200387734,6.674672893188258,38.62759268683881,mungbean
8.0,139,199,29.36947679,81.53996362,6.3364266670000005,66.13442813,grapes
58.0,63,5,21.4070080411516,50.79987572770969,7.517170535672966,67.25898473848295,maize
9.0,49,13,28.39319778756364,53.60862244312142,6.477965602135722,68.2262423314657,blackgram
0.0,93,193,26.350781368305253,97.24866525338832,6.0297714482204725,141.46674051109505,apple
139.0,64,51,43.67549305,94.6150390642318,6.845646039234559,20.21126747,papaya
19.0,68,21,43.67549305,59.27657074520698,9.93509073,121.46401062103352,pigeonpeas
70.0,28,45,25.570229277292857,99.98187601,4.340761577864461,90.59456695710644,jute
40.0,62,19,27.32198928,34.13737127,4.697750704,90.17794873253304,pigeonpeas
140.0,85,22,26.030743030786976,99.98187601,3.504752314,121.863501658945,cotton
118.0,31,34,27.54823036,62.88179198,6.123796057000001,181.4170812,coffee
82.0,12,33,20.77885083160468,79.95261031765217,7.400376348115287,83.89422219540377,cotton
130.0,59,19,25.07278712,82.50257909,6.520403794,90.17794873253304,cotton
93.0,47,16,15.826044191790723,53.90556195224042,4.849720323470881,71.55772649405361,maize
64.0,5,70,18.876222830631143,22.731392482268497,9.93509073,56.11031221174835,chickpea
85.0,36,17,15.985772803850496,67.38890332111457,4.499429039637464,97.70838574391448,pomegranate
39.0,24,14,30.55472573,90.90343769,7.189259647,106.0711985,orange
140.0,25,51,22.945227240470977,66.20649101345191,7.057914175670746,41.51848506316911,coffee
106.0,48,30,26.60730842674845,85.635976687097,7.871256981614533,278.5150642154693,rice
0.0,71,73,18.401088934128325,14.25803981,5.310594264595311,47.34581550381057,chickpea
0.0,22,30,33.825019090489725,99.98187601,3.504752314,103.71179580755329,pomegranate
0.0,145,205,32.717875265610104,76.5028916630552,6.403167350861832,75.89392870790957,grapes
39.0,50,14,27.07543770160565,21.83881657143938,6.296776985996119,43.94902737625574,kidneybeans
12.0,18,8,8.825674745,91.61127503153912,3.7931962390010914,91.82274101254608,orange
45.0,37,38,24.66847061416016,95.31529320639356,6.563406636415934,55.477460603829066,watermelon
31.0,96,25,25.49158911727429,65.45227273612386,7.4980191333044015,87.98557332426631,blackgram
22.0,44,24,24.30935081,56.32938343,6.030447288,58.99536268,mothbeans
45.0,22,52,24.89681131,86.10782926,6.217300786,53.14626213,watermelon
78.0,71,60,37.595359612046806,82.10780756343226,3.504752314,20.21126747,rice
97.0,93,17,22.437968942126485,39.68310433348272,6.403167350861832,20.21126747,maize
88.0,45,49,17.38936119724026,77.46171740302468,7.151862046830911,50.67568123469795,jute
108.0,49,49,43.67549305,92.67873963341096,7.29218584564009,46.0363324426433,papaya
9.0,34,34,20.747404083975304,99.98187601,5.3770491938910965,229.01313564420985,jute
115.0,31,30,24.22984659,67.37768353,6.840927967000001,122.4073418,coffee
120.0,8,46,29.55657523,90.70937262,6.732834334,28.36535596,muskmelon
111.0,34,36,22.48367276295729,64.75978057164072,5.791387917897806,49.07856458674318,maize
0.0,63,21,25.47974825175266,62.706056292495546,6.403167350861832,32.401442394746,mothbeans
117.0,79,63,24.1003224222827,19.429993120992137,9.93509073,47.930966319777,chickpea
70.0,5,49,28.231341267740884,93.95987351187604,7.82466563331202,62.64398834191645,watermelon
57.0,57,75,17.09104223,18.25142068,7.785039076,87.27444866,chickpea
69.0,51,23,22.21738222,72.85462807,6.80163854,106.6213157,maize
39.0,11,24,28.95796841786212,93.79857385837916,8.140489166312495,100.76338338889524,coconut
17.0,30,27,29.03065024,90.79093862,5.894027065,205.5720367,coconut
0.0,69,9,43.1780258324324,37.838289862324025,8.183218018708114,104.63902498019446,mango
0.0,5,21,29.296241550154832,59.57437672268789,9.93509073,90.17794873253304,mango
0.0,119,198,43.67549305,87.38616014753747,5.883011872614296,67.43928142938321,grapes
42.0,136,205,8.825674745,74.78487494548872,5.7140391700052575,57.00985516865632,grapes
0.0,40,28,23.931735102281472,99.98187601,6.02468649787383,285.11303207598337,coconut
77.0,43,32,8.825674745,60.708358683469285,8.037710662275607,60.77108508337712,maize
34.0,60,16,25.49158911727429,64.24992106,7.322555222999999,63.85668948,blackgram
63.0,68,33,22.445975755368025,80.22322305636375,6.48215634621284,99.2374172060954,cotton
53.0,31,5,8.825674745,95.40280458326464,7.815418614160293,101.29706351281948,orange
0.0,79,5,43.67549305,74.47616211763486,8.117148206040286,55.69152431338667,blackgram
19.0,37,14,27.789424541011947,14.25803981,7.306248386790578,31.92706061706527,mothbeans
75.0,42,41,25.61887227331315,68.89301858557884,7.08086870609526,28.325814430289206,cotton
100.0,105,181,43.67549305,82.45323026860811,4.75845121434928,89.63374040657837,grapes
22.0,5,18,26.49432522791089,99.98187601,6.32791790051449,181.52595017112665,coconut
100.0,103,59,28.35040296516789,77.71378881694153,5.234617137138122,146.5128712010921,banana
44.0,21,21,43.67549305,93.94271876905064,5.924552242939946,124.9390104922293,orange
34.0,6,27,25.84726298,90.92669463,5.8607404810000014,147.8888994,coconut
21.0,62,24,33.49077065,62.73317204,6.8473828910000005,65.45328463,blackgram
85.0,62,34,42.79901926208988,31.032859305837704,3.504752314,20.21126747,pigeonpeas
107.0,19,44,34.723500630236614,81.89437467199946,3.504752314,286.0686996407678,rice
0.0,15,24,33.99795387530711,48.744066806683904,3.504752314,81.78463801563812,mango
74.0,95,22,19.46697610772681,90.11644741617044,9.378888351455446,255.78919679014308,jute
101.0,25,52,29.09910406,94.22237826,6.750145572,22.52497327,muskmelon
138.0,43,42,24.51122784251848,80.7975668598413,6.403167350861832,187.3521330231936,rice
17.0,47,39,8.825674745,81.79573821686174,5.750166939144055,86.78851720969492,maize
49.0,7,41,28.47481113080707,78.19708025379637,6.025793463022825,58.84588260977465,coconut
63.0,71,13,20.355452874424063,53.71635914301526,8.101355904716325,124.0924115093251,maize
130.0,28,54,27.50387624352774,82.60461058131268,6.900436829925394,20.21126747,muskmelon
0.0,145,205,21.30000370994232,89.51460160475949,5.702148444683774,97.76883078509526,apple
40.0,49,47,42.93368602,91.1756748,6.501521192,246.36132680000003,papaya
46.0,32,54,33.43837636258197,87.86673802306487,6.207324673887768,298.5601175,papaya
16.0,104,19,30.598213819386345,38.88815855427194,6.64293141176983,20.21126747,kidneybeans
132.0,56,60,28.42144453109401,71.72801430280575,4.046722873908408,127.97216580813004,banana
0.0,56,43,9.36082080879977,38.014548897678026,6.112204158197395,20.21126747,kidneybeans
26.0,73,21,31.33170829,57.97429171,4.946263888,161.7820226,pigeonpeas
56.0,92,8,22.07723752059494,49.27678828964917,5.684345818867893,36.41139715186758,lentil
90.0,42,43,20.87974371,82.00274423,6.502985292000001,202.9355362,rice
0.0,72,22,20.335045921866502,48.23177025204896,5.419837258160423,53.16265154539453,blackgram
7.0,11,32,29.25902906,95.11294697,5.542169138999999,184.7624496,coconut
17.0,21,11,24.94574190201921,75.48104881943601,8.465003855835354,42.90814949940864,mungbean
9.0,80,19,21.80619564,18.57086554,5.945465949,125.0972687,kidneybeans
34.0,65,48,41.41968393,90.03863107,6.665024507999999,199.3096432,papaya
34.0,5,33,34.6461532883811,35.00943482953913,9.93509073,20.21126747,mothbeans
114.0,26,38,31.342768063990817,99.96542993593562,5.696263476739779,32.01614660132356,muskmelon
40.0,5,57,28.65584385459431,77.57591656729893,7.91409464254053,31.773960980336224,watermelon
19.0,5,41,23.48829527776109,89.920309063795,3.504752314,109.07052141380144,pomegranate
0.0,96,28,11.495295714682817,57.879389786966726,7.4268041817889054,58.89290146709028,lentil
140.0,27,40,19.45099012825411,75.89538042133587,5.182729244346343,207.87088516388025,coffee
140.0,16,39,24.398959738791703,96.80776192645212,7.204056483618988,67.55367920818456,watermelon
0.0,60,30,39.007419763922094,70.4368564091927,6.456700402735868,59.74708447950266,lentil
89.0,13,25,34.52724818448039,64.89996052017561,8.072529588772603,63.4645259403536,blackgram
0.0,29,39,21.59581417437656,54.19144804182369,4.305624687733665,36.13642174494122,lentil
0.0,5,54,21.8357076846417,99.98187601,5.0417657986493,90.667943437622,coconut
91.0,83,5,28.347263899511777,72.99182254975305,7.407478468263907,75.16532555787019,blackgram
60.0,109,48,28.09518014361298,78.35120329597733,7.2823875619280605,226.7844428730065,rice
33.0,107,5,22.25629190342752,17.995975413351196,6.320313508555378,20.21126747,kidneybeans
115.0,48,16,25.54359718,84.09229796,7.175934962,88.94245493,cotton
45.0,33,35,29.26382931,54.82257868,5.342866119,100.7586226,mango
140.0,51,40,20.81377567011575,69.20753526703163,9.93509073,69.9775844311567,cotton
107.0,36,21,25.29250148,75.66653335,6.205263534,62.64174227,cotton
42.0,72,36,23.99747127966967,21.022165073041062,5.455488786915251,111.77728365007604,kidneybeans
32.0,101,46,28.278531744399736,80.29540519885482,7.411590078112112,135.88206147817084,banana
79.0,106,201,43.67549305,81.96197839906878,6.681164214688184,71.34358639173315,grapes
75.0,28,82,12.22744105894668,23.773819148668967,9.93509073,49.45497410194529,chickpea
56.0,55,41,28.47306635330668,99.1894978739351,7.346073752705431,56.96730151681598,watermelon
13.0,50,21,36.30856492709486,90.73509494089365,7.980904877247091,40.67102732681688,mungbean
27.0,64,21,32.84213012,68.68401492,7.543804222999999,73.67166182,blackgram
56.0,14,52,25.550547302865912,99.98187601,7.178637411247675,200.30486495700583,coconut
33.0,19,63,30.607892593050096,99.98187601,6.496559747446563,20.21126747,muskmelon
18.0,27,41,22.36509395,92.30882391,7.175344328,104.8216333,pomegranate
61.0,69,33,21.344207073269345,72.96001797788725,6.83646733453388,258.95780677235354,jute
40.0,27,35,25.76621071472897,77.97445595206156,9.93509073,250.51846132063824,jute
41.0,61,37,17.722150720889587,14.25803981,6.6211463980798175,23.27324433082275,kidneybeans
31.0,69,5,25.885010150331667,75.6483399709984,6.679061252585684,59.64961721095604,mungbean
31.0,8,7,34.51465139,93.63812684,7.163245982,103.5684926,orange
140.0,36,30,28.97592084539576,75.81403141419482,8.14342648018814,212.66852947099315,coffee
56.0,67,61,12.224069511781243,88.62876705090866,5.928203196772231,20.21126747,papaya
82.0,99,23,22.50010337813529,20.816136946858755,5.456847685702648,30.08533354687202,kidneybeans
32.0,46,46,23.971536670941745,99.98187601,9.09939164843885,125.46178530328542,jute
45.0,46,16,26.30460845277932,85.97827417139486,4.240300359164522,40.6197131339805,cotton
132.0,5,45,21.56432716848732,88.96111709600737,8.485661057247157,72.40764434973714,watermelon
25.0,41,33,30.24610023293424,78.04705535943795,8.34625966046896,160.68038194029597,coffee
25.0,27,41,19.20090378,94.27659596,6.9235093710000015,108.0423555,pomegranate
140.0,54,54,28.41282574398065,77.77128907957227,4.59111692002724,143.93578586041414,banana
71.0,32,26,26.03581663206593,43.56527713666888,5.544756449173855,99.81688387506809,coffee
71.0,36,9,43.67549305,83.12782449432065,9.65805166492741,113.9164509884862,orange
13.0,47,20,29.21780035,87.93724219,6.54450214,43.1386631,mungbean
0.0,61,25,42.02905200807097,54.47785750226578,9.93509073,99.13105073781284,mothbeans
54.0,19,57,43.67549305,91.41725822778038,5.925763542042777,92.69196790898933,papaya
87.0,45,21,30.007646102333982,89.19166024350636,8.231454851120064,111.26647463555727,maize
17.0,139,186,26.386161822779584,90.88088128579987,4.179980089320646,136.70030557190842,apple
46.0,68,51,18.53606317141397,85.33875428317296,6.403167350861832,96.2116287877015,rice
41.0,74,18,28.75751783,61.02701476,6.599147297999999,90.17794873253304,blackgram
12.0,28,86,18.61276956299236,24.758921361505184,3.504752314,103.23092429407052,chickpea
26.0,18,30,32.06097197,51.08494181,6.336234623999999,96.59816497,mango
18.0,125,204,22.35548159,94.47811755,6.046673619,116.7366261,apple
140.0,5,30,26.16722498444404,82.37887418390653,7.7784159087290226,212.8390130149984,coffee
51.0,66,19,25.39360583096449,90.39964483411384,8.391280749380728,110.05743561431608,jute
36.0,7,41,43.42959631700334,99.98187601,7.054581254441545,109.42715461624326,pomegranate
45.0,79,11,8.825674745,71.15180242759773,6.671501144176797,32.098773577461884,lentil
22.0,79,17,21.42451099,20.39659714,5.912289889,116.5206923,kidneybeans
89.0,38,30,9.1462326253085,91.83425320838828,6.7635430112012624,20.63130379741868,papaya
57.0,50,35,30.85397581484256,72.5930545891247,6.538592349826454,84.50095001474922,maize
45.0,63,28,18.36716732707924,65.51983436430721,3.646416274431605,83.64341254314638,blackgram
0.0,54,23,11.70393203339946,50.09023242603034,8.846117393323784,88.79711273448073,blackgram
5.0,65,16,25.49158911727429,18.48522915,5.866744372,109.1013261,kidneybeans
56.0,21,37,31.316106387129818,87.27397886704387,5.102166696667212,59.049880287007895,coconut
95.0,28,66,16.894474400756224,20.30236640153493,9.93509073,66.99270352330171,chickpea
140.0,50,23,18.97682614373936,72.39898804262592,3.504752314,33.670636907861464,cotton
102.0,37,25,25.31468463,77.91757121,6.403167350861832,72.82902109,cotton
134.0,61,23,10.6217317310558,61.41276472020803,6.794300420176048,147.0190412584277,maize
140.0,5,43,25.49158911727429,87.68941983414766,6.825710371245482,20.21126747,muskmelon
48.0,83,36,13.11248876906104,84.28588436778038,7.528896057861109,298.5601175,rice
69.0,57,35,24.30748599,78.54340987,6.1868143920000005,186.2337571,jute
74.0,61,77,22.941718858245128,20.485201699788668,7.61672156869369,90.62493972341224,chickpea
20.0,39,28,23.963023550313835,99.98187601,6.92510967938044,156.4355613857031,coconut
0.0,125,199,22.527724622228902,90.96595330334436,5.177047096220959,84.85571203510932,apple
0.0,67,19,16.9324505596624,43.072952314051136,6.21566507762128,102.49171518152974,pigeonpeas
0.0,5,19,23.872914016121097,99.98187601,6.984798519373267,283.0128284821466,coconut
70.0,105,5,25.175748473906577,99.93812670869004,6.280307544463829,35.49254770027001,mungbean
38.0,68,42,43.67549305,90.744538733196,6.911566361817731,20.21126747,papaya
69.0,114,48,31.3381142143796,93.7646845023499,5.773555330236483,96.44544360235894,banana
140.0,31,12,25.49158911727429,70.71778293864284,9.93509073,103.0295176323095,cotton
58.0,55,30,40.985544784312864,48.81539444370705,8.454029419911112,97.95379395840504,mango
108.0,5,12,27.27883593225153,76.09238703504141,8.09845602278001,298.5601175,coffee
73.0,58,21,19.97215954,57.68272924,6.596060648,60.65171481,maize
60.0,104,31,25.20629348030641,58.55183570168919,7.460414205411359,109.2500288102941,banana
76.0,68,89,21.20191563540948,28.92378269891008,9.93509073,90.36132727834736,chickpea
132.0,11,38,26.66979013410428,95.17281828791268,6.1611487724822345,48.47151135790639,watermelon
51.0,52,12,30.00557427225604,84.52783194337619,6.749409525976059,59.42779194308388,mungbean
0.0,5,38,22.427015314511333,73.55099063033656,7.094025871411249,70.30054276499503,coconut
140.0,63,8,26.89359417899165,70.65202205834817,8.64064011056855,87.72318247278614,cotton
34.0,68,51,27.34734861,94.17756725,6.687088097999999,40.35153141,papaya
77.0,7,25,24.6019727096596,70.1152418467427,6.403167350861832,89.46741351595546,mango
45.0,5,5,8.825674745,93.61948880934528,3.69649605494008,115.4484804776002,orange
29.0,73,22,11.536536777384264,14.25803981,5.432586072451397,111.1847920626432,kidneybeans
40.0,32,43,19.3731710617364,51.4555845927936,3.504752314,20.21126747,maize
70.0,112,18,26.13184107074192,99.98187601,5.265104479995582,64.98487956229187,mungbean
83.0,37,33,14.078686939721925,97.98949141186075,5.011155111074933,20.21126747,maize
43.0,68,20,29.57812712,66.17587668,7.497469256,69.43895491,blackgram
45.0,63,45,36.71230993841629,92.4337138966736,7.371675267809907,298.5601175,papaya
51.0,145,205,22.5644760653514,92.47226349707852,4.431868335051943,83.41224731285331,apple
120.0,12,36,24.0662145794123,84.5953050726423,6.640467654379554,61.94422192271526,watermelon
82.0,65,47,8.825674745,80.45115558223097,7.909544915178992,55.07386249839263,rice
37.0,111,205,24.491904125640065,94.10834942640756,6.346563682865235,106.35767313671045,apple
44.0,96,45,11.148974537991156,96.7653521139326,7.691547351998872,147.0017934015394,papaya
105.0,79,46,18.455999675758093,89.80662684103754,6.049597620043361,27.42028385584993,muskmelon
90.0,48,45,24.06475727,71.31342851,6.509174788999999,153.63902119999997,jute
80.0,5,44,28.666004335324686,94.880293947731,8.06833557208799,44.078085298409,watermelon
75.0,8,18,24.43902870901768,84.99501864456487,7.886871687762138,88.47621707476185,watermelon
0.0,71,5,29.08878026708537,82.71338780358238,6.429389541787178,63.64399214946303,mungbean
101.0,90,56,32.11288398003049,82.67925680508199,4.002700523899286,255.97763167589068,rice
54.0,57,18,29.556661218733627,45.246115892127264,5.280447018366341,114.85912506851896,maize
81.0,92,29,17.85297686371394,82.60542206525453,5.355914018842561,234.6334384850424,rice
89.0,48,18,23.823893815388995,72.01139159840926,4.533356934473048,129.55352690667053,maize
71.0,60,10,14.33334560215175,20.70979571656476,5.592574015997047,75.21355744889112,kidneybeans
49.0,39,24,25.99070523766843,89.34840786063934,9.020968802819931,103.55947396430352,coffee
0.0,67,31,26.390577198536697,67.42366376297527,3.504752314,20.21126747,mothbeans
34.0,69,62,34.71316253817116,72.46458580528065,3.504752314,298.5601175,rice
0.0,62,6,10.948390752468544,86.3337590983598,5.588321272271543,98.9133947147754,orange
70.0,80,50,41.09802455444242,92.83653891594396,7.34971607989037,298.5601175,papaya
77.0,84,14,22.22039037866372,75.85203340087465,9.93509073,39.540376627890055,lentil
21.0,18,73,22.39275190554413,79.53382624417682,5.794663773291843,47.35332438273943,watermelon
9.0,108,72,12.572319224862202,23.91499150875169,8.602240483411899,103.24605507112564,chickpea
23.0,37,24,28.77833449,44.2252605,7.991902443,33.95825723,mothbeans
0.0,5,12,17.527687459459457,99.98187601,4.918665823361224,134.56763357664528,orange
117.0,39,57,28.91495262633125,76.03658720448814,4.928921224015172,113.91164449763484,banana
101.0,29,47,26.21401406636413,70.04564744668075,6.813188851743257,50.75500735880894,watermelon
15.0,24,11,40.66939476406468,81.22943598526248,7.613382005456544,78.9760776903711,blackgram
97.0,45,5,8.825674745,74.53000530655027,7.843674363584469,57.35543519628312,lentil
140.0,5,38,31.612646099608256,99.98187601,5.388196589168275,38.33140696595984,muskmelon
73.0,36,46,21.002804753144687,53.97934608394604,7.119982917553143,102.36168209436526,mango
6.0,66,15,34.93174223,30.40046769,6.3458060110000005,159.2649827,pigeonpeas
45.0,33,11,19.804985867388456,18.96444198257183,5.722975472590499,156.24922389535843,kidneybeans
12.0,13,50,43.67549305,98.5403846701786,6.106852757246346,36.86607697392867,papaya
39.0,140,196,23.080996121588505,94.47730304533845,4.252151819475318,121.1913356516596,apple
0.0,68,6,21.920266446767176,66.61292673279183,3.752881618203934,20.21126747,pigeonpeas
13.0,90,35,16.274428622211325,16.906984043001604,5.830345355867962,90.17794873253304,pigeonpeas
83.0,58,47,29.550492647909927,90.1103364815534,6.530614649061121,21.704911721461905,muskmelon
17.0,145,203,43.67549305,77.97167100174933,6.181459745545898,63.36615993098985,grapes
0.0,104,199,14.23908072023047,90.97987753395338,6.359679344126951,131.9618577266816,apple
31.0,25,12,18.05142392,90.03969587,7.016482298,111.7793889,orange
81.0,71,20,8.825674745,57.765596455984735,6.539625506910555,75.90746884400153,maize
83.0,50,5,12.504997222824471,59.45068002607959,6.403167350861832,86.75595973586101,maize
28.0,58,8,8.825674745,99.98187601,6.93073005665902,98.96044610044704,orange
15.0,125,199,18.426993600000007,80.55625868,5.569230319,69.75734306,grapes
0.0,41,15,27.52725897273672,75.87789261410691,6.015732302603273,42.80756576860036,mungbean
14.0,140,197,23.35225078,90.90054697,6.071255131,113.0381382,apple
80.0,37,29,32.267873396719,79.09771775121058,4.017006456949075,155.12317553581016,pigeonpeas
18.0,26,31,32.611261400000004,47.74916499,5.418475257000001,91.10190759,mango
48.0,59,61,33.068969902533055,79.18742562336683,7.0829764535710975,223.6065947899255,rice
52.0,58,16,30.64095781,61.14508627,7.167435834,71.36947525,blackgram
26.0,69,19,26.213827094499063,60.13584694557448,6.463940081284095,55.46561726194085,lentil
2.0,34,24,8.825674745,54.607978448456265,5.994141751405578,40.8683699596934,lentil
22.0,61,9,24.77470406882953,50.5821730247525,7.872676722440666,78.82197105073175,blackgram
48.0,59,25,28.438442571985743,24.60659064250412,4.698596760045437,29.96604436118318,kidneybeans
99.0,57,35,26.75754171,81.17734011,5.960370061,272.29990560000005,rice
58.0,54,12,26.01233470160048,60.421439383090245,5.719359688825077,50.55061833138414,blackgram
32.0,82,34,8.825674745,57.37398469345727,5.919903259090244,92.05345048382291,lentil
83.0,53,31,20.725395130908883,95.54257060231345,6.924682722394681,96.21109443490612,cotton
122.0,86,8,22.627360921265648,50.8755082304541,5.76100800923765,142.24210168567006,maize
64.0,42,10,22.0173080124172,76.32489557871607,6.945345077531086,76.20603714066894,maize
93.0,106,203,17.412926057533603,95.9231434550049,6.509334840562174,80.12319101962055,apple
73.0,60,39,27.265128415123808,43.728702277208754,6.403167350861832,151.15334565054698,jute
0.0,13,24,43.67549305,54.53924537947193,8.480504044106562,86.63114226072418,mango
25.0,83,8,16.377344069457656,69.62848023366665,4.760628143962547,74.63176247901247,blackgram
4.0,115,205,43.67549305,81.58256692851324,7.112050533997124,66.77076152134669,grapes
0.0,10,26,22.49933947207904,91.68553179728772,9.93509073,92.7774471909488,mothbeans
140.0,5,24,19.143150798513297,96.5833112613376,5.42861736529474,298.5601175,coffee
42.0,102,68,25.46175548652122,96.56344575920012,6.4026954744578095,123.17443429831428,banana
0.0,43,17,11.645328278517146,22.31609724625548,5.26099169171739,265.05349184560043,kidneybeans
37.0,72,21,29.292370999273107,75.3373594191426,9.93509073,20.21126747,lentil
90.0,16,45,25.49158911727429,80.61750795,6.291540277999999,50.55710813,watermelon
134.0,24,66,25.908794057545617,85.22564261753814,5.468141441958825,25.273367382649152,watermelon
105.0,11,40,14.430109979920076,91.64980678528732,8.775533744458748,154.6035565268169,rice
60.0,41,24,26.09138179035578,44.42471002441855,7.184846187176046,69.90255290809971,maize
33.0,5,7,32.46885698893208,56.96356170516384,4.86404509952077,102.0606236925392,mango
101.0,13,54,25.42900869,82.91481799,6.828982708,56.34144589,watermelon
48.0,109,5,39.52211287351903,63.636562865863525,7.97315153693043,78.51145921798621,blackgram
102.0,46,42,25.238996086867253,17.91345183632152,5.303699136908845,20.21126747,kidneybeans
25.0,69,7,18.551491182410608,27.27510655514804,9.93509073,20.21126747,mothbeans
39.0,77,21,22.99774444,60.24218572,4.603563116,159.689339,pigeonpeas
35.0,124,20,31.21966250953337,77.6112389056725,8.861419525357727,114.21320968794922,pigeonpeas
37.0,28,45,13.662276855662547,57.2869092982248,8.472693169157216,80.5516815023815,mango
0.0,5,10,27.701225426463232,91.27906460645411,6.415049133536011,31.752728470476622,coconut
44.0,145,191,23.32255244927957,90.79843969476713,7.3547429054232705,96.0508391610711,apple
42.0,103,15,26.67683300308292,68.1539767260131,5.272506682769443,60.70005175530503,blackgram
0.0,93,24,43.67549305,37.44463353006768,9.93509073,48.52045298131853,pigeonpeas
8.0,11,15,26.492961445702587,74.51924861320914,6.604866850001759,36.369759757654265,mungbean
0.0,64,19,23.010816540812783,32.226151713078906,5.872413664535412,142.2603173174085,kidneybeans
20.0,40,15,29.57329479,88.07505524,7.199495367999999,45.04467075,mungbean
105.0,88,54,25.78749808,84.51194224,6.020445317,114.2005455,banana
65.0,22,40,22.36677782839645,64.40841773406167,7.903484795290664,66.06115586137744,mungbean
42.0,5,46,30.182884577904144,95.98223661864424,6.32119869587849,34.493788796612435,muskmelon
76.0,50,66,10.2201893868516,94.23212785487412,6.814029103103637,51.65295269230722,papaya
7.0,31,27,31.32863689,47.59319575,6.524114355,94.67344737,mango
78.0,79,34,38.91538038892827,45.060558639764274,8.394613550328252,39.49817780040227,lentil
19.0,5,6,43.67549305,93.86504129380978,9.24423244094436,105.99187054237493,orange
99.0,5,54,28.3781654332101,91.29306448708336,6.672080171936853,29.603118117319795,muskmelon
99.0,75,45,27.41288081331362,79.229113701315,4.958591086238847,90.17794873253304,banana
63.0,43,17,19.28889933,65.47050802,6.807487794,71.3195307,maize
0.0,93,205,22.26129754245179,99.98187601,7.15257292721228,56.94758087171088,apple
0.0,96,18,23.614010098288464,22.028700636702457,3.504752314,298.5601175,pigeonpeas
22.0,102,33,30.921947541640744,78.07607766426786,5.767489504330935,100.13123503231564,banana
96.0,5,43,40.44405747926055,57.10942316611472,8.026828973244609,88.96824052908312,mango
73.0,45,21,24.60532218,73.58868502,6.636803222999999,96.59195302,maize
131.0,35,18,24.49112609,82.24415809,7.0576933660000005,64.02949379,cotton
12.0,5,34,35.65099266927932,67.2888235620417,6.124693075902742,97.0842586021157,mango
56.0,5,38,24.48315489734945,96.02277602474172,6.488872304191201,239.30927607253568,jute
77.0,42,17,37.960308116819775,69.66138725623838,5.134691623326973,68.711337042267,blackgram
103.0,33,25,27.10210397,55.74973320000001,6.911066044,139.5013171,coffee
140.0,36,41,27.85570300076143,98.59560522488464,5.542345275109947,20.21126747,muskmelon
89.0,41,38,23.12844351,74.68322732,6.344751947000001,199.83629130000003,jute
28.0,130,196,22.13450646,94.67695747,6.062356467000001,112.9203223,apple
26.0,103,189,43.67549305,88.93011469560308,5.24036353159218,79.17592868396102,grapes
13.0,61,22,19.44084326,63.27771461,7.728832424,46.83130119,lentil
80.0,59,58,28.6167879093294,85.1641488176918,6.3584483497465,82.05001883444189,papaya
68.0,35,15,32.92610071303809,92.9854420254396,6.034362560915495,56.29588747559585,mungbean
81.0,51,34,28.982219344407604,52.46872482796663,9.93509073,29.430484249179,lentil
13.0,142,8,13.755804061464303,22.50403929475805,4.800421277104266,20.21126747,kidneybeans
33.0,78,23,24.69341872730125,87.00953603410412,9.301774295368164,62.61166360317161,mothbeans
28.0,68,19,34.63880966,61.38597868,7.69950698,72.43169115,blackgram
0.0,89,30,26.28143043957009,14.25803981,5.825042076036223,121.29640540516785,kidneybeans
108.0,24,52,26.615903400040963,75.8143253435382,6.1625185020567645,20.21126747,watermelon
16.0,29,37,29.968693743347885,79.88276919639911,5.622182364181641,72.24833354161595,watermelon
24.0,63,5,43.37279841019253,96.43250333363903,7.809848969373983,96.62593801810782,orange
140.0,74,39,21.123393001466784,83.7137010026895,6.246055968539945,86.30714695091011,banana
4.0,36,22,27.60887393,86.13316408,7.012740397000001,43.80041104,mungbean
16.0,5,38,18.538450738559256,92.12396121756052,4.958949160611176,101.52402718719196,pomegranate
19.0,74,5,24.42831717632541,68.17445699917884,5.453697781663522,26.039671799950543,lentil
104.0,26,40,18.735919178787704,78.67448781241387,3.504752314,98.46069245820632,rice
52.0,31,24,27.7047235995972,99.98187601,6.41947064366694,20.21126747,coconut
0.0,5,17,27.831011759634432,75.49967544514821,9.93509073,20.21126747,mothbeans
119.0,44,15,25.49158911727429,82.85975490000001,7.091992365,60.65381719,cotton
94.0,78,30,28.439366658739686,26.5136077145511,5.27064038099328,100.02955114328851,kidneybeans
38.0,62,25,32.7477393,67.77954584,7.453975408,63.37784443,blackgram
32.0,54,77,12.63120680382813,21.13964928932892,7.428646481683816,113.95949807647165,chickpea
30.0,13,25,27.15116142,91.48889469,6.413184638,164.9182225,coconut
0.0,102,21,8.825674745,14.25803981,5.270589367084882,298.5601175,pigeonpeas
105.0,58,50,24.71688376465659,89.978650274174,6.581406571340257,195.68155340994772,jute
36.0,66,15,30.08545364,69.34811988,6.668238556,67.1367443,blackgram
0.0,34,32,28.20471197612837,89.3875001140239,7.018077715123182,84.96923899216142,mungbean
25.0,130,197,39.70772192,82.68593454,5.554831977,74.91506217,grapes
57.0,48,17,17.161782921481215,14.25803981,5.749294373816655,123.98707236138212,kidneybeans
45.0,38,78,23.881067699853936,19.822881462765835,3.53859011538198,90.89955774148588,chickpea
0.0,89,13,33.353704067937045,99.7119912022028,9.15664394227062,20.21126747,mothbeans
64.0,75,5,26.45113153989593,19.76884143872116,5.972429497329988,103.60852165926958,kidneybeans
0.0,26,23,25.69878047806681,99.98187601,6.013901607778564,257.6786501226153,coconut
108.0,54,11,22.042535019882703,70.45644521945155,8.861446602220106,116.399683214678,cotton
89.0,44,17,29.07841623745061,69.08186939050593,6.616662306034215,104.01903870671836,cotton
0.0,31,5,28.281019059615552,89.55872811551784,6.615411612133125,38.78373107179146,mungbean
24.0,51,12,25.49158911727429,49.13213450937917,3.504752314,190.02983663188328,pigeonpeas
35.0,5,22,29.03034630604001,92.43457447849168,4.981345617941377,102.89203113554896,coconut
22.0,18,31,30.764551500000003,47.93791463,5.956027059,90.38503469,mango
21.0,5,69,25.10635156099502,94.94789032324992,5.49298700135495,54.54818254794536,muskmelon
86.0,17,31,27.8511505272282,95.04961580535794,5.35443845998387,59.44853302327152,coconut
31.0,77,12,29.81542955023528,61.57021301188273,6.403167350861832,124.38992355556393,maize
53.0,145,205,24.63926186544254,82.58058957228342,4.431385161590059,68.92410465405507,grapes
15.0,54,15,29.97604322,57.03184356,8.35495812,44.86052932,mothbeans
41.0,58,45,43.67549305,94.28417909181478,6.25009629141443,105.40595178828671,papaya
0.0,5,47,30.767057330282977,99.98187601,6.880312968668485,130.24674717224016,coconut
0.0,37,37,9.459509824671096,17.118919920109562,5.439009823016158,46.508826216025845,kidneybeans
36.0,145,197,27.723322674207832,84.6133699283023,5.193892388293593,83.6884368687151,apple
131.0,5,55,28.98442199137796,93.1617860182236,7.436202952951198,60.292783847261454,watermelon
116.0,40,33,24.91370487,54.15319242,7.042089492000001,129.5481144,coffee
29.0,5,17,26.72453805225112,86.87581216274675,7.095362531942559,42.25333889517657,coconut
76.0,26,37,18.951925858981472,82.2501636909105,7.188733819860661,298.5601175,papaya
121.0,62,38,17.102061597042635,73.84986385335085,3.504752314,298.5601175,rice
43.0,50,48,28.28222883,91.37059792,6.63016515,179.27208069999998,papaya
0.0,65,31,43.67549305,83.23931070381985,7.485978944012459,58.86428398950167,blackgram
86.0,46,23,25.149440444203943,85.81029040164626,3.902574147241114,182.15457715243352,pigeonpeas
74.0,68,39,24.303968169281664,46.93869390848676,8.803653857823033,191.4165708043484,jute
140.0,75,61,20.260748776637577,53.18925397535295,6.485422898405656,174.66028944591088,jute
8.0,15,33,28.97318719,98.09861043,5.50158009,213.9011021,coconut
65.0,9,55,8.825674745,91.29127208876126,5.465601566396243,20.21126747,papaya
83.0,41,43,21.0525355,82.67839517,6.254028451,233.1075816,rice
18.0,28,34,32.724482347647566,99.98187601,6.963318076515404,20.21126747,coconut
81.0,53,47,26.46136816738205,73.41057136532291,6.255573042871383,70.83007220471696,watermelon
84.0,95,68,42.76778492308611,98.27225693318113,6.44979276596932,20.21126747,papaya
29.0,128,5,25.49158911727429,79.07209351058027,7.421634983945075,29.79207254733921,lentil
0.0,65,14,8.825674745,74.03785208804476,6.267936901945532,56.16386711449769,pigeonpeas
87.0,66,26,15.28443201833108,20.964854580953755,5.796846831587018,118.10710318297144,kidneybeans
7.0,5,16,26.35734275253705,14.25803981,6.160292015941186,20.21126747,mothbeans
0.0,39,19,29.86695653403521,93.25062151060204,7.227224751078086,58.568421585200106,mungbean
52.0,47,17,22.16854864911676,79.88179414514855,8.096076868062354,148.0664638023717,cotton
4.0,32,50,14.270663783609647,95.90663800053493,8.914471378684755,108.7043091033296,pomegranate
104.0,25,55,29.81196601,90.36881284,6.123802502,22.68766503,muskmelon
60.0,59,22,31.86847286,66.74217464,7.191522601,74.22238583,blackgram
83.0,34,57,43.67549305,96.5020493573158,5.577270357053996,223.6869116693369,papaya
21.0,58,80,15.327691168523328,14.25803981,3.504752314,90.17794873253304,chickpea
84.0,7,51,26.81530456,87.65694462,6.399669044,55.74073582,watermelon
0.0,13,26,8.825674745,24.82239823835897,5.426482492596925,298.5601175,kidneybeans
111.0,27,31,23.59302313,55.27564977,6.0433309510000015,191.3980675,coffee
0.0,145,205,41.92131586086545,81.54590148011775,5.2749185472964015,75.69176236294922,grapes
0.0,80,30,29.842115050574023,41.20917816163316,4.272174551008877,72.03551281247948,mothbeans
0.0,5,17,16.14333014673977,95.871311706607,5.1442145440677605,90.17794873253304,orange
32.0,5,54,20.3290951308866,91.61562451068656,6.919039022906781,100.47947497494113,pomegranate
46.0,54,28,30.549933851290763,27.950623724695934,3.504752314,119.2211525243484,mothbeans
102.0,5,43,26.64618569627953,92.49342578382009,6.630879729578882,90.23235789300496,watermelon
78.0,50,37,35.45061037526045,81.19432312938007,7.776192844101393,59.30853707496002,banana
0.0,145,192,43.67549305,73.8085404015288,6.453740140551873,78.10210664123838,grapes
0.0,39,23,33.4778381977331,35.151255216415564,4.950185583658798,80.66884779839219,mango
58.0,111,24,17.34722338449576,56.3319632510559,4.8356125638542,20.21126747,maize
82.0,18,48,29.09588297,94.16748386,6.1590508160000015,26.70581328,muskmelon
134.0,67,47,34.70249936436085,79.8265283302488,5.219202488611888,160.78684408642005,banana
78.0,45,30,28.95251013058372,31.03069163811148,9.082833236826817,69.74786674763567,mothbeans
9.0,57,24,29.89232778,89.71503316,7.165121108999998,42.99498978,mungbean
129.0,47,20,24.41212325,80.80343786,6.281913857999999,98.60457373,cotton
27.0,87,195,25.14222820932698,91.50688242875977,5.724330439175901,113.48511876740614,apple
73.0,72,30,26.537570897294987,78.08474670194873,3.504752314,127.92228088326831,rice
117.0,54,15,23.59922620714157,83.91425074045718,9.678196255552326,298.5601175,rice
40.0,30,35,20.89273273,91.07776977,6.269663962999999,104.4407083,pomegranate
0.0,67,14,15.246049185198192,21.3535635018059,5.557092046599661,165.24541010011842,kidneybeans
53.0,37,26,25.6287173788411,66.70945969093682,6.553984821747453,149.24228243738463,jute
81.0,59,36,22.42243296045664,94.4215282329161,6.966778382730175,227.56594288399603,coconut
110.0,5,52,23.08681506921848,90.07765274496596,7.975567752551657,68.21687167213858,watermelon
53.0,74,23,43.67549305,79.64793540431961,3.504752314,20.21126747,pigeonpeas
127.0,65,22,28.22579813680696,93.10917303697646,6.487612690320314,108.84146499591704,cotton
93.0,52,26,8.825674745,46.67063903666888,6.779513808388925,213.4610348082855,pigeonpeas
91.0,98,40,30.072228118506217,78.27158738506313,6.776794138734477,104.49464865039016,banana
19.0,70,34,16.458374729445907,25.284011367891743,6.798944916683039,98.1188059998098,kidneybeans
119.0,13,66,32.35177009306776,94.9690004165255,7.648518631945775,67.17946254115425,watermelon
9.0,20,40,24.29472601956776,99.98187601,6.010152146888386,73.61280698732439,coconut
96.0,78,38,21.470597085371004,70.09401135673059,7.430039199475423,238.2316521692101,jute
0.0,51,23,24.21489394676771,59.73246529321551,8.502934352512966,66.23674726259432,lentil
86.0,30,23,22.91173147644541,99.98187601,5.981279426157125,298.5601175,coconut
96.0,30,46,42.23042321052955,95.2107970137061,6.967791370694127,97.60250284570228,papaya
10.0,145,205,40.56307473380368,88.66480185596359,6.60884129846672,61.05018557085475,grapes
45.0,40,5,8.962563957370413,88.44800699957928,6.312090070723449,119.52755182452329,orange
0.0,37,30,23.366317264022,93.48664133714924,6.073843785416047,72.28485936650301,mungbean
0.0,85,22,23.97621352204388,94.21837904312228,6.829719288793567,45.50976606199382,mungbean
90.0,94,21,12.712042650495132,64.55474707327127,8.151664108753014,46.41893319338433,blackgram
117.0,27,48,21.43682741514612,99.98187601,7.239881078334159,41.16419570378212,watermelon
48.0,109,72,41.51205304898393,85.97908015603825,5.670510630937894,127.04491686827971,banana
83.0,25,53,26.49195283,80.04678201,6.057697106,57.72799157,watermelon
50.0,145,202,24.57358188963928,99.43370548895452,5.226311406835596,132.99107460851116,apple
34.0,24,58,33.20932930616412,99.98187601,5.03981209218158,28.52148951513815,muskmelon
1.0,59,19,25.98826756430769,70.40562368924664,6.749938815596019,20.55949215950541,mungbean
0.0,93,201,10.383904056187443,93.79053143353858,5.771954118048071,52.68409622361447,grapes
83.0,66,40,29.904028942595403,92.00302426202762,5.940562435924613,105.65998355868535,banana
0.0,73,20,24.79650469112889,59.41620141618028,8.792188281801703,66.09781874657614,lentil
35.0,27,13,31.59866913781065,82.00226059041923,7.69227645816902,48.35977224498576,mungbean
27.0,48,12,13.978271220133074,24.360387277841564,6.073321693631397,90.17794873253304,kidneybeans
95.0,12,51,25.76484262,84.17269959999999,6.681606702000001,44.22066914,watermelon
93.0,26,27,24.59245684,56.46829641,7.288211994,137.70440469999997,coffee
140.0,10,11,26.34810797999917,68.3454054904951,9.93509073,111.64921491796858,cotton
70.0,93,49,8.825674745,86.00737631864833,6.1900989957005095,142.77722029498244,papaya
0.0,5,5,8.825674745,94.1369261818292,6.8220094473856765,86.88449532753472,orange
80.0,16,46,25.50405534,81.40297428,6.940236218,48.47833278,watermelon
0.0,119,188,24.00453305733155,79.40235622417158,5.963122191788763,55.30932567361273,grapes
56.0,75,15,30.20157245,60.06534859,7.152272256,66.37171179,blackgram
21.0,9,40,24.51147697,90.64498715,5.956401828,105.6209954,pomegranate
24.0,55,78,17.30287885,15.15405941,6.64919573,75.57790384,chickpea
14.0,59,22,23.82723528,67.89815262,6.76660668,46.90725077,lentil
16.0,86,20,22.58942261527725,77.13060774534746,6.403167350861832,40.32436490249215,lentil
27.0,68,22,43.67549305,68.1580199987521,8.43056574293509,20.21126747,pigeonpeas
0.0,5,44,23.593732520522323,83.2871429775528,5.412967968698813,237.66374818697213,coconut
140.0,59,34,29.98133460846857,82.83103207552351,7.196527411938008,29.1809109471372,rice
23.0,61,19,9.75071266145758,33.43584603848963,5.399069445905718,20.21126747,kidneybeans
64.0,128,205,30.6961918685444,96.9248394013468,5.437391589398496,84.06715501595576,apple
131.0,66,50,24.090411861620648,71.62956939470693,6.602723965565503,125.800421665158,banana
13.0,16,12,25.49158911727429,94.09466332896108,4.924099303371654,64.9920755664152,orange
12.0,25,12,31.48266907540415,57.61846577861397,6.817718375083915,74.49200878182464,blackgram
82.0,50,9,8.825674745,67.50070981876192,5.974762263079483,130.0065949817452,maize
136.0,40,48,26.86198720373633,85.99366934940284,5.575947490754325,20.21126747,muskmelon
2.0,39,25,33.06390420532951,93.35743811643812,9.93509073,46.47714304492977,mothbeans
41.0,21,5,34.93479716028105,47.50620381702235,9.094257023694508,64.35346201490928,maize
118.0,5,51,19.93882482572802,95.9049722964758,7.379805235538216,48.84632984004307,watermelon
111.0,5,58,32.36682741908801,96.55865868935508,7.001637342234433,21.90374116806052,watermelon
28.0,59,22,30.90607799,52.79913039,7.05181629,170.99198280000005,pigeonpeas
52.0,60,40,30.376564535377018,27.242325588005087,5.743317714891326,56.42388756402796,mothbeans
74.0,54,38,25.65553461,83.47021081,7.120272972,217.3788583,rice
0.0,145,205,15.457369766233596,84.82268418666315,5.686373947747264,58.531783712010174,grapes
31.0,56,23,31.46846241,35.39454002,5.661826398,174.5723999,pigeonpeas
0.0,122,205,24.9643026928412,96.3994489472436,4.92717819723841,90.17794873253304,apple
80.0,65,42,29.863740888526568,75.81947708224722,8.063230534634387,218.76040926344183,jute
0.0,18,28,26.830311820151707,91.39047590169424,8.931574355747447,115.99482422223376,orange
114.0,9,25,19.676166970014258,78.89113249777373,7.364777536691713,62.51494075672531,cotton
45.0,55,23,33.14063746786081,80.59889749873282,9.264628022711882,193.1913950488364,jute
48.0,23,11,17.259947029403115,65.37174067191202,6.2745232711839085,43.84059404374374,lentil
45.0,25,22,35.639223529487694,87.43180079234571,3.504752314,171.05072343036412,pigeonpeas
26.0,67,16,29.10713092,67.90577375,7.17620823,67.83345933,blackgram
140.0,35,71,28.463608582771258,82.10696010747884,5.948520493890408,24.646425761269512,watermelon
8.0,5,27,19.24919974726352,99.98187601,5.934709701906589,176.85680867985602,coconut
27.0,69,22,17.91652287,24.90814655,5.932323085,69.14681022,kidneybeans
8.0,137,11,15.885026281024198,23.919557360111508,5.637674578642597,200.58158116577647,kidneybeans
87.0,45,26,19.34503854719653,81.99512246811415,7.706685726140175,152.2045880011629,jute
79.0,56,27,16.365424256535853,58.58678865375808,6.308887076511383,68.08426506920803,blackgram
91.0,42,43,21.172540981048897,77.41350794912017,7.094943281507106,77.27985467303169,watermelon
140.0,72,20,22.14963546848984,78.6373273770399,3.7344305369449136,222.6037675893144,rice
39.0,72,43,10.31531362957544,99.98187601,5.480256213578582,119.76990204375592,pomegranate
0.0,82,118,26.521167082062984,19.064798950390053,8.110625243370478,101.80759478086804,chickpea
37.0,80,19,25.49158911727429,73.38673353362174,5.92760269572063,31.040064593772883,lentil
36.0,63,24,21.03205301073892,86.23346729197517,6.509997650894174,191.4431961704229,coconut
19.0,101,22,23.328616587131265,74.8388590179503,6.7032236466712,61.97693553975656,lentil
134.0,57,14,25.19325392690528,81.02558272234461,7.772215421580185,298.5601175,rice
13.0,5,27,37.681086494562585,56.30190955369419,3.5939440421676574,85.08778057576569,mango
52.0,32,5,24.68975234573661,55.171609624037714,4.878489649607094,61.02164942761869,blackgram
63.0,13,38,31.2784789342446,65.48997240413915,3.504752314,73.73793503549064,mango
45.0,5,24,23.15061616755336,75.51605106380059,8.581729692628935,27.993910157842265,mungbean
34.0,56,23,16.035416466329266,63.53809140417286,4.660147891599482,20.21126747,lentil
59.0,60,84,19.03025305,18.66725565,7.690962337999999,94.70992037,chickpea
77.0,43,5,29.131224384118035,62.46362459757478,5.046425770580454,43.922287862934645,cotton
62.0,30,63,18.4541582816656,89.12579247027848,8.568760178307588,31.05345400271309,watermelon
22.0,144,196,21.91191314,91.68748063,6.4992268210000015,117.0761277,apple
0.0,17,43,27.50910363337794,97.34830870815554,8.51924428140647,120.2656975244056,pomegranate
53.0,17,33,34.735193496841624,99.98187601,3.875609154511699,106.29548798306698,pomegranate
7.0,17,10,10.16431299,91.22320999,6.465913274,106.362551,orange
33.0,61,24,20.04611791,48.93905624,4.567446499,122.4564203,pigeonpeas
33.0,14,42,38.97938309165804,56.13607291992777,3.504752314,105.02709879682958,mango
70.0,20,51,30.27354873495228,83.2486655265181,6.798102030501352,104.79693198336616,pomegranate
40.0,5,32,26.07010807,96.7036223,5.981169595,143.533473,coconut
103.0,58,55,26.777925973360755,71.04237390614338,6.655618027289242,92.8676262127098,banana
24.0,38,22,24.47876451,58.51663927,8.202706015,34.96933295,mothbeans
137.0,45,47,22.764841794414288,61.35157332967746,8.837143520354276,20.83948210101974,coffee
45.0,73,21,19.50244020629516,32.293915592676505,5.16951178873148,20.21126747,kidneybeans
93.0,106,21,9.156278563772924,45.20833960031551,5.494275420082944,84.96502390474592,maize
139.0,46,35,21.49339928065552,74.83189548502168,6.161714606324956,104.94344507335134,banana
140.0,58,10,25.953785635075523,53.09725340451854,6.403167350861832,50.94063407936069,cotton
9.0,59,24,20.43517772,39.37252634,4.747352458,137.22796619999997,pigeonpeas
94.0,81,18,26.582331709485857,97.37363135457144,6.8657942678584405,175.38584679777497,jute
20.0,128,198,22.71009897975993,97.90979627260953,5.383328675019575,116.4620983280097,apple
1.0,27,14,13.335998875319746,88.02692004720392,6.654381772221161,138.8601773448999,orange
27.0,83,9,19.16340681717751,56.88307238071444,5.994550183290668,67.93389019157563,blackgram
27.0,74,20,24.69487673,59.96669215,5.8598134160000015,91.95792434,pigeonpeas
125.0,31,30,23.09876747612584,80.15360490219949,6.626895484836616,298.5601175,rice
31.0,49,23,17.23590612287172,86.42834274307496,8.164634398277054,97.07337644268456,orange
48.0,58,41,24.17859179841862,83.83621382458965,9.518685909797616,298.5601175,rice
17.0,145,205,18.022160671639146,90.75622121105832,6.4312884881909325,135.1247233468709,apple
76.0,13,16,40.913924439689424,45.40738603308717,7.18168297930292,84.92781014559684,mango
29.0,65,51,43.67549305,93.32368261276795,6.474696935488171,153.3735462033071,papaya
0.0,68,26,40.32182460358031,67.19235201327358,7.326207830784402,45.09951041959373,lentil
0.0,47,15,25.860224480860804,86.60830002502887,5.747285011113795,233.05878239183264,coconut
98.0,25,52,25.2801372,83.15393658,6.224066378,49.29456609,watermelon
0.0,5,22,43.67549305,90.11059558336368,8.593098189157763,131.97014663355088,orange
24.0,141,205,24.324692262761307,91.23850108510356,5.96440999321713,93.60660820128322,apple
0.0,5,47,20.919419833701955,75.96676320872291,9.613463944234455,116.81716070877764,pomegranate
75.0,97,12,24.27261037181647,42.65458999509396,5.210672792974534,197.00932560797168,kidneybeans
0.0,141,205,8.825674745,83.15830412800238,6.735940349372976,75.64743198619499,grapes
5.0,23,15,25.66901098,92.04670813,7.408939392000001,112.5424199,orange
120.0,5,43,24.42065905431868,99.98187601,6.417362286087518,132.66072019337764,coconut
72.0,109,19,43.67549305,29.29669989016557,8.372515967967953,199.70684558734365,pigeonpeas
39.0,25,19,23.56868245466678,99.98187601,7.330125295975973,270.9666408753788,coconut
106.0,20,51,29.73019662,90.97015715,6.342573112,20.49035619,muskmelon
58.0,5,5,12.731124322885591,99.98187601,8.290997974662993,124.59598498056216,orange
45.0,94,53,26.33544853,76.8532006,6.190757458999999,118.6858263,banana
50.0,55,16,28.81460716,65.33538112,7.581442888,62.26242533,blackgram
45.0,100,18,40.92154949890974,14.25803981,8.76269767695825,192.0142284973417,pigeonpeas
27.0,24,29,26.61423461,96.97300803,6.142010637,191.006688,coconut
28.0,15,13,24.88645350461446,41.22551023801154,4.951339325830274,25.697115247468144,mothbeans
99.0,143,201,22.79092070236088,93.92520293451136,6.863338003303433,35.530443114880626,apple
120.0,23,28,25.67324193,51.29043632,6.877799264,196.2736367,coffee
108.0,5,10,8.825674745,86.20900339084938,9.293849374111854,128.78439653457428,orange
101.0,58,18,25.66891439,81.38103349,6.652143699,78.59595817,cotton
17.0,5,26,30.3425154440616,99.3044118536028,5.844567493207247,189.68535649668613,coconut
99.0,11,47,32.75593747458681,95.39805166618864,6.266993911719213,41.85446655251041,muskmelon
16.0,142,189,24.06122406815118,97.43545599122317,6.570386581384669,127.42394263444146,apple
87.0,14,48,29.69238699,92.58862544,6.606033244,29.1102594,muskmelon
21.0,47,5,27.71169207416477,85.14441479468209,5.75804532505865,90.17794873253304,mungbean
0.0,34,8,23.64284588619164,61.163047095179046,9.93509073,21.89498992117708,lentil
76.0,56,39,24.39459498,89.89106506,6.551130445,197.1220049,jute
35.0,52,15,28.69841277,61.14754363,9.93509073,65.67591794,mothbeans
32.0,145,203,23.83053666,90.84422164,6.406818518,109.5966791,apple
12.0,18,21,40.27824316863984,20.2750694020792,3.795804697605029,207.7913761553268,pigeonpeas
22.0,51,32,30.832963738008644,81.97552608207786,6.062899631687023,246.54872102289048,coconut
7.0,11,5,10.2203136072309,91.79093059685816,4.950306922021081,83.03737441593115,orange
89.0,57,43,26.91515043,73.19897535,6.998787171,177.22330480000005,jute
6.0,139,182,32.39283587379604,79.34808381927826,4.999248234362253,76.75521720533361,grapes
57.0,19,33,26.40130849704017,99.98187601,6.1444255622059245,140.5626477827597,coconut
140.0,92,35,26.79692287595236,85.98734367671798,8.77832860916353,260.1553949415592,rice
0.0,45,5,17.293021260963336,34.676531533780164,6.034543739369659,180.34512883913652,kidneybeans
71.0,5,12,22.61486343028607,66.41968594818272,3.504752314,98.58258708880294,mothbeans
61.0,38,41,25.13214305202118,89.16749912637076,6.012296240772181,56.13736017478026,watermelon
33.0,73,11,14.602527670780812,29.96170372623577,5.400978777658981,170.5043496953797,kidneybeans
27.0,74,5,30.648228837447512,56.36922910357213,6.403167350861832,76.50724354102077,mothbeans
99.0,47,40,23.099376219420563,63.86532735335936,6.013867510340469,61.667883588516325,blackgram
0.0,5,5,32.52573022436958,90.1650095190635,7.186252982945381,111.648346796552,orange
39.0,76,76,19.96837462,15.57324389,8.135900726000001,69.15759062,chickpea
14.0,83,60,11.90830013716104,17.334970610872876,5.256982807286436,26.412989941502424,chickpea
0.0,26,39,19.020827633283226,83.23475499822472,7.125674468201733,189.89294775653428,coconut
41.0,100,31,36.320954040667246,63.392567214921606,6.530191914468922,70.20079844036623,blackgram
140.0,5,54,26.596660218852413,90.1600408024852,6.355466401583464,27.63071131246815,muskmelon
66.0,75,195,21.585850403568543,88.5602533616858,5.644465323538411,145.7782788873703,apple
109.0,12,30,19.66823466321371,68.66901160230863,8.259051697136623,238.04825244380305,coffee
81.0,18,50,26.80750629,88.22874955,6.429788072999999,58.79889057,watermelon
98.0,64,25,19.9701308137828,72.92507750595888,3.791752403885056,68.21863788361827,rice
37.0,81,28,32.38443978614246,52.19957474329148,7.165309002524218,53.77608607042666,blackgram
0.0,5,29,30.035236432549617,88.26883653317525,5.855310971967819,243.40380468019688,coconut
94.0,84,58,16.4399435323989,95.18055710813886,6.748322184171994,20.21126747,papaya
64.0,38,23,29.67698647198991,89.74593923533362,6.338830375457622,48.05021472663788,mungbean
84.0,7,39,25.854398410771942,73.41952656194118,7.171379439017236,191.4519253688165,jute
0.0,136,192,19.17079024443805,76.53212450615112,7.566003788174024,73.86615492303687,grapes
103.0,87,37,23.56435474911497,71.0017414279316,7.620311083286758,88.39523628760759,banana
0.0,137,204,27.788772582661856,79.69739975575936,5.589783069467587,63.41554599329515,grapes
77.0,49,19,29.556031583322834,74.56880524979523,6.229784719431083,70.2596188208125,cotton
52.0,14,33,20.34401876252516,63.14449628996451,4.457166687169535,20.840279478494203,maize
61.0,31,37,25.49158911727429,82.6387997069671,3.504752314,186.81696079648083,rice
130.0,27,51,27.10109819876484,88.3911014040208,4.552662935601113,33.80974705415479,watermelon
0.0,64,82,21.42080148338252,14.25803981,5.146064049348087,89.44944052250159,chickpea
11.0,27,21,16.61708684589115,49.16094406567511,7.379176061161316,53.05847122339072,lentil
0.0,28,40,25.304537653953503,37.66547726058748,3.504752314,57.12530691441904,mothbeans
18.0,57,21,27.37659643,63.93927841,6.155915975,49.47371773,lentil
0.0,86,21,27.481763654450525,79.88276919639911,7.88434181407237,20.21126747,lentil
47.0,5,53,17.758574163668,63.48787548178382,7.635781085869413,104.52592970051812,pomegranate
140.0,50,34,27.268348922088684,85.25758446289778,8.618436272736796,118.73318893627678,cotton
2.0,5,52,20.919478113867143,91.23246101706869,4.491508818081627,114.08144284771495,pomegranate
21.0,15,22,24.23844668499333,80.92574805829523,7.295210779312797,49.9341038555818,mungbean
140.0,46,35,31.927939566704445,86.51423264707664,6.65257646403944,167.94372637023662,coffee
54.0,87,25,23.730053525773933,92.3107742795079,6.910056173325623,122.0152168312268,mungbean
134.0,48,21,21.44824234779661,74.41981974831187,5.13321300713932,20.21126747,cotton
67.0,57,85,15.115640214698622,94.84205936994545,7.144476901705531,20.21126747,papaya
13.0,88,20,22.28376369039949,23.097896117043945,6.497999694834252,93.42771356288767,kidneybeans
77.0,58,19,22.8056033,56.50768935,5.791649933,101.5952794,maize
46.0,5,42,35.94737165711973,72.38504914659248,8.229603527361697,88.38497545794583,mango
26.0,142,185,35.92158579823568,79.47096599501067,4.575607047955867,89.7099251110987,grapes
120.0,23,55,27.84492803,91.60666594,6.732049075,26.47844429,muskmelon
21.0,93,21,14.906306996818197,16.79953667428052,5.78771310551263,20.21126747,kidneybeans
103.0,5,56,22.49094630830253,83.88277439664522,7.55208719553047,24.995507824229385,muskmelon
114.0,77,41,36.8843753572852,79.88276919639911,8.643961754773398,185.8712708983856,rice
34.0,5,22,22.263042380156183,91.94237987552556,7.840535070230063,68.26276583271249,mungbean
78.0,30,28,43.67549305,95.83554955145117,6.422645051864601,128.28723054615736,papaya
106.0,52,46,25.16607818212264,59.55141239225453,5.464466317089017,146.85811939456266,banana
112.0,49,25,25.68959532,77.90621048,6.470135478,66.19426787,cotton
44.0,131,192,23.80010692594758,93.86830876425712,5.193197294649615,106.47293716100566,apple
53.0,37,37,28.024220758523693,90.88103675574403,5.4798568340185065,48.42199656683397,muskmelon
87.0,35,46,18.95269351575521,86.67702169774846,7.12650738762368,124.71641064199363,banana
103.0,5,43,21.510479833657904,79.80876431148309,3.504752314,169.32377243549976,rice
0.0,13,15,25.5371647690442,61.17050994486528,9.93509073,91.9083601072241,mothbeans
140.0,34,51,26.7561776107719,92.6840162857119,5.9722576699008085,35.923310945537494,muskmelon
15.0,5,5,22.13490881797794,96.25502725273988,6.679243819094716,101.42880209780408,orange
25.0,15,9,27.383156871176308,84.4203267300536,8.864619223160734,20.21126747,mungbean
5.0,144,205,21.42177231,92.62665309,6.184922574,102.8045658,apple
29.0,77,22,29.553467992651264,99.98187601,3.93341095107432,143.32874276836978,pigeonpeas
15.0,31,5,8.825674745,35.40837707141568,6.832274304722423,78.5450306910595,maize
115.0,109,69,27.53461823982596,78.75481051131707,5.094175285972179,149.2161761060868,banana
82.0,126,203,20.06053187097124,97.252380047993,6.397230559330655,95.54021500485266,apple
8.0,23,20,43.67549305,99.06431443512756,3.504752314,90.17794873253304,orange
0.0,5,11,28.186707766825123,76.85672499226139,6.182511255788583,92.61727101738184,orange
10.0,56,16,28.17432665,81.04554836,6.828187498999998,36.35720652,mungbean
78.0,112,68,25.05784186020061,87.92045771666673,6.483476706592953,177.89478556753528,banana
36.0,5,61,20.49836681834074,65.33962202156691,6.236663029926495,43.148576335445576,watermelon
14.0,67,15,19.56376468,24.67385131,5.690065688,139.2921004,kidneybeans
0.0,56,67,20.03922048814152,99.90966158684547,7.701450029935331,122.96767023016513,pomegranate
56.0,9,26,25.611885555519105,65.32997403023401,4.92615359599526,99.3468740924363,banana
46.0,136,197,25.97866375268171,82.98876369348483,5.002568325259395,59.82122263341347,grapes
109.0,88,21,30.024731160479654,86.62558826594196,6.181640735275241,44.7012990276719,cotton
13.0,90,27,14.420013641291948,74.61056310202275,5.344543937048701,37.60267576937221,lentil
53.0,43,45,26.78517672701671,62.25932317112196,4.658631719428136,143.638288674636,jute
2.0,67,43,23.511391412455776,83.06907441469663,9.926202375255407,83.61003600572121,rice
0.0,72,21,30.90878589758799,59.85191165465292,3.570785943964491,91.58704027340396,mango
78.0,91,88,17.998497125435474,17.55689576243048,7.701681306828269,117.56425538524738,chickpea
70.0,22,8,23.469229022682647,65.89983287544399,9.93509073,24.82147745154631,mothbeans
100.0,16,59,27.78235155262375,50.5859346408384,5.90068907864764,141.6473507765208,jute
78.0,69,21,43.67549305,68.48301537753602,9.93509073,44.1944981655498,lentil
15.0,82,19,30.35476981757349,60.055685949216674,4.527215298922315,96.4989592934189,blackgram
0.0,5,28,14.0471630342717,64.1214506044001,3.504752314,98.23267760096414,mango
41.0,72,60,13.817130061646711,26.342006159118984,9.457629711486774,60.74524348813458,chickpea
140.0,59,24,12.858919596480984,83.36878980253465,8.314303004053063,283.04237413685763,rice
40.0,59,23,36.89163721,62.73178224,5.269084669,163.7266551,pigeonpeas
82.0,88,17,8.825674745,62.15090910704063,3.504752314,20.21126747,maize
33.0,12,15,30.25578031,92.03272799,6.052318465,116.7173125,orange
140.0,5,12,28.752268601794363,95.54550208790532,6.814413001580627,44.27404255278768,maize
0.0,51,55,27.628353621591824,53.41220503384277,4.6717361475655945,96.87010027785075,mango
24.0,79,8,13.73402645626717,25.241017829522047,6.158377561810648,168.63452979393048,kidneybeans
140.0,38,5,31.5243438913635,73.87229503039114,6.785553828870356,145.35494329880447,maize
70.0,21,31,23.31513443999308,61.20535563529595,6.921634209672497,167.64055930641874,coffee
0.0,122,205,8.825674745,84.4368898562563,6.403167350861832,51.52313566170439,grapes
48.0,5,5,8.825674745,92.01541501295816,6.721922004229714,87.07265065802586,orange
31.0,51,8,25.64282889309394,63.43078319515417,9.93509073,42.233710587388856,blackgram
118.0,5,38,34.073846752790445,99.98187601,5.793894440211634,38.85446736305116,muskmelon
64.0,33,20,43.67549305,28.88903940242338,8.410342853022996,78.02595615845661,pigeonpeas
17.0,145,200,8.825674745,82.74319870245981,6.731270235794415,72.63665582767194,grapes
140.0,14,55,21.287541214509066,92.59496662343714,6.860755083822833,41.11807089891756,watermelon
66.0,58,35,23.5643831,79.46283115,7.321619041,185.25947,jute
10.0,70,5,43.67549305,46.8049316628696,3.504752314,99.43669649760972,pigeonpeas
10.0,140,197,22.16939473,90.27185592,6.229498836,124.4683112,apple
70.0,8,34,24.01921600655093,87.56848273685992,5.853890959713759,38.52504539819808,coconut
92.0,20,55,25.10474753,87.52676159999999,6.5877912620000005,59.26519444,watermelon
140.0,39,46,29.80907459626878,78.36349314126109,6.681224382017914,24.111217276986697,muskmelon
0.0,91,13,27.32978344899257,98.69273696358162,5.843912271391311,65.3197898132346,mungbean
81.0,25,49,29.86895762,93.25103208,6.076459669,26.26243014,muskmelon
8.0,58,17,28.75273118,69.15640149,7.286049977999999,35.15426171,lentil
82.0,40,45,26.21312799,81.70476368,6.667633355,180.1237765,jute
140.0,25,52,25.41728243579676,91.21601025546524,7.538268169956869,53.02638061877074,watermelon
0.0,60,22,18.63745523363228,70.88824456405057,9.387192418689231,28.181959991603748,lentil
119.0,5,58,29.84262253048646,92.22739748292202,4.651712917237921,45.785148483646665,watermelon
27.0,10,32,34.69023327188312,94.02124117725036,9.93509073,131.81689012953646,orange
45.0,47,55,38.4191628,91.14220381,6.751452932,119.2653877,papaya
0.0,79,17,12.50007480609846,52.0152517842463,3.504752314,22.741789383703505,pigeonpeas
66.0,17,51,29.4133994549342,84.52778600654713,7.033247383578314,20.21126747,muskmelon
36.0,41,5,32.71224791285843,78.18451171811482,5.460295935511796,20.21126747,mungbean
29.0,118,205,24.332628891892167,83.78344805320957,6.634164821311076,52.18651255564615,grapes
80.0,58,43,24.928755148099537,70.18486949485111,5.493406894673502,71.2475171431266,watermelon
93.0,46,15,21.313049483509243,77.02322124942803,8.210615388816136,132.28434402782628,maize
81.0,5,36,22.50553486396916,83.9713660021171,6.168705575002058,82.26678663788759,coconut
35.0,30,34,28.2974764,95.41122824,6.141502001,182.4482352,coconut
0.0,69,41,26.599720155428287,50.994906193032,3.504752314,94.65270235261237,mango
0.0,24,38,20.608409637593887,29.3738256734273,8.658685237865356,97.88730052136384,mango
23.0,91,30,26.364769721306025,14.25803981,9.181572811269003,104.90855117458366,pigeonpeas
65.0,75,25,31.42136794383537,71.33058752476632,8.820680775796117,204.5352693261113,maize
0.0,145,181,21.21775541554641,89.5469344196024,4.607342643920313,105.02755454297343,apple
28.0,5,37,21.68409944871837,94.82481184467412,5.283353696947212,171.33194135462165,jute
108.0,40,63,21.88233019210416,87.25263301108825,6.3023134213349,20.21126747,muskmelon
0.0,51,48,25.73299195468914,91.75012484766576,9.93509073,105.22573238920438,pomegranate
99.0,22,5,16.673585131810754,46.651835352965016,5.413237641137946,135.40905401330724,maize
140.0,81,20,33.497572695180104,63.15525401863111,5.04133921741725,256.3779930832267,rice
34.0,101,33,24.71920815283893,25.865275659969413,6.120946377479714,78.8142630590077,kidneybeans
106.0,70,55,25.86824781,78.52399914,5.74055541,116.3019555,banana
16.0,48,18,27.35516909454426,56.23875388561584,3.504752314,54.68096587908667,mothbeans
140.0,11,26,15.783964076669289,41.65770695703392,8.383528705972394,197.0872224777552,coffee
0.0,57,36,34.14323647637989,47.46045117359583,8.714371857470043,47.21339754939259,lentil
29.0,145,205,22.81227579,92.12992101,6.212302608,109.3383552,apple
35.0,80,25,28.09269012,44.93322042,4.895927306,197.1144011,pigeonpeas
55.0,78,21,33.39438752,62.93692886,6.602888248999999,90.17794873253304,blackgram
31.0,78,76,17.57212145,14.99927489,8.519975748,89.31050665,chickpea
45.0,85,26,11.821080490711736,54.68223823523147,5.955258050644396,29.00469251068065,lentil
103.0,21,41,30.40530911733449,88.09411384429245,4.719493939332281,123.52184974396027,cotton
5.0,124,195,20.62066660197661,81.0919757939326,4.993475829060566,114.29483894459491,apple
34.0,45,21,28.18837136,82.60629652,6.2873801170000005,37.01110438,mungbean
29.0,28,32,19.810292723469125,28.35257976580836,3.504752314,43.564802242963005,mothbeans
6.0,44,21,24.13263063800689,87.04282736424138,5.925954554904792,94.4956486456635,mungbean
117.0,37,32,23.1069385,67.06230539,6.787658922,162.57696059999995,coffee
2.0,80,62,21.633471673871,17.671637182179644,9.93509073,62.788352294268925,chickpea
98.0,29,25,21.54058822985448,74.80229975898555,5.461692927191041,102.3547695321018,cotton
17.0,49,25,35.5032324583534,83.73347109474719,9.93509073,102.41673598100866,mothbeans
72.0,5,6,16.73380519315951,87.23119849732534,7.548253936607573,127.39517414104036,orange
27.0,48,5,24.274764907178145,14.25803981,8.755908011200145,110.3999823248504,mothbeans
46.0,75,33,16.836211302840088,47.88430498504552,3.504752314,20.21126747,pigeonpeas
3.0,77,25,24.84906168,22.89464642,5.608165195,62.21292186,kidneybeans
0.0,5,44,27.621179230088234,99.98187601,5.379157475222075,139.6140651400721,coconut
13.0,73,20,30.50420876,35.48885969,5.391560417999999,162.59277230000004,pigeonpeas
2.0,100,21,23.535507609887294,62.72902058867431,8.035621814427673,73.02124967465221,blackgram
26.0,22,35,26.0719547473664,92.71347319187772,7.601266315942068,20.21126747,muskmelon
54.0,61,77,18.81198127,15.21618225,6.206582192999999,77.54294240000002,chickpea
54.0,62,25,27.54007330640602,55.52888373378009,7.698786617650559,77.11520911030911,blackgram
27.0,18,33,11.11046635328306,55.95206025218898,3.504752314,85.85215010638069,mango
140.0,16,58,27.18724613203456,48.75399155546424,6.403167350861832,166.53690448879146,coffee
1.0,68,23,28.69827530714676,86.16281295427834,7.451567740503719,23.45551468869916,mungbean
49.0,145,203,24.54158774536089,87.84550011274212,6.529340517870451,129.0212479266728,apple
0.0,82,6,39.24317940890916,28.725811002071723,6.403167350861832,20.21126747,mothbeans
100.0,76,45,25.56703012,75.94067692,5.590236025,102.7867717,banana
63.0,37,34,8.825674745,55.655651594383166,5.1959688550802525,34.43732513354986,maize
47.0,80,14,26.838579576136247,39.87623433628904,6.756438047851278,53.66814705827327,mothbeans
49.0,55,51,24.87212063,93.90560147,6.676578778,135.16945249999998,papaya
113.0,18,34,29.627231442433697,59.93816033655973,7.912372823853537,263.6598025130642,jute
18.0,32,9,43.67549305,43.29983286410703,7.390695065661083,114.33345625084328,pigeonpeas
84.0,34,51,17.28549276266918,84.52806774072553,6.5482386322539465,90.17794873253304,rice
25.0,22,25,33.56150184,45.53556603,5.977413802999999,95.70525913,mango
27.0,66,46,43.67549305,88.43712881457864,7.082078642856227,267.4836232974898,papaya
34.0,5,43,22.22717174995318,99.98187601,6.673812136248616,157.57711874149507,coconut
103.0,126,60,28.361817988331808,62.78354228065941,7.5662310960104,137.73798063078686,banana
18.0,16,23,25.492127326162148,83.34222042645635,4.507892910880647,169.7623266921955,coconut
110.0,40,61,24.992745476571187,86.17342536551581,5.709074986749099,27.57685173536892,muskmelon
13.0,5,57,24.19568617501437,99.98187601,8.71118215288535,117.7492495056125,pomegranate
0.0,7,39,25.92911835174754,97.07465895547976,5.2954778582195,124.0130791306689,pomegranate
106.0,46,25,31.1012838798529,79.38995178031871,5.518305945078182,298.5601175,rice
0.0,47,35,8.825674745,20.04041885407136,5.88919426099924,223.09039713727628,kidneybeans
140.0,48,5,23.85291354407681,99.98187601,3.504752314,69.36335257857095,cotton
34.0,5,5,43.67549305,99.98187601,8.208202846781571,105.03890191585322,orange
140.0,23,41,19.888990718467213,83.11623356196394,7.554927139762581,28.53485509934989,watermelon
79.0,130,203,38.24991638662558,74.99020952067971,5.6741046412210805,63.671367702581975,grapes
94.0,91,51,29.16093424,76.67484233,5.6180944460000015,109.575944,banana
140.0,42,79,26.57845522633836,92.45437613931428,5.8351039949503445,77.73277037019261,watermelon
99.0,64,38,20.035073987091224,43.29513989243877,7.5099832475601,86.85952262188754,coffee
71.0,57,85,26.894577326329177,20.726979183220184,6.606997091661121,70.29367996216924,chickpea
140.0,5,17,24.96860270397214,80.33138736178381,7.607871883768589,49.75625440441548,watermelon
21.0,21,38,22.5526059,89.32594859999998,6.327673765,104.8955643,pomegranate
45.0,5,37,31.90987100778013,84.15236009007107,9.93509073,75.11362537398549,watermelon
0.0,5,29,24.08360203547566,70.8301726578362,3.504752314,34.562109213292146,mothbeans
57.0,71,20,26.326322182876744,34.38412026660066,7.09816542863034,74.1093754981923,maize
109.0,74,45,43.67549305,86.05660763225139,7.563330258981853,20.21126747,papaya
27.0,5,16,10.751927864201184,91.31355172933932,9.93509073,107.97873578200212,orange
8.0,21,10,26.25649899647013,93.47494158293216,7.255947647518579,116.05686276702828,orange
0.0,145,205,23.53525211360079,87.9494672758249,4.146185754582341,92.95791840378266,apple
106.0,7,56,24.98626570163195,87.54785476873023,8.09848009942145,151.11911197044031,rice
25.0,5,21,21.25835555255358,81.77798700817505,7.167869002081407,298.5601175,coffee
116.0,26,49,26.112719037218863,84.8975264775999,6.583205344801176,81.9871377486339,watermelon
8.0,5,31,31.23737913661175,45.26576167243888,7.723596271196126,101.26174030740222,mothbeans
56.0,56,17,26.991507055957555,27.132570138237725,5.8897631425655534,136.10300300800895,kidneybeans
0.0,125,196,22.52646622655933,99.98187601,6.98828268374678,155.86776687868172,apple
88.0,90,84,16.174323190910705,28.994822430596656,9.93509073,75.16889875362544,chickpea
22.0,145,205,43.67549305,84.16838197288787,4.179325595070177,59.49035641271955,grapes
19.0,72,16,23.52106438550588,76.70717267563091,6.489074426461833,25.68815254072932,lentil
26.0,46,27,16.332157301269,92.13413751913733,4.751374894082913,199.74787152877184,pigeonpeas
100.0,61,82,21.26935454601924,18.103373392979453,7.980817931287437,95.87119261713084,chickpea
0.0,30,10,9.219729802491493,89.84512389874843,5.612213874265853,85.40973926440329,orange
136.0,36,20,23.09595631,84.86275707,6.925412377000001,71.29581071,cotton
16.0,37,30,28.84371398416415,42.69128189965383,8.567149373680165,49.28809698226122,mothbeans
24.0,31,14,29.988840820100183,72.34230151536222,7.550005287423485,59.25830270345438,blackgram
3.0,141,197,21.98141856,91.12719303,6.142803397000001,115.4789148,apple
116.0,30,17,25.819012544414047,77.72945154896468,3.504752314,88.90544155330089,cotton
13.0,72,21,24.32116642,21.0278674,5.821194486,60.27552528,kidneybeans
11.0,132,197,15.99050693,81.23966573,5.7343170070000005,74.40198861,grapes
24.0,63,19,19.3479443,55.96805489,4.681576043,194.5921148,pigeonpeas
140.0,14,55,33.923152117657814,88.11094620021278,7.297185459739209,43.31978285081328,muskmelon
66.0,95,10,20.67472398727024,73.41957909056597,6.042759069282826,39.7504217611392,lentil
14.0,54,22,43.67549305,14.25803981,5.352768429907188,183.419126944664,pigeonpeas
0.0,48,27,25.09051412745477,94.8558512288773,6.214503054904223,74.7925625740763,mungbean
24.0,17,18,29.33147028841295,26.99363035895057,5.503141819081844,98.28095275386164,mothbeans
91.0,58,30,23.252563155728144,53.37861946170999,4.72109131378252,213.1336546800167,pigeonpeas
92.0,81,52,27.39341554,81.4654833,6.438137278999998,94.31102057,banana
126.0,88,13,29.389107743806854,72.74657645784285,8.38438743832772,85.91244705637534,cotton
101.0,71,63,25.713716600943407,69.88224509876459,5.372235428292612,96.49920976289124,banana
0.0,73,5,13.752191753114468,23.1807111612913,7.028429089335456,107.115122981581,kidneybeans
6.0,113,70,19.769453043449968,14.262035355896138,4.468825896849154,61.69972050182443,chickpea
93.0,79,32,32.55832769015384,48.41477060265761,8.094234715322237,65.14994861926121,blackgram
35.0,64,15,28.47442276,63.53604453,6.500144962,69.5274407,blackgram
111.0,71,5,29.35308288314176,98.12231080836982,6.143621598693876,59.7911537984641,mungbean
52.0,33,50,37.981676881941326,99.76947984970674,6.5384101049085,264.7624714007355,coconut
15.0,48,13,8.825674745,36.80415894710334,3.504752314,250.2799465962692,pigeonpeas
36.0,133,198,25.51939719,83.98351748,6.2286454,69.17281221,grapes
0.0,119,192,8.825674745,76.80990162698659,5.785554040228923,84.22481944156858,grapes
86.0,31,35,27.01207284,60.76645256,6.485761419,191.4508931,coffee
14.0,144,190,20.779899124969617,95.51668889086528,6.064275499002959,77.41298256715862,apple
140.0,75,49,28.935969258422816,83.110087987531,4.95523707929382,101.35760818305334,banana
45.0,5,5,32.81771113822309,97.0646254589829,6.56416139315902,128.15740205076105,orange
0.0,145,205,43.67549305,79.79083564287258,7.455641080364865,73.50065415721681,grapes
3.0,45,43,16.13685110804826,72.90969576903268,6.824684569370805,90.66893825918376,pomegranate
29.0,138,197,22.19055385,92.43764169,5.830892252000001,121.6622761,apple
11.0,53,24,28.52396666,55.77264351,7.39389918,61.32935611,mothbeans
96.0,39,47,26.35542089682944,99.98187601,6.006232690839395,20.21126747,muskmelon
1.0,57,98,16.456447034028038,16.13129595654144,5.776798005342092,153.7189617852921,chickpea
67.0,145,198,22.023848722095835,89.6159227599656,6.246638817837377,107.95567525109875,apple
0.0,30,32,21.571095368445697,99.98187601,4.797070193251527,298.5601175,coconut
14.0,38,5,27.09958537748304,66.10996694906213,7.583128952669178,50.22355542497715,blackgram
128.0,48,52,28.122414021526566,83.43664101927155,6.403167350861832,298.5601175,rice
17.0,136,195,41.20733624,81.61051026,6.389783283,65.90227462,grapes
101.0,69,15,29.99206724029647,90.54862927246266,9.93509073,65.46567363220774,cotton
45.0,78,20,26.506489781238216,67.87633882305501,3.823363643891613,65.9321209782402,blackgram
32.0,145,205,26.73266072542493,99.98187601,6.040363773036865,71.77391023481286,apple
57.0,67,25,32.34744009,66.61452812,7.551364319,64.55882254,blackgram
9.0,31,49,31.71885536162501,92.81470707265922,6.7088813718166405,26.429473234337102,muskmelon
40.0,43,42,18.19937688666524,87.99394261928313,5.520443757538834,121.35959570701874,pomegranate
0.0,75,17,21.916692569172625,67.00501954222612,7.109790518652887,29.813184360683213,lentil
5.0,61,14,38.44717066176497,51.39517741564852,8.970547721634162,97.5175270580238,mango
45.0,82,30,24.44564212304733,99.98187601,6.403167350861832,251.9366257541465,jute
90.0,14,52,24.84740848,89.20454622,6.391858432,59.67927244,watermelon
52.0,63,19,29.58949031,68.32176769,6.928898659,67.53021213,blackgram
140.0,18,29,12.63021821196118,62.90869052697518,5.100475295091419,20.21126747,maize
120.0,9,41,25.58445753623037,80.29604732605787,7.073539277634792,32.34728344702971,muskmelon
45.0,82,28,27.10742958101133,40.701866330537975,7.326787921714392,298.5601175,pigeonpeas
117.0,17,28,30.15500323832201,81.82153580072134,6.180700748982054,226.1743288283172,coffee
140.0,5,52,27.278851558046583,87.59136844987933,5.523281389818185,23.050106783437503,muskmelon
117.0,25,54,28.68275966,92.50969311,6.150686363999999,29.11187663,muskmelon
52.0,5,16,26.67067726134448,84.06169714940167,4.662039220022722,230.97528420339071,coconut
75.0,79,22,25.386583921286096,74.28587860588995,4.908896026195935,30.18970008361312,lentil
66.0,51,40,27.17341729211765,74.45264542314489,3.8230861522458968,105.9040344825884,cotton
68.0,70,54,31.29986342,92.76039164,6.986228647000001,54.77830202,papaya
98.0,65,5,26.726643411998545,75.05690262741415,6.635111632419638,54.704163350366,cotton
24.0,6,32,28.11321494,90.01734526,6.387067562,172.48136409999995,coconut
93.0,22,31,27.64298407438924,46.593253002373935,5.953456061234047,88.18047128593187,mango
59.0,89,38,30.337256225733974,78.0597791456315,5.16268209306289,284.46428803331327,coconut
0.0,121,200,19.91418152056408,81.45938428445942,6.105689748480482,60.09304348492214,grapes
0.0,62,27,40.09536197244445,14.25803981,4.206184423632831,138.13210478420697,pigeonpeas
60.0,46,53,24.48620746,92.98254537,6.761953186,183.49095,papaya
34.0,29,8,31.87859192,91.15248149,6.450640306,105.3437825,orange
58.0,63,81,19.81344531,14.69765308,6.515499548999999,78.96514709,chickpea
50.0,33,22,22.815726404447656,85.00853138719415,5.650547322616581,20.21126747,maize
47.0,22,6,38.75996092459512,68.00696034658742,5.633700881293247,100.83339576626636,blackgram
37.0,64,22,25.49158911727429,18.8251973,5.954665349,121.9401369,kidneybeans
73.0,15,37,31.06870632121842,87.93184582434431,5.581839427311407,150.94417190431437,rice
110.0,71,54,28.67208915,82.20793613,5.725418961,94.37987496,banana
26.0,51,5,28.429692368810404,60.93295064402772,7.210625119053559,248.07829214031392,pigeonpeas
81.0,6,55,24.88910524,85.87059083,6.110142735,51.70699144,watermelon
1.0,62,23,15.43546065,18.37477907,5.607808432000001,139.0302034,kidneybeans
32.0,77,24,29.342084241529253,51.227399361944414,3.504752314,62.812072063153295,mothbeans
19.0,7,10,14.78003032,91.22062116,6.118430299,100.1961762,orange
104.0,40,28,29.507174670659904,99.98187601,7.450917867473279,71.18056536733637,cotton
29.0,63,17,30.02629908,67.88811637,7.26154329,66.47264636,blackgram
22.0,78,76,17.84851658,19.09172907,8.621662982,76.32470713,chickpea
140.0,42,22,23.775054330648075,66.85852567399425,6.542605437762726,47.93075277839536,cotton
0.0,77,82,19.861182009869182,18.11262718982927,5.11974760595008,63.85268246399093,chickpea
34.0,30,6,20.372406877840174,89.71053991748012,6.855122403063047,77.48012663849681,orange
0.0,5,19,41.963851784903454,93.85593578260112,8.036974985627435,134.20850856299717,orange
98.0,5,52,31.968466155266523,87.74267716415171,6.553158798417814,39.93572803712469,muskmelon
89.0,5,65,28.070086926971328,99.98187601,7.467116709258806,78.31541968633414,watermelon
0.0,125,205,12.474913513822324,77.7116363811397,5.370427190966032,74.96109973838682,grapes
108.0,5,39,19.307731788458767,94.88202035860192,7.79350039962384,90.17794873253304,muskmelon
0.0,125,24,23.4500685544195,19.26630308230605,7.06061198908335,92.22422196573226,kidneybeans
54.0,83,197,22.62265752975484,85.18342089486356,5.159200235396633,116.27572629457173,apple
21.0,140,197,24.659755228155284,97.77787416126978,4.863066093534933,81.66002251322674,apple
0.0,69,5,43.67549305,62.98496121119343,7.917623784170021,35.275920281995624,blackgram
22.0,45,20,31.674001207908788,52.09848971073709,6.508079300649138,56.59040796279152,maize
33.0,6,36,18.85947969824828,86.69683385200054,6.190148873141249,90.17794873253304,coconut
0.0,145,200,23.720310667737177,86.07603781236908,3.5265548590749134,107.02095047797036,apple
16.0,65,16,18.13027797,62.45851612,6.078724107,50.6128521,lentil
31.0,81,92,12.819533902012374,14.25803981,3.504752314,66.2278559524259,chickpea
37.0,135,205,11.82768186,80.2827185,5.510924848999999,74.10225057,grapes
13.0,5,8,23.85340379,90.10522549,7.474710503,103.923226,orange
55.0,5,27,26.22092453903312,53.45993682593605,3.61124485735506,92.4703182106576,mango
8.0,115,20,25.49158911727429,14.25803981,5.529613600129912,132.93231866412532,kidneybeans
129.0,74,8,19.75434361265769,85.79740612304272,5.927853319367122,107.65782277498272,cotton
68.0,25,58,25.566276510962915,93.52434980978488,8.32661712718557,236.35986896698216,papaya
103.0,78,38,28.1754467022703,61.24182153446276,8.781972449171779,237.65639614354325,jute
56.0,64,29,28.182797273660224,80.57595933103774,8.238901749205418,90.17794873253304,jute
39.0,145,201,36.73126647,80.58931938,5.775600435,72.24230804,grapes
19.0,5,11,10.04346831634345,95.28161061531569,6.548661551123356,135.37594335565856,orange
40.0,64,47,32.50037548,93.47888842,6.893509446,71.73759526,papaya
53.0,7,21,27.44437487532521,32.91675355424824,4.767198641826449,91.94727820142892,mango
0.0,31,39,23.779063347200985,91.7736759357921,7.760096087668049,21.28328693218515,coconut
103.0,41,17,18.64739241455459,82.20978255694314,5.312947915596817,190.60224588313983,maize
0.0,24,27,31.923361262962104,59.470289672117175,3.504752314,20.21126747,mothbeans
9.0,139,199,23.25230817,94.54128292,5.867420996,105.3558408,apple
0.0,68,76,22.452452171025453,15.849294115622726,3.504752314,81.2450936860563,chickpea
1.0,135,34,29.228811972885364,39.06452002602091,5.688377494278355,26.515712042937366,lentil
107.0,58,41,28.48417480671028,93.47207206126838,5.904015794990965,195.2645643774913,jute
53.0,130,205,23.690560668736808,88.59558091920704,5.664760466168096,109.60614240037188,apple
46.0,111,30,29.94942926851633,73.27951685249943,7.042961277948782,67.16845043753015,blackgram
37.0,32,31,31.75159414167018,92.36397088571204,6.510331687458694,27.52326882849199,muskmelon
15.0,5,11,25.164570239718355,43.40973251265264,9.886008308090464,298.5601175,coffee
0.0,57,25,22.922205955497454,14.41598364809606,5.407339009362757,20.40629050075154,kidneybeans
53.0,30,44,22.020880596000435,99.98187601,6.312768060221803,223.6179173553901,jute
5.0,54,34,12.620201409496168,42.80257919522608,7.022517812888982,254.13573696103973,pigeonpeas
84.0,36,28,26.7350622,55.55164819,6.119892347,140.63052130000003,coffee
0.0,109,205,20.453670927587595,89.80925435865915,4.848821390050546,109.63800320419894,apple
140.0,5,39,27.386368733702227,89.11535243806276,7.366150158451173,29.176612713330417,muskmelon
40.0,90,34,27.58595011462354,77.60319786864144,7.6231028773319105,53.6037352828368,blackgram
0.0,51,75,20.26377948761579,14.25803981,3.504752314,107.48045648011689,chickpea
78.0,64,53,21.37667570429977,94.18265804832647,6.900443179391607,128.3622095336709,banana
92.0,44,20,18.17353969464142,72.80545596392591,3.504752314,20.21126747,cotton
0.0,5,41,30.6817824452482,33.63947513166992,9.93509073,175.74549744798915,mothbeans
82.0,26,36,22.391611355652863,82.17091279088675,7.470308759663148,94.83923676968556,watermelon
22.0,31,5,25.49158911727429,86.34687857781134,7.03289111265065,90.17794873253304,orange
31.0,58,15,27.11026483,84.96771717,7.121571293,51.52617423,mungbean
23.0,145,205,21.19072390381585,94.14092462236329,6.809218050282365,138.28079637679198,apple
78.0,74,45,25.06137631842497,93.5584525321212,6.268894382097286,100.29644802669068,banana
18.0,91,26,36.769897543429,14.25803981,6.911871917568952,125.48791486422188,pigeonpeas
37.0,53,21,27.052879912179105,14.25803981,5.629846295381755,62.305572284282434,kidneybeans
45.0,66,27,27.37249125707476,67.30854102123625,4.686852093601049,56.584480662189584,mothbeans
0.0,61,25,24.42138007545988,30.637136362080053,9.93509073,113.14572536744762,mothbeans
34.0,80,19,31.49338309,63.0563645,6.521217963,71.48327008,blackgram
37.0,51,5,30.055559857285125,77.1939138955113,5.8800365053806445,77.23153171315495,mungbean
0.0,8,47,25.698545483388138,73.74053818523932,7.422929668967352,111.31593726861404,pomegranate
0.0,78,5,26.293808017431072,82.29576603620488,6.632574194637777,32.961532316998216,lentil
133.0,25,18,21.385715311029312,94.24516147208844,7.866599920836817,182.6000761028729,maize
0.0,52,5,29.74396567814356,93.35418075392268,5.847131048701403,42.87184758550791,mungbean
119.0,54,37,28.082011882784165,99.98187601,5.998704612892847,93.69050803023592,pomegranate
119.0,7,55,26.03867719,84.6378378,6.031424482,44.3993381,watermelon
78.0,113,199,43.67549305,85.02158022815836,5.951206717879467,72.20550663017588,grapes
82.0,18,36,23.02478636440653,80.32322769111805,5.841459559029324,131.8003503729363,banana
5.0,43,29,25.49158911727429,35.71356436025588,3.848369050421304,270.7316565706497,coffee
121.0,88,33,21.732499927687385,95.51413499502814,6.827847746534836,182.76163877672948,jute
0.0,59,16,37.23847623939423,58.81843443788485,6.096060652652297,68.50623142631639,lentil
95.0,13,23,27.27755442637101,50.62815998015826,6.065289670883692,117.17529792973922,coffee
8.0,87,20,15.036591535328515,19.844814456001217,5.60009975837548,183.6178108201252,kidneybeans
50.0,99,29,36.6849981837743,68.16897279811876,4.94722925311667,41.87004214988342,lentil
119.0,9,50,26.74550678,83.9195902,6.251286661,40.794305,watermelon
0.0,16,50,31.813042544239657,99.98187601,6.74259127338017,113.63144806377426,pomegranate
95.0,20,50,23.79114717964633,88.18771934217773,7.146727564907506,62.47893722047717,watermelon
35.0,21,23,27.17150517991691,78.50941761866748,5.762207309311783,134.86306208838232,coconut
0.0,145,179,43.67549305,83.0737292467073,8.05241309686169,51.84146483515815,grapes
140.0,100,54,27.912388193544423,76.15843779482567,5.57709869400495,74.31326610784433,banana
35.0,79,26,11.19026136379692,52.22986452297754,6.811763744076044,97.58585560463962,maize
85.0,59,44,22.380703432649607,52.25508604226311,3.6887790292045577,69.69320896063293,mango
15.0,23,10,25.49158911727429,99.44996756760698,4.330022291301395,113.20151642696364,orange
107.0,23,45,24.43901836355636,97.35760186608827,5.804782050630957,20.21126747,muskmelon
21.0,44,18,25.49158911727429,86.89934108,7.12851089,50.46746116,mungbean
0.0,5,5,8.825674745,91.06056825309008,9.93509073,87.49112873946129,orange
0.0,133,191,20.61425984913796,90.00796098131086,6.431749085858268,108.29258109487424,apple
120.0,22,60,30.42095184824951,86.7012157942653,6.849135570017767,20.21126747,muskmelon
74.0,9,32,26.98686578578506,38.595214301177016,4.066417407658302,96.22347101031411,mango
56.0,103,32,25.87249153700851,93.73716102388272,7.524210755337088,104.28720274693208,mungbean
94.0,5,38,30.81281674248461,50.583970426647085,7.261874159656841,108.2879297782612,mango
18.0,59,40,15.051265465248283,90.94530195269832,6.422189703267895,127.42355636791362,papaya
30.0,80,27,43.67549305,93.41028604545414,7.025266739904612,209.71935466757304,papaya
1.0,26,13,37.080142747834536,87.2513258352442,3.613325522762104,105.6867944784768,orange
17.0,52,17,27.88352946,86.45147631,6.364967184,44.64407105,mungbean
86.0,34,50,25.23171905750588,62.14374870012085,8.2974614213224,132.71201395185804,coffee
95.0,39,29,27.35152643,55.99375012,7.13411409,148.98125249999995,coffee
14.0,40,20,26.635390699528763,35.37837902765398,3.504752314,20.21126747,mothbeans
0.0,145,197,8.825674745,81.00642573998373,6.259283497648044,66.55508034292409,grapes
104.0,64,40,8.825674745,89.47448363878473,6.92930275131045,219.4544493996829,papaya
38.0,56,25,25.74095321,45.38497051,7.88118645,67.43488235,mothbeans
59.0,11,46,23.141120236354563,81.04261932087738,5.353120125814941,205.08786305255367,jute
140.0,5,64,23.73217466183603,82.94400749779383,6.827175350684324,58.875269515367165,watermelon
32.0,68,31,25.80793338624888,85.43955878746051,5.82219882067778,203.62181598202704,rice
48.0,11,44,27.05298298948816,80.33946847613113,7.071993655413471,51.0549919117683,watermelon
45.0,11,56,24.394987993443543,85.95345368644261,6.408056841404131,35.855372934129846,muskmelon
0.0,21,15,26.06638972447952,55.69552828070791,5.711974188073579,94.93378546744802,mango
52.0,12,41,41.35457797122501,75.82329856309818,7.95684209186756,109.79975426637792,pomegranate
101.0,53,22,39.94626717151963,40.80604448525947,4.171368214101874,103.06760472909365,mango
10.0,33,41,23.106205478477964,99.98187601,5.797801287589752,198.60424803330872,coconut
17.0,20,20,22.67960863416853,19.804416806960667,6.331501846047272,56.955647459033614,mothbeans
0.0,5,19,43.10787691314392,88.69682444665258,9.93509073,21.7167918485839,mothbeans
105.0,70,35,26.27956776131304,79.05764694182743,5.471437613792022,135.82628124467846,banana
41.0,59,43,19.01215598773781,69.04759224745185,7.644378454169075,52.00815493590751,blackgram
24.0,68,34,19.79416236925443,72.51181898273835,8.714888792438849,83.32042194452079,cotton
108.0,52,36,17.213219445474255,48.75214942575326,5.924950274025264,203.851189704258,jute
140.0,44,60,24.80264262627424,83.60652534608543,6.668803206055381,45.38010565011574,watermelon
42.0,28,5,8.825674745,93.98367068079362,5.922649013689146,115.96331822853254,orange
34.0,64,15,18.23237692975924,14.25803981,6.046315436586188,191.5691795481222,kidneybeans
45.0,28,30,31.86641378,52.19331595,5.064613314,98.46768642,mango
120.0,74,17,29.74579466047889,80.68993581406069,9.097736471238424,83.27658478624257,maize
0.0,5,49,10.89509417896978,90.95008792150828,6.403167350861832,110.08166383555864,pomegranate
99.0,73,53,25.49158911727429,81.06003778,5.8717022110000014,90.17794873253304,banana
89.0,45,36,21.32504158,80.47476396,6.442475375,185.4974732,rice
140.0,48,34,31.864255720581387,73.57593878140523,4.120149774974129,85.34474046433346,cotton
52.0,33,61,27.93749222567463,93.04926625214338,6.747255346592092,298.5601175,papaya
28.0,75,25,43.67549305,95.04350060221086,7.403645140900016,87.3064506358772,maize
0.0,47,5,8.825674745,83.44975294231556,5.539137957256681,130.6496051416483,orange
8.0,25,36,19.91330523,94.95031368,6.828522375,104.0277061,pomegranate
41.0,18,19,24.107290780332256,65.86393352212687,9.277402709363178,200.1462754638641,coffee
90.0,14,20,17.18693807852665,45.88069962288605,7.884624388220949,143.36507039553277,coffee
7.0,56,18,18.31357543,24.32991649,5.698371311,76.14153904,kidneybeans
20.0,30,45,15.654005521101649,59.58670540202132,6.103588952402862,154.97728044862484,jute
65.0,62,51,31.53243779,90.87394933,6.5116248410000015,207.0735119,papaya
97.0,22,26,23.60567546,59.68849145,6.074190142000001,185.1568059,coffee
35.0,51,17,28.79929247,49.84213387,3.558822825,40.85534718,mothbeans
61.0,74,78,18.002215871079628,14.25803981,4.2112388165757615,89.90662846135697,chickpea
1.0,35,34,30.79375683,46.69536813,6.27339822,92.21318555,mango
54.0,11,16,30.71622048146734,86.31558428877088,6.601560654023976,73.65241998111784,orange
62.0,55,69,17.648756688278763,19.193540833556,9.80243199479155,64.88320204957662,chickpea
45.0,16,48,8.825674745,99.98187601,6.74159349980439,108.09283572864726,pomegranate
25.0,143,198,22.81212536,91.51861705,6.027314401,107.855225,apple
34.0,65,19,23.43974653,63.22011726,5.94239222,45.40277297,lentil
38.0,8,11,36.38736611911403,93.19212637840234,7.887259477557196,101.90261033272051,orange
71.0,46,40,20.2801937,82.1235421,7.236705436,191.9535738,rice
91.0,14,29,28.394398152376045,93.14796971202408,6.4102909161079245,33.80690062542529,muskmelon
88.0,64,44,25.950638842411323,75.16356502715188,4.984228492429008,219.53100851030672,jute
68.0,123,183,28.56832176093974,88.51396651140227,5.807026631341147,128.9930687164188,apple
0.0,76,20,8.825674745,14.25803981,6.25992748067232,199.63606606522129,kidneybeans
53.0,15,34,23.61025897062752,35.09305134608264,3.504752314,94.57486358940474,mango
110.0,52,75,25.29865801479091,14.25803981,7.919901631788269,133.26285671503047,chickpea
140.0,24,6,21.69292289804143,94.981004415247,5.6740124000141705,73.5029477254601,cotton
15.0,7,34,28.775994290489017,89.27320766974333,6.078232233646252,201.07746591008387,coconut
97.0,54,98,20.90147753399724,27.05189927742897,9.720480353445955,108.7430932912452,chickpea
18.0,119,14,16.964562135504444,45.1652757267633,6.0631696967686,50.26387478870468,lentil
89.0,49,22,24.62764370141418,74.89315674182086,5.304756359029256,45.809772730636936,cotton
27.0,72,17,28.98039357,57.23265151,6.347929353,120.7435664,pigeonpeas
140.0,91,27,22.71080426165401,78.24644021132951,5.834897222510992,271.2430474238288,rice
9.0,30,19,29.568853342642267,81.33550479317623,8.377628201998345,79.12731855504458,mungbean
65.0,53,21,23.64378574618721,74.23533700341694,8.272341842599234,90.17794873253304,jute
93.0,91,90,20.29908412558799,21.32945971308728,3.504752314,69.89815310978835,chickpea
0.0,77,32,26.185151838916667,60.064507669073485,3.504752314,20.21126747,mothbeans
25.0,17,59,28.00259448659809,90.34363810840512,5.817737206390426,24.52337571769125,muskmelon
140.0,48,45,27.96110978331861,88.08246035564518,6.4336847250293765,43.45580986839232,banana
62.0,13,44,32.966208547186746,86.88224803686165,5.948392915396804,24.826564564980124,muskmelon
28.0,103,15,37.31254538941565,67.40206495987655,4.780189625931109,20.21126747,lentil
13.0,85,5,37.63942947374025,14.25803981,6.876341504316347,131.68059230170022,mothbeans
0.0,5,15,8.825674745,91.87285540659808,4.471394440089678,91.86269610512872,orange
82.0,24,33,26.53543168,67.09608099,6.809593554,120.6494434,coffee
23.0,21,26,26.45488737,93.45042636,5.901495543999999,149.2220255,coconut
0.0,51,16,33.68422923361499,52.588631162049296,5.512288644768314,55.33866849369471,lentil
10.0,8,18,26.62094739872041,96.92896894521904,5.691199656439879,86.89934379499583,coconut
6.0,45,23,25.660173233497208,99.98187601,7.718310174003728,27.1412431406222,mungbean
116.0,5,56,24.80940089730792,82.9492089662586,7.52249835839137,20.21126747,muskmelon
112.0,30,79,24.66761858483635,99.98187601,7.113539794469588,24.68697915105133,muskmelon
45.0,22,40,23.990569219744664,99.98187601,4.6398341523634095,101.17632667853697,pomegranate
66.0,75,33,33.01172685188875,58.87195132238886,4.72792452056861,80.79894663905745,maize
9.0,17,32,25.94951662,93.40548703,5.842317989,172.0540491,coconut
111.0,41,18,23.64328417,78.1258666,6.10539819,80.96157332,cotton
18.0,64,32,22.265745294685725,41.43593178464027,8.28055588942262,102.0608288084164,mango
35.0,98,205,19.96676282982031,99.98187601,6.786777693454841,52.63955074435015,apple
70.0,42,43,23.16814977,76.66724969,6.508342839,157.1215052,jute
41.0,5,5,34.60224565071921,88.28200519848754,6.403167350861832,72.71158185543764,orange
32.0,68,52,32.68067385,92.61715632,6.800321319,248.8592986,papaya
90.0,86,52,25.85036988,81.95580471,6.403167350861832,119.08561709999998,banana
72.0,5,28,29.08731117927978,93.08302108134272,7.018445563696513,87.57193167682857,cotton
6.0,22,19,38.928480456267806,91.10038271205865,9.042145594394338,90.17794873253304,orange
0.0,145,195,23.25817526622015,90.65217857356892,8.792981861499499,153.13730048617572,apple
39.0,62,46,25.49158911727429,82.8227326644512,6.403167350861832,38.03043984356859,watermelon
0.0,104,20,23.989858740384182,60.45548910165263,9.93509073,123.0225210330006,pigeonpeas
140.0,18,38,23.636246076843182,98.64760066370816,7.425810376528807,125.77775823297742,jute
83.0,33,16,29.056330085289844,97.89109047671604,7.556417793081502,63.00779933745946,mungbean
34.0,66,19,32.97030511,60.18122078,7.586642101,73.44678678,blackgram
127.0,5,48,29.52392040734569,89.53414287510196,5.794010183366557,20.21126747,watermelon
31.0,29,26,28.22373428,47.40519056,5.024124683999999,97.76832322,mango
96.0,28,34,20.5055638435776,78.95120501641965,7.687667258857133,298.5601175,rice
36.0,48,74,14.8677074435417,14.25803981,3.504752314,92.30663642106816,chickpea
33.0,132,205,23.84634066148417,90.71610243433656,5.283591704805918,112.21543039947142,apple
31.0,100,12,20.36646767766305,67.72368986743764,5.722985714938191,63.60383476317494,blackgram
0.0,74,23,31.16125567261851,64.52962635280662,9.072106656557535,21.39878180817453,lentil
33.0,5,23,43.67549305,94.88965435701354,9.93509073,145.76195053288447,orange
70.0,38,30,26.196570336334915,76.61954189040847,9.93509073,176.15644078651133,jute
110.0,33,59,26.36428874193817,89.58967522178078,5.379962598451422,20.21126747,muskmelon
120.0,48,16,22.46054478,75.40989245,7.456971816,71.85436078,cotton
23.0,69,7,19.364280591351097,67.97769853880756,6.607896567187245,62.5521016045028,lentil
12.0,58,31,28.03109298486072,42.86954873013239,5.559701344433446,107.52964906984792,mango
15.0,77,20,25.13163619,66.92642362,7.399749291,49.04015558,lentil
47.0,5,45,22.42413277587065,87.84357595323026,6.194917887676628,153.33115894921042,rice
20.0,20,10,11.86631922,93.68394562,6.976997772000001,106.060149,orange
15.0,61,58,18.70409217063956,14.25803981,9.93509073,94.39471144104306,chickpea
122.0,51,46,39.01675673160296,78.71191061600084,7.471649597837008,90.17794873253304,rice
111.0,62,31,25.49158911727429,74.23346153741046,5.628261685600872,52.24247767198678,maize
57.0,45,34,27.2084560964513,99.98187601,5.493808899574876,257.31764335199523,coconut
69.0,97,52,43.67549305,87.23029550815474,6.834485251155607,20.21126747,papaya
40.0,97,205,20.302176732224293,85.09491408941825,4.977949531436791,132.55974986573736,apple
97.0,48,22,21.92655573392576,76.2955631895573,5.185601204474898,121.33561782514484,coffee
30.0,43,26,25.76766887969133,74.26143942811606,9.93509073,73.38336364005508,blackgram
75.0,41,35,24.97042599,78.62697699,6.856833064,166.6415254,jute
65.0,24,39,24.37108392032328,90.5813311940706,8.146015593971327,223.61309073272025,jute
27.0,75,42,26.584718456217352,88.20050910816789,6.274983007992757,26.77061117036169,muskmelon
36.0,93,30,25.49158911727429,28.827076103732143,5.470524389607205,68.16351695672432,kidneybeans
23.0,138,200,9.851242629,80.22631717,5.96537863,68.42802444,grapes
32.0,103,16,26.218973779216054,25.978133312859125,5.569544338175826,59.424667162651104,kidneybeans
14.0,58,17,30.53684308,59.96664731,4.605700542,33.48919022,mothbeans
25.0,68,77,20.09340593,15.11279612,7.701446446,85.74904898,chickpea
50.0,63,29,28.23536944126625,81.23215991131603,6.4805296914139845,90.17794873253304,rice
140.0,32,12,23.550354746389484,68.7872431805956,3.504752314,20.21126747,maize
0.0,145,193,38.10582900926461,79.66707382781067,7.593448271808949,80.25670015474807,grapes
26.0,68,24,28.04849594,64.07691942,7.504930973,37.15824966,lentil
81.0,17,42,31.81805664315596,90.8851977745894,7.065618194409127,20.21126747,muskmelon
74.0,82,23,28.34184614492765,92.76684091598256,5.428257076075239,221.55450424540268,coconut
0.0,39,31,18.327257963436537,32.54139026635991,4.011998137020142,98.31347757685856,mango
16.0,65,19,27.61204997,69.29786244,7.043160241,42.72374404,lentil
104.0,136,53,27.598948861783995,99.98187601,6.332662673856983,94.99412373315091,banana
91.0,109,59,43.67549305,95.725432645053,7.28003482841525,105.84072280348144,papaya
93.0,26,61,30.206854824692684,91.86405694426522,8.253101333046757,93.52653151740375,watermelon
110.0,18,65,24.949795742773667,82.84647575284066,5.235605119888713,20.21126747,muskmelon
32.0,25,35,25.49158911727429,85.70786282,5.892913826,107.0050976,pomegranate
73.0,94,53,15.397974761182024,14.25803981,9.347565082905678,101.46375018023603,chickpea
2.0,131,199,22.47420512,91.22759742,6.017370134,124.2179699,apple
0.0,110,69,22.1820901987235,19.27628822957754,8.04031249464212,50.41783588238582,chickpea
74.0,74,23,42.24511651419683,74.53687531353219,9.192608625387212,78.9668161947371,blackgram
114.0,15,18,20.64255761990688,59.88405054271848,9.93509073,109.32017507783472,cotton
0.0,145,205,16.268040941229156,73.77352220709184,5.778716616689311,67.47904963628974,grapes
7.0,79,23,16.237212101679837,61.826038423700645,6.56279853209743,69.31254012876249,lentil
53.0,5,30,30.379409832908145,84.8214475074816,5.335679340215379,93.10005462968348,coconut
6.0,113,188,8.825674745,78.6088347172073,5.945061044888897,59.28423164784172,grapes
98.0,54,25,31.62710932726659,83.46790501776779,3.504752314,48.80927772643329,mothbeans
59.0,145,200,23.123698152720777,99.98187601,6.273962828786357,100.73397962767984,apple
92.0,15,21,17.420453582022738,78.38192329915245,3.504752314,68.17366556756463,mothbeans
84.0,29,49,29.94349168,93.90741192,6.251420275,20.39020503,muskmelon
44.0,44,45,25.147439616950507,82.18772943372869,5.255814723180613,52.645371780987446,watermelon
25.0,44,102,22.99342036611748,14.25803981,4.693445144961551,72.16558725739796,chickpea
0.0,119,40,33.48096300968504,64.24609951746972,6.403167350861832,65.08875031704481,blackgram
60.0,13,14,17.37307284269616,59.76788575791373,3.504752314,138.33645558165483,maize
46.0,137,189,16.962200153922463,96.20427170200698,6.131558687468068,141.51979759491726,apple
140.0,6,65,29.82853243425178,91.86024048487909,5.685948107090452,28.644046428128103,muskmelon
3.0,72,24,36.51268371,57.92887167,6.03160778,122.6539694,pigeonpeas
13.0,5,5,15.03710034973798,90.82556145063197,6.252452580492577,105.5580914346132,orange
0.0,51,31,15.693369326761475,99.98187601,6.546226665955504,85.37348006308339,coconut
0.0,57,40,39.40335509938469,53.26626941605957,7.390487675232538,89.80631179143045,mango
140.0,43,40,27.68982745186269,84.86872048938096,5.804957886968722,31.870196219859693,muskmelon
136.0,96,9,22.93496878346448,76.11614671321058,8.735280842772163,94.45595339082396,cotton
51.0,20,5,33.327995480611264,46.88803965631641,9.93509073,92.45190491918208,mothbeans
18.0,63,10,14.743885321817816,40.98249211813237,6.364946018765462,75.40604834798302,blackgram
99.0,55,35,21.7238313,80.2389895,6.501697816,277.9626192,rice
50.0,111,27,14.829590048168438,32.15838999650426,6.048707949441615,106.45393394352966,kidneybeans
0.0,35,31,29.725181388967627,54.43675056325405,3.504752314,76.47027424864984,mango
0.0,9,38,27.50083264157456,99.98187601,5.219185482922613,298.5601175,coconut
140.0,72,5,24.3195878105331,69.49645904043933,9.93509073,58.51499375272958,cotton
112.0,28,54,24.86094646,79.88276919639911,6.738030547,55.29563514,watermelon
140.0,25,49,26.53501697304092,51.30604367063593,8.531756702499758,179.8879922216459,coffee
107.0,84,19,18.15381669420756,63.87146134558408,5.650434811079117,65.86380294945675,blackgram
67.0,29,39,40.24878126208962,97.47091658488182,6.5753927676336845,186.9661257474024,papaya
107.0,52,63,15.461263336979425,95.58998428750576,5.929363929225619,20.21126747,papaya
10.0,125,196,22.31253665,90.03577124,5.730557448,113.0688155,apple
105.0,77,52,29.16226551,76.16151562,5.816622478999999,100.0075679,banana
0.0,145,185,22.53530103668014,90.54961832457116,5.82278677669508,149.07722460299533,apple
38.0,45,14,38.29488613317848,25.346747626836915,9.93509073,52.3640646755476,mothbeans
6.0,9,12,31.08368929,90.14362642,7.028746406000002,109.6894658,orange
140.0,91,57,28.212853775256768,75.24501299368009,7.175444393844797,93.06619347788812,banana
92.0,59,45,23.33379562672847,72.98780131781318,7.048026718260919,96.55590923371702,coffee
4.0,60,30,20.174981573139203,97.56911157961513,6.323290776937262,93.13951049076536,pomegranate
60.0,46,54,27.40557233275416,89.87078585482105,6.611533582502954,90.17794873253304,papaya
4.0,59,25,27.68515114,81.94268594,6.227134139,54.62243308,mungbean
35.0,74,22,26.7230014,62.96841833,6.898905799,42.87274897,lentil
92.0,96,82,20.929444522502283,28.054642391065578,9.93509073,95.31006661631774,chickpea
0.0,145,189,24.38019003414136,83.8060581082399,6.111725718834385,53.40233301156245,apple
0.0,144,205,28.340973694051897,88.43808507181313,6.397258561047914,67.59057844106357,grapes
33.0,14,8,21.03200078,92.9641969,6.403167350861832,110.6823944,orange
3.0,58,21,25.36140526,46.82652785,9.160691747,55.60523179,mothbeans
0.0,76,39,8.955125777442705,17.986009627316,6.023968949764862,279.19015422072926,kidneybeans
140.0,24,61,27.746968832151204,87.91078152022152,5.888435492519749,20.21126747,muskmelon
91.0,54,7,38.38790742175798,59.52546381770219,6.297681526007203,63.97074665266544,blackgram
22.0,23,20,42.83381765016491,90.6975976949792,6.11601494991594,154.90249922899218,orange
27.0,121,192,8.825674745,83.29516885209944,6.851286884538055,63.60639549272074,grapes
43.0,66,79,19.46233971,15.22538951,7.976607593,74.58565097,chickpea
12.0,55,81,15.010741607052196,18.133122122879048,8.425407248395942,83.89433267999007,chickpea
53.0,61,55,43.18206053953318,79.78927550441588,6.358851805809278,238.54182200381348,rice
50.0,9,6,43.14280886420413,90.86484687015638,6.883320205426541,113.70153244259484,orange
130.0,76,24,15.296639040916329,80.18706562964812,8.538687108035623,66.84251991655364,cotton
10.0,38,51,17.32473225158483,99.98187601,9.260820774510943,113.65349288236358,pomegranate
95.0,13,46,29.84070774,93.76312893,6.126019932,23.28207838,muskmelon
33.0,145,205,24.69760417373439,94.34981850633196,6.923416521172502,116.89608354264485,apple
0.0,38,5,43.67549305,76.25000474621532,8.613059540609877,46.14080656668126,pigeonpeas
84.0,54,30,20.335036943552,99.98187601,6.938568916643337,266.3815327925584,jute
7.0,5,51,43.67549305,90.3699357647792,6.811223530738752,298.5601175,papaya
4.0,44,19,27.95639663,83.52706038,6.921993877999999,43.25726752,mungbean
67.0,74,18,26.47822091928753,99.98187601,6.291136942443751,89.14253419768987,mungbean
18.0,34,52,26.06355810776419,60.61032281317751,5.986459281786776,177.56639899632847,jute
84.0,62,16,14.435508771361455,83.03646945216417,7.827836699533792,67.8142511034824,maize
42.0,5,58,25.68235487722459,89.68158980580779,5.830716195918264,20.21126747,muskmelon
104.0,17,46,25.7131428,80.22972777,6.190015912000001,43.08961827,watermelon
68.0,5,48,24.974617528397584,72.39866306125533,9.297140752007532,189.98895054658985,jute
74.0,59,35,43.67549305,91.1133896802238,6.7033087060110885,105.24321067829396,papaya
140.0,15,37,23.95473950732203,83.0361176638376,3.504752314,74.9261797970411,cotton
78.0,58,44,26.80079604,80.88684822,5.108681786,284.4364567,rice
8.0,98,27,16.90598431052677,23.46898650359844,5.39859358001025,91.30095058858078,kidneybeans
6.0,77,45,31.940647506254525,88.93616825609871,7.9246088339475715,240.93262940033568,rice
76.0,5,17,37.76323884901911,53.86864023331052,4.1794837115522,69.02587005465182,maize
85.0,25,47,26.11440416,87.64081095,6.29542477,58.48160844,watermelon
12.0,66,31,23.62813254294305,99.98187601,9.141104850409675,20.21126747,pigeonpeas
5.0,55,18,33.50876355,45.70976142,7.322097972000001,126.6738117,pigeonpeas
0.0,45,51,43.67549305,87.03978761064224,7.097434799891432,200.7171324093486,papaya
17.0,16,14,16.39624284,92.18151927,6.625538653,102.944161,orange
71.0,48,28,26.969047916226987,94.43880730896072,5.063363312246499,71.64302309156665,watermelon
0.0,107,23,32.92447900679883,99.98187601,5.788182123149828,96.91558893239196,pigeonpeas
113.0,58,14,11.058201297904022,93.90909686360226,9.246204137543344,106.12098725667448,orange
95.0,39,36,23.86330467,83.15250801,5.561398642,285.2493645,rice
100.0,80,52,27.53911354,77.25629897,6.049801781,110.3262123,banana
57.0,62,48,23.71132111334847,99.98187601,5.8160306639541535,186.74322149924512,jute
39.0,30,38,20.12644921,87.59629625,6.965156737999999,108.065579,pomegranate
0.0,97,21,12.35360247580293,62.90520683106833,6.905619763658971,55.30725583967865,blackgram
102.0,10,28,24.1714693116218,84.45645515004539,6.632284227162475,73.09152105368874,cotton
0.0,84,23,29.692843793499712,53.41786779693878,5.737459943497841,87.35642797895004,blackgram
140.0,24,22,37.78256651131122,60.5519034055092,6.444481311499079,202.0567175949422,coffee
112.0,5,44,22.73112473844512,82.91201852810141,8.315373245607821,298.5601175,rice
4.0,47,20,25.97948991,64.95585424,4.193189124,72.19245835,mothbeans
106.0,32,7,8.825674745,85.87358789300372,4.721725738666603,110.66089743379996,orange
95.0,58,57,16.551442440634325,87.73491333339163,4.799832855759107,149.04159164506734,banana
115.0,17,55,27.57826922,94.11878202,6.776533055,28.08253201,muskmelon
44.0,53,31,24.039753778431475,49.60219078406067,9.344317105856058,20.21126747,cotton
90.0,55,19,25.39368722244893,65.7175038472978,9.598790516925474,84.87995669708457,blackgram
61.0,121,198,24.425167308899468,91.67406454255185,5.553266154814116,106.81108281582456,apple
71.0,51,30,27.47378794757826,27.79184685444693,4.520655288138292,128.0321033115104,pigeonpeas
75.0,107,25,20.762363265234107,69.3695720799495,6.469964526052248,87.72313372869662,maize
0.0,141,176,22.883502287895187,93.04944718420764,4.218873619956953,78.14919261910703,apple
103.0,53,23,20.849639247768906,76.99782056441188,6.578050879016093,233.17772694669924,jute
95.0,5,23,36.67696604376039,95.29835706819304,6.71966634103983,185.8639243325096,coconut
71.0,52,25,20.82492949741029,93.1054638138096,4.851967198779718,88.06051444114578,banana
28.0,73,31,33.24855060260495,50.31721770697692,8.363039965287843,102.06031981437592,mango
19.0,93,44,9.445636807832052,89.4301621588986,6.875905278472598,20.21126747,papaya
25.0,15,35,17.950531027069932,78.69914209578928,6.5617771119979125,84.58736887562213,pomegranate
16.0,48,61,16.454171977808308,83.22348857475994,5.070576686795585,298.5601175,papaya
59.0,53,6,29.38389468126129,74.42287743483566,6.722571774203095,90.17794873253304,mungbean
11.0,36,33,35.99009679,52.22780489,5.978634285,95.3713484,mango
140.0,8,31,34.62877689463818,72.37595997776258,9.93509073,68.47337960043167,mothbeans
0.0,38,34,28.938343656865147,99.62486318212255,3.660601451002636,91.88503962121013,pomegranate
48.0,5,8,33.5398075022332,82.91752727077213,7.183418328776054,115.64044772089215,orange
73.0,86,21,9.64375889804,30.871097024636505,4.949157329830326,28.824260822624154,kidneybeans
140.0,53,22,29.23117981513257,75.41984618322948,5.108149963567462,20.88432997788682,cotton
12.0,8,5,27.25932602256238,21.58644568953001,6.403167350861832,183.08932689596568,kidneybeans
50.0,47,48,24.63676897,90.61964344,6.712772332999999,218.2299187,papaya
38.0,5,22,26.132837944199697,75.87552171602276,7.121657626586061,64.58495686953265,watermelon
0.0,13,50,25.373904928454884,77.97181116180167,6.408539288570232,65.96088595281813,watermelon
34.0,73,15,20.97195263,63.83179889,7.630424082999999,53.10207889,lentil
134.0,15,15,22.25473452649728,63.80180531412854,7.09251135506082,60.449773290271374,blackgram
0.0,29,45,28.038377238613386,97.21862603760566,5.874674315721355,112.68360002229784,coconut
39.0,39,20,18.55844748895588,31.29705868965352,6.4341082390368936,94.27795403103538,maize
21.0,52,43,32.01357018342895,89.88418248331374,6.825424521884017,26.62983627382405,banana
45.0,68,22,19.29134265162365,74.58193782014003,4.8223244217051615,167.5451086571533,pigeonpeas
0.0,16,35,29.79753539590395,94.40744834204588,5.61266487271466,153.31835100069483,coconut
35.0,138,200,21.19909519,90.80819418,5.67130617,103.6838922,apple
0.0,119,14,43.56961685706777,57.50327641414907,7.191799525233236,42.86286958998092,lentil
121.0,21,50,24.203557380836013,78.27466117954458,4.1181081609286885,67.11853680780052,jute
15.0,67,27,29.71961180803744,69.8443803065438,6.400779079986608,41.81233669309077,mungbean
81.0,51,27,32.41265551148702,46.45526041280314,8.205940694058269,59.19452467554756,lentil
1.0,113,29,26.88502540610018,36.07303567972197,9.926054760811237,20.21126747,pigeonpeas
33.0,25,24,23.92269478126181,88.61739558249808,7.196780125964757,101.36971368897584,orange
36.0,5,51,32.05548699256607,85.96419947142864,6.206018566392054,108.17917526648372,pomegranate
27.0,6,40,23.484877699955256,87.55572513385584,3.7944404286706463,298.5601175,rice
0.0,41,21,8.825674745,69.56184173404363,8.969463380852304,90.17794873253304,lentil
68.0,27,13,31.18560347469277,78.79128072453769,5.448854534431819,86.97492012398772,mungbean
55.0,36,18,26.857166374449235,57.37088326053625,6.746168017157756,43.93670281206243,blackgram
123.0,5,40,25.701952449422784,98.45960384343267,7.391794284389586,26.235565132906093,muskmelon
49.0,27,58,27.47644240520342,94.49806591581522,6.582646254100808,20.21126747,muskmelon
93.0,92,53,24.98520913400205,79.5227348996078,7.667669186751576,98.3780141079325,banana
57.0,66,37,19.83491794621905,40.492556120441215,8.190481528394393,20.21126747,coffee
42.0,44,20,30.6488748801043,83.71144989689694,7.678757247983203,53.61592016740343,blackgram
0.0,117,41,22.51589985630706,26.57369670559149,8.529565045620645,54.39682011754172,pigeonpeas
0.0,5,48,21.51940408573076,99.98187601,6.426168578737915,90.53732919101738,pomegranate
53.0,21,30,8.894883782362122,83.2238501383046,5.3568815555272185,108.26390252891387,pomegranate
25.0,143,180,20.69907833706063,99.65323309560505,5.158210485191025,104.62117992709364,apple
10.0,78,18,18.54141834,62.70637578,6.296976913,44.07819743,lentil
95.0,88,16,43.48761912532904,14.25803981,3.5742862634860555,185.8833154500507,pigeonpeas
45.0,30,17,8.825674745,98.91823295539,3.64329160874424,118.4964845529779,orange
73.0,73,33,29.02745432374069,64.90710498629024,5.8315855460547015,31.45715273424189,blackgram
138.0,72,12,18.69093451372992,68.66074587173992,9.93509073,67.25718202604526,cotton
46.0,106,29,27.79898288948424,26.65961136430633,5.918032655358468,20.21126747,kidneybeans
122.0,21,19,26.58185833628952,96.71345586214082,7.027386581728299,48.597925742680005,cotton
60.0,10,42,17.857122705545482,78.548573465045,5.213756963734125,126.59815629251705,pomegranate
59.0,62,52,43.67549305,93.10887229,6.608667683999999,103.8235658,papaya
0.0,145,203,8.825674745,82.5312843531171,6.5502408721092,57.740079930241365,grapes
0.0,107,79,20.390005553809576,15.321669658917385,6.534142536576692,88.05929287249401,chickpea
140.0,31,18,30.4035844340114,69.45994737437834,5.286372657620978,139.67460152775297,maize
88.0,59,77,21.125333734515053,22.9282771670047,9.57324505341803,81.47278961996288,chickpea
0.0,5,54,27.540660383885555,88.86981321126122,4.523461735872873,110.36817036531087,pomegranate
69.0,46,42,30.11548804000993,84.4395920158511,6.204749650829795,28.48793049527116,muskmelon
0.0,88,36,29.30738485934003,33.16479594334226,6.000084972914764,90.17794873253304,kidneybeans
0.0,119,192,24.78415189839341,99.98187601,5.583157081234489,101.24728062858144,apple
17.0,18,43,24.4880844,90.83687246,5.843005428,103.1969341,pomegranate
37.0,35,5,15.65414509028794,99.98187601,6.591438765916234,100.8496010365666,orange
22.0,18,33,30.41235793,52.48100602,6.621623545,93.92375879,mango
101.0,49,24,28.824756220125096,15.68461772559966,6.231500899334257,88.81741308326426,kidneybeans
61.0,55,5,14.485489367058127,68.92115134660834,6.793141265700065,70.51167642879295,maize
2.0,120,59,25.49158911727429,97.96100727172056,5.982772984354669,171.61931565632966,papaya
116.0,25,50,29.26092798,92.92367701,6.088885814,28.70627683,muskmelon
0.0,55,26,20.515844480196865,99.98187601,9.93509073,73.03200508953378,mothbeans
55.0,36,5,30.64988945177984,29.39226619146693,8.170053971823103,20.372981096700205,mothbeans
23.0,23,30,32.82141065,47.45553843,4.755273631000001,90.89173106,mango
45.0,68,29,25.49158911727429,66.81182948945359,4.4060403575430485,46.22914244340404,lentil
88.0,145,205,8.825674745,80.36555610203435,5.973316109023096,66.95592410099698,grapes
140.0,55,38,32.96825617444646,76.20643736147815,6.403167350861832,91.97303455592422,banana
0.0,145,199,8.825674745,79.23643888296856,6.3386918333665765,70.3157941481116,grapes
2.0,81,31,19.104870427624483,82.61499195044853,8.614932804734153,149.33065944611866,jute
0.0,18,12,32.255362948264704,88.0754331602031,6.921778993900585,137.59154882882325,orange
40.0,11,44,24.45840036,86.10874614,6.322396027000001,111.3779693,pomegranate
92.0,69,26,23.57398664705142,89.12635832643423,6.714220614956028,214.5119954892237,jute
53.0,145,205,8.825674745,85.27636688585379,4.101046197943752,63.15794896098442,grapes
73.0,60,12,8.969260614097596,45.98770511907887,4.325367534557482,90.63504573097865,maize
71.0,89,45,21.5076721105589,90.78354433821214,5.805639053947093,108.52377093083602,banana
126.0,5,51,27.45896347157206,91.75446236296678,5.872265052771192,35.99138503831522,muskmelon
10.0,29,45,24.47767797143869,50.86722041310124,5.737718881045837,77.58646089632502,mango
83.0,15,49,28.92705913,91.39356832,6.403167350861832,23.20076686,muskmelon
0.0,66,28,23.27183145049561,14.25803981,3.504752314,20.21126747,pigeonpeas
140.0,47,26,25.53273147731164,55.1841250546966,6.049654356447044,182.4516308576517,coffee
0.0,71,5,20.92471296435144,21.807138471348622,5.427968157704117,100.28046963252967,kidneybeans
69.0,97,23,19.84821218986308,58.16377445763269,5.211665435822126,31.10291893466616,maize
85.0,21,52,29.62800691,90.10051615,6.0751441160000015,23.69586761,muskmelon
118.0,143,205,18.88427989239351,99.98187601,7.532671904580375,85.23323873956518,apple
0.0,145,191,33.827986726657585,80.60172798253527,6.815272007166152,71.58098410275393,grapes
32.0,78,13,43.67549305,63.385553971509104,7.164800336724456,40.661385600509206,pigeonpeas
8.0,75,80,13.992966406255256,14.25803981,5.887413294855923,92.86935365902788,chickpea
45.0,8,12,26.34417917587995,82.62410821115803,4.987136763014171,190.2728315720757,coconut
105.0,18,35,23.52648086,68.44030686,6.743417121,171.8839938,coffee
0.0,23,18,43.67549305,42.39126245940376,8.386465405703897,99.23302745124148,mango
0.0,7,42,8.825674745,57.598701899585386,7.029190625321373,20.21126747,maize
102.0,73,54,26.4020227,84.41007614,5.720726906,111.0162259,banana
0.0,128,197,43.67549305,81.64667289819201,5.694075632149995,77.05818285300964,grapes
28.0,109,191,31.492469117492668,83.3735341275055,5.550079468254722,85.17305118072352,grapes
8.0,19,35,25.440434123185497,98.92344779760585,3.936009470179394,158.90773956635687,coconut
61.0,64,24,43.67549305,70.99155544212599,8.91209993155104,298.0556273604901,pigeonpeas
62.0,94,26,43.32676387313981,75.87918486479391,5.369347661718313,66.50441307873693,lentil
0.0,25,10,8.825674745,99.98187601,8.688905668733724,88.01855959810123,orange
2.0,123,205,22.36629253,90.78572467,5.739652177000001,124.9831618,apple
55.0,17,26,30.19606256155397,99.12034283171,5.710342895490158,40.68033326345818,coconut
77.0,5,27,24.39589767626042,88.69289201755834,3.504752314,123.45344609455852,pomegranate
26.0,41,22,26.32823512968157,88.54880966640552,4.53606369706143,94.28845936242516,coconut
79.0,34,16,18.35516359764834,77.0574603590926,8.630114577274126,49.111535669038766,cotton
20.0,60,25,27.3254209,69.09047809,6.726469087999999,61.19250859,blackgram
86.0,15,5,32.47526567278848,84.43957890084903,7.768528801331956,160.94676110354004,maize
0.0,104,198,43.67549305,87.46653801412901,5.231785078554674,75.81179028004179,grapes
44.0,82,10,27.736695231798265,51.34981692315526,8.038578144553533,128.63074370994624,maize
8.0,33,29,29.98080499,49.48613279,6.442393461,90.17794873253304,mango
20.0,43,5,19.37625900535606,91.77888530306733,9.93509073,45.78655552391517,mothbeans
86.0,111,12,40.4349194599344,60.834078167334816,5.278007279626601,36.79663894259296,lentil
39.0,41,5,27.739153718724303,17.417875807036346,5.373065331086598,42.38759613487207,kidneybeans
12.0,129,205,22.36238282,91.15761594,6.119432215,118.68327250000002,apple
0.0,49,11,17.624277168536697,99.98187601,6.889647020679656,166.2285723504645,pigeonpeas
85.0,13,32,25.96227647659904,33.09756637472226,9.697461777604396,27.225802742061205,coffee
59.0,45,15,24.62345109588477,56.30481567566133,8.590698306397584,81.50998343790721,lentil
40.0,136,202,22.85267372,94.57645809999998,5.935336307999999,117.53140259999998,apple
61.0,20,22,25.49158911727429,62.77606850904223,9.52588060158826,174.59590757269308,coffee
60.0,57,28,8.825674745,88.52182606388685,6.741676297989618,112.30231703529434,orange
29.0,43,14,43.67549305,48.36935753763633,6.467044575373878,61.66592237711564,blackgram
50.0,77,26,10.013850091224478,29.9898661152928,6.323727349049479,219.9931807664579,kidneybeans
117.0,5,38,31.3843663466738,89.92146679204536,6.8384245997265,26.870224646375743,muskmelon
66.0,5,27,27.927006867602884,74.60332674017643,7.418659603854058,105.17500997167062,coconut
56.0,72,5,43.67549305,96.17038023572032,3.9925360456229937,179.99810621410637,pigeonpeas
35.0,33,27,11.46945527823664,40.52319195806601,6.840910859246158,55.73558564073423,maize
122.0,5,43,28.69150411399308,94.96468551615476,5.888709594550163,27.943977137033176,muskmelon
63.0,82,51,43.67549305,89.44049597099112,6.010793633737846,298.5601175,papaya
103.0,22,30,23.514885030573147,58.9828055463467,4.656303820203955,291.2043501370663,coffee
69.0,57,77,11.311849261189971,14.25803981,3.504752314,91.55711774672154,chickpea
78.0,57,9,35.633593675422546,82.45703243336231,3.504752314,20.21126747,mothbeans
66.0,54,62,25.49158911727429,50.76501870375931,6.437220155671826,152.7728882214193,jute
0.0,29,34,23.24989995528877,96.92037517336438,6.805334576773772,298.5601175,papaya
0.0,74,31,31.07960797377284,69.82887644848704,6.74889524685366,69.11359365643402,blackgram
69.0,20,5,8.825674745,95.2581858097522,8.660552616196163,113.98130843111342,orange
102.0,93,65,26.50304015722852,80.82554840152369,7.034368979583025,120.28812306973536,banana
140.0,44,22,31.202555403068352,95.80136948229668,4.6082416501804815,120.88265475658316,cotton
83.0,22,54,25.89762315,81.96664832,6.277245253999999,54.49960057,watermelon
129.0,53,23,37.282313623173415,69.74250063580607,3.504752314,20.21126747,mothbeans
45.0,79,19,27.54384835,69.3478631,7.143942758,69.40878198,blackgram
45.0,69,36,23.06304953612729,45.08926052758128,6.1003450238016645,92.92129711773283,mango
122.0,73,63,23.469461809096508,59.72576244038518,7.536163657959874,85.08056270802577,watermelon
140.0,41,8,22.164982374606684,99.98187601,7.098241335592336,44.45488219904856,cotton
60.0,69,5,27.87363223926242,54.81290702077262,3.504752314,20.21126747,mothbeans
54.0,10,40,26.26168253419179,92.78775440382454,8.394016482619733,298.5601175,rice
52.0,51,53,38.38231475,93.10378595,6.985804083,210.2735346,papaya
91.0,35,39,23.79391957,80.41817957,6.970859754,206.2611855,rice
69.0,67,52,27.71948962,94.43877142,6.827305908,82.83061083,papaya
8.0,28,30,25.51618488,94.33465411,6.015672239,135.1272491,coconut
85.0,59,60,43.67549305,97.0409270666946,7.00012881032082,20.21126747,papaya
24.0,27,9,18.86883219,93.24688124,6.157135092000001,119.3936976,orange
41.0,107,70,29.196745094293032,93.718006761011,7.033573417770851,101.8209185546318,papaya
10.0,142,204,23.629842234088272,94.202680734839,6.16450715536842,93.43615834919608,apple
11.0,98,77,16.60307277494059,15.33154688491127,7.438774342866723,59.73995131896604,chickpea
84.0,57,25,22.53510514,67.99257471,6.489040367,64.40866039,maize
0.0,107,9,20.47989838861331,28.54739236131144,6.283513160550983,185.9189361609216,kidneybeans
0.0,30,25,22.82666148478016,79.27480593341187,6.281520639746131,90.17794873253304,blackgram
92.0,19,26,29.391483064730306,49.97521449506914,6.711301042609928,285.353043316685,coffee
117.0,36,22,28.55102995074373,58.13604392519319,9.30646399279532,118.73507987613137,cotton
49.0,7,11,8.825674745,99.98187601,9.93509073,96.56554244827508,orange
108.0,94,47,27.35911627,84.54625006,6.387431382999999,90.81250457,banana
140.0,48,39,24.738385258398125,84.78851049337658,4.556892902083722,37.54512034979388,coffee
59.0,114,5,14.980675521149662,54.97912324254508,8.471391757543797,55.07153378822161,lentil
24.0,37,21,30.573999,58.22686794,6.403167350861832,62.74803826,mothbeans
45.0,113,192,8.825674745,83.96653143820302,5.217274119599298,74.38256511177894,grapes
63.0,41,45,25.29781791,86.88705350000002,7.121933578999999,196.6249511,jute
45.0,110,7,17.420761667199574,86.62454229357634,8.028671339069046,20.21126747,lentil
71.0,35,24,22.27373646,59.52193158,5.826426917,67.96704792,maize
72.0,66,60,30.304750984838563,59.302971235663215,4.609532880996792,107.87343813426068,mango
140.0,5,49,26.824088780499885,88.3524441347161,6.672308867897685,26.15837765190684,muskmelon
32.0,5,36,22.255327925191462,96.80264874853404,6.403167350861832,23.79423940517017,coconut
117.0,56,15,25.99237426,77.0543546,7.368258226,89.1188212,cotton
25.0,62,21,26.73433965,68.13999721,7.040056094,67.15096376,blackgram
60.0,30,57,25.768760669163708,99.98187601,3.504752314,20.21126747,jute
30.0,54,26,20.070251310759552,78.67101083291257,6.089827415761834,35.50216992444535,lentil
4.0,5,31,18.0664213567834,44.58241828462081,4.926117527212108,86.42517844235755,mango
28.0,61,81,21.14017552728243,15.595071414362902,6.038364716023271,20.21126747,chickpea
35.0,17,54,25.92208749328057,94.61801975691748,5.3381238758671,37.28907684261832,muskmelon
140.0,5,38,26.245944037384547,99.98187601,5.953781249482877,27.233845614581547,muskmelon
9.0,80,8,20.22570995848305,91.66758253259034,6.995054490388593,20.21126747,lentil
82.0,73,38,21.3933505573902,88.43950181534676,5.476543439173729,89.9376913475219,banana
49.0,96,21,33.931393717521495,59.685387879090094,3.504752314,20.21126747,mothbeans
21.0,80,20,28.20667264,68.27085245,7.350869792,64.32887142,blackgram
37.0,124,195,18.70679077,83.4795292,6.209928251,66.5964488,grapes
70.0,62,40,39.30824415908832,96.25278667893149,6.403177780263035,121.39730155803912,orange
95.0,12,46,26.21667586,81.01009354,6.32281728,54.65423596,watermelon
98.0,97,64,23.325810067466715,91.05323787243744,4.845190337079927,90.82386989262152,banana
0.0,80,24,21.82851247052437,39.60830446658157,5.756100563857991,76.35735808197892,mango
96.0,52,31,22.183923250632137,75.33831842199801,3.993452669998076,79.27371020083285,rice
29.0,122,196,41.94865736,81.15595212,5.638328481,73.06862952,grapes
0.0,76,28,28.39946171909096,76.1127125819679,6.8285446692067495,79.1952467946264,blackgram
29.0,5,22,13.072680126408976,52.15024769624603,6.596927075593387,41.14100468198511,mothbeans
26.0,23,29,28.82227997157044,92.41628629779554,6.749024634809481,298.5601175,papaya
75.0,7,34,27.105331787974684,81.49644097842267,8.726013025420473,298.5601175,rice
19.0,16,29,13.591352221365469,57.99613123827452,4.34692021205101,94.3723014959358,mango
60.0,55,40,24.9949957,88.95692783,7.02777956,151.4935635,jute
0.0,50,7,29.1856721974283,91.45132558810732,5.022903471839388,23.50527740577293,mungbean
0.0,19,51,34.62689768139197,97.33725253697628,8.39368321599733,112.41963613440232,pomegranate
0.0,5,18,13.05641649744008,18.480491545983515,5.492707051699144,115.72981284015503,kidneybeans
0.0,5,5,43.67549305,95.00121612031826,8.729624900745986,133.61030039664985,orange
140.0,32,64,21.416736078662773,94.5018916078322,5.997580481883603,46.734709568560326,watermelon
97.0,29,27,27.74576987,54.36976075,7.205078785,139.8619431,coffee
55.0,94,14,24.038986494606103,16.757084849805583,5.698306877377526,20.21126747,kidneybeans
82.0,92,61,18.0612136114371,15.627016616734691,5.538765094378222,75.56532143035504,chickpea
32.0,64,25,32.24799649303807,86.36233502180717,8.478672182801848,57.814872455556895,blackgram
32.0,48,31,22.50449960199021,89.39747027795592,7.037756107841409,86.21244996122687,mungbean
64.0,102,5,24.771633008174003,85.28757144798873,6.739902867686502,43.44042477240328,lentil
44.0,129,205,43.67549305,85.96441124802242,3.504752314,79.51376888902371,grapes
36.0,67,25,35.95176642,36.52780776,6.418062652000001,136.0456753,pigeonpeas
108.0,109,94,19.33039480650673,15.38801785008046,9.93509073,85.6272954948949,chickpea
57.0,39,50,43.67549305,88.94208638665371,5.946956447031089,298.5601175,papaya
85.0,89,38,28.53023730399273,83.54231128185403,8.15350794762082,148.7126044827288,maize
92.0,40,58,15.79340662453283,21.28578988976248,5.888626776072691,67.27142182288691,chickpea
108.0,51,7,21.783534579845902,85.05274310672206,6.403167350861832,99.02395258091632,cotton
86.0,8,35,31.77364141880969,91.67561247819272,7.222690071332829,83.48557601582093,mungbean
6.0,77,20,25.78746268,60.2816298,6.058306161,49.14337177,lentil
38.0,5,22,41.60050591257773,86.87389752248697,3.504752314,87.3113786078159,rice
0.0,58,26,27.501968108161268,88.0379568849993,8.310291583108052,93.18834980835548,mungbean
105.0,5,15,22.29122487177141,95.06546003665729,8.794824752226845,297.4432511287222,coffee
39.0,67,30,12.64710032233217,38.37782516765366,8.754032448324677,123.94472859226184,pigeonpeas
90.0,59,35,24.25133493,89.86454053,7.098227926,175.1742112,jute
41.0,31,36,8.995782783131432,31.62187377118243,7.513280221255343,96.44978424171396,mango
45.0,42,9,24.394271183020507,22.53599713464362,9.93509073,141.27715012440012,mothbeans
11.0,10,42,8.825674745,58.03490946670433,9.93509073,100.32729920388591,mothbeans
86.0,18,45,28.96586565,90.71832938,6.566759102000001,22.25838137,muskmelon
51.0,57,55,24.70528368,90.14732171,6.6764073370000006,90.17794873253304,papaya
4.0,119,202,25.49158911727429,89.66868899683018,6.0168940594111815,163.02245915243049,apple
22.0,95,12,12.240603602542729,29.542798785778224,5.690900728521344,20.21126747,kidneybeans
67.0,55,44,26.284017,75.14640198,7.251847296,182.2685447,jute
6.0,47,18,29.16174608,80.28038146,6.715276662999999,40.16545979,mungbean
55.0,60,55,43.67549305,91.53335195741889,7.373216220003483,20.21126747,papaya
15.0,58,15,28.96662531813937,82.25908455957607,6.006132394690162,90.17794873253304,lentil
133.0,116,18,40.76218470029384,87.4079056425485,6.598580362254987,77.5076109374753,banana
84.0,7,31,22.95280088999681,91.91208679969544,7.726351798449121,57.984011252064285,cotton
91.0,36,45,24.44345477,82.45432595,5.950647577000001,267.97619480000003,rice
28.0,5,21,28.622966041702423,55.57425461059267,6.1705974565474015,261.80890774885364,coffee
65.0,59,56,43.67549305,93.81160153577908,6.448717271025856,281.9147278721183,papaya
0.0,53,5,25.49158911727429,74.39009889375065,5.262266095917248,35.52788109401759,mungbean
1.0,145,200,23.94834361757602,92.36741134603814,4.767761827216907,131.8193401579508,apple
95.0,34,15,39.37518906889088,31.82437398303941,6.8203099433019,233.7207076926724,coffee
76.0,49,42,24.958779,84.47963372,5.206373153,196.95600080000003,rice
73.0,57,41,21.44653958,84.94375962,5.824709117,272.2017204,rice
116.0,5,50,25.49158911727429,98.90737902251794,5.830013579445684,32.2529740898959,muskmelon
0.0,132,200,27.619380268531373,84.56688529218339,6.867840968135662,44.36500213265799,grapes
6.0,32,25,26.173351890782367,55.77208277374259,7.168269648247362,81.35978244428551,jute
110.0,15,48,28.57819995,92.86597437,6.2125672110000005,27.598717800000006,muskmelon
39.0,21,9,13.20844373,94.02769434,6.354022554,106.2696156,orange
119.0,5,55,29.68846716,94.30111601,6.168757984,26.83924845,muskmelon
23.0,25,37,39.08603916152142,99.98187601,7.606939189938499,110.55884249560408,pomegranate
77.0,145,205,20.55289219749504,85.11346526065556,4.983211106912716,130.7606475269691,apple
77.0,27,21,26.921124394496804,91.70454861453838,5.643846858996098,34.92949089791431,muskmelon
38.0,78,17,8.825674745,62.93727708545883,9.93509073,183.6633688612052,pigeonpeas
52.0,81,103,21.244930623778924,21.31864353540952,9.380640503449865,112.25649717971578,chickpea
52.0,44,95,19.158424173002004,15.063837771062849,6.897732505759649,111.6948406419614,chickpea
68.0,68,55,25.38657528809777,99.76320479958602,6.635663956464603,173.86339472094113,papaya
105.0,36,17,31.54298904888141,99.98187601,5.484360667405511,206.467404416552,coconut
1.0,76,19,24.18553163,46.68746847,6.6695294160000005,177.3377996,pigeonpeas
17.0,5,15,43.67549305,84.52339993006922,6.823383822666275,126.67733961547911,orange
140.0,87,28,24.989754739496185,80.48151033175785,5.543213314205659,32.5582742227377,cotton
32.0,68,19,24.62835037,18.18325169,5.514234138,149.7441028,kidneybeans
110.0,39,25,22.60612115,77.34264002,7.208795456,75.13617229,cotton
37.0,145,203,25.49158911727429,81.9417269302342,5.776040730707266,65.31885719243765,grapes
122.0,29,20,29.45481121105921,34.45792325103362,5.5193966072015845,108.19963223823385,coffee
39.0,20,5,30.63579761960553,91.14792353264173,9.67295401722098,122.6991981674255,orange
37.0,73,21,29.50304807,63.46513414,5.560224582999999,189.5208915,pigeonpeas
41.0,63,29,35.00429492312635,60.657957593025465,9.93509073,46.21473522658798,lentil
41.0,86,34,16.075314123365885,39.961850758205536,5.725938362375277,298.5601175,pigeonpeas
113.0,44,29,37.116207330575065,64.38489087796076,7.1276666793727,57.03332568975216,blackgram
0.0,47,38,30.728121859121234,40.87613938954517,3.7315839331145537,107.28351311764452,mango
22.0,84,33,26.48016916948402,87.69007626467327,5.992738836655187,53.155861126295335,mungbean
15.0,45,23,24.20422636,61.43378674,7.224193642,46.0203959,mothbeans
107.0,71,55,29.42017919,83.96754496,6.088064451,117.229079,banana
48.0,120,184,23.991320349620203,92.7454321561154,5.023777665117829,121.70204382312129,apple
95.0,49,28,31.39221659681333,55.58485034275347,9.93509073,20.21126747,mothbeans
0.0,46,5,26.413912178593087,16.7908831845937,5.27430891844572,113.11001672095608,kidneybeans
0.0,31,34,34.01730019514563,79.29244035786861,5.443250018438722,284.0950198900812,coconut
57.0,48,29,38.186118693376,24.29362556734305,9.93509073,107.21783911156102,mango
68.0,48,15,22.049230516456905,50.60432388586836,5.560479735716395,85.33074096634029,mango
88.0,48,83,18.826097236067184,19.21051133055112,9.929434259590964,98.87847951308134,chickpea
2.0,75,22,23.89271875,61.78779413,6.658605362,52.55730112,lentil
92.0,29,56,23.276720141247377,85.5216403598952,6.093509182451341,298.5601175,rice
45.0,79,88,25.047373527859747,22.85396720554317,7.722699468365527,59.39271536442861,chickpea
68.0,90,205,43.67549305,81.65029540118576,5.642505708544304,79.25868478383714,grapes
65.0,10,54,25.71844229849216,70.98603577008387,6.550730953314116,234.5216018538172,jute
0.0,64,45,30.415947611027377,54.451853989476106,6.878796511049731,69.24567496203176,mango
0.0,12,5,24.86835390660542,75.60597321871407,9.93509073,49.00355723572283,mothbeans
26.0,66,26,25.49158911727429,64.5310781361848,4.958926800999325,69.28222090781732,blackgram
124.0,53,44,30.774217004502923,52.07890474133189,8.602553783115074,79.1636087278111,blackgram
90.0,49,21,24.84016732,68.3584573,6.4725232870000005,74.05474936,maize
42.0,99,50,8.825674745,99.98187601,7.148672831873982,20.41618698832559,papaya
37.0,5,40,15.792566748578366,86.28534010425493,4.956498551292551,298.5601175,rice
4.0,68,88,19.88315388741904,14.25803981,9.627233308703158,123.00811410352716,chickpea
0.0,57,6,26.898400718085647,78.80060523659134,5.065095313296409,34.87916383332194,mungbean
42.0,60,47,33.46873719,92.12746225,6.834808347999999,136.8277041,papaya
80.0,5,76,26.621739371987008,92.41072985741278,6.818224150462674,43.422788439901375,watermelon
98.0,7,45,27.79161808,92.51054946,6.157724816,26.85422624,muskmelon
82.0,29,35,26.67377159,52.24226285,6.246872394,156.15438980000005,coffee
23.0,65,20,23.0429097,22.42610972,5.833940084,108.3684316,kidneybeans
140.0,13,26,26.78962675782531,58.21624713789132,8.23449727597062,26.71544541762213,coffee
107.0,82,27,43.67549305,72.32583878278686,7.857231047692804,20.21126747,pigeonpeas
76.0,84,63,28.11856369672224,73.50593937001142,5.406373035143638,94.3676289916954,banana
107.0,42,24,22.04612876,84.62978302,6.144631795,86.00758678,cotton
53.0,47,43,31.14338533192565,81.75745800955306,3.504752314,20.21126747,rice
31.0,53,20,43.67549305,14.25803981,9.313650978971513,217.5003528658297,pigeonpeas
128.0,37,27,30.93408957641368,68.47796194693092,8.68135058070177,179.80150455163988,coffee
62.0,35,41,18.16855553137603,80.23126880956082,5.335410813380279,298.5601175,rice
83.0,94,21,20.672570095311617,16.14551772093194,6.123598014270829,175.66287773569383,kidneybeans
84.0,39,35,23.17714381,52.13864034,6.959404135,117.3113562,coffee
48.0,63,52,24.115074657376304,92.87721721507889,6.58532364932178,298.5601175,papaya
64.0,41,23,11.309154376361215,54.46235198489307,7.970526149389217,46.69511406147649,maize
0.0,41,11,8.825674745,97.60021601882872,7.399033058531597,134.3506393305601,orange
0.0,106,77,14.900898940247524,27.14349072712568,7.32154939796891,92.67920057968848,chickpea
49.0,5,6,21.48238379818602,92.1510718119283,7.248709556264736,112.21165377399812,orange
0.0,73,33,27.054630547361544,79.74824022761088,7.732651385911403,20.21126747,mungbean
140.0,37,19,25.92627243764369,95.10397752257543,6.731793928437754,96.69650966026346,cotton
46.0,28,26,30.353019490267,86.19341829359523,6.7573258089164,55.421757531894194,mungbean
101.0,75,50,26.59386409,81.40740301,6.242528277999999,109.9825551,banana
70.0,29,63,24.339345090168468,69.18858985865072,6.460043983486677,88.99682027989952,jute
31.0,32,12,26.21726881073276,89.06376897608709,9.93509073,212.27181028303875,pigeonpeas
117.0,41,14,25.74412241472368,82.54440741903456,9.93509073,126.32381427868526,cotton
65.0,37,40,23.35905428,83.59512273,5.333322606,90.17794873253304,rice
84.0,59,53,28.591291735498896,84.07937703599471,8.452620594961083,61.716128354924265,watermelon
118.0,12,47,27.96872279,92.17444796,6.010739645,28.94766949,muskmelon
24.0,67,22,20.120043,22.89845607,5.618844277000001,104.6252153,kidneybeans
3.0,69,23,28.67408774,63.18832976,7.299360767,42.96018627,lentil
113.0,85,45,27.94972463,76.63713353,6.037430836,109.0921631,banana
102.0,35,44,29.0246087922402,72.38425909166651,6.820218245839366,169.04163796605206,coffee
15.0,66,34,32.71851389667262,64.98284430945309,8.598376642496815,65.82111284332662,blackgram
125.0,39,35,33.7271683008506,43.76937457779401,9.49517354924055,20.21126747,coffee
27.0,145,193,8.825674745,83.20642510833906,6.19363021263004,52.73610800602977,grapes
1.0,52,20,33.35078007311306,75.43445051492183,8.758765014931512,24.25113002382272,lentil
124.0,5,8,31.81490330999419,74.24563455652546,4.350650086827848,27.531891333513407,mothbeans
89.0,5,61,30.10161896224002,97.57324402358682,5.608595128818672,20.21126747,muskmelon
0.0,118,27,33.04601657965151,29.36485999250881,5.974690932460567,61.64904456958281,kidneybeans
109.0,26,45,28.27973674,90.38971208,6.224535448999998,21.58992507,muskmelon
25.0,51,24,25.5042419,61.66852372,9.392694614,65.07981523,mothbeans
73.0,27,41,40.90545719754858,42.40062114559328,4.117275834599569,97.49798066020676,mango
82.0,93,34,19.99632362029078,74.27035101425587,7.557896097118615,92.4495261942754,cotton
36.0,19,32,27.10710832,50.70880979,4.94295037,92.37238878,mango
31.0,64,23,31.11664428780957,23.566724850590795,6.704916204641121,100.98672898974736,kidneybeans
22.0,55,20,33.95309131,69.96100028,7.423530351,61.16350463,blackgram
133.0,44,32,36.0544693648022,44.80738737641987,7.911682285901673,104.91937988476651,maize
49.0,34,15,26.96741407904682,33.007182387750504,4.2951897702575925,98.44293498906896,mango
50.0,82,23,24.442096062936248,72.31465127722524,8.399608096710082,141.38605659831555,rice
43.0,13,29,28.860530219002843,87.4087019485327,7.462037995307496,33.01320839405622,coconut
87.0,36,45,30.32509812997497,99.88932842241758,4.464460182640778,159.12091900763625,jute
110.0,32,16,21.65343289708365,74.0563098159438,6.93272513014989,97.04944080065576,cotton
57.0,5,48,22.4314380600068,86.9403336233086,4.609145202127809,90.17794873253304,rice
70.0,84,23,43.67549305,72.10782796955071,8.72521048745684,77.96421746120572,blackgram
85.0,53,61,35.672747692280495,72.11577020261333,7.515329746146503,85.45228952815887,banana
0.0,65,45,43.67549305,92.7046309180437,6.877445176235199,90.17794873253304,papaya
6.0,70,59,37.55575547546612,90.53635874915516,6.790542206757971,188.9808598262687,papaya
32.0,29,27,41.828684972544,69.82117400336355,5.160148631292503,107.8894258061588,mango
103.0,35,14,43.67549305,95.58520362510416,9.235015286108505,96.59648491832382,maize
71.0,54,16,22.61359953,63.69070564,5.7499144210000015,87.75953857,maize
102.0,76,38,28.00117350091848,93.70492451584896,5.18100606890304,112.2373056966482,banana
45.0,72,22,27.19333798555024,56.87562089810612,3.504752314,298.5601175,pigeonpeas
0.0,74,5,8.825674745,65.74992040911474,5.27699052616023,60.43966342858888,lentil
0.0,72,34,29.97956540380056,69.78737617041857,9.93509073,83.22296899388478,mothbeans
97.0,92,41,24.948239779281863,81.45806239042616,8.938098378635992,247.6018084383232,rice
69.0,45,14,13.626764709834871,70.63993930432316,6.343615756242032,29.37538311442093,lentil
51.0,82,87,24.43344587444256,14.25803981,3.883410781255215,112.1914169973368,chickpea
31.0,145,172,43.67549305,86.97141944885179,6.760903125590252,70.18020530610977,grapes
72.0,12,44,28.75302542639321,56.67558690610476,8.321906693030053,228.4165038923116,jute
8.0,54,20,28.3340432,80.77275974,7.034214276,38.7976407,mungbean
34.0,40,5,27.63222834356119,79.53404066456353,6.158424930421162,72.51382788255273,mungbean
43.0,36,36,28.415887867522155,80.01692182054738,5.158109938441758,92.79308944604486,rice
140.0,89,15,21.882242606861087,94.29267679246064,7.457820173260703,85.79550762536508,cotton
50.0,42,20,8.825674745,86.41791887457177,6.736689899925783,94.9969367075997,orange
39.0,48,25,15.8841977878951,68.97840892499042,6.554406420340645,82.17225973813773,cotton
0.0,75,38,19.32255201037352,14.25803981,5.750369259515687,126.084360711774,kidneybeans
24.0,48,31,21.13989098941619,81.48513836776519,8.010492893337355,183.4150180132573,jute
109.0,91,53,29.66727337,83.51014178,6.010095852999999,110.2511102,banana
100.0,5,29,27.553408489857738,95.17941737253857,6.68187180396023,23.187602536523,muskmelon
30.0,127,204,22.50050273,92.45878335,6.126436584,100.9343903,apple
2.0,18,53,37.488850838620735,82.7772349924812,9.933579692792918,129.29507739287405,pomegranate
90.0,23,54,28.55852465,90.45773041,6.159020864,27.26588346,muskmelon
98.0,51,25,13.454281032579114,68.76543401292278,6.876662515771487,179.07933644061208,coffee
90.0,52,25,25.97482359,69.36385721,6.822586546,103.2234212,maize
13.0,22,49,8.825674745,77.36548670603894,9.527835628134596,114.98427592543985,pomegranate
1.0,145,205,8.825674745,80.60262736115963,6.990207499969984,71.75003226948813,grapes
81.0,34,30,25.17787724,62.26244581,6.6477659970000005,135.0119649,coffee
31.0,26,9,11.69894639,93.25638873,7.566165721,103.2005992,orange
108.0,23,51,26.84366082,83.85039964,6.106500787000001,40.228644,watermelon
102.0,86,73,21.60474290426556,23.2245672256367,9.93509073,70.44228192599742,chickpea
0.0,110,191,18.895267465979245,96.98597169434214,6.253552345751467,115.6089597813431,apple
97.0,12,47,25.28784623,89.63667876,6.765094963999998,58.28697664,watermelon
49.0,70,26,37.57042948831605,39.66653283587949,6.006883517447811,95.4610452126324,mango
19.0,35,24,27.11030369,83.64274107,6.883308033,49.11964582,mungbean
54.0,35,6,30.59618632732087,84.95786642791735,8.525395353988678,34.78535307100943,mungbean
96.0,34,61,19.10310498638998,78.21385170349575,4.855588788649307,20.21126747,watermelon
22.0,30,12,25.49158911727429,92.51077745,6.354006743999999,119.035002,orange
102.0,5,22,22.60989465683645,44.125037150006655,5.9290276886441,74.25422412506418,maize
36.0,57,35,24.82126222972814,49.503759825293685,6.403167350861832,88.3396142642266,mango
9.0,11,8,24.85903405,94.39000473,6.559236744,111.78037340000002,orange
55.0,41,31,34.77318888323193,71.06383844285212,3.504752314,112.019809041239,mango
14.0,74,19,18.39759147,36.82639309,6.624966131,93.12330644,pigeonpeas
55.0,27,13,30.715559673924727,88.13235510872275,7.818055745576975,33.191257154158926,mungbean
90.0,50,44,26.91643698,73.48655995,6.253408852000001,90.17794873253304,jute
0.0,43,40,25.83911818509454,92.53453974273644,4.701604461298581,104.7771287840392,pomegranate
55.0,5,36,31.520468122777714,63.224387840685154,5.2840730225919055,182.74723662897736,coffee
66.0,5,43,27.357475398056977,94.25462339546236,5.579700895515088,31.142671452121416,muskmelon
64.0,137,25,22.48536461477215,27.369253622409094,4.730365632942366,90.17794873253304,kidneybeans
43.0,41,38,28.965748626479687,75.59672605013552,8.072003473556297,194.5497445474686,jute
59.0,15,26,40.71170334286474,95.96022671341042,5.172523278274507,118.38411829640866,orange
42.0,7,47,25.49158911727429,89.71183799603283,6.414725032679532,30.038834879394905,muskmelon
2.0,90,5,19.10113581746086,28.31981512112388,5.555383714741104,116.58900359185196,kidneybeans
0.0,145,205,18.53595725207289,99.98187601,6.034545104931552,91.69021903897858,apple
0.0,39,21,20.53151675874235,14.25803981,6.071357735783762,92.86495607859032,kidneybeans
16.0,75,23,11.642987298314534,44.00577786249802,6.403167350861832,103.5683705166354,pigeonpeas
88.0,57,42,22.556452454829063,89.89293561902808,6.000712929008628,254.934003896784,rice
123.0,39,24,25.00755095,78.17952126,7.453106264,86.06411872,cotton
51.0,46,46,43.67549305,87.89848948198808,6.4864130847489045,20.21126747,papaya
35.0,60,29,21.47137297496169,26.024311544047244,6.03204471287907,149.43472846326978,kidneybeans
120.0,86,20,25.23358361945544,70.92394603062151,5.206966447981553,90.17794873253304,maize
0.0,63,60,25.039786554589867,80.77404893034954,6.715352668944646,110.38863566223478,papaya
63.0,28,36,29.589554510064765,71.55842547766994,7.473179520033194,83.79042208767537,cotton
42.0,29,17,27.09044150907772,59.94218989617279,5.86129154205244,20.21126747,mothbeans
88.0,50,40,25.63215038,79.95150917,7.0518224720000005,182.2582277,jute
11.0,73,83,20.810355276257265,14.25803981,9.93509073,66.41197186011618,chickpea
0.0,41,49,9.64671283778474,99.06996132118864,8.141438556910503,124.83501155560523,pomegranate
29.0,100,202,22.32411294364475,93.16031514891525,7.548666694121069,129.20656858081236,apple
68.0,113,26,25.334879718187047,54.1968140635266,8.287820576747496,62.97452940479552,blackgram
15.0,93,201,25.71288736216525,90.91461159604032,5.981864463198997,135.11212648611792,apple
51.0,18,17,28.569284266611035,91.16340386143268,6.737082249994373,70.19856047022397,mungbean
98.0,20,37,34.293183539715656,92.59054184888782,5.3000747465825695,27.827285536710807,muskmelon
38.0,19,31,34.73823882,49.08864345,5.855119267999999,90.65022183,mango
77.0,14,42,25.264132586667944,90.91949225187088,6.581195583620948,70.14326603691994,watermelon
133.0,42,40,23.99542334840469,83.93659063224746,6.610172890344391,114.16298540647252,jute
25.0,51,18,14.149985467736544,76.78341546636365,8.497516610135694,20.21126747,cotton
0.0,139,204,8.825674745,86.21768724002085,5.353795882082222,80.15268357032178,grapes
0.0,130,175,23.53599154420148,88.41067861686248,4.594969383004795,97.5782927035112,apple
13.0,34,95,21.41720030134304,14.25803981,5.9959678082727095,48.6736496058252,chickpea
120.0,19,49,25.79448878,84.26830701,6.762471628999998,56.45229202,watermelon
7.0,16,9,18.87957654,92.04304496,7.813916602999999,114.6659511,orange
94.0,17,25,28.08568584940902,51.4557998582973,5.817339322548072,88.13063960225423,maize
48.0,49,6,43.67549305,80.71725318606616,7.882544821392703,88.0112363599779,orange
75.0,53,27,10.772879636511464,74.49599101346995,5.065652812964555,130.03294909279924,pigeonpeas
54.0,75,55,8.825674745,95.35404840272858,6.8202797707758,158.16084275349488,papaya
134.0,5,50,31.04058036083988,90.02687729013275,7.835990735186474,75.50678856432671,watermelon
42.0,112,5,11.92241130455647,83.22849794459083,9.021645184694018,252.7533441260969,pigeonpeas
92.0,137,186,8.825674745,82.12104423472901,6.361879849511159,55.85847533561807,grapes
35.0,17,9,23.93874386081557,65.74575849202654,4.208441662852686,53.89982988095005,lentil
65.0,46,52,24.47845973337542,55.964379854172265,4.833881362516662,52.013608801096986,lentil
0.0,59,183,22.49710370784665,93.87040575617142,5.513047326831342,134.53790669004738,apple
126.0,38,59,32.4947252515531,80.59068093095395,7.180116412835197,108.72843290677028,rice
32.0,48,5,35.28090249470996,98.19773080699844,6.3664421053657065,108.49440046631598,orange
0.0,123,205,22.02775403,92.96129462,5.790993052,121.1349176,apple
36.0,46,32,36.62318902640743,60.50540215993698,5.94486736191236,45.15923646693283,lentil
29.0,139,205,23.64142354,93.74461474,6.155939452999999,116.6912176,apple
34.0,48,45,19.85258788328187,83.9123536818325,5.952029690922814,90.17794873253304,pomegranate
65.0,79,13,31.698195169981204,23.99813514644156,5.495875032198959,20.21126747,kidneybeans
71.0,54,72,22.30854848100795,14.25803981,7.425885407040766,102.86826161592244,chickpea
45.0,5,5,12.717715220987731,99.98187601,6.403167350861832,87.49836614629938,orange
103.0,5,34,26.523959378209625,58.723354225177765,7.613854515767493,254.39578892650968,coffee
24.0,14,33,29.38072512,93.27565685,6.366219551,218.5241851,coconut
140.0,64,5,18.11162935946184,71.82237397209525,6.942685541163627,34.58843782810713,cotton
68.0,9,85,19.53847219714671,21.68545464659628,3.695876927599232,122.97639148731818,chickpea
8.0,28,38,23.22594,94.42971362,6.8444019,105.6917856,pomegranate
16.0,77,38,19.11975088411624,91.4281602930858,7.854815499187322,256.8944916330931,papaya
82.0,25,51,24.31334971,87.47409052,6.074209622000001,48.11248366,watermelon
57.0,94,40,29.487683798298683,80.22464177552034,6.65379352477935,106.1524283174281,banana
91.0,35,38,24.8972823,80.52586088,6.13428721,183.6793207,rice
45.0,145,197,25.085810188309736,95.46299809601688,5.552098337196865,88.23289081059615,apple
61.0,38,20,18.47891261,62.69503871,5.970458434,65.43835393,maize
23.0,70,15,34.600824700000004,63.11296779,7.403623355,60.41790253,blackgram
0.0,127,16,8.825674745,25.11101412818036,6.071593432506135,215.73418169536973,kidneybeans
0.0,21,72,22.15180763443734,14.25803981,4.177898149298849,90.17794873253304,chickpea
20.0,31,27,29.437767446429497,34.38918674027288,9.693773627647314,95.87173805562956,mango
51.0,11,24,23.897419675681924,99.98187601,5.403640886608835,242.36974502625063,coconut
101.0,88,19,17.446680016748388,84.6327192767321,3.504752314,49.7702002795498,cotton
33.0,37,47,19.528742128237432,78.53323674720453,5.708845267465488,273.8274447777331,rice
110.0,39,57,21.473618451413508,58.92119817168428,6.520867811849029,219.0745006134216,jute
4.0,27,18,24.5333392181198,95.8206836722412,5.638657623299968,125.0864934476972,orange
11.0,45,19,28.70012137,44.359648,3.828031463,44.11622138,mothbeans
125.0,5,30,24.456970934219367,25.63891643831839,7.949374019649287,20.21126747,coffee
39.0,44,21,35.46816871277905,48.12426340633032,6.855440273397765,65.88068993106353,mothbeans
62.0,17,63,26.812716468912125,95.0068598423322,4.80559641560448,40.66039605192077,muskmelon
55.0,69,18,19.25274610190975,99.98187601,7.277089420625691,174.38790283545978,maize
9.0,145,197,25.57951628961035,89.8277417734124,4.767938944040673,99.37361002945322,apple
88.0,78,45,29.10403455,79.19588629,6.324270089,92.07835761,banana
91.0,19,40,23.70150817555648,90.18917395652711,4.574952419222886,197.58564315415896,jute
81.0,50,27,43.67549305,45.95063449199305,6.987218593888716,85.6292138544662,pigeonpeas
108.0,44,28,24.02866905435744,77.29654039887707,6.945182066462948,74.70954740855423,cotton
82.0,68,24,23.714378149109507,47.34050574320696,6.979033556470428,20.21126747,coffee
56.0,42,21,27.7842898863958,71.51325724123485,7.004307442226619,106.38969388426148,maize
38.0,97,5,9.553569229990014,54.709700578643705,3.8227366951828894,57.43627002101611,lentil
132.0,40,89,19.03247392859713,16.30554729965302,6.732186993253155,94.8103480591424,chickpea
78.0,32,40,25.01629874868813,99.98187601,6.629938590943475,181.33987775943652,jute
100.0,5,34,27.85068424248364,83.65922698737002,4.1957253734879565,49.70719395981887,cotton
137.0,48,62,26.52521880065267,75.05499359236902,5.56577308871349,20.21126747,watermelon
71.0,65,31,29.99051726763203,62.34803757536598,9.93509073,53.816074466286295,lentil
14.0,41,17,29.12939524,88.48312598,7.085982325,36.45012824,mungbean
51.0,5,38,27.071364893947056,99.98187601,7.1340943352379735,60.08458912344499,watermelon
119.0,74,45,31.83877875046491,82.7424036861881,4.0029877933991305,137.2329676983947,banana
0.0,5,5,15.83479972853053,85.30975378429392,9.439036435595392,122.5293547230105,orange
40.0,30,36,30.393147843279948,78.2294224454197,6.223306788735559,66.09363475054943,banana
7.0,5,39,17.05045787889121,91.65921904135465,6.769446856276699,107.2819704575205,pomegranate
47.0,20,28,27.03427204533068,59.64125235457409,9.552513232315274,94.3474995218211,mango
75.0,51,54,30.40793351340234,81.0148166816264,6.453639090121754,281.86079184030154,rice
121.0,57,8,20.396474797161453,96.7990700390842,5.758091440911875,34.470490780290696,cotton
140.0,84,31,28.0910919838615,83.48465638154883,5.831661882617003,79.62130027155612,rice
4.0,5,35,32.546215821317645,99.98187601,6.759073677518338,189.2224494020831,coconut
81.0,9,27,20.182972009007567,83.94309098760894,4.617286737303479,199.66463778382712,coffee
5.0,45,21,28.36291385,88.00989267,6.487124217000001,43.05130077,mungbean
0.0,38,37,8.98937873838653,99.98187601,7.8738473633283474,111.86289396965356,pomegranate
0.0,94,19,8.825674745,53.96922678333344,6.124864034801507,106.94277190563125,pigeonpeas
75.0,77,13,32.578647620589585,14.25803981,6.131129564323014,189.7770594760977,kidneybeans
0.0,13,22,32.420238899960665,88.10435087798781,5.721890938701964,27.35779483418176,muskmelon
100.0,62,10,25.731678772543884,61.74636595696333,7.902352656104354,60.14462076109518,cotton
30.0,10,5,8.825674745,96.02599485701336,7.458985269961823,108.32495715751617,orange
7.0,44,30,19.56397021998149,66.07906027700946,5.498333102456124,86.0981982453988,blackgram
123.0,44,21,25.78544484,75.00539324,7.6411165689999985,91.39578861,cotton
27.0,22,29,28.83214859,92.17170353,6.000248647,145.41723869999996,coconut
69.0,104,205,8.825674745,78.80785298596592,4.501528690549973,64.62298945629627,grapes
90.0,34,27,43.67549305,58.117898949889,6.183942919312799,94.02549541877906,mango
1.0,76,17,26.236130261089443,50.44626894274289,8.911055304019982,176.11095749613563,pigeonpeas
122.0,59,11,33.8017418893141,99.98187601,8.018165792723414,117.27282383279744,maize
70.0,66,12,25.49158911727429,87.68971218216657,4.740430505897314,142.19810460463287,orange
40.0,127,8,18.00862957417312,63.783488349662605,6.08139103389872,66.53862718817993,blackgram
40.0,56,16,16.470273873054794,14.25803981,5.940719106016212,224.263792240394,kidneybeans
82.0,25,17,9.268463344497505,64.73448777474351,6.2373877890939005,20.21126747,maize
86.0,36,44,21.789906209594857,76.95153765669953,3.504752314,298.5601175,rice
58.0,67,5,26.41753549719242,50.71137678611268,9.93509073,133.7879365555896,cotton
0.0,23,29,25.04515722282988,66.25080418579148,4.999894286889954,20.74315133507009,mothbeans
0.0,56,26,24.28939924003957,22.34355478565305,6.186482138968546,228.5713900335495,kidneybeans
140.0,5,40,27.034668399553134,86.58217615941834,8.346152559062896,21.69260701705951,muskmelon
16.0,56,17,33.80020039,40.03262418,7.445444882999999,176.6165894,pigeonpeas
28.0,46,16,29.008124,84.96089355,6.664187809,45.91011391,mungbean
26.0,63,17,29.87854588,65.73085206,6.950300686,44.95654782,lentil
0.0,96,81,25.49158911727429,24.49832422705054,5.041968140681934,64.51879136018496,chickpea
0.0,81,14,26.837886890487507,73.04541594368744,8.411054721693764,65.03426540601606,lentil
100.0,17,48,29.72791119,94.29753295,6.367800632000001,26.52364146,muskmelon
60.0,46,31,27.419452514328743,88.69384520515622,6.565976407270323,119.43289461649094,coconut
39.0,56,32,26.4187320979442,89.4863936962783,8.851568898753488,298.5601175,rice
22.0,54,45,40.14294011218199,99.98187601,7.395240704307056,106.01788795768547,pomegranate
140.0,27,34,24.67109236287935,87.24813205255344,5.976893237253362,51.61818707562525,cotton
15.0,5,13,29.20583721074384,96.6369646913702,5.711365660705873,56.35802862517771,coconut
83.0,49,95,18.47576922994787,14.25803981,9.93509073,57.71998092406737,chickpea
72.0,23,21,26.19180150430384,69.35325981083345,6.403167350861832,260.1446273768829,coffee
45.0,14,51,27.02415146,91.66737633,6.085444691,21.26034986,muskmelon
0.0,79,199,43.67549305,85.81864395209938,4.549739867195397,68.81024212569224,grapes
79.0,49,44,31.647717113262217,49.59119759579908,6.663342080166213,127.37559697528155,coffee
22.0,56,17,29.87888063,87.32761241,6.89077995,44.75215854,mungbean
34.0,133,202,15.31413469,80.09711412,5.804799142,74.82144653,grapes
140.0,5,36,27.28331061186823,93.74605382689856,5.510731735300877,75.56851600901477,cotton
0.0,73,32,26.50033872450546,55.18319289904916,7.383993654222399,70.5416923966814,mothbeans
0.0,71,12,32.12066452118929,52.30271822453213,9.39687335939663,43.31237443584914,lentil
1.0,21,31,26.263034881701337,99.98187601,3.504752314,193.42849894913792,coconut
12.0,79,23,28.884942327479425,75.3607512425367,7.748547359071647,20.21126747,mungbean
93.0,29,27,23.540692910995965,66.23827231726908,5.8190016333871615,77.58681971702586,cotton
27.0,76,83,19.12829388,14.92241479,6.289614016,89.61857826,chickpea
40.0,145,194,8.825674745,83.80885965571639,6.309219390903537,91.20855540989614,grapes
140.0,78,58,35.28480101173629,61.294897976996296,6.569140496930121,117.04352493280214,banana
108.0,60,17,22.75805656,76.75768356,6.403167350861832,97.76600619,cotton
45.0,5,24,24.016122008372577,92.40270983709084,4.997308705442466,28.73040345092656,coconut
70.0,102,5,41.34811947294191,72.14770880406824,9.426321485629195,29.87568532105794,lentil
83.0,57,19,25.73044432,70.74739256,6.877869005,98.73771338,maize
93.0,88,23,26.837849026001926,88.40031871060056,6.802935466438262,104.18284928172729,cotton
18.0,55,23,21.9989826,56.31006755,6.98571967,136.82743119999998,pigeonpeas
140.0,84,56,21.92768294127041,70.9493419502787,5.301962120512416,90.17794873253304,banana
90.0,19,54,18.93038255949723,71.39423304809905,4.81991065935176,192.6114012127757,rice
58.0,50,12,43.67549305,89.08029502293967,7.270740500208393,123.24560428037243,orange
0.0,103,184,37.890366470963166,79.2902666634702,5.58672287725137,75.94783899612614,grapes
88.0,65,24,30.714809429601363,68.54129196466675,5.670873825709779,96.8602851800022,banana
37.0,77,17,36.20970524,31.94550613,5.617122801,191.0658531,pigeonpeas
45.0,55,39,24.7432131405219,73.80552756496957,6.721426031462162,56.16644799592602,watermelon
0.0,101,11,22.223244655698075,99.98187601,3.504752314,20.21126747,pigeonpeas
41.0,98,8,43.67549305,59.73697055059297,8.578020830972246,69.67547954623086,blackgram
25.0,53,31,21.745535042621206,86.00027320187407,7.873329475880912,38.1574734368079,mungbean
58.0,67,45,38.72382798,91.72514851,6.702424548,62.62377075,papaya
0.0,30,16,14.96736349263648,99.98187601,5.059028195123602,112.88671971816906,orange
0.0,116,14,16.87434656875087,76.28065805236753,5.544320306883554,50.48169494267868,lentil
0.0,96,9,31.3522404349086,67.38382099462761,6.040838087062235,20.21126747,lentil
24.0,91,68,43.67549305,93.86439726875878,7.0002672981841165,298.5601175,papaya
55.0,58,33,20.768865899724315,72.51746945502646,5.616868034815995,125.09016997412246,banana
25.0,83,53,25.88160600253284,83.73484517671707,6.128235051190176,175.76433865497387,jute
8.0,76,39,31.8085753575929,63.23386061760497,3.504752314,94.98268799448368,mango
22.0,67,11,29.089287148672355,38.71089977129695,6.403167350861832,71.67047667038743,mango
26.0,50,19,27.3179125,51.66921088,6.005242945,32.55919573,mothbeans
22.0,60,18,19.59221047,61.28633405,6.74398035,41.7704893,lentil
93.0,43,38,23.61475336,86.14290267,6.987332927000001,150.2355238,jute
5.0,21,38,22.43377991,90.3396556,6.107054807999999,112.459697,pomegranate
0.0,53,5,9.008368545607336,47.139289834729226,6.631064233843716,70.7460217868551,lentil
106.0,10,49,27.72653142,92.00687531,6.350623739,20.21126747,muskmelon
33.0,120,205,35.12158265,82.26890793,5.550832177999999,69.71518491,grapes
61.0,21,62,21.585839341634703,79.33295954114651,4.505837348110855,102.24194786993776,rice
74.0,56,22,18.28362235,66.65952796,6.829199275,80.97573281,maize
53.0,127,197,43.67549305,76.3450263584243,3.5062976456431456,78.04521611326362,grapes
50.0,29,23,34.14565753389079,81.92692495505997,6.403167350861832,48.5683772879135,mothbeans
102.0,56,5,22.55967162830598,98.84576988293192,6.8932490018382095,95.53886390743487,cotton
77.0,44,28,19.60911049983893,85.36536984562606,4.139420370791646,275.5952955388285,rice
97.0,43,53,8.825674745,89.33432045364854,6.403167350861832,20.21126747,papaya
0.0,25,7,8.825674745,89.43518819067106,7.556041917550548,139.0538064889021,orange
28.0,145,205,20.317909398597497,94.38060297033134,5.9168177161872455,64.29442899148889,apple
91.0,29,46,15.32534590441493,52.68329777161941,5.669305173042682,169.23413053032175,jute
0.0,5,45,18.00756277954281,70.21282496013889,7.331160270173173,103.32679313706916,pomegranate
140.0,15,56,25.20768748856215,95.14546690504496,6.057382395313488,49.95581958113942,muskmelon
96.0,41,40,23.58419277,72.00460848,6.090060478,190.4242157,jute
44.0,105,26,23.9707601525196,14.25803981,5.979135527070944,124.491561209354,pigeonpeas
34.0,48,34,16.31551698214051,14.25803981,5.610399955761176,161.51406204348294,pigeonpeas
93.0,94,53,25.86632408,84.42379269,6.079178787999999,114.5357503,banana
0.0,31,12,27.035741117128307,78.82011177368791,6.730142668066391,56.43649328768325,mungbean
39.0,91,32,13.061762589946849,34.18088330433267,8.923630310951088,176.8158476509605,pigeonpeas
0.0,5,36,25.700106523044067,82.67225470371179,5.975407384263877,20.21126747,coconut
15.0,73,22,43.67549305,60.55862191163824,6.122950072621031,62.07514497048176,blackgram
135.0,105,47,27.337778982773905,83.33203543939197,6.571422192086098,112.9114874392746,banana
0.0,77,26,27.37793463794259,27.7315104729954,6.359710344273021,50.00090578531759,mothbeans
103.0,27,31,27.15998538,51.59100753,6.691541233,126.1752206,coffee
49.0,15,30,25.49158911727429,94.2256559789767,5.20300166060029,141.0169319456107,orange
140.0,5,66,25.49158911727429,98.26877407222318,5.963962611297722,23.501224962615776,muskmelon
80.0,5,41,24.096977235401543,75.36405498701859,9.93509073,255.4943525209362,rice
114.0,27,47,31.20159761846795,72.7116121993603,6.581015634045068,111.23369906709772,cotton
89.0,40,43,26.24532085,72.97198375,7.124050134,189.9711184,jute
78.0,58,15,25.00933355,67.816568,6.5286312660000005,62.91359494,maize
43.0,68,81,17.47809436,17.93253975,6.761599706,78.92060234,chickpea
90.0,122,202,21.28204735634207,81.75055053347863,5.326963543359456,72.8779822517103,grapes
140.0,30,62,27.014117095993257,95.77462365403134,5.6521956050355495,27.686658682545577,muskmelon
24.0,35,41,12.278701468132226,97.90172816537554,4.41545800321231,125.53806364058951,pomegranate
19.0,5,29,36.76786672757864,44.09364148842242,8.404881062009697,104.67984728800312,mango
40.0,24,14,10.96728722583945,78.05348117946455,6.645987590029306,67.55054372762055,orange
38.0,58,23,33.979943635616195,58.093432587834734,7.653238821565741,45.22136253881888,blackgram
0.0,39,28,39.15784896399797,43.294521595746346,4.414645826837592,90.91523064543505,mango
70.0,64,63,42.60439526504257,99.98187601,7.540477787332655,90.17794873253304,papaya
28.0,74,81,18.01272266,18.30968112,8.753795334,81.98568791,chickpea
0.0,70,31,13.560900919603167,87.25729293176676,6.7440804332242,189.3792441279487,coconut
77.0,42,43,18.004083006149422,78.74904057284408,4.877706474201833,89.83625596637634,banana
59.0,86,15,32.96865122260778,22.81808062923937,3.504752314,90.17794873253304,mothbeans
77.0,46,22,29.26607835448545,74.07014108741048,6.651786371860417,236.5473301718995,coffee
0.0,5,19,39.060634611113215,52.045389322057645,9.93509073,94.81692698081947,mango
54.0,62,80,17.48911699,16.39055394,7.489545074,79.45758333,chickpea
121.0,75,58,25.41789038164121,87.24511503865483,6.6647410563332485,61.32919829549204,banana
113.0,16,64,23.58764322116219,99.98187601,5.997721509875096,63.17464600690321,watermelon
88.0,44,6,23.95108631485922,74.86345006893788,3.504752314,68.35686855275884,cotton
104.0,101,58,35.54111283409695,75.13785181741981,5.524779646963838,64.76212629845031,banana
32.0,72,29,20.55230193887468,99.98187601,6.16475387732317,238.2797438543612,jute
130.0,25,15,26.43607869444925,78.40992532025948,3.504752314,262.0855978084329,rice
56.0,44,19,29.625695614525963,96.14438539404048,4.572150826898897,118.94926433804729,cotton
61.0,51,51,39.30050027,94.16193416,6.574677594,120.9512466,papaya
40.0,5,35,16.211548188351742,89.95460359397708,5.773097701590723,95.27939684256836,pomegranate
6.0,62,22,20.53052663,18.09224048,5.824090984,120.4509288,kidneybeans
34.0,65,5,17.005302735679106,48.88621279307592,6.665897909856174,205.824787466264,kidneybeans
138.0,21,37,30.17935438001081,43.53489017196674,7.178981600531404,83.4126251360007,coffee
94.0,83,47,23.92854215359952,85.91886916498092,8.648628593463023,71.16468232871831,banana
0.0,35,31,36.82157154793256,51.73494954603909,9.93509073,65.57155655764176,lentil
0.0,28,41,8.825674745,86.22704950473464,6.57614203734566,298.5601175,papaya
83.0,55,48,30.7432405901273,94.9071006644973,6.201830998700275,20.21126747,muskmelon
46.0,108,15,27.970983888979,17.430046237407993,5.99903589499491,20.21126747,kidneybeans
46.0,89,23,19.48873569202305,29.23769241743142,6.941577825360616,20.21126747,maize
100.0,56,21,38.5523372463145,58.3165298035296,3.504752314,175.3464761880609,pigeonpeas
80.0,34,83,19.055901180596656,30.45068221889272,8.158555614102024,90.17794873253304,chickpea
13.0,132,203,23.60115364,82.48336987,6.423216506,90.17794873253304,grapes
65.0,42,17,12.855292964512593,45.125291478086176,7.273881245335207,87.82719729137038,coffee
0.0,9,31,25.49158911727429,90.08844705571012,7.523021135579461,106.51298122196904,pomegranate
87.0,23,28,26.22367404,62.26594559,6.979590627,193.7461968,coffee
0.0,81,10,15.95707929432412,83.78021010586994,8.89867330162452,298.5601175,pigeonpeas
0.0,142,205,19.268422439764425,69.5955393787954,5.511074601837675,76.218431894567,grapes
85.0,33,25,26.20811417,52.50987966,6.910823945,189.0944824,coffee
18.0,45,39,26.79586782047616,86.13151440135252,5.635745481765245,110.70905468386852,pomegranate
88.0,46,29,11.989604109814966,80.87696244595006,4.358889526190541,84.86566845940837,maize
140.0,24,33,26.43009943211021,58.58174163616878,9.350517751323368,264.34515500711,coffee
86.0,64,50,15.665674572058244,99.98187601,6.089422644559572,108.6239598386481,jute
45.0,16,25,33.57666713357479,73.40002032577752,9.72359664297679,59.895066168385874,blackgram
0.0,121,187,8.825674745,80.30335483203235,6.103965571607715,59.29863788327211,grapes
109.0,79,45,27.66752761,79.68542782,6.490074429,108.66464,banana
25.0,13,47,8.825674745,79.00719951261787,7.176538704601514,107.15650128633926,pomegranate
68.0,40,19,26.14384005,66.20569924,6.655426355,107.2361366,maize
73.0,70,20,12.279660267530735,18.04759772257537,5.452350285164855,124.4370197644032,kidneybeans
139.0,35,15,25.248679,83.4630147,5.898293044,86.55517751,cotton
85.0,46,31,22.53087984535264,78.05634273315846,9.93509073,65.53880563895444,rice
11.0,72,20,19.52226241,24.92607153,5.9511774520000005,113.334026,kidneybeans
33.0,5,19,28.181749271429,94.23341754351728,6.767411911697594,259.05910889920267,coconut
34.0,128,205,22.22149197466372,88.68935171827353,6.892373341276021,94.12350584854624,apple
61.0,77,32,25.873172173226187,61.12284912997258,8.463781776896845,103.31880729199445,pigeonpeas
131.0,52,16,23.65724079,84.47601498,6.486068274,88.54479121,cotton
26.0,103,205,23.898429832694426,87.39988762710406,6.050230509878965,66.97144777691328,grapes
140.0,41,57,27.43948613921245,93.4563352808954,4.832854565790522,90.17794873253304,muskmelon
66.0,18,39,14.02491963585655,91.5902009510832,5.596810486905941,204.0198152294749,rice
1.0,85,17,43.67549305,81.91955960328585,9.664081156462077,20.21126747,lentil
45.0,80,30,22.644962698225378,82.30150863735462,7.374810172265981,86.12036627822657,cotton
8.0,61,36,16.38333169175189,25.294311994630604,5.741480808439482,27.98956641986188,kidneybeans
22.0,36,16,30.58139475,50.77148138,8.18422855,64.58559639,mothbeans
9.0,143,197,23.75033085,92.88160462,5.570020684,90.17794873253304,apple
0.0,22,25,25.49158911727429,18.506250773486137,4.719350589071845,32.30955792541005,kidneybeans
95.0,37,35,27.31317116,68.42333909999999,6.348337518999998,192.4288139,coffee
0.0,65,14,17.72285854289702,23.7961073028966,5.837426153198183,25.870056607217464,kidneybeans
32.0,98,199,21.06813427711977,89.44769041141214,4.274281978121368,88.03713450667709,apple
61.0,5,42,9.88265358584131,94.5608141457608,5.394473309855538,116.06209039213688,pomegranate
41.0,52,35,28.697036001068103,76.25391430291873,6.828728141950076,250.934655979862,jute
54.0,18,5,22.554136325484865,94.28038411841705,7.826833690926872,59.39003013505364,mungbean
78.0,46,57,28.65813294560241,99.87739262346976,5.650710553431709,88.7778353671576,banana
0.0,79,25,25.709976240178708,79.87024777044552,7.33530246766784,51.1878619817059,blackgram
98.0,21,52,22.65958013595793,76.14837794353454,5.417934620296271,65.23418156633605,watermelon
0.0,144,198,26.60084809972121,89.92176201046317,5.779173541291127,108.44395512993582,apple
3.0,28,33,30.33723921,48.88704844,5.755049971,94.42850522,mango
140.0,65,5,33.32200100865945,82.69196678745982,3.629547043239956,79.43135995728558,cotton
34.0,145,199,8.825674745,74.15639866973787,6.358855560681934,62.776907392877966,grapes
22.0,36,36,27.680775882092835,92.88142892836318,4.806371238226112,298.5601175,coconut
34.0,61,37,22.300424992472816,99.98187601,5.03854089812933,189.35927759805625,coconut
115.0,60,43,26.62586900573678,61.94958911960028,5.695299825623115,103.24284205468392,coffee
31.0,68,21,27.9732075751523,24.17838492827537,5.954848391629377,88.83521281605232,kidneybeans
91.0,47,35,23.70420965079285,66.27662470366953,3.881531604342276,20.21126747,maize
0.0,5,55,22.613687055531773,95.16137063845495,8.352443233658953,117.76988758253516,pomegranate
39.0,66,20,26.937753267218472,99.98187601,4.904129765213665,228.3529180645511,pigeonpeas
43.0,76,101,20.33294590616331,24.553016427963755,9.406857728721436,121.88327113958395,chickpea
13.0,61,24,18.29783597,69.6897615,7.629910252999999,49.39111479,lentil
75.0,36,44,23.28081,74.27607475,6.613341342999999,153.7447398,jute
140.0,145,199,23.34573397000133,95.76097077825648,4.978131180679551,156.25825114772616,apple
72.0,50,32,36.61873062759253,99.98187601,5.2647747793990325,101.8658445826135,maize
72.0,45,35,25.42977518,82.94682591,5.758506323,195.3574542,rice
95.0,16,55,25.26931156,87.55055105,6.612847999,40.12650421,watermelon
41.0,56,13,43.67549305,73.01628095839085,8.974550329213596,58.25604915701588,lentil
25.0,84,5,40.03932509154147,44.2647681244169,9.073852010530796,65.44658573124507,pigeonpeas
24.0,18,6,26.56608303,94.45239715,6.285312759,116.3796525,orange
103.0,97,63,34.28317469430804,69.6702459023615,7.081840212590373,81.0256156292019,banana
3.0,63,16,24.38041875,61.18458224,6.868881707999999,53.13946695,lentil
73.0,71,5,18.03426817093296,14.25803981,6.3416656297319465,125.9287525225569,kidneybeans
86.0,72,32,24.54706300250437,69.60368227883376,6.134364325228082,266.567515009796,pigeonpeas
0.0,55,50,8.825674745,90.20623448778332,6.995882258246543,105.01826630368323,pomegranate
32.0,114,200,21.07341361233953,85.79550724070052,4.179063033921118,127.48218202433787,apple
102.0,72,43,24.740307582617376,96.75006295097872,6.21492217505471,154.01386691279416,jute
0.0,46,18,29.72984896486473,75.49290047665662,9.93509073,78.30714557474295,lentil
140.0,93,76,25.90674811004732,74.3885198425055,6.784388968197195,125.77528468221269,banana
4.0,87,33,38.34462282395978,52.453754431014005,7.981464631266037,83.52429669008764,lentil
0.0,28,20,24.209115003699047,96.01167571723516,8.271633872078954,51.30658410699902,mungbean
53.0,82,39,29.425752008818908,92.5379323714944,6.747107921532611,298.5601175,coconut
15.0,9,11,11.54785707,94.14861001,7.907956251,108.82891709999998,orange
87.0,5,44,25.90629963360009,89.94190738793142,6.169953223743706,46.12833986764412,watermelon
58.0,35,18,22.538016865880827,80.54885837545882,9.93509073,87.16189556692586,cotton
82.0,7,33,28.88243120927753,93.58095642698102,6.455799424863508,147.63631393748406,coconut
45.0,35,13,30.599482664759933,63.41026571819243,6.7170646675266354,24.774469084728388,mungbean
60.0,10,42,8.825674745,83.89435567129885,5.1588424340749945,146.02967029613,rice
60.0,50,56,25.313860170452458,91.97380268118364,7.051775036302762,23.927041176206867,muskmelon
19.0,24,27,28.73151891074768,66.69229796080786,6.381668975875499,168.96625587574297,jute
72.0,30,42,24.428776795497047,88.91392261880576,6.971995544022813,22.72161929283343,muskmelon
0.0,54,11,22.64070310158161,48.55317328913042,3.504752314,67.84066341975509,lentil
129.0,121,60,35.47464126651729,75.14473592616257,6.479645177815093,194.6765903250514,banana
20.0,82,45,24.580194389334576,95.53162043239304,6.075223143089116,82.77949739316726,papaya
111.0,61,82,12.045153180109043,18.82526300588292,7.842882371364288,102.57524034759294,chickpea
53.0,74,15,25.49158911727429,64.94329356,7.517097,72.17818157,blackgram
0.0,5,47,29.000216475545813,99.98187601,6.670514141583912,89.39821524199586,pomegranate
41.0,130,171,19.941079727674165,99.55561292200076,3.933155485305545,92.59997940202244,apple
73.0,122,205,22.56318183905993,99.98187601,5.374969474488296,107.71821534290292,apple
59.0,39,39,25.29528995261874,56.830867634669545,7.164653517297108,226.9290686433272,jute
90.0,36,21,28.53915373457929,84.4009394022749,5.313000593943222,298.5601175,rice
140.0,42,34,39.59415085334216,68.01722033628424,5.241273153130436,89.28790406794667,banana
0.0,75,31,8.825674745,53.178042103662406,4.3172093556437865,219.9589122671529,pigeonpeas
41.0,63,39,17.301025072217325,14.478294789584886,5.895798321099768,282.9880179401335,kidneybeans
33.0,85,56,18.92000017513701,98.64055067834248,7.199954448790685,295.430278672898,papaya
29.0,72,17,18.6297280547372,14.25803981,5.619342978729737,137.13479779641932,kidneybeans
43.0,69,28,30.159184122526952,91.509626928188,6.616610639929252,68.81181890835737,mungbean
116.0,54,22,24.16187160018234,49.04967780012279,6.704369907015862,20.21126747,coffee
0.0,55,47,35.9337791876341,76.80390949103582,7.2715603813102145,118.61656430468804,jute
112.0,58,19,25.49158911727429,74.62719988113126,4.911227254745423,40.21972085713695,cotton
65.0,47,28,12.234938010322509,66.61790632232356,7.179063441896042,84.43485084815434,maize
17.0,59,20,28.94308540053024,26.146491430343325,7.74062813788453,38.12242279793772,pigeonpeas
0.0,45,11,16.04485342207458,19.021350398938,5.531193299237911,129.1987634985628,kidneybeans
24.0,109,5,26.3462731857367,20.91283850306209,5.330616890490737,124.65270400765166,kidneybeans
0.0,32,30,20.366493951382683,74.52861012758063,3.504752314,123.81388473885288,pomegranate
22.0,80,22,8.825674745,77.94217410322375,6.403167350861832,187.0667639950704,pigeonpeas
9.0,29,34,29.38471637,45.88744691,5.72742254,100.8124659,mango
18.0,8,17,8.825674745,84.47649728138573,3.504752314,129.47161491461182,orange
0.0,131,198,23.357304026070487,90.62851074703634,4.712078683795568,96.85403796349355,apple
92.0,40,30,23.35723208,55.18792166,6.026287448,171.6976946,coffee
97.0,82,38,26.426299694111304,58.470234103007016,5.291245539569437,139.17154508091673,banana
16.0,51,10,25.49158911727429,52.098133457176345,5.366536047611247,75.09395820640188,lentil
35.0,38,14,28.96533990841496,99.98187601,3.504752314,40.36156291140748,mothbeans
106.0,80,48,20.6710461349209,93.63940434953722,5.904936045562487,109.72499319565318,banana
6.0,16,32,15.802005561541048,52.975915639070685,9.202271865168557,88.0256210157151,mango
59.0,92,74,17.4881000493077,14.25803981,4.302405183563212,48.1960895389799,chickpea
15.0,123,204,22.52709326,92.54780429,6.365972687999999,115.3830068,apple
86.0,37,16,20.51716779,59.21235483,5.561510732,67.61013737,maize
14.0,57,15,29.8757015,83.14796296,6.623438282,40.12044158,mungbean
71.0,36,26,21.6778537089554,49.31954736711537,5.723854722395089,215.35150013474671,coffee
71.0,54,35,26.63952463,70.95705996,7.311077075,199.3355744,jute
42.0,45,39,10.298939962432833,52.316017211364745,3.504752314,67.77516703972302,blackgram
0.0,140,194,25.267037118687856,94.55192281773132,6.026049717606538,90.17794873253304,apple
0.0,47,20,28.547246441396293,86.19964160196712,8.94468089433085,20.21126747,mungbean
5.0,32,33,32.32362177,52.58967710000001,5.842763773,93.36718816,mango
0.0,93,28,31.18728044406052,97.22673400618778,3.504752314,31.522519558463703,mothbeans
92.0,5,32,15.724023202424272,93.3624812224027,4.610326865154205,37.59451112095028,cotton
0.0,36,40,25.068663789864367,14.25803981,6.158107828492313,160.76010697166654,kidneybeans
0.0,75,54,29.66325084422033,97.33328035707716,5.667675082026573,205.1781212072766,papaya
0.0,10,50,14.857872866847543,97.21803842872993,5.910515568320934,91.06430086638628,pomegranate
38.0,14,30,26.92449525,91.20106019,5.5707453860000005,194.9022136,coconut
0.0,105,18,8.979924714629343,67.32225179773135,5.826953280953099,59.05006819720572,lentil
27.0,133,191,8.825674745,79.6964181914115,5.10897617905666,63.76924824986092,grapes
99.0,10,14,26.43668932306684,78.00546050254553,9.93509073,91.51399914628465,mothbeans
62.0,37,32,18.401563527603987,91.02005507653604,4.5265350289806925,107.65223961636512,pomegranate
53.0,62,48,31.14895241639993,97.42457479393076,6.469940315599755,25.71152390487098,muskmelon
29.0,141,198,38.17686439544517,82.92368268542049,7.184764230657307,72.68249901222292,grapes
112.0,5,33,22.83563973490401,43.7011881016326,9.139390396623288,53.20583657714599,cotton
55.0,68,21,19.866329285566167,14.25803981,3.504752314,78.89594654242649,mothbeans
0.0,5,46,14.430454759371289,77.34153570124619,6.057501228657484,86.53290713968228,pomegranate
14.0,67,25,25.28710601,60.85993533,7.241151936,49.37369982,lentil
2.0,115,205,19.286890505471543,93.32096559282093,7.089516088011874,90.17794873253304,apple
105.0,5,36,25.90805605499684,87.38753008469628,7.297705275440548,20.21126747,muskmelon
0.0,70,13,39.78446621209101,60.04912640794932,3.504752314,151.26721152852213,pigeonpeas
122.0,42,57,28.81996829651849,70.3059549637633,6.403167350861832,156.63239411245692,jute
0.0,7,11,20.71336393396754,92.2404527055959,5.635725852120276,138.4706320002918,coconut
140.0,27,32,30.594539535037782,82.38452018493341,9.831066386772086,20.21126747,cotton
0.0,89,30,8.825674745,32.22935137251908,7.126883899265555,68.20017250361187,pigeonpeas
3.0,78,18,20.21368219,68.65257685,6.887130053,50.89732989,lentil
99.0,41,36,24.45802087,82.74835604,6.738652179,182.5616319,rice
108.0,5,45,21.67686186025269,78.50105092888685,9.93509073,90.17794873253304,coffee
91.0,32,9,19.52890325771268,70.69700488640675,8.592868606118774,236.3243100077284,maize
45.0,54,45,24.29496635,77.62976013,6.403167350861832,184.9800516,jute
1.0,52,27,23.03375018792226,20.552846268514763,6.021174728157114,120.1541124282432,kidneybeans
23.0,62,19,16.51783455,20.4555596,5.609435127999999,98.77794225,kidneybeans
52.0,59,41,16.481260526606906,84.93806191604659,7.830127185240759,298.5601175,rice
135.0,59,25,19.847691489430225,68.69416932524207,6.827070954557083,20.21126747,cotton
70.0,37,5,15.286523811240794,70.26869874252361,3.979281615179104,28.327846148047293,maize
31.0,30,29,26.58580443,90.98617591,5.558807063,178.8116076,coconut
48.0,13,28,19.42906110574377,96.7631214389537,7.965472655869092,109.1529689883068,pomegranate
8.0,39,19,26.811008443721903,55.44943981429424,7.525651108387082,150.29521313872144,coffee
53.0,142,205,43.67549305,82.9347398911592,7.071261419304385,78.014197880311,grapes
0.0,5,27,23.81350839991365,95.5857389124047,5.884405799645878,105.3121763251787,orange
69.0,18,55,22.991484433148194,81.05844482111756,5.996477926946469,20.21126747,watermelon
123.0,50,32,23.705796103145484,69.38478588752737,8.663021414509899,27.64896282068559,maize
71.0,58,17,43.67549305,39.2271438410173,5.432436927649286,74.2771385766702,pigeonpeas
47.0,17,34,26.707740063783746,95.5638178036226,7.05067941321368,152.04109686742586,coconut
5.0,68,20,18.72987676,61.33186249,5.001038726,139.8710041,pigeonpeas
65.0,10,5,27.58043438642115,96.5428727443729,7.739842557574041,57.02372497845944,mungbean
73.0,42,7,31.21810180427045,71.45020509828191,9.8537255757907,63.49067525554971,blackgram
34.0,59,84,22.45452835175272,24.162209580462324,9.24961261580941,92.74039494124432,chickpea
1.0,104,28,43.67549305,48.89697922388942,9.497975795891143,35.13505365098129,lentil
0.0,78,25,29.09987718995407,53.76438707092147,7.9485299153346975,97.64102409373469,mango
56.0,43,24,31.54240101872632,74.25923357058723,9.306849569020436,52.50850844449203,mothbeans
117.0,45,33,26.56751034150051,41.4721761341395,5.732273437269155,20.21126747,maize
12.0,71,19,24.91079638,60.71367427,7.142611056000002,42.19740397,lentil
140.0,43,26,11.625902697779102,80.77232700915916,6.617054143687257,298.5601175,rice
120.0,62,5,27.21073824166189,55.41638832800475,8.152848461122943,41.36017758041152,cotton
140.0,30,42,28.72588444296295,93.30035180130672,6.81677083788172,20.470827682781184,muskmelon
27.0,139,205,22.48403042,93.40819246,5.7721799460000005,105.5473627,apple
76.0,44,39,40.3607671913872,82.27435221674978,6.928665469549845,287.85364441696373,rice
9.0,18,9,24.60801638717307,94.42797375618406,9.93509073,72.18905751482721,mothbeans
0.0,96,5,38.38613826273371,54.9696048918216,8.114434017823559,90.17794873253304,lentil
14.0,57,102,16.81286442935922,20.82276624614399,8.874106464950733,73.8468958220116,chickpea
21.0,5,30,43.67549305,60.21880638208828,6.335135711314152,86.24940289122777,mango
19.0,40,27,21.284421627772915,37.303559462536725,4.994968246179656,102.0360849690458,kidneybeans
92.0,64,41,25.41006107831434,73.8770168319418,6.96310923975107,73.39355853521462,banana
72.0,5,33,15.329775158899176,81.22159634349948,5.118535976156099,270.1039814060828,rice
61.0,53,5,29.43497766738769,75.80267274444182,5.776461379469602,43.429573764741534,mungbean
36.0,110,5,35.83140656596758,80.31779291013008,6.481021918733192,61.49755204233926,lentil
140.0,43,18,34.53131774320827,83.14566916902868,8.148272852821776,69.90029331131555,cotton
95.0,82,48,27.39489579,83.31172003,5.719014989,92.78133617,banana
0.0,26,23,24.773811604454696,99.98187601,5.825133123872888,171.66626576300183,coconut
49.0,5,53,28.156753725681806,97.50754558304432,7.319532867796042,20.21126747,watermelon
43.0,60,24,43.45462920747343,14.25803981,6.996774713880273,298.5601175,pigeonpeas
51.0,28,38,38.35077440434627,77.3956579950741,6.925377615407133,74.06920709883406,blackgram
0.0,102,12,16.4670662602419,17.963579899770625,5.530402757151888,120.98706851317696,kidneybeans
120.0,24,47,26.98603693,89.4138489,6.260838965,58.54876687,watermelon
17.0,27,30,41.12205545698131,64.09954134670943,4.099846464567703,59.64014614373781,lentil
73.0,24,34,30.685877974467928,80.59309526356812,5.057250059980344,262.9813644401243,rice
114.0,67,39,28.698478952558496,99.98187601,7.966214027026348,150.08219249642383,jute
71.0,21,23,25.49158911727429,76.33294867335192,3.504752314,111.26823702968618,rice
0.0,82,21,34.56465241330295,50.70392624957266,3.504752314,53.55514500130864,mothbeans
7.0,145,205,27.39048888875396,92.01845577955594,5.330008474486102,91.21224290453036,apple
116.0,18,41,31.71425806176775,83.36470964481275,6.358125273109794,26.05406083131697,muskmelon
27.0,13,6,13.36050601,91.35608208,7.335158382,111.2266885,orange
44.0,59,19,41.37660810472589,99.98187601,5.6377536099011065,178.49817189819518,pigeonpeas
78.0,43,42,21.32376327,83.00320459,7.283736617000001,192.3197536,rice
97.0,42,5,19.23715123422725,73.541027671314,9.93509073,47.32903346497265,cotton
118.0,5,29,26.710754666595008,64.0421479792563,5.056703820489452,265.8191991044739,coffee
0.0,71,205,43.67549305,85.73396999390896,6.182810590308416,66.17220289442703,grapes
0.0,37,42,29.844133318827737,86.14270925368476,7.222263573305134,90.17794873253304,mungbean
36.0,58,77,22.04513753526944,14.25803981,8.349932151738283,92.05738481586448,chickpea
45.0,145,205,24.99612293703617,80.267743792692,7.491759213090684,68.52153924060866,grapes
39.0,24,31,33.55695561,53.72979826,4.757114897,90.17794873253304,mango
140.0,48,25,16.484591459538173,52.84916177436287,6.779659762391689,232.4038851798103,coffee
107.0,48,27,23.05790524343981,80.86748159182564,9.93509073,167.08405245538015,rice
0.0,48,51,12.752781691006764,47.2351008564649,7.551717567034688,81.250908712386,mango
25.0,60,22,21.63149148,21.17919701,5.887263027,134.3649948,kidneybeans
49.0,5,51,24.70879550016162,92.48948581650984,6.542308872938881,20.21126747,muskmelon
96.0,98,64,15.76045555722232,14.25803981,5.258818293260179,38.53981565939044,chickpea
140.0,91,5,27.71793656274716,96.68537969940432,4.959400981266059,28.43831743639769,cotton
0.0,31,31,24.283764234538847,59.868227827236254,9.93509073,83.19695285423501,mothbeans
66.0,53,19,23.09348056,60.11593810000001,6.033550195,65.49730729,maize
84.0,55,38,26.8748389,79.78725152,6.956682742999999,173.1017097,jute
122.0,57,62,24.677720411535123,94.17134584563034,6.403167350861832,63.67963684914965,watermelon
54.0,38,37,28.30245397498074,65.44460041279244,7.70636421010177,272.3831826363744,coffee
30.0,99,10,32.74474705872424,65.86638989797936,3.504752314,54.09811267623826,mothbeans
65.0,39,45,23.66805429,70.89000744,6.768001309,184.4633281,jute
38.0,103,5,22.334098118091774,69.22036169047317,8.78638366341374,46.07934174618721,lentil
93.0,97,60,29.334603292311005,85.16732664188265,7.216464099267226,87.63613473038596,banana
2.0,69,50,8.825674745,55.09861963628792,4.162350641928728,224.9261406223644,pigeonpeas
140.0,5,35,30.446121687528034,95.82118035124007,6.754573809168171,33.068877027743845,muskmelon
4.0,136,204,29.93707596,81.77713468,5.898944282,65.52279323,grapes
75.0,53,33,25.70091789388967,43.33077963110377,9.75097925072751,34.9348055729902,mothbeans
112.0,80,24,8.825674745,77.28956536613485,7.008847324614883,49.88346862919921,maize
70.0,82,53,43.67549305,82.12583131215119,7.730981131783531,234.5666724791259,papaya
31.0,82,18,17.49819007899555,99.98187601,5.476100621357515,298.5601175,coconut
55.0,145,185,23.721872580714845,90.41478701011933,6.238957603978205,91.64062227220454,apple
0.0,145,189,8.825674745,86.67379334070034,5.691030978462475,38.67413275252371,grapes
123.0,5,56,28.725191203888645,99.98187601,6.734664429897862,20.47980335648343,muskmelon
0.0,145,205,8.825674745,84.77434933037586,6.392904512367301,63.71203554404541,grapes
140.0,78,26,32.307189648359824,94.82069031789736,7.009674382341583,209.47154718372047,papaya
0.0,105,39,23.24362386270291,39.1253701145434,6.553831312000335,220.87716301236944,pigeonpeas
25.0,5,53,28.70996276541553,90.45256842871515,6.054977745627136,42.36562212814084,muskmelon
27.0,57,33,30.66100438253455,58.33771199597299,7.1035148786335816,89.32122822123063,coffee
81.0,49,20,18.04185513,60.61494304,5.513697923,104.2321615,maize
36.0,11,13,17.34083741,93.04897191,7.1917274,112.7194284,orange
91.0,53,30,28.504597171877045,71.22473069540432,6.838239103465101,53.88164967645412,watermelon
112.0,17,53,28.6557825079987,95.7235698822062,5.760999483369864,20.21126747,muskmelon
52.0,57,19,23.35047054633615,63.47606758420519,7.684789044427592,270.0458885576034,coffee
81.0,16,45,26.90435747,86.25426228,6.727468157000001,59.75980023,watermelon
45.0,52,53,32.51247398,94.65904123,6.704204398,90.17794873253304,papaya
74.0,26,34,24.98530977453973,92.73898720878756,4.8518604080990775,99.67588914323372,pomegranate
0.0,54,5,32.310531708006415,70.58326679353596,9.93509073,94.64703675742128,mothbeans
0.0,122,205,27.25876364323621,81.7349078000224,5.5036054213310255,115.79813522000946,apple
84.0,50,44,25.48591986,81.40633547,5.9353444060000005,182.6549356,rice
49.0,10,35,16.90186096570624,77.36381246003964,3.504752314,255.40544763859992,rice
0.0,103,22,8.98416509107147,14.647100177359713,5.558842590419504,208.00954381718816,kidneybeans
0.0,77,14,26.313449169459965,65.4113818016768,6.646428005295412,52.5181113600068,blackgram
52.0,88,24,38.9579108619128,69.67109155528715,7.20702554577073,44.53682613254133,lentil
0.0,82,23,12.74656184770607,71.25342705915048,9.93509073,281.0682472718247,pigeonpeas
27.0,57,24,27.33534897,43.35795962,6.09186275,142.33036769999995,pigeonpeas
18.0,5,18,20.52672208028129,21.2111974756005,8.956708871517655,172.52467295547734,coffee
23.0,46,28,29.97688765885372,66.35912930596444,7.999207649711498,90.17794873253304,blackgram
0.0,111,17,40.25975651674517,99.98187601,3.504752314,76.72824907602886,pigeonpeas
0.0,10,42,23.088123768822072,99.98187601,5.887861800148768,295.2486956838782,coconut
0.0,47,38,26.013327570264646,48.39054848914524,7.296754285369122,109.3901498703631,mango
16.0,44,60,26.93651831625492,91.09460632457942,5.56254860309905,21.21873705117327,muskmelon
48.0,37,57,21.079017432997592,94.13120294521411,8.450400017887482,102.53262009547888,pomegranate
34.0,57,44,33.04303232160254,78.69826458416858,7.922407672611007,171.31349395657395,rice
0.0,20,17,10.48393221602895,70.68848103574754,9.93509073,43.0257861417468,mothbeans
9.0,124,200,23.130282739444347,94.01546518546957,5.263245307873326,68.77728051015688,apple
0.0,12,33,23.377470727943763,95.63961978399624,5.664927888204216,102.151370976813,coconut
38.0,88,43,16.791813930165738,99.8708687929007,3.946455638816742,108.163225502392,pomegranate
3.0,145,205,24.4193704763372,93.86170205163154,5.105799087011775,94.91495197726248,apple
117.0,76,47,25.56202173,77.38229006,6.119216009,93.10247183,banana
93.0,39,52,27.770475549800107,92.04020955239768,4.765712576623158,60.90353263759925,watermelon
100.0,6,53,29.05248036,93.92217834,6.105909623,23.66620626,muskmelon
0.0,140,182,18.682805935151208,90.22953809995492,6.518789098052387,102.33300443850172,apple
123.0,18,38,20.68840957040868,85.69536710614949,5.597604926798371,46.84483368782138,watermelon
4.0,74,15,18.51997057576562,99.98187601,4.978820930775859,157.29683859643933,maize
93.0,5,33,8.825674745,65.0898578992324,5.514322097175287,102.65493995242866,pomegranate
39.0,129,203,34.38922481,83.18392806,5.863996687,71.03001556,grapes
20.0,65,191,22.65984133616883,76.69541657728908,6.588765142198111,61.77469049840039,grapes
111.0,5,57,18.4765967912754,93.83213656822856,7.127928508668379,63.97483341111711,watermelon
45.0,52,56,30.646307789973378,82.44677507396534,6.558906420508502,102.55773059631684,banana
4.0,105,16,25.892472435450458,23.58653406985689,5.92359563071822,20.21126747,kidneybeans
21.0,92,25,16.46963075321679,15.565218201098606,5.691734393348859,140.00157568577382,kidneybeans
12.0,5,16,35.062288983438044,83.71688524544527,6.05036459177756,20.21126747,mungbean
140.0,45,15,25.5308271,80.04662756,5.801047545,90.17794873253304,cotton
95.0,74,50,25.90113128,80.47152737,6.002481605,110.10323,banana
90.0,57,47,22.679215721242866,78.61323582455833,7.666808814156604,68.29519053332248,rice
117.0,25,53,29.11858526,92.12543021,6.413927319,24.52020164,muskmelon
138.0,14,54,26.51438606123206,99.0480625300996,7.13982014770736,29.650076435548502,muskmelon
11.0,49,24,24.53069117570202,87.93653508836206,7.224998777952088,99.98758051652534,pomegranate
77.0,27,40,22.302938797616115,82.14877574695927,7.515505469790709,156.61556233807758,jute
14.0,128,205,22.60800988,94.58900601,6.226289556,116.0396587,apple
84.0,36,52,22.936561414691504,83.72566447579491,7.055614112534348,67.55166201066812,watermelon
0.0,67,9,43.67549305,33.469626552424366,9.93509073,153.1622781458561,pigeonpeas
19.0,5,12,27.938541353728176,99.98187601,6.263678703980042,298.5601175,coconut
140.0,53,65,24.842546644988392,91.9484803084622,6.491121105874781,20.21126747,muskmelon
27.0,47,17,16.380938923644266,41.96311870734582,3.504752314,60.53378125022447,pigeonpeas
0.0,5,6,21.049817966652352,94.71700802910884,7.994144779813709,101.1182852548348,orange
27.0,56,20,29.2114218,87.11497805,6.41874299,51.53848218,mungbean
46.0,117,190,27.48259065688746,97.05510412820917,5.73114941924011,116.61082907159224,apple
101.0,48,23,13.60311747454629,81.92893990972095,7.524625111391421,198.4297536216711,jute
0.0,93,16,20.952971781471582,79.1484548683488,6.836784788205039,70.03984518987649,blackgram
60.0,50,54,21.61670130953141,94.2682324972864,3.504752314,298.5601175,rice
57.0,19,21,8.825674745,94.56089717769235,6.403167350861832,102.7995101358616,orange
8.0,91,13,23.868899767584367,56.7763634667621,3.504752314,68.84077411134629,mothbeans
0.0,56,16,21.486352538475835,66.37847396042113,3.504752314,30.90547865640257,mothbeans
80.0,43,16,23.55882094,71.59351368,6.657964753,66.71995467,maize
12.0,20,39,19.86173586,86.19740917,6.026999326,111.0217929,pomegranate
33.0,59,22,13.41434620614289,18.913290941679364,5.49178101056091,229.94991978070087,kidneybeans
92.0,18,28,20.252279177846027,73.6467876790605,6.571286482400455,167.22792974248185,cotton
0.0,21,45,39.30960765292907,79.53160683705048,6.072819165300118,298.5601175,papaya
108.0,72,46,25.16278237,84.97849241,6.110844721,90.94554618,banana
0.0,43,38,24.098980337457867,92.81013956663708,6.861606269667316,87.61004870793273,coconut
92.0,96,65,26.44487595873496,81.31057847786685,6.970878668677764,132.2069793226291,banana
113.0,48,21,16.11519752884339,99.98187601,6.092347255008441,247.52675613845605,coconut
89.0,66,18,24.199045883649447,92.28997912597578,5.998460565547385,48.19867779134163,mungbean
99.0,61,54,43.67549305,89.26517126077447,6.835127692659928,298.5601175,papaya
121.0,43,18,43.67549305,66.3904143510279,7.478785385334361,46.47080362008912,blackgram
115.0,31,37,24.17029090615612,88.80171511894203,9.041930967759097,275.5875137688792,jute
61.0,21,12,29.08562233731508,91.7589642320244,8.833554348106032,112.53104313703214,orange
81.0,23,35,15.57750359602684,72.6985508181174,4.18224085810027,155.21726137267535,rice
40.0,72,14,24.800077003598084,55.08044100604299,5.608619971686204,65.11916688148835,blackgram
10.0,33,42,12.13631652748013,54.68882975475114,6.876424846645542,108.6521364901791,mango
45.0,45,28,33.888996125154186,62.39150943266208,6.044397432319331,99.62509259289573,mango
26.0,67,24,36.97794384,37.73992903,5.642813116,161.48129630000005,pigeonpeas
20.0,55,30,12.892969097134964,39.993791108872855,5.648869718225599,73.72585830114818,kidneybeans
47.0,33,11,8.825674745,94.55313816924716,5.42024923286275,95.98183462468084,orange
11.0,5,19,38.07081597374578,41.69441297315228,6.604097836407215,109.0153247575933,mango
108.0,38,24,23.41022496,76.43836957,7.442217061,78.82199603,cotton
20.0,145,167,28.00859498869229,89.33878257106669,4.555677589696629,136.06860170091545,apple
0.0,39,37,30.597871152085013,79.27977102946711,6.007705192822697,66.41709531121005,mungbean
113.0,145,174,22.288393715885626,97.6663312476033,5.827441434402024,81.95285051043403,apple
0.0,40,29,34.07590573735155,71.83812770348567,9.93509073,62.1662453830829,lentil
0.0,52,24,8.825674745,40.60323690599233,6.96623070458584,114.38986567705618,mango
46.0,101,54,30.55873023319561,37.613832720075,7.438399359414913,255.4729047917828,pigeonpeas
42.0,62,75,18.17912258,18.90426935,7.010570541,81.84997529,chickpea
45.0,5,32,18.110060199194315,70.08330492725077,8.179877398272794,122.3168556510124,pomegranate
44.0,69,12,17.2704040926943,20.54451474929056,5.18323058044618,192.39357501319097,kidneybeans
63.0,67,21,22.93313301846063,35.5054570461521,6.662482784578253,90.8136174476698,mango
13.0,108,7,18.19764610991968,21.36674471216992,6.874126425274982,116.02063968666327,kidneybeans
0.0,134,196,8.825674745,84.65417877338653,8.192277175435162,66.95832746512521,grapes
22.0,43,24,25.42517036,53.22082660000001,4.52363558,46.19374559,mothbeans
9.0,141,202,21.01245395,81.17931863,6.119495295,66.38448261,grapes
47.0,63,16,27.44003279,67.10464369,6.661870999,72.50669768,blackgram
52.0,71,16,27.74274761,68.53997144,7.0758864720000005,71.78615328,blackgram
0.0,5,43,23.27667321960377,99.98187601,6.840416901176667,70.4602950703726,coconut
0.0,27,28,32.97817102766604,99.98187601,7.713276472192347,101.54473279865248,pomegranate
6.0,28,5,30.69690784739765,14.25803981,5.247892556393992,20.21126747,mothbeans
20.0,29,27,25.09897688,92.36099489,6.047044342,157.7592626,coconut
106.0,50,53,16.06482098028813,92.7349023303627,7.179856834389668,20.21126747,papaya
140.0,101,40,20.400324922758145,88.57221319189465,8.109524817277961,298.5601175,rice
74.0,120,45,43.07732169632074,94.79021798911891,6.819439006105644,133.85574824499227,papaya
0.0,60,51,23.931792689067777,99.6767007589643,6.620351865371295,298.5601175,coconut
114.0,40,17,24.32630461,80.13456404,6.363406102000001,69.45072055,cotton
29.0,83,205,22.21737208111368,94.17443404486345,6.01081878626109,131.49312317870317,apple
40.0,5,17,16.687229559809435,80.84529054614458,5.547849349362549,110.43724858002412,orange
0.0,44,40,16.482296340983176,99.98187601,7.813044732672129,114.4870686389351,pomegranate
58.0,21,22,40.158695446369975,78.87625667461981,4.718957516336013,80.49005835030562,maize
70.0,5,39,31.212282617090548,92.28822514177256,5.341331334427071,34.669362351505846,muskmelon
72.0,5,84,21.434188860581177,24.52404904406268,9.655825622282505,46.16104471127843,chickpea
81.0,56,36,23.39605743,72.60512854,7.097586415,174.78764109999997,jute
13.0,60,80,19.936760600901493,22.45274550198197,9.93509073,129.18642722365723,chickpea
34.0,56,17,33.4126864,35.42910045,4.548202098,139.6702541,pigeonpeas
1.0,135,195,24.56682102858408,86.49634920030365,5.443679730472408,83.97201806913014,apple
26.0,36,18,23.68071880283604,77.83721721097271,4.753542521291408,68.65923945658996,mothbeans
0.0,30,26,12.730922937498791,74.5045558633262,6.317156794428959,41.05407851828232,lentil
2.0,58,18,43.67549305,25.89609403110665,5.881036537219829,20.21126747,pigeonpeas
120.0,20,49,30.757287517294788,72.85126598586182,6.59842227372462,132.6402906474344,jute
140.0,6,56,20.666448323431048,95.9637172529304,5.827392048713931,174.64576108775782,jute
110.0,7,45,26.63838589,84.69546874,6.189213927000001,48.32428609,watermelon
102.0,11,47,27.98780984,92.78226196,6.504906978999999,27.14509034,muskmelon
24.0,62,26,26.27128121581126,93.39999589826768,5.343759311147438,44.47476150700134,mungbean
19.0,52,11,26.9409963805211,68.75305943843405,6.734245416335075,128.1699938007036,banana
82.0,46,26,25.49158911727429,59.32667521734778,6.161424857677087,241.36599374688973,coffee
108.0,89,53,29.12036889,80.18080728,5.908770059,112.3982055,banana
140.0,38,35,27.66375948483372,99.98187601,7.899860606076979,73.877223924732,cotton
26.0,51,25,28.76488954,52.62741529,7.792508067999999,55.21606732,mothbeans
13.0,46,48,13.312718742891054,95.60393209524092,6.919252018690105,298.5601175,papaya
49.0,71,76,19.71098332,17.63879418,6.613072145,85.57925437,chickpea
0.0,82,25,31.116535863093624,53.33952013262146,3.951626323761543,174.08929925070117,pigeonpeas
107.0,44,61,23.37076290601171,84.84502737194164,6.606102275692917,20.21126747,muskmelon
57.0,77,15,43.67549305,28.95197959683966,9.93509073,285.3776677950695,pigeonpeas
38.0,8,5,8.825674745,87.70980969054003,5.593891619634537,86.27020596323607,orange
140.0,85,68,23.08670963995102,81.69038774690569,5.786306144644219,122.80962583172324,banana
34.0,105,12,9.46252863497446,14.25803981,6.31539837321316,59.49490229132689,kidneybeans
71.0,52,43,26.47549543,73.96164569,6.732826127,180.2513601,jute
75.0,76,79,14.415105034994625,24.60053354828784,5.825551332240013,85.41160533443467,chickpea
42.0,61,22,26.27274407,62.28814857,7.418650668,70.23207557,blackgram
0.0,70,7,40.8501696846253,72.12883519287848,7.035160743248565,56.02946402951879,blackgram
4.0,43,18,29.02955344,61.09387478,8.840656256,72.98016599,mothbeans
59.0,145,195,8.825674745,81.41320648353476,5.5177884326805176,60.11014051845025,grapes
108.0,69,22,43.67549305,87.7606446349347,9.93509073,20.21126747,pigeonpeas
101.0,20,48,24.6774157,82.75411437,6.206247493999999,57.05709413,watermelon
43.0,9,10,27.949947059348748,92.20033609602356,7.310889552629475,57.68649435156935,mungbean
32.0,25,12,16.850603600619692,63.02989095380004,3.504752314,150.15144700780132,mothbeans
49.0,138,205,23.73919090838616,99.98187601,6.464256320164777,141.29493149569504,apple
105.0,11,39,8.825674745,56.36336522871916,6.806827147599984,108.38228821861712,maize
0.0,137,18,26.42365250519644,19.456365341573203,5.341863082980722,49.52273418448579,kidneybeans
20.0,30,29,24.86050815456614,60.25292294979546,9.93509073,20.21126747,mothbeans
11.0,61,21,18.62328774,23.02410338,5.532100554,135.33780330000002,kidneybeans
13.0,17,46,43.56055438442253,99.98187601,7.201303345644856,298.5601175,papaya
70.0,77,69,14.997105583709104,44.41603779598525,5.963103440120115,221.9881822051712,jute
63.0,37,43,23.41798979,85.08640476,6.661957897000001,185.7446728,jute
140.0,5,22,29.13623315489412,70.70968082742105,6.108229763419456,123.1372767617114,cotton
15.0,8,23,28.439750844068843,68.95268407951448,9.93509073,126.6650084348198,mothbeans
84.0,71,41,24.446307543544624,67.00282778581794,9.228602011007585,114.51587411147672,cotton
28.0,14,56,26.389338280778567,81.6954363339053,7.317686315400901,80.9521639223143,watermelon
95.0,16,46,27.076726500000003,90.14362622,6.74669542,24.4514648,muskmelon
0.0,19,22,37.38425415781914,45.00807155499208,5.043874673687004,90.05747728533731,mango
83.0,38,35,25.70822684,52.88667115,7.18915558,136.73250919999998,coffee
13.0,17,45,21.25433607,92.65058936,7.159520979,106.2784673,pomegranate
17.0,87,62,8.825674745,96.549175099274,7.625814748178194,20.21126747,papaya
0.0,5,57,17.540223669301852,98.0947208698324,5.967493148751023,99.45635741353156,pomegranate
14.0,18,35,31.09154239,47.02058367,4.791146778,91.46664318,mango
139.0,84,44,26.62099199427248,75.49251130901304,8.113121820801151,75.20475478447594,watermelon
22.0,42,22,25.54249137,56.96640758,7.887658711,48.46797044,mothbeans
50.0,64,25,28.84079155,63.37230676,6.734447425,70.25496749,blackgram
28.0,55,11,33.595666809717216,64.82315232381254,6.403167350861832,72.43420438243373,blackgram
20.0,19,13,15.077612264131744,99.98187601,7.746555987100979,20.589849834289936,maize
73.0,76,76,15.645233272375346,14.25803981,5.566604763025122,65.19826017246561,chickpea
65.0,9,24,22.300115412682125,48.20255552375652,8.709604331285927,45.41931131435797,coffee
51.0,47,18,32.78186081925064,99.98187601,6.109327959389013,129.8140220558153,jute
0.0,5,49,30.092797960431884,99.98187601,7.436210708454321,93.06818686255846,coconut
33.0,5,46,25.51230712343144,99.98187601,5.0220983395424685,164.99479424730742,coconut
6.0,34,13,28.84484129167847,66.02590407766381,8.789679683673038,54.03217934646925,lentil
40.0,5,17,32.25245692413226,86.28724085187636,4.663524785491958,110.31476381128356,coconut
55.0,14,43,27.93077922834005,88.29162482540283,6.898167748911461,20.21126747,muskmelon
54.0,30,33,22.56191771668112,99.93790631464032,8.45938137326049,108.63494197995765,pomegranate
45.0,31,16,32.80110392922772,92.68960032310235,7.821434653707391,104.6105702048808,orange
0.0,86,28,26.66186313583631,63.593050276272926,5.101141646305633,64.508210882318,lentil
84.0,79,39,20.960953133665456,65.17993489318928,6.912057431853063,198.3949176459072,jute
59.0,5,26,17.55123569393892,75.78730968332397,7.086455133610828,186.8446462139632,rice
57.0,64,54,43.67549305,99.98187601,7.243910496661674,184.9971710364281,papaya
113.0,29,41,20.311973412807244,99.98187601,6.332779679124038,154.09965379618865,jute
40.0,42,7,8.825674745,26.42339284452812,5.745950957329381,298.5601175,kidneybeans
128.0,49,25,25.3004060039178,32.49759879496861,8.230536132379202,53.38590965344656,coffee
29.0,45,16,28.43683487,87.91332682,6.583381939,43.12063289,mungbean
85.0,128,195,30.499994417174992,91.73797572241892,6.506033340867006,113.2864145570048,apple
85.0,96,44,24.63593604251614,49.561909626733,7.702721865159984,132.50695067150565,jute
86.0,31,73,18.093018074817955,21.95797489334199,7.428490304803776,68.65413992526102,chickpea
32.0,13,42,23.50128217,92.97527546,5.786058032000001,90.17794873253304,pomegranate
3.0,45,34,18.35428152738892,29.477856589219662,5.8102422804617255,138.99452466774432,kidneybeans
3.0,101,203,43.01129435620291,86.35265308712626,3.504752314,66.96151424668528,grapes
81.0,41,38,22.67846116,83.72874389,7.5240800760000015,200.9133156,rice
14.0,84,23,27.782656159085377,73.21456658047629,5.379370341109078,58.92420102448752,lentil
90.0,44,38,23.83509503,83.88387074,7.473134377,241.20135130000003,rice
93.0,32,43,24.29814786385901,83.24995376502032,7.710421339247103,20.21126747,mungbean
85.0,145,194,29.30778296299534,93.3245618332168,6.773525373065933,61.812926682838665,apple
78.0,29,64,24.720005324506293,99.98187601,9.634586173205768,220.7079739279864,jute
30.0,63,15,42.00183014973284,54.34397088025892,3.504752314,106.87344026389162,mango
101.0,63,27,8.825674745,25.53500925120879,5.44676250471335,173.4243480312569,kidneybeans
51.0,72,75,18.88852533,14.99451145,7.1042247970000005,80.11133840000002,chickpea
88.0,21,27,24.43011925,66.02411187,7.231166546,181.6368274,coffee
52.0,123,41,21.98181014159527,71.27681930742055,8.58334425506679,44.17754099112605,blackgram
73.0,83,87,11.061869621413848,14.25803981,9.272534390132426,61.62677126661356,chickpea
113.0,30,37,20.54302218411656,81.65291922133082,7.859566091624719,27.93394437689841,rice
45.0,24,24,28.64858280257707,87.49033115835825,6.986312737176496,40.934613547929246,mungbean
140.0,54,34,22.00710857323421,89.62780577241122,5.064287792862792,202.2667975883596,jute
0.0,145,205,25.334279459078545,90.61641358527471,6.01153456618049,102.0135049532162,apple
23.0,75,25,31.07508973,47.19847683,7.077170002000001,91.31256412,pigeonpeas
4.0,95,17,18.150871315822787,75.05257007570306,5.8899053234155945,47.07482948573778,lentil
45.0,5,5,25.59988778170115,73.00919265152946,8.757263322085405,20.21126747,mungbean
140.0,52,13,28.276382653052305,64.01219956222006,7.461950443358976,68.3955738322019,cotton
0.0,86,75,22.44407992533887,20.64430224841366,8.197752823418602,113.3561346294787,chickpea
14.0,5,14,43.67549305,95.41649785502644,9.22781312261219,114.87612761946556,orange
32.0,117,196,43.67549305,84.95178013295869,5.610616288091679,75.77010983564816,grapes
26.0,105,83,22.00168062881909,22.316554117573723,7.985621771335699,65.72575428960376,chickpea
0.0,48,25,29.694223587882306,93.8158089931942,5.999917157132033,20.21126747,mungbean
36.0,144,196,23.65167552,94.50528753,6.496934492,115.3611268,apple
75.0,36,30,28.19721681037484,99.98187601,6.124285478383514,58.23154992878999,watermelon
58.0,46,45,42.39413392,90.79028064,6.576261427,88.46607497,papaya
91.0,52,20,26.640280590710685,77.64548475496653,8.040009649097819,121.40448015678268,maize
25.0,13,29,17.447342934648045,92.22285722203836,3.504752314,85.88953019284004,pomegranate
0.0,5,23,29.445866135143373,99.98187601,4.213823159884469,203.94599965489573,coconut
0.0,131,204,28.26075505578466,87.93666664439951,6.522493508690017,127.39066920509228,apple
0.0,58,10,43.67549305,47.32338842912549,8.455358114922031,45.3215859554216,lentil
136.0,62,25,21.4302101031988,91.88065895243044,5.069847189469124,62.26525397993843,cotton
82.0,145,203,43.67549305,83.51412879603244,4.166051053010614,72.78967668201108,grapes
69.0,46,41,23.64124821,80.28597873,5.012139669,263.1103304,rice
33.0,31,34,31.32995611,50.22287593,5.421265282999999,89.78216168,mango
62.0,5,37,30.55907097410432,99.98187601,7.474047124837786,188.0613291368696,coconut
79.0,43,39,21.66628296,80.70960551,7.062779015,210.8142087,rice
32.0,16,45,30.10992463131512,19.925590820213763,3.504752314,20.21126747,mothbeans
93.0,81,50,27.71822477,76.57853189,6.403167350861832,102.2099836,banana
67.0,58,39,25.2827223,80.54372813,5.453592032,220.1156708,rice
86.0,81,8,37.4192918617544,62.14219421830116,9.252146517135587,71.09912325430258,blackgram
0.0,139,205,8.825674745,87.63582227830557,6.344242751669791,65.54028002637024,grapes
7.0,63,24,19.55750776,64.45268309,6.818681086000002,53.04669416,lentil
114.0,48,48,30.647608558970447,76.67547991676906,6.559784245974894,66.33305866188337,banana
0.0,18,13,43.67549305,58.91172375258135,5.087831778485262,128.33813231155236,pigeonpeas
1.0,126,205,20.38021461076093,90.79651212443392,5.614196954787542,75.81860408308972,apple
45.0,56,34,20.650064421873285,95.3059250875191,7.845405891677836,101.00974841339116,pomegranate
121.0,76,37,22.899307469212577,93.79892928307984,5.675127705260059,94.83145902008044,cotton
123.0,66,21,25.80568887720036,99.98187601,4.474725258582827,140.76185549849978,jute
89.0,11,47,29.78714005,94.65343534,6.327822962000001,27.8659442,muskmelon
0.0,15,37,29.1777954307414,99.98187601,7.633598254583212,45.37153331080098,mungbean
126.0,64,36,31.26946475884205,90.00677016718828,3.792350046420881,235.2005882954572,coffee
11.0,145,191,19.59975304975388,99.98187601,5.76825159672322,129.83270843371065,apple
25.0,55,23,29.22354259519659,39.18781257513453,6.403167350861832,20.21126747,mothbeans
8.0,102,36,24.651193980232648,57.02856209785115,7.994775391151283,226.8125023662386,jute
28.0,76,82,20.56601874,14.25803981,6.654425315,83.75937135,chickpea
105.0,14,50,26.2148837,87.68839820000002,6.419052193,59.65590798,watermelon
64.0,45,43,25.62980105,83.52842314,5.534878156,209.9001977,rice
40.0,99,19,20.002329572131167,74.24419365703875,5.329786437407717,85.66120437089586,blackgram
45.0,63,15,26.42333018,64.51136845,7.338929556,63.46546487,blackgram
11.0,55,30,25.49158911727429,99.86052996787892,4.8374818310712975,99.20783176867008,pomegranate
47.0,145,191,23.35026792332614,80.61501858696752,6.326659999155203,87.87686344054134,apple
45.0,54,46,39.73149053,91.12220596,6.919342407,122.7628653,papaya
0.0,5,44,19.403961688040862,84.8375663082395,4.461247180801375,101.47706731374404,pomegranate
97.0,71,85,25.42047676112124,14.25803981,3.946671008161059,121.13133821987564,chickpea
26.0,52,23,29.98835437,49.60384796,4.931890506,52.92929636,mothbeans
73.0,34,47,34.5614549142403,81.48196392110694,5.965234436444143,130.7249770539714,rice
72.0,5,31,10.04377838283851,61.96797632150204,5.398615844891692,91.5505513025225,mango
47.0,50,29,20.96850469891096,22.9426167520804,5.051923822130653,117.45047859235288,mango
64.0,85,30,40.79187417485561,63.87773242719935,9.153995295607729,37.885311435097606,blackgram
71.0,66,35,25.89658446991878,85.76532635005054,5.810018620732513,206.23579956602853,jute
0.0,5,21,31.61618768929486,83.82375227076957,8.62985769033338,52.632280594712,mungbean
96.0,63,11,25.49158911727429,89.32242397628072,5.865643122734652,31.749373295381595,maize
138.0,40,55,29.36283116826173,81.89860482020329,7.292052532786454,32.09713774327787,banana
87.0,21,52,27.350629600000005,94.29119509999998,6.067665497999999,27.21244021,muskmelon
33.0,7,15,8.825674745,99.20375163103986,4.368802422581655,108.62012988037016,orange
127.0,5,28,25.07377411481116,71.92851982826613,6.000336402189878,27.29553164860772,maize
83.0,58,45,25.75528612,83.51827127,5.875345751,245.6626799,rice
88.0,139,205,22.16876546028019,83.92132311126596,4.902510943829209,67.76208135116453,grapes
108.0,59,91,21.419567724718263,20.707006910017505,6.339184791451497,43.76832212250771,chickpea
140.0,41,23,32.27562922564209,61.31868254005341,4.335866472435903,56.8889808721741,cotton
12.0,38,13,27.70237125760318,79.29967817136267,7.80648248940308,53.37099352377262,mungbean
33.0,73,23,29.23540524,59.38967583,5.985792703,103.3301803,pigeonpeas
40.0,73,20,21.59343016,20.31871249,5.811314232000001,61.13872036,kidneybeans
91.0,38,36,26.5232969,77.17331847,7.287318722999999,157.8548562,jute
101.0,60,21,43.67549305,43.57949335029154,6.571951907177158,67.4119395674736,blackgram
66.0,24,6,23.8186370746794,49.91286064672832,4.0960076070984535,87.43765748909782,lentil
129.0,20,44,26.618170853891822,96.2044348618126,5.754358779866818,25.67145344943873,muskmelon
140.0,80,11,21.15661325765248,58.72226203548814,9.93509073,22.738910844280703,cotton
76.0,48,18,19.29563411,69.63481219,5.77597783,83.21030571,maize
17.0,132,196,18.682914204951057,83.9698273057088,5.904672019121831,76.30683898693911,grapes
78.0,100,58,32.79613732016466,82.69297028953821,5.558879520812715,36.20523025279546,banana
126.0,37,47,18.715877834773515,90.27735675994188,9.284151141533892,117.49240637234892,pomegranate
0.0,67,24,8.825674745,71.09042174201815,3.84740100762678,20.21126747,lentil
29.0,75,17,38.14712119395784,79.74926223683647,7.825200996702616,20.21126747,lentil
48.0,14,46,26.507646723890463,96.58051440806489,5.144315488596039,25.24282530509743,muskmelon
0.0,67,19,25.49158911727429,47.68309693196319,6.7261504583746445,79.95007188911636,blackgram
29.0,38,5,16.846893607252863,91.38383310965332,4.66146009653203,86.6649038914852,orange
135.0,85,21,12.612730407936525,86.99355318758376,6.622391298857468,140.89918921011216,maize
36.0,41,18,27.47804719700096,14.25803981,9.93509073,108.11789133620724,mothbeans
0.0,59,23,29.49467209171848,99.98187601,7.160065016816745,20.21126747,mothbeans
108.0,17,34,31.98149514394288,87.17325408213543,4.650203105452467,156.85614565081724,coconut
101.0,61,45,20.81859303932977,87.01382268291789,4.749767291483854,77.11392618246617,banana
102.0,53,53,28.89856768473514,94.56940218976293,5.052420263553588,34.582856539612195,watermelon
84.0,38,57,28.561263465833715,93.98823567732748,5.888010463058523,36.56352108782546,muskmelon
98.0,8,51,26.1793464,86.52258079,6.25933595,49.43050977,watermelon
140.0,13,47,24.064988451156708,78.87764931869994,6.652189739203926,20.21126747,muskmelon
92.0,56,61,24.99386396738525,77.95263253466558,6.043122958411964,104.18530332420488,banana
39.0,28,10,31.34920143,91.48247612,7.181907673,109.1549823,orange
109.0,35,33,30.48097404882409,92.16297810899988,4.471359657821503,97.69803603615144,jute
33.0,75,21,33.04687968,68.93875631,6.690655045,62.30278274,blackgram
4.0,73,22,20.6249439022622,85.99138295204665,6.403167350861832,57.72039518943426,blackgram
15.0,5,27,29.263804725359662,59.48250513609172,7.842846918005092,43.48341962336016,mungbean
139.0,72,42,29.61517208499448,75.11644596045507,4.925251768907109,94.37334625364724,banana
36.0,58,38,28.71466964257832,68.48732732541417,4.288723967478229,98.10557956932728,mango
140.0,23,44,26.870257677818618,92.3996320006082,6.403167350861832,23.820609253809124,muskmelon
35.0,72,21,34.03619494,64.28791388,7.741418772,66.85510868,blackgram
47.0,42,18,14.752851479700428,77.52712854749649,7.297362457472463,94.56938498972376,maize
54.0,101,63,29.506297232699893,98.43278505274336,7.086730008905287,73.36542853029032,banana
140.0,31,43,25.49158911727429,84.80985777352792,6.946574384493072,29.76836709882995,watermelon
60.0,51,35,23.09207150776268,81.84175926081934,8.536361551782843,210.93516595775628,coffee
41.0,21,17,43.67549305,93.4829756182472,3.504752314,36.58069290040993,pigeonpeas
49.0,76,76,24.83312626197669,20.08133554609407,7.104969395230549,60.59692642475976,chickpea
110.0,30,17,29.221943865457344,62.379047014575065,3.504752314,71.33554239985666,mothbeans
14.0,10,54,34.32207608086754,89.64071497933095,6.074641927995295,105.00269345186952,papaya
25.0,54,15,24.449718820090503,73.67901407861946,5.9754719876496765,20.21126747,mungbean
140.0,38,72,23.25767198084404,97.20545047615244,7.559557727061243,68.38462699054077,watermelon
0.0,35,48,23.56870822279468,82.90342583263238,5.5588254728953,182.76435257709525,coconut
107.0,45,37,22.782449852609425,83.67513629313827,6.184101429009904,276.0839310026808,rice
49.0,40,26,43.67549305,31.40855107736952,7.596346474093202,36.58764208973632,blackgram
124.0,51,40,16.404041550630755,67.38582426674917,4.7220305623961405,20.853162647035603,cotton
58.0,32,20,14.394643490502371,82.73926164346197,3.941499747648129,205.58032225246853,rice
0.0,5,45,19.564545649029192,78.66422105142806,4.406306049050013,106.57989184674042,pomegranate
0.0,97,79,17.11338491017355,18.527228676836263,7.183779579212282,73.52117870551923,chickpea
57.0,47,15,25.6485872672616,91.3231908261022,6.059986212775853,79.52843358589749,coconut
0.0,86,18,34.87767928840019,33.74695502355958,5.655927614675483,85.81508329717892,kidneybeans
23.0,6,33,29.18032562,92.73041222,6.025789594,204.9603677,coconut
97.0,74,45,26.47522633,78.51833782,5.677719902000001,113.1161095,banana
35.0,70,55,38.40495767749415,90.189798387811,6.125781310303248,298.5601175,papaya
50.0,67,80,19.05226153905732,14.25803981,3.504752314,98.0713457879896,chickpea
77.0,27,5,14.718530837892548,89.18813803239699,7.7187911597039,120.88667257048944,orange
119.0,52,18,28.77867519939371,80.3082427727781,7.116002194210893,265.4075790881233,maize
0.0,29,5,22.43797603196104,97.03973965290328,5.3123800236990935,78.26983013650784,orange
80.0,145,202,21.34142944403256,91.73547294878269,5.831113204986108,137.41992946907197,apple
52.0,60,79,19.45339934,18.23490739,8.380185271,75.6317566,chickpea
32.0,5,16,29.29264559902146,97.30884079738496,6.512653312324579,224.74292711536617,coconut
0.0,93,61,19.641772071959632,18.38933212430788,7.766366999850039,68.07587058833722,chickpea
41.0,88,5,20.04284454381827,78.54441655925531,3.504752314,29.701779643405168,lentil
0.0,144,188,25.0495875984637,94.94462050667596,5.586395537925181,94.06936454669392,apple
0.0,131,205,21.99480273723498,99.98187601,5.199896140260734,162.92373871978856,apple
39.0,65,23,25.43459777,69.12613376,7.685959305,41.02682925,lentil
27.0,61,18,33.30711818,67.07780816,5.266227032,108.5090168,pigeonpeas
26.0,51,15,13.366750585913882,24.24499830438,5.743013623377035,298.5601175,pigeonpeas
9.0,38,25,34.58561471,50.34035336,5.497946899,100.3060719,mango
62.0,65,16,30.65126938010997,72.09819221161503,9.065960987100652,93.05009574109238,cotton
0.0,36,15,14.168902639743484,33.80553989128215,4.803701171096034,77.30007956631886,kidneybeans
90.0,5,24,20.39226084009059,74.04776108477087,5.443632971982701,61.68688346664315,maize
76.0,5,48,26.859981917874,94.38643490024567,8.255993946755865,80.09032955730353,coconut
127.0,7,74,27.3311909357956,81.17726471237442,6.997431867846799,20.21126747,watermelon
70.0,68,44,28.374243962883444,76.89508665962106,7.511846102300288,40.48375672478996,watermelon
100.0,5,31,23.273897752873577,20.309394665962863,6.3964376412981805,278.1374416505267,coffee
70.0,17,51,36.16898831993593,79.35229285074325,4.639818295064419,28.537299067614924,coffee
18.0,109,46,26.34068756489922,91.3545398670148,6.7535349651824665,298.5601175,papaya
128.0,81,50,26.7811907783504,74.08232281013953,5.640246689618246,126.89358817968896,banana
76.0,28,74,24.561786297021303,92.12636481143792,5.417601050539197,43.456463978665454,watermelon
27.0,71,23,23.45379018,46.48714759,7.10959773,150.87122019999995,pigeonpeas
109.0,8,56,33.25020171507118,99.98187601,5.723264311526379,26.35924007646396,muskmelon
50.0,61,36,28.6618863788695,99.98187601,7.982685545211741,116.379099483453,pomegranate
38.0,92,9,8.825674745,27.03853674975355,6.355159457149983,131.0490608871659,kidneybeans
70.0,74,33,21.188040689114743,79.88276919639911,6.258618572188501,200.0073240300684,pigeonpeas
35.0,63,57,43.67549305,90.9445151717224,7.413003291614812,20.21126747,papaya
30.0,65,21,24.86584430789983,91.65569484731157,6.424198344784018,265.8304736742379,coconut
106.0,14,45,24.47018505,84.16390229,6.417011754,57.26773002,watermelon
38.0,112,13,11.741897858955303,64.35544946102367,5.250895649069875,20.21126747,lentil
0.0,5,24,32.69668686380482,63.67180934422058,4.31720831365006,78.92179546566514,mango
95.0,23,45,27.82424457,90.56698742,6.266208727,21.19014526,muskmelon
0.0,60,26,10.063330469380464,21.263756441733094,6.0901716033496855,129.28033545476933,kidneybeans
44.0,54,29,28.68899473107267,44.067762896500646,9.232934613307265,20.21126747,coffee
107.0,48,13,30.01192412713364,87.94860351129377,6.009816531501663,71.26165160292149,mungbean
102.0,25,41,30.70763083134761,84.90473966501912,7.080721879329202,20.74085219709724,muskmelon
2.0,5,24,21.825898333080133,90.30708482901298,6.344249596462433,144.47210744033524,orange
7.0,131,200,22.43173150391641,85.0046588272288,6.362934023361507,140.20101492672546,apple
46.0,77,76,19.269573154363027,14.25803981,8.832741215502539,38.98195489810725,chickpea
32.0,23,44,24.573725270707484,89.73661261111712,6.896681561690635,124.26228094283536,rice
50.0,94,202,20.67210734686053,97.89496113809588,6.330308656979351,159.5084013409967,apple
2.0,5,29,38.80713432849165,99.98187601,3.729682974137676,112.86656796274752,pomegranate
21.0,52,34,28.803312829422403,74.25772393558418,5.161640267635601,50.022136963423854,mungbean
35.0,23,17,37.69854771010911,99.98187601,8.258705804451496,136.57830245187276,orange
10.0,79,11,29.00200445197821,59.09711230973159,6.294276749176706,84.21359510195072,blackgram
25.0,121,201,30.50734778,82.71775569,5.594240602999999,70.08200379,grapes
140.0,41,19,27.1529345546878,72.651058055762,9.93509073,76.04649956230347,cotton
32.0,48,18,26.45707778,56.40226277,5.993513566,64.16167699,mothbeans
24.0,131,196,22.03296178,83.74372787,5.732453638,65.34440794,grapes
119.0,68,46,19.40879193410461,60.25664679105771,7.996700820055336,104.87467074357868,coffee
41.0,145,205,8.825674745,77.8850308660069,6.898120432410972,47.49224836354729,grapes
91.0,5,21,20.257378577439123,79.04445178672812,7.942077308524887,86.80085806428089,pomegranate
108.0,98,81,25.505882269721443,81.3291248426237,6.000246644785017,140.88176767479476,banana
46.0,5,47,27.17540231206776,89.0015957240864,6.203811003222873,37.080301081311,watermelon
140.0,44,23,29.89066443727028,85.51263049524637,3.504752314,119.97285507715144,rice
50.0,58,66,43.63514216972796,96.03927077375926,7.262694258484355,296.504010240186,papaya
109.0,5,43,20.347900819644337,77.37644090717667,8.082101814021431,125.86106094097116,pomegranate
22.0,63,25,8.825674745,68.83999108428594,9.19684201848657,182.178131978344,pigeonpeas
30.0,61,18,27.14911056,67.02664337,6.157782589,52.50812701,lentil
62.0,7,29,43.67549305,94.6378116329128,8.63035710849466,117.45084158441963,orange
67.0,35,22,23.30546753,63.24648023,6.385684213999999,108.7603001,maize
132.0,5,55,25.49158911727429,74.22675998030647,8.586763093592868,53.67173920201984,watermelon
50.0,76,22,34.048685042419,51.41653995028111,6.126350006240624,64.09335861157005,blackgram
21.0,17,27,36.97503721752817,52.72130658247883,8.564532684823803,97.67180185202604,mango
0.0,27,24,18.7374080054313,56.26507359000082,3.504752314,30.93887988802276,mothbeans
60.0,100,66,23.86743762699272,91.8019533202641,6.275082199136227,107.10036276499548,banana
7.0,62,21,10.647564407226904,14.25803981,5.8073513414517794,236.37969582661475,kidneybeans
8.0,145,188,22.33974469073313,84.33661407354774,5.94231458135499,112.39100456345793,apple
83.0,49,11,22.023223582358487,67.98438155593526,8.880769506591157,138.86646311011896,cotton
52.0,79,36,33.75502690055861,28.43652740909747,9.40003697719022,181.18285391380243,pigeonpeas
34.0,5,38,27.12094841052476,83.7138099293728,3.504752314,109.35232449491056,rice
26.0,38,36,25.89128099207648,79.84473902847455,7.552590195298202,55.38575417773047,mungbean
0.0,53,36,33.95087776866689,98.09229728986804,6.872565681269382,224.36984974622465,coconut
114.0,29,61,30.254896096617628,89.87123367763348,6.744065810121355,25.313498407858354,muskmelon
104.0,91,46,25.72101845608954,89.21862245095662,6.349520282377885,80.34791772604883,banana
7.0,145,188,20.75985122164704,94.62828295334693,7.228950245052075,117.5700567538909,apple
45.0,25,56,26.70978858075151,45.19072443005144,7.128454147356456,138.69705995109888,coffee
34.0,17,21,21.17340440100961,68.58791522041668,7.204830068439451,45.96093033469891,mungbean
55.0,42,34,10.408672560586572,20.27199676289105,5.936338398712679,219.3899021502456,kidneybeans
19.0,123,200,34.76086052,81.03544763,6.167013532,65.70430027,grapes
40.0,17,11,33.93554745412003,52.51819038671339,8.139465107591443,249.9494032930124,coffee
27.0,76,27,8.825674745,46.2665836551545,4.110416364379277,153.7163234188833,pigeonpeas
11.0,22,54,33.37612979405252,99.98187601,5.991215066776283,219.71217205290424,coconut
0.0,57,18,31.18169624911391,99.98187601,6.680248641135797,59.93127492377855,mungbean
42.0,5,5,34.078097393583484,50.496890937934246,8.519204473926646,289.53217738645685,coffee
36.0,5,31,17.44000359993559,52.802187553326114,7.727619084242351,104.40061437013352,mango
0.0,145,203,9.493042832141908,79.88276919639911,6.803079295565131,61.384369065641934,grapes
20.0,60,78,18.17234999,14.70085967,6.358740355,90.17794873253304,chickpea
135.0,53,47,28.85262758796977,14.25803981,7.047211398598138,147.6040055433179,coffee
65.0,117,59,24.69833956669468,43.22083933102565,6.403167350861832,153.12143152495565,jute
62.0,38,71,11.741217426019611,93.82993826553164,6.294218618497186,20.21126747,papaya
21.0,72,17,31.52104732,66.55723677,7.580527339,61.71111448,blackgram
17.0,58,20,28.06642822,85.91625451,6.42937879,39.23831035,mungbean
97.0,5,5,25.197980860498483,87.71784156326207,9.320167891124976,109.96793714455522,orange
107.0,40,89,16.923759889285936,15.406138016383805,9.15908930546846,108.89764681265646,chickpea
85.0,9,53,28.20619412,92.86798698,6.447662945,28.78654515,muskmelon
7.0,33,24,26.886583942469034,58.23652631803037,6.152485055082014,89.02630504324341,blackgram
48.0,102,40,24.50540696678168,79.87372364002593,7.30429146613843,86.80670580727912,banana
122.0,38,59,31.148504620226248,89.40288318667865,7.0326903614627545,20.689611921150345,muskmelon
34.0,60,22,17.66148158,18.15302753,5.635231778,100.6711761,kidneybeans
7.0,5,50,9.313312464802182,84.93859941446463,3.504752314,90.17794873253304,rice
75.0,36,11,31.4165391458431,90.6588545060415,5.090436400538881,39.407351348675846,mungbean
39.0,77,17,43.67549305,54.05135148516325,6.025422011405244,40.7164484967042,blackgram
0.0,77,11,37.31236740840838,69.40891496085364,8.428552272836331,64.04911366075042,blackgram
135.0,69,37,23.949391799438946,82.985118310831,5.302803671560765,110.91104295310808,banana
63.0,5,62,31.511468682570047,94.33433241118978,6.277196703247613,83.9128850288746,watermelon
116.0,79,12,36.65669460314833,82.84097493617497,5.384123240263358,90.59657719753623,blackgram
133.0,100,62,33.72932591238285,76.55588549850954,4.2882658459406535,73.2784188121974,banana
25.0,78,80,21.90326226356084,26.57450699962397,8.26803419286687,92.76021163486294,chickpea
130.0,5,59,26.19097404464004,91.64365033592412,6.135727711274239,20.21126747,muskmelon
45.0,59,30,23.410141268903573,21.579722586847595,5.442872158346946,20.21126747,kidneybeans
91.0,5,49,27.58298360328164,75.7189652801002,3.504752314,217.92212590827216,rice
133.0,89,58,23.66490418648152,77.08634227356357,4.780266869265642,114.58979664218002,banana
37.0,88,21,24.639721850158463,74.81853283108528,6.440040993531257,107.12443892834688,cotton
111.0,6,53,26.493064500000006,88.59143088,6.313512998999999,46.06382209,watermelon
0.0,38,38,25.49158911727429,81.93940709421855,6.403167350861832,103.59099483015346,pomegranate
56.0,84,83,19.921970391353213,24.107082134170632,9.93509073,102.2383725006742,chickpea
77.0,5,25,25.64659390491664,90.66003612095108,6.729656731233352,86.18730997904746,watermelon
40.0,41,42,23.366567513043183,84.60126148701934,8.432285005773814,160.43385476708642,rice
36.0,7,57,43.67549305,88.90822096320068,7.613700866483653,86.34305985801547,papaya
64.0,31,37,16.31898067083233,99.98187601,7.569221439208961,255.9462275894097,coffee
48.0,27,35,12.298115832581974,54.48421438281994,7.587072753518909,20.21126747,maize
83.0,121,73,29.51088426186753,69.26466211531066,4.9128721361514,190.27842212418005,banana
92.0,74,23,8.825674745,68.43494972571358,6.13067567344719,75.66360943932386,blackgram
105.0,30,50,25.29954705,81.77527562,6.37620108,57.04147057,watermelon
0.0,43,33,30.36495688475813,83.34005996355438,8.611522052880032,64.82272298319582,mungbean
140.0,55,17,20.16305609564914,62.66540544360993,5.283649905780447,106.54185235430168,cotton
14.0,91,34,20.921495610644207,24.998656924612103,6.233570787852141,20.21126747,kidneybeans
99.0,6,13,35.02306039608576,55.6943909059265,5.790957425114471,275.93202020452424,coffee
16.0,51,42,29.68425802744044,87.68341037546554,7.622991645987985,76.55482667304572,mungbean
20.0,101,31,37.74519473527959,59.53669499715999,7.604010443067936,74.23393016427734,blackgram
39.0,62,12,9.62565156209252,87.120448734424,7.168909927413318,92.05864229181822,blackgram
1.0,32,7,13.266097816058998,66.05014961867694,8.118469418963588,45.82415354449893,maize
35.0,35,14,30.255561134026383,91.91759266167712,6.074288947669039,22.881424656296605,mungbean
74.0,39,23,22.6265115,65.77472881,6.78073637,88.17251033,maize
17.0,73,18,19.50112224,34.51086611,5.632353113,197.3752649,pigeonpeas
100.0,51,22,19.980588925149224,43.49782074545096,6.3314308933790775,111.1907144142244,coffee
17.0,59,17,18.416700100000003,23.42829938,5.689858133,132.9801054,kidneybeans
33.0,134,205,21.0365275,94.33919546,6.08551916,114.7412734,apple
73.0,5,34,31.30188772977733,84.43912866510507,5.664408024000621,133.62490283606297,coconut
127.0,67,20,31.46125675746851,96.1529612096414,6.463319022088299,90.17794873253304,maize
99.0,55,28,27.23360048003976,63.511692316287935,7.085495932130899,187.94143168265063,jute
140.0,52,52,11.003375110099018,90.72447641405788,6.284133848073745,20.21126747,papaya
4.0,59,22,29.33743412,49.00323081,8.914074888,42.44054315,mothbeans
0.0,78,42,16.848264971836276,75.84502097199373,5.165340413949882,33.204861689340845,lentil
134.0,15,45,21.09382996237503,92.27593111367204,5.920351799545912,57.51683261885408,watermelon
98.0,68,48,30.88266543487257,96.88104405351184,5.189779628271703,121.00457428435092,banana
103.0,31,56,22.929720423446035,91.0180914910307,4.732908558986624,31.809888413231207,muskmelon
60.0,5,34,32.83164783757091,79.56764420104268,8.016233267720624,106.53569457932544,pomegranate
42.0,79,85,17.22385224,15.82069268,6.129533877,76.57580954,chickpea
99.0,38,21,22.88330922,71.59722446,6.403167350861832,67.72777298,maize
57.0,60,17,26.23773129,67.88521396,7.504608385,73.58663968,blackgram
97.0,16,19,31.27370306213933,46.15318539230387,3.504752314,113.76703717114628,mango
47.0,27,22,28.815107671803904,86.8501097362361,5.271137790021208,67.13515663530723,mungbean
4.0,21,46,30.026796995853537,93.36347964502296,5.723885454555257,102.3140271643991,pomegranate
43.0,76,28,20.578678388184663,89.08324994101898,9.706575895795211,187.0855017055576,pigeonpeas
18.0,52,37,35.33938862483759,46.26891373969907,9.926187883590206,83.711978996965,mango
110.0,32,48,28.298780139013907,87.60798706282495,5.357384853787195,30.808053551650342,muskmelon
97.0,8,52,24.9103226,86.97190046,6.237861736,49.48575692,watermelon
113.0,38,20,22.10718988,78.58320116,6.364729934,74.94136567,cotton
94.0,22,37,31.18573722230572,78.89067907267133,5.203164222174736,79.21613488946147,rice
11.0,56,42,23.3330851676388,52.03253322371633,5.4392723260748,45.97630191828523,lentil
32.0,76,15,28.05153602,63.49802189,7.604110177000001,43.35795377,lentil
0.0,67,29,19.103994382209805,85.86813659532747,5.604020655075634,20.21126747,pigeonpeas
63.0,74,11,30.03599878688392,89.09396705318113,4.551918269823166,86.40865541299299,maize
57.0,52,36,25.85298752911732,84.09356044735794,6.001505707047474,199.58462172924047,pigeonpeas
91.0,56,37,23.43191632,80.56887849,6.363472207999999,269.5039162,rice
72.0,58,66,24.728694290981505,78.76456666147746,6.706974769050772,186.7164867238971,jute
42.0,47,39,30.24413391742509,40.58430339971366,7.339519680960145,135.32745527181385,maize
32.0,25,9,10.35609594,93.75652041,7.796034006,101.1456947,orange
31.0,75,18,15.46789263,21.43780702,5.824208308999999,88.88796102,kidneybeans
95.0,30,52,29.48069921,90.33698678,6.640470862999999,26.0365768,muskmelon
84.0,65,49,34.58024762810021,82.65140729694893,7.50334949611463,133.45080722740764,banana
14.0,5,26,23.514397681100228,91.7741559781371,6.414645879420298,20.21126747,coconut
14.0,145,198,8.825674745,85.35203496055807,6.921753301845349,52.92834591634053,grapes
54.0,5,10,26.955638609136727,74.93769887082378,7.763303718864571,169.20619281442347,coffee
100.0,92,27,32.57215638665632,57.41723513122027,5.692404183440493,60.17412376376201,blackgram
94.0,52,50,26.94708162909196,93.47179872551378,8.333178762629508,90.17794873253304,banana
0.0,70,21,36.30049702,56.03021253,4.672437054,101.6073988,pigeonpeas
88.0,29,51,24.71885473,88.94568335,6.095689937,48.45978627,watermelon
68.0,133,205,18.40184313949652,83.05033797931324,5.070144239963208,85.04120391936162,apple
62.0,5,31,35.14177698618909,86.80602048201503,6.271979507875754,28.33152825788511,muskmelon
114.0,33,52,22.95117865241823,68.15184154636329,6.829557853977848,71.22190928622437,watermelon
33.0,80,22,25.49158911727429,65.71765781,6.593961761,70.0866434,blackgram
105.0,43,6,25.49158911727429,72.64682072607428,3.504752314,118.15282096788368,cotton
32.0,33,13,43.67549305,43.22979054027383,7.245226074860589,108.88796793608464,mango
0.0,123,5,8.825674745,55.92123450538124,4.122380971574209,55.05774743097689,lentil
52.0,46,49,17.029103072105674,91.67112901837751,7.450903590652083,243.285684734323,papaya
15.0,133,199,23.99686172,91.61001707,5.8247786360000005,117.6102915,apple
39.0,39,24,43.67549305,97.90935709579554,9.93509073,46.27335675281925,mothbeans
12.0,61,21,27.051757051665582,42.271913039139605,8.987641758507237,125.21007043347734,pigeonpeas
79.0,88,50,26.371057412023795,75.11253939005839,5.306736584489623,167.57872042901275,banana
39.0,86,7,43.67549305,86.68926133956558,9.807151070601758,203.58854737440808,pigeonpeas
0.0,56,21,35.59226530744108,17.349134842693378,5.645985779872791,60.8557523598689,pigeonpeas
12.0,105,20,33.14494134261309,83.26841997575892,7.241378063633466,35.14853184626537,lentil
100.0,90,73,18.383834282649904,16.178943420542787,3.504752314,73.72920705634213,chickpea
140.0,5,25,27.64724357833416,70.06715912934341,4.01055393328317,298.5601175,coffee
46.0,98,200,22.223049256239754,90.67313132801736,6.031194944328057,134.38239408577462,apple
56.0,76,16,28.27265858,61.18956161,7.5131510760000015,63.29900785,blackgram
19.0,28,17,35.34712564939745,38.92011391776819,7.665016118718832,68.29892758448268,pigeonpeas
19.0,79,20,25.68713697974656,32.47190258872587,7.630581613386482,298.5601175,pigeonpeas
2.0,40,25,36.7181725094522,97.16596047102418,3.504752314,158.33718432423277,orange
10.0,59,15,29.83040388,89.30428305,6.32400451,58.86687093,mungbean
82.0,5,30,25.08990802029213,71.42816695761863,7.8175085872988115,20.477404937823778,mungbean
129.0,26,24,22.154115623979976,86.50312211902705,3.5912346078921056,41.52957112344846,cotton
61.0,30,18,22.04735123785464,75.38553328350208,7.026496643496848,114.23268435667588,jute
0.0,15,21,31.532790236759205,81.76991177297423,6.432532930676413,20.21126747,mungbean
113.0,7,21,29.20252170583117,84.43180269058605,6.144272215805635,220.00891329134447,coffee
12.0,67,23,25.62896213,63.14909763,6.585020302999999,45.49683991,lentil
0.0,57,23,9.1537680626163,19.74952547665972,5.856253044688484,90.17794873253304,kidneybeans
0.0,53,25,29.990582170304748,77.55914428802912,8.044096532723904,43.89880768155492,mungbean
54.0,5,49,29.64273994471354,94.35123090441016,7.03384264046405,70.12341182670905,watermelon
8.0,33,5,25.419543252025782,19.445099173556013,6.107544597031335,279.7225821822516,kidneybeans
41.0,110,17,13.095801098027454,27.970473754717496,6.403167350861832,64.40242405323818,kidneybeans
0.0,113,41,22.114461540202235,99.48887420912652,6.589551211423093,298.5601175,papaya
24.0,21,42,20.82210727,87.22815682,6.999014379,109.4429934,pomegranate
14.0,24,28,32.56604015566343,70.517092573023,5.5800047950939735,31.75795793291116,mungbean
24.0,23,27,38.37427543252088,46.59997202756834,6.634415494654143,98.23182747967648,mango
58.0,136,192,8.825674745,80.93239416278251,7.5340572504335155,70.89382235554699,grapes
19.0,33,32,34.28555084479251,76.39837076407557,7.480230429824289,66.49300102595065,blackgram
99.0,40,32,24.18471151,69.94807345,7.0455430560000005,163.27087319999995,coffee
37.0,74,15,24.92360104,18.22590825,5.582178402,62.7089169,kidneybeans
101.0,93,72,16.125191319993046,17.276565859255225,9.475800616756972,133.4972638647797,chickpea
140.0,57,44,34.558788782984955,95.0466024740422,6.232048046657623,69.95795336738584,banana
119.0,56,82,27.10333390964933,22.54456735766341,8.070287832614213,81.65581596699073,chickpea
25.0,51,18,27.77799528,54.82130787,9.45949344,50.28438729,mothbeans
125.0,77,84,26.42344574968322,95.48121145025196,6.619503994834504,105.56588428463056,banana
5.0,77,19,31.08564994,66.68832981,6.242052013,175.9303271,pigeonpeas
0.0,23,15,22.56664172,93.37488907,7.598729065,109.8585753,orange
49.0,52,34,25.875224123205847,61.65327319857576,7.726530612977486,52.638155395441785,blackgram
140.0,12,5,29.09944981719121,59.672729715308606,3.504752314,20.21126747,maize
20.0,30,27,27.81005614,51.59445462,4.74910393,95.89898581,mango
65.0,16,23,22.27094638575724,84.52722171551548,5.661815857283453,298.5601175,coffee
140.0,5,22,43.67549305,77.30435479474353,5.289243117839635,75.6696862835811,maize
54.0,69,28,30.594789434491908,78.06616028995022,7.182486664388823,125.24230184582728,jute
140.0,66,51,20.35928463715129,38.62840850145492,5.490918522568764,234.61682991805955,jute
0.0,26,37,34.42978731516956,33.84758454255835,9.41940023888386,77.69368457807326,mango
81.0,5,71,23.87607308177894,94.79058285353396,6.416678373125999,63.20273987368888,watermelon
81.0,30,48,28.52379742,92.09688432,6.041027474,29.86681385,muskmelon
0.0,80,30,16.791571931748532,30.795994585433405,5.58970786811783,205.36776344419656,kidneybeans
43.0,54,23,16.676687056184008,72.04534798402753,4.615942572507318,99.8141299327618,cotton
0.0,5,29,15.185716961764,52.83706576056725,3.504752314,101.70424082143192,mango
140.0,23,68,32.57601183592582,97.30634060928048,6.892726328227822,40.0157157260666,muskmelon
38.0,57,40,28.96152541525,78.8562910763351,6.337976464824652,73.64929254735279,mungbean
40.0,79,17,21.12695586,63.18738532,6.403683619,38.71834464,lentil
45.0,21,34,24.38534644,64.72543073,7.234258375,119.6324109,coffee
35.0,67,49,41.31330062,91.1508798,6.617066674,239.7427554,papaya
42.0,84,24,23.22598765194903,69.72698346207306,5.4229596711371775,69.66178310991369,blackgram
95.0,134,204,43.67549305,83.18885620672569,5.476443966019288,66.44734313962223,grapes
140.0,46,40,20.17522815188644,73.32297154859013,6.403167350861832,119.37561190442088,coffee
45.0,5,47,31.50462359265581,98.91124248262344,5.777022923821862,109.1740758396396,pomegranate
95.0,58,8,36.549424438662165,79.60621566671824,8.452012126747354,177.83236509675788,maize
91.0,28,41,20.332452131174605,49.74706900329444,3.504752314,214.5629284971572,jute
140.0,59,56,25.15454978450119,99.98187601,7.574757645799055,31.94367946336952,papaya
3.0,69,17,39.50461645125047,32.297440103365616,6.162773048262104,136.2237625286657,kidneybeans
49.0,55,78,18.65580107,16.17772668,7.863113671,81.70769297,chickpea
11.0,143,197,22.98458907,93.3204487,5.875718516,122.1952483,apple
90.0,58,49,13.138258120544464,83.5302504339442,7.317712348415201,298.5601175,rice
140.0,40,25,22.853438290011823,82.46996618368364,7.852688691549126,144.15442932850516,cotton
24.0,73,97,12.987013229953892,16.59052787016633,5.613128744885449,63.10284210740498,chickpea
75.0,75,25,38.40281759825373,77.91321225545236,5.987934345410348,20.21126747,mothbeans
30.0,16,37,36.24962574116167,99.98187601,9.93509073,106.32019761036828,pomegranate
23.0,138,195,22.49095104,91.70292746,5.7959857160000015,124.3915101,apple
0.0,18,41,27.38393366691241,87.3566134056138,7.0506712605344966,81.03813328973182,coconut
35.0,134,204,9.949929082,82.55138983,5.841138354,66.00817551,grapes
0.0,97,5,22.42498929133463,18.947620605913816,3.504752314,273.0363553589369,pigeonpeas
34.0,52,27,28.058772125697825,97.47989977648275,5.900154768278127,166.9304959577887,mothbeans
82.0,20,54,29.34033587,90.01506395,6.541150335,21.44532907,muskmelon
41.0,69,39,27.871815617107654,84.92241817117227,7.0967753317655085,116.54105659636691,banana
140.0,30,47,23.28128338304776,99.98187601,7.366399479550151,61.91273668331215,watermelon
44.0,5,54,22.5917021214528,87.28550494968687,5.441184346653179,55.288463972224186,watermelon
8.0,56,7,34.634330981730294,59.24602879835199,6.546675813889466,105.40759157897584,mango
62.0,31,27,21.983967338245503,69.10201380842841,3.504752314,79.03670582717245,cotton
59.0,5,33,22.57715427874298,96.18352337226317,7.558138359504351,175.97088291408863,coffee
89.0,79,42,18.604663906650305,66.83295633601936,8.405338807561328,142.70075783346502,jute
140.0,47,8,21.454800537127426,82.47543452352565,8.304628844598879,97.14191345285602,cotton
99.0,71,94,22.16284444289731,19.04827312010132,4.602456162626927,36.99864530971998,chickpea
30.0,41,15,24.83206631,44.17085032,5.88509677,52.0810886,mothbeans
2.0,24,34,28.89409382,54.80750249,6.403167350861832,94.76322976,mango
0.0,145,21,20.965933198967445,14.25803981,5.315452691696612,20.21126747,kidneybeans
37.0,70,25,19.73136909,24.89487354,5.819403771,84.06354115,kidneybeans
23.0,5,31,25.70970571933663,67.62816309526781,5.790626947082266,82.04377245459776,mango
0.0,111,33,31.62311530792386,42.045214868309785,5.300416747841646,54.23325210389148,lentil
0.0,105,17,8.825674745,14.25803981,5.87499573931135,213.62557518305584,pigeonpeas
0.0,138,191,8.825674745,78.78474940260072,6.071000003952607,77.90793791606272,grapes
0.0,52,22,27.858462126059727,72.9366995018386,8.452744585307023,41.66400219260117,lentil
45.0,79,18,26.773289219278496,34.61342063467574,4.139377280659959,96.4776149920367,mothbeans
40.0,63,18,30.41588462,67.66323804,6.74441168,63.02473185,blackgram
13.0,60,25,17.13692774,20.59541693,5.68597166,128.256862,kidneybeans
63.0,73,57,43.67549305,99.98187601,7.369822933113298,20.21126747,papaya
140.0,55,34,30.23184585764288,49.85523300320223,3.949828476547216,20.21126747,coffee
94.0,32,29,19.16221854529809,64.8876945710885,5.045013933879631,168.33271572393477,coffee
28.0,7,21,32.81417029110659,92.00076366525786,7.226714105632919,45.19239924711104,coconut
0.0,97,205,8.825674745,79.38650686904677,7.422147818852403,61.825505160278425,grapes
73.0,30,25,27.8924247256782,24.32348800476093,4.5728325817177735,252.41144333360967,coffee
104.0,15,46,25.304247444584178,82.0078550510397,7.335047292117099,43.816102806557694,watermelon
68.0,80,21,23.67349385887168,77.91731267734589,6.110549950693701,65.87568397710778,blackgram
0.0,87,184,14.203373014480512,83.76181216805394,4.37728456630453,61.75514449517729,grapes
95.0,53,32,34.117855359459845,71.58240008157654,6.106692049262932,55.878240882613646,blackgram
0.0,15,46,19.962465187160014,95.91667314846688,5.494254932974316,120.07201500498832,pomegranate
54.0,81,40,27.185211315256723,83.54044066428469,4.736998630156416,94.71082641332416,rice
12.0,15,25,38.96490167112266,44.24753714273522,3.504752314,94.29716893935344,mango
11.0,109,10,33.2144580777106,27.10534663198124,3.7443505101612806,74.66305191412957,mothbeans
37.0,36,27,27.552973600000005,47.90859131,5.910634533,90.17794873253304,mango
9.0,122,201,29.58748357,80.91934392,5.570290539,68.06417307,grapes
31.0,82,53,43.67549305,90.43928500769005,7.487935282787882,70.7193601733047,papaya
108.0,34,44,27.281573727436,94.03462322763286,8.52451003645764,51.28902159530754,watermelon
6.0,33,39,25.768696162085057,89.76256793504196,6.009699902191284,85.79289972832021,mungbean
0.0,91,12,29.71853585887109,29.662815237896343,5.494039515216066,47.17074001412856,kidneybeans
0.0,127,205,8.825674745,84.35235469129587,6.749382525483503,62.38152482480572,grapes
35.0,52,19,27.10606808,89.89593328,6.698574085,37.45680611,mungbean
7.0,60,25,28.2753171,82.76020821,6.397636709,56.04995423,mungbean
16.0,36,58,25.49158911727429,84.70084401976167,5.249467576179211,20.21126747,rice
0.0,145,90,24.38018240357328,14.25803981,3.504752314,85.71987385617912,chickpea
140.0,46,34,27.77523301559732,47.60976228276313,6.739012895896344,72.39280842434452,coffee
41.0,28,27,24.967579975815145,34.47148342011611,9.92805568584574,106.78665934967466,coffee
52.0,65,20,32.81705216,66.15665137,6.814301033,68.83924882,blackgram
49.0,5,26,36.20244016996887,63.70024487000391,3.504752314,54.43517057515977,mothbeans
34.0,84,29,29.028749711149025,66.34833079268796,6.691674365272894,89.61297400159735,blackgram
96.0,93,19,22.59546720980033,28.647885630565693,5.226141640743072,124.00751246643762,kidneybeans
5.0,49,19,19.26682367968504,99.98187601,5.2010707149188296,184.5914875818177,coconut
0.0,32,25,29.73947811175939,90.57926551493055,6.733053012645094,36.081875189300966,mungbean
115.0,28,47,27.901408776438483,69.35448541437412,5.77418706544126,52.46426955871176,watermelon
121.0,43,56,25.708691121765128,91.46254077804744,5.262737120531877,130.44496569156126,banana
119.0,32,15,28.910335513734505,73.09593515921574,3.957104583427936,82.39608832441189,cotton
4.0,14,41,19.85139326,89.80732335,6.430163481,102.8186358,pomegranate
21.0,5,38,16.23643837847118,78.12835544274888,6.559137614181071,94.8588014585746,pomegranate
65.0,52,25,26.176311756991005,38.118633601427774,3.504752314,20.21126747,mothbeans
45.0,30,6,27.93165532053981,85.63868939266871,7.719187178674048,36.83995563630623,mungbean
84.0,44,21,21.869274,61.91044947,5.850439831,107.2681929,maize
132.0,5,46,11.687210776447191,94.9463639697098,4.489205586291704,101.03241936266396,pomegranate
45.0,46,13,17.393924755600075,73.0093188077997,8.096127132408213,75.68768221037556,blackgram
72.0,39,46,31.35768006993932,89.84009399608513,6.775211844130539,120.90062555705948,papaya
34.0,25,29,30.316979294342584,43.78532403649336,4.49389199204737,85.42777075348042,mothbeans
124.0,22,13,29.121823463671905,74.67123851100075,7.562768439054742,166.164312966022,maize
24.0,34,38,22.97038837454801,99.98187601,4.564781116200268,110.62854389085406,pomegranate
54.0,78,80,22.635328825244123,18.563652052430047,9.245620932734116,43.168619237965245,chickpea
35.0,71,17,29.89286629,66.35375127,6.931924962999999,198.1403003,pigeonpeas
0.0,145,193,25.5252669976103,93.94105775975716,6.403167350861832,125.99976910951848,apple
48.0,61,14,8.825674745,77.69041893640565,5.214738326806538,33.05227949532207,lentil
51.0,18,12,26.42079496295325,91.59640071644024,8.912022907360662,165.9795766748562,coffee
77.0,36,23,24.71417533,56.73426469,6.648725327,88.45361858,maize
46.0,32,21,31.811563790820635,40.081988493760775,3.504752314,153.873455705041,pigeonpeas
46.0,83,200,8.825674745,79.19643851669562,6.529603513817644,53.3599948765558,grapes
45.0,36,14,24.22504516399361,81.67239452247168,7.27502426678126,20.21126747,maize
44.0,57,53,42.30495821,90.51431779,6.403167350861832,74.876786,papaya
36.0,62,32,36.729348083985485,63.05365759305117,5.307303481048568,73.98313343947184,blackgram
74.0,42,32,31.52146345744444,58.372956970256894,7.540508816155114,298.5601175,pigeonpeas
42.0,37,20,12.657542656203107,14.33971227641902,5.161128297841621,126.4689010769796,kidneybeans
33.0,33,5,21.20158790152661,31.242905132260965,5.352652083572132,116.0287238795909,kidneybeans
102.0,58,53,21.983178771706942,76.1918872601284,6.845228776482827,62.54654500119821,watermelon
57.0,83,47,20.25565941028868,94.91262054642092,6.219429045903334,69.05855111647253,banana
45.0,72,82,24.9605132520152,14.25803981,5.629871593072546,120.93186087527089,chickpea
87.0,49,24,28.45259728786706,83.94448835065731,5.907822592232931,68.74306174651603,watermelon
33.0,46,42,16.808373628773516,87.0896314505413,6.825290698279788,298.5601175,papaya
68.0,5,41,20.860845668939305,81.41265941201176,5.406968675550351,117.13260812364211,pomegranate
140.0,51,5,27.68212850080733,71.45099309768813,3.504752314,130.3534486939859,cotton
39.0,108,205,25.913893068212403,95.41762130205706,3.667977758925905,83.96537732758438,apple
125.0,39,33,32.36469644255428,55.87617138417276,7.603985687997041,166.0016478990902,coffee
45.0,57,18,15.53834801,23.75560241,5.695422862999999,107.3850593,kidneybeans
69.0,70,23,30.69648304216989,91.9674833816364,3.930355757411645,269.6263793322988,coconut
36.0,65,25,28.82921739897376,33.52915638186185,4.728992266212555,58.09907132539343,mothbeans
30.0,5,41,43.67549305,57.55218533610508,9.87763844385131,85.96551717374652,mango
52.0,71,205,24.7576118382646,97.7684584851487,6.396848851025928,119.99229849835604,apple
38.0,26,10,33.26322505460745,87.0512887274113,5.827751009513189,214.07834351828444,coconut
18.0,33,16,23.162638413683425,68.63289765340542,6.361269511859746,70.46243255239244,lentil
36.0,145,175,24.289360121174223,84.72102324273011,4.914396470502423,84.98140281669646,grapes
73.0,28,24,28.89383994565212,42.318649271304174,5.461223045260801,109.02604808641216,mango
56.0,77,17,25.49158911727429,32.60632866780547,5.967851032051724,65.53310376001885,kidneybeans
72.0,32,53,26.81502690044692,97.6416964681044,6.240405146232,43.06211122825738,muskmelon
115.0,13,19,29.7903167214174,79.1304775120833,6.403167350861832,101.05794485258932,pomegranate
72.0,21,45,25.63229314097165,75.06335265034019,3.504752314,149.27603449656715,jute
111.0,5,52,29.8843055,94.0371147,6.135996372,21.0000988,muskmelon
64.0,141,200,19.83715540308184,99.98187601,8.22918402579379,86.05102860732558,apple
45.0,24,20,31.33040281805051,81.73402913467778,5.606513232775331,52.61172443636787,mungbean
16.0,23,19,23.342479690954825,99.98187601,5.595132937581286,81.94680325109745,coconut
60.0,15,39,13.507745132269624,78.0985881936772,3.504752314,149.72543740978915,rice
5.0,25,15,22.30316749680869,45.07627873264113,3.504752314,20.21126747,mothbeans
19.0,89,15,11.634660802274688,62.08543040706184,3.504752314,221.8017192098192,pigeonpeas
0.0,53,48,18.00445652660461,76.19125333037064,3.504752314,295.6354345384801,rice
20.0,121,13,16.411976119734703,47.25317710647067,5.272372777243858,20.21126747,kidneybeans
28.0,5,27,34.830664829771806,99.98187601,6.184254742651464,20.21126747,coconut
17.0,70,194,8.825674745,86.41792599104906,6.197023998720668,79.35453120336713,grapes
83.0,21,28,25.5674832,60.49244602,7.466900682999999,190.2257843,coffee
118.0,32,37,26.658961828815794,20.77763254365292,7.050832649620765,20.21126747,coffee
120.0,5,47,30.003858843598483,85.73181941265709,7.453400231307945,20.21126747,muskmelon
78.0,140,192,43.67549305,85.34428929366982,7.11363438399478,91.83661448686296,grapes
49.0,22,26,36.032895939046,65.21574132079151,9.461038655874054,40.497649811752666,blackgram
9.0,72,49,26.620842427827096,70.7738241579261,5.402420789310479,85.04861271963217,banana
104.0,85,13,43.67549305,94.63386124862669,7.529900636410576,97.57591588554853,orange
75.0,67,72,8.825674745,88.94974054539423,6.733855574211133,20.21126747,papaya
56.0,67,34,21.728600999068696,57.84518120996695,6.224104151159208,90.17794873253304,maize
51.0,5,39,28.608493939350414,82.78430306609886,7.161683965017208,107.01106284353988,pomegranate
36.0,125,196,37.46566825,80.65968681,6.15526103,66.83872293,grapes
32.0,17,42,23.51105769595357,56.87276181421196,8.448754541809317,58.993243996022,mothbeans
19.0,53,22,27.8640132,80.4513142,6.852884642999999,42.83053902,mungbean
102.0,46,19,22.77076388,82.5993307,6.631005298,81.49543437,cotton
84.0,48,8,40.120235877552695,60.92062499582192,7.271727591683489,86.1192728332878,blackgram
136.0,105,66,31.28943913910781,88.80260212378388,5.349188945492736,105.63291249149184,banana
0.0,36,32,23.581663904539383,99.98187601,8.083579023916638,87.84858620133856,pomegranate
29.0,96,185,24.9993068681698,89.22317772030617,6.036453843182787,105.05381445992656,apple
14.0,108,43,26.02783643171968,78.02418799397124,9.93509073,298.5601175,rice
126.0,54,35,22.04738003905521,79.10521295948483,5.176121891894207,112.23778802783266,banana
140.0,22,23,24.31229180348204,76.3207706742642,6.103024698299603,43.00032697623619,cotton
37.0,6,17,43.67549305,96.51703129213972,8.109627863995524,116.89735539294225,orange
86.0,26,27,27.13140403,52.89368299,6.081172981,192.4280381,coffee
81.0,129,202,43.67549305,80.01697617407197,6.807250085361439,72.29963824278074,grapes
21.0,73,41,43.67549305,95.9393275033072,7.28717532369501,52.69163053802271,papaya
88.0,39,50,19.28319093237781,95.77734426060724,7.647971570792359,179.9093457269998,jute
0.0,59,19,27.32059399367481,29.367748192636967,5.657733785036198,200.3769834592384,kidneybeans
29.0,71,18,22.17499963,62.13873825,6.410441476,53.46622584,lentil
6.0,145,205,42.870077063198366,85.57567920243679,6.279533735697656,63.90424511058426,grapes
88.0,31,35,24.43229210781564,99.98187601,3.574403979137064,109.700638225717,pomegranate
50.0,5,27,19.55374739659457,56.06725048659068,6.447484352332736,85.81350329429378,coffee
118.0,14,55,32.89156889052472,96.05007488335522,7.384752396584103,32.470311077645576,muskmelon
65.0,27,61,43.67549305,93.919799921786,7.206181951866326,20.21126747,papaya
140.0,64,8,29.650373582943665,92.03843451432304,5.725239665771474,102.0674023392601,cotton
10.0,44,24,30.99256944,43.02151392,8.0344125,58.27600682,mothbeans
97.0,59,43,26.35927159,84.04403589,6.2865001760000006,271.35861370000003,rice
79.0,5,5,43.67549305,99.98187601,4.065798275268147,104.34807020222355,orange
0.0,5,25,30.13993728537681,99.98187601,6.446203754172325,135.65457779447289,coconut
100.0,33,35,28.18052917191988,30.74550737726541,6.280397337561427,127.89724180218766,coffee
0.0,23,18,27.62552918531459,62.70034595305515,6.250333379041191,20.21126747,mungbean
111.0,34,38,24.79038742530799,58.069992963065815,7.070393585426629,107.9055939139399,cotton
38.0,132,197,20.42094753,81.54185044,5.931101816,66.93065667,grapes
0.0,55,26,25.49158911727429,28.59380002014321,5.174346526729033,20.21126747,kidneybeans
62.0,137,197,23.87543529181788,92.1447322377646,5.1225813494429815,136.59913794202356,apple
17.0,64,16,30.97758716,32.24914235,7.161797643,180.716828,pigeonpeas
0.0,145,191,43.67549305,82.38754558040995,6.403167350861832,64.31924886805469,grapes
15.0,87,63,8.825674745,99.8998517984463,6.379231498832983,110.5207295874842,papaya
31.0,29,35,27.1872282,92.19906776,6.137102505,141.3220576,coconut
85.0,97,64,26.996869743354843,70.29196818763657,6.456120853411273,148.5738774019465,banana
0.0,26,32,31.408521738573768,99.98187601,6.85575899255199,104.2299746662725,pomegranate
81.0,43,36,22.71295222725732,59.946877363207406,9.199134996815737,252.30119201554825,jute
24.0,145,195,23.146086612716328,93.60073769105033,7.561886026297842,124.63839724706553,apple
35.0,62,24,19.377227471090706,79.06919796404242,9.93509073,114.88370425763304,cotton
66.0,53,55,43.67549305,98.00118301014876,7.368691046839408,20.21126747,papaya
104.0,80,45,33.992877522966694,64.45225417539231,5.100032530584989,90.17794873253304,banana
21.0,63,17,15.77370214,19.2303162,5.979973965,108.3441414,kidneybeans
0.0,140,205,25.49158911727429,96.62367123590242,7.694430619102292,132.1772673720937,apple
80.0,77,49,26.05433004,79.39654531,5.519088423,113.2297373,banana
52.0,51,5,23.64966423947411,88.03565924715383,6.403167350861832,122.0121734653102,orange
38.0,51,33,8.825674745,40.3619116439888,6.016205337234442,298.5601175,pigeonpeas
74.0,5,45,29.199558892865536,97.55864593193074,6.091437663234767,20.21126747,coconut
18.0,45,12,39.60385461862074,25.94602339144914,6.072198364297496,48.22568824753585,mothbeans
36.0,57,16,28.61409059,57.14218792,8.292875733999999,57.02891698,mothbeans
13.0,101,6,13.149332834114514,67.80899080432768,6.403167350861832,66.62117160119737,lentil
0.0,27,35,22.3973970814315,99.98187601,6.261892374063325,135.7084422772588,coconut
11.0,40,23,29.61253065,63.04749127,5.80428611,50.1978269,mothbeans
0.0,53,48,43.67549305,94.66135624876698,6.656198851011254,298.5601175,papaya
0.0,65,35,15.714036793336373,57.04016999743426,5.047995333138215,89.50431800284187,mango
90.0,145,205,39.57489267636368,85.25901769943992,7.03702563779102,82.71270101466845,grapes
0.0,25,25,29.77296420336601,27.80222392171406,5.29963762331866,90.17794873253304,mango
25.0,47,5,32.729126398071145,99.98187601,5.12262451478136,71.29109142934158,maize
4.0,69,19,19.25100056,47.70351758,5.374358869,149.063196,pigeonpeas
61.0,89,14,27.76051792551392,61.32576421494532,7.944457467922646,90.17794873253304,maize
63.0,23,18,8.825674745,28.01772822656948,4.415161198402316,25.48227774074772,kidneybeans
140.0,14,39,23.707195129634574,72.31619543110104,9.93509073,152.1282295474149,cotton
140.0,32,39,26.0568134491674,60.129408439415855,3.615402665288828,108.76122162453508,jute
0.0,27,26,8.825674745,89.08555312127233,8.533015747038599,76.95961191195342,orange
75.0,44,83,13.424855411191537,19.40191990779987,9.93509073,60.31491099136115,chickpea
135.0,43,16,23.47986888,81.73049149,6.720449769,86.76287924,cotton
78.0,65,10,43.67549305,77.48283969543184,5.865981229128393,54.92068340389813,blackgram
114.0,92,25,19.860304420458373,77.48832860379436,8.882253702478602,107.38553320481232,cotton
107.0,45,25,23.0865933,83.55546146,7.2277455160000015,71.84080724,cotton
94.0,24,19,36.517926337100576,59.898371107654526,9.21195018952152,49.26949380952824,lentil
78.0,79,32,24.66475119391319,67.50670218704495,5.519302421415207,91.09868587875596,maize
12.0,34,28,33.36140093,45.02236377,6.13526938,98.81596545,mango
56.0,22,53,25.49158911727429,72.93611803208668,5.7281246457851545,63.11105369833872,watermelon
16.0,140,199,18.47277421775589,90.08149797586374,4.981850045792784,167.4597411615918,apple
41.0,45,28,28.508330244850903,44.86028498528373,3.504752314,77.45972818281923,mothbeans
45.0,21,55,24.9004602,89.73524177,6.770278088,57.44942094,watermelon
94.0,5,35,19.288218315227176,45.625854137690055,5.136430753509488,100.92253815397412,coffee
99.0,50,15,18.14710054,71.09445342,5.573286437,88.07753741,maize
129.0,26,27,31.35350048853872,99.98187601,6.893073111101765,34.66757450047569,muskmelon
76.0,109,196,21.49458170445548,91.45784711778578,6.736287345098479,102.05933138203528,apple
104.0,18,5,27.237922284401755,60.62638272447461,4.367989948239171,68.780373289771,maize
28.0,109,186,43.67549305,71.89583629183328,6.008739266120831,71.96464157635413,grapes
140.0,48,44,22.80798073644823,83.29777860144426,5.276238578733921,134.9793716254206,banana
56.0,53,51,43.67549305,96.31724284083325,6.400411054178499,181.1137425946496,papaya
61.0,5,5,12.755167560091197,89.32324447332574,6.979511056387529,114.6606344716838,orange
119.0,30,28,26.35770906,64.57578034,6.5052036960000015,163.62694960000005,coffee
0.0,53,32,28.7978682663896,71.56113915835735,8.814629351041868,39.14935328486973,blackgram
97.0,5,11,25.367616112576584,72.67039191082176,9.17519565613032,298.5601175,coffee
103.0,70,80,17.510752989195563,15.530875509515594,6.403167350861832,90.17794873253304,chickpea
83.0,69,28,26.84884569334864,94.623323104867,5.8773387733513935,145.18001194871883,cotton
22.0,45,38,19.472359276106992,89.69014614157116,7.610486609059811,104.21256252225386,pomegranate
0.0,122,80,17.785060875347295,14.25803981,6.615316857489648,102.87829349253352,chickpea
66.0,70,12,25.36545866425942,70.28730083172758,4.87812182455134,187.73485431705103,maize
0.0,26,16,37.19209525704424,90.2984883845371,6.403167350861832,298.5601175,coconut
10.0,114,43,12.68909821991994,14.609327487124208,8.595490676410554,71.7181350335961,chickpea
114.0,30,51,29.24908541,90.06998135,6.069171847000001,25.93496537,muskmelon
13.0,76,37,37.44569611935862,56.05348637211759,7.460671634211343,103.01797956585428,mango
46.0,18,33,13.806950784678182,50.7647261789309,9.093951521561658,105.69955008486752,mango
68.0,88,18,43.67549305,75.88778604917024,3.9829710393125386,82.33940369804832,pigeonpeas
55.0,130,204,22.570553708252056,97.5757860291978,6.5163338470373136,98.9862230021204,apple
56.0,70,42,22.77888522278684,67.87071195117049,3.5298530386115146,173.5692233148339,jute
140.0,74,14,24.887981011317653,51.2796546640596,7.310791871591729,73.34051674298651,blackgram
128.0,5,59,32.41442763965904,90.3038908077083,9.93509073,20.21126747,rice
3.0,23,30,29.70143197,95.65754365,6.078807239,215.1968037,coconut
131.0,14,46,28.3712336396862,91.1458948353403,6.691383408306676,58.4930971160066,watermelon
22.0,138,200,43.67549305,80.89400923295062,5.342554442888325,61.62172523277205,grapes
52.0,145,186,24.769648676146403,92.59072772933186,3.750224623839284,136.01678501108222,apple
78.0,33,52,22.884054883226387,80.68235857166006,6.869833752849993,147.80107347979495,jute
34.0,6,30,27.0828252,97.00155491,5.948342571,171.7575545,coconut
14.0,5,5,24.1689571023366,90.96910937647972,7.462557989842816,80.79293221662525,orange
76.0,60,39,20.0454142,80.3477562,6.766240045,208.5810155,rice
0.0,5,39,27.155858495167163,93.868608897121,4.57225470368888,72.2825457424325,coconut
85.0,37,10,33.99120477098768,70.55886293273883,5.316837678368072,28.98281772284048,maize
19.0,80,74,21.20881469828156,14.25803981,9.750983615624111,83.63066472276998,chickpea
82.0,41,30,11.034319741158988,36.791526425431634,9.93509073,208.40646320669228,coffee
48.0,30,60,28.29544777492379,86.89997544437936,6.192364964825991,244.4466373374001,papaya
23.0,102,203,26.39076180364465,79.03674401621446,6.775376888931715,78.58763276795646,grapes
32.0,11,31,25.49158911727429,92.56492864,6.461225827000001,131.2116167,coconut
13.0,66,22,22.70787129963088,31.326943983133827,5.71744400536613,20.21126747,kidneybeans
80.0,51,31,21.565101877011408,74.60167161666664,3.504752314,63.27349855070656,rice
0.0,52,25,21.995088990467163,21.89180367328724,3.504752314,20.21126747,pigeonpeas
0.0,91,19,24.329465093346627,14.25803981,6.520000566720997,180.0388151527497,kidneybeans
48.0,47,17,16.06246386827729,49.110178098866925,5.522063363040688,131.68120744327234,pigeonpeas
32.0,5,46,8.825674745,80.63007652267551,5.4912302548341865,108.8919446505389,pomegranate
24.0,70,21,19.14729038,45.3733757,5.517208078,132.7748215,pigeonpeas
140.0,80,38,32.12692446623749,68.0871484537531,5.893189675034065,147.90743906732374,coffee
60.0,33,21,16.1649483360325,63.63952058695322,5.990131071510013,20.21126747,maize
26.0,24,26,16.151267767569763,47.00778869873695,5.762405509239068,30.931027834573623,maize
54.0,77,85,17.141861399999996,17.0662427,7.8292111439999985,83.74606679,chickpea
56.0,71,23,23.267396744426044,42.695960070443405,5.437934932892423,28.811708504389586,lentil
91.0,90,48,26.43577507151157,63.47399657444288,6.45806889858115,164.36013518184373,banana
47.0,41,16,17.32088843248865,18.98267410832605,8.021239118882002,237.0284870166612,pigeonpeas
0.0,20,36,33.85135199181001,93.1845744763185,5.624701583147157,100.6285633161705,pomegranate
53.0,82,26,23.79246728295901,25.882942122181017,6.112383872166637,20.21126747,kidneybeans
140.0,104,57,33.29313870154804,79.94872184166098,5.368312919103823,101.10536458987345,banana
0.0,73,42,37.847143445247696,96.71744168141812,7.051646694496726,154.37440457737716,papaya
48.0,89,91,19.81887045542784,29.072242613191804,9.738393604813584,77.39106071107597,chickpea
80.0,50,33,22.771116059275787,85.82253286653275,5.497967517345526,176.8106837901246,jute
71.0,15,21,27.56064998448944,72.81810490135076,8.094325968668512,192.96670233639088,cotton
15.0,27,28,33.80398664,46.12866113,4.507523551,90.82549241,mango
140.0,19,76,21.609341043893576,99.98187601,6.6124538810204925,72.36846087859041,watermelon
0.0,79,203,23.64757472828333,97.08077211040928,5.29538351791192,88.25971164554772,apple
33.0,87,205,21.70626229302401,99.98187601,6.375107357633455,111.95389479346332,apple
34.0,5,44,29.57238628372092,99.35433703697808,5.125667650589371,110.48459933602254,pomegranate
28.0,5,30,22.898619085882387,93.84107852263485,6.159377948030151,95.48800288806052,pomegranate
0.0,77,184,43.67549305,80.22375087478802,6.447948426331788,61.0948557477211,grapes
19.0,99,40,34.13930854769251,63.4372938959761,6.403167350861832,41.95733340922427,blackgram
59.0,76,28,9.348235206467091,14.25803981,3.807091574487696,78.45036841130212,pigeonpeas
18.0,52,5,43.67549305,95.557750205098,6.669470585861559,145.64837838771842,orange
27.0,84,33,43.67549305,29.981021626420528,9.93509073,20.21126747,mothbeans
15.0,79,47,25.24506869388988,82.21025372372185,8.766852403907407,269.2009425275656,rice
71.0,100,205,23.472190129642936,91.0913744829777,5.195590162551971,127.1589718902878,apple
8.0,16,6,12.22816189,90.26457428,7.106650373,108.4161706,orange
103.0,10,43,24.98135419967693,86.37859956298406,6.403167350861832,23.66781836273188,muskmelon
0.0,89,198,21.789398762145737,90.90806003189144,6.662938731201211,121.00993298485662,apple
51.0,11,10,18.72533704666291,85.79208839467165,7.133686476004868,141.58057366279883,maize
41.0,27,30,31.40662463751452,67.1863215232701,9.212384474469678,90.17794873253304,coffee
67.0,51,5,28.66061756404694,78.49572251650206,5.817212599809079,21.00394054814152,mungbean
62.0,24,5,30.760651797521696,78.34933541216779,5.064317543388512,57.0283960629242,mungbean
140.0,65,40,14.764014169689988,83.9199902499145,7.311683106750722,298.5601175,rice
0.0,48,7,23.54440794952489,68.91409314662043,3.504752314,150.7735291143497,pigeonpeas
72.0,5,57,25.080281180743,88.28536341695954,7.769305524840171,37.43974132103581,muskmelon
29.0,97,20,30.85243308768857,71.6881114272923,6.245880164050602,208.3377817172643,maize
0.0,5,23,27.041001182543685,79.93444350010006,8.44790285281099,85.72266987256128,mungbean
36.0,5,38,32.51239985172612,87.49143237749716,6.068643621190782,20.21126747,muskmelon
140.0,86,5,25.68674044589975,80.39757267436674,5.948064011998127,88.736571305989,cotton
0.0,38,27,27.75151297635018,50.66085098368796,3.504752314,60.21769073201381,mothbeans
46.0,145,205,8.825674745,79.7112929575792,7.202145492928707,59.25698961724787,grapes
115.0,5,51,27.108383698802022,82.65221970864413,7.63027505243269,51.69194559703044,watermelon
52.0,42,21,24.12238848565676,44.31415524928346,6.320362821697273,101.52089540403804,maize
21.0,48,5,43.67549305,94.60232679004378,6.38062195756437,97.64961065478673,orange
45.0,145,189,23.532154332578816,94.23498342416714,6.890959187262094,118.5681698156334,apple
40.0,135,203,43.67549305,82.11245632536523,5.8984670077453565,82.42636828916888,grapes
5.0,24,40,25.49158911727429,93.87030088,6.297907578999999,104.6735454,pomegranate
0.0,46,39,25.49158911727429,78.17310848429551,7.623373246831392,36.37611888415758,lentil
97.0,78,28,43.67549305,61.953844605066976,7.288996413090716,113.43414881458762,pigeonpeas
42.0,33,26,24.525983956425936,14.25803981,7.776407762160364,157.1866484215955,pigeonpeas
79.0,5,54,30.80238403908101,84.50798177214034,7.016155239465507,49.567776207950494,watermelon
140.0,75,67,33.26883612067378,67.65770146243344,6.25564044045096,83.34322486106144,banana
0.0,113,14,16.1733359557539,65.7578327149755,8.182090917702117,166.71064949307592,pigeonpeas
19.0,79,31,16.779103094523773,52.178572624700095,7.664072748572983,45.25233879295308,blackgram
130.0,117,97,20.279741916374302,14.25803981,5.464566127699211,81.54859723791475,chickpea
74.0,92,44,21.174548706899166,99.98187601,7.224816736721869,20.21126747,papaya
84.0,40,43,25.01157559,88.33130229999998,7.228268227999999,169.4168014,jute
140.0,27,25,22.4612335507644,89.13785248804759,8.44300887700533,91.77008524389085,cotton
37.0,56,41,19.11658152239081,78.86891858004284,4.539737127527248,85.59314585685874,mungbean
109.0,83,43,27.513232436473217,80.10636335235867,5.333436609631573,166.09446144932656,banana
108.0,81,37,20.58086838859051,78.66772564892284,5.758618037519121,298.5601175,rice
37.0,54,11,36.19597770808415,67.81493894086933,6.467071686039122,170.16855773482914,pigeonpeas
51.0,69,51,15.053337330928052,94.04103492794104,9.13922964481092,111.41811715198412,pomegranate
0.0,136,191,24.276990814003284,94.08109507883796,6.80346472773152,179.67211123538152,apple
10.0,51,66,15.789354462363429,58.13379344212859,9.191967324563857,85.0700152052663,mango
117.0,36,67,19.31658560813401,90.49901110192324,5.609089483908601,43.15362768122415,watermelon
84.0,123,196,8.825674745,84.9916851053782,5.988910238330189,75.40652401277548,grapes
63.0,50,49,34.055342454762794,99.98187601,3.674280753138213,217.5792666389097,coconut
0.0,105,17,35.25537693221491,55.06168828475355,7.071883656395698,38.62607964059238,pigeonpeas
114.0,79,51,26.21009246,82.34429458,6.313197204,112.0700033,banana
89.0,105,23,18.911061026787785,15.660499006257984,5.531894240783443,89.54244771702574,kidneybeans
84.0,62,15,14.021803956261571,66.81656736219198,5.0917921716174215,63.40209286952732,lentil
100.0,40,20,22.45145981,76.25674874,7.432043735,86.84998693,cotton
0.0,71,21,32.99511748499772,32.86001060012015,5.012097458284737,20.21126747,kidneybeans
3.0,67,24,17.00067625,19.90790546,6.403167350861832,103.2926407,kidneybeans
71.0,28,18,9.63477430541344,29.60135382129566,6.032288993268713,261.4048756519082,kidneybeans
140.0,58,5,22.20096201945872,71.43003669696583,8.529655370752359,109.27116462472377,cotton
31.0,77,93,21.82793883150518,14.25803981,7.046875969957374,56.581255317133696,chickpea
5.0,79,58,18.997822477344315,90.3427774514371,6.836219349157153,62.614213122851055,papaya
140.0,37,27,25.954346147766763,91.04606132887947,3.504752314,113.31273314974858,cotton
37.0,27,25,29.34581357955281,74.35205198880442,7.239040282809677,63.52081036298444,mungbean
4.0,80,8,19.853549641228536,74.12433779996509,7.635106952276034,56.21327671379692,blackgram
24.0,119,196,12.192628637442592,79.94458866739384,8.231390974444922,65.85295169158854,grapes
94.0,96,54,29.9575696294344,85.26803300323361,5.456489739338159,222.8135542685141,jute
0.0,65,43,27.73093978542706,38.66999770279246,9.43117524614288,88.98731428940691,mango
129.0,98,80,19.382689224296296,67.70365509896817,5.304932526920507,174.8167662215115,banana
140.0,31,34,23.75725346824808,41.52196562694535,5.882915494483181,148.97790982462058,coffee
100.0,18,52,26.20234499,80.38266489,6.87606733,56.47941847,watermelon
62.0,33,38,18.4486547030626,81.40630036107957,6.4418045228476615,223.7130664496116,rice
0.0,11,24,43.67549305,70.44361616657991,5.993887471587185,129.2011240643963,mango
131.0,26,57,31.06533782851363,91.36709080846606,6.451015629418511,20.21126747,muskmelon
33.0,5,5,43.67549305,94.18246924375424,6.330583027946213,100.40420150927292,orange
25.0,55,9,8.825674745,99.98187601,5.578509982831664,120.17949307786836,pigeonpeas
0.0,112,205,43.67549305,84.53762866879656,3.504752314,70.90277665301019,grapes
38.0,135,203,23.76121837,93.661643,5.9655513110000005,100.825956,apple
83.0,7,45,29.08417927,90.73891887,6.704104127000001,25.33014238,muskmelon
100.0,18,61,43.67549305,90.4031314938172,6.424723452698014,90.17794873253304,papaya
0.0,7,25,8.825674745,14.25803981,3.504752314,83.94890033836703,pigeonpeas
41.0,129,201,22.53706112812672,88.64300843182133,6.406982476704017,133.0451548357258,apple
52.0,21,5,33.07589101157157,91.50793352839514,6.860256348472837,72.19505463558325,mungbean
71.0,118,202,23.64520301069029,90.36722101835387,6.492721602945277,90.17794873253304,apple
140.0,79,54,37.00005331173264,80.72695712434198,4.79106374242798,79.11650919767722,banana
75.0,57,13,30.124302807033388,76.45622970401222,6.561594003119986,20.21126747,mungbean
45.0,25,94,12.041307745747496,20.03690830148589,7.25646697806722,92.92098318115096,chickpea
0.0,145,205,9.035052556017687,78.69902758454495,5.870676665842811,67.9202511462281,grapes
45.0,47,30,19.278700154699848,54.76597163445556,6.403167350861832,298.5601175,coffee
45.0,43,40,17.518181150971937,97.75595567700248,8.425231634590713,128.35916895417853,pomegranate
14.0,75,24,24.54757829,57.3414485,6.436160044,118.3606557,pigeonpeas
40.0,65,49,35.32876402,91.06138506,6.678449317999999,163.9069365,papaya
17.0,22,21,26.953845997652195,84.64803943878444,8.244515445514557,142.02467920522832,orange
0.0,145,201,12.907720227867806,77.61703328426923,5.964737800029599,74.81287047021426,grapes
140.0,81,18,28.19971457939265,99.98187601,3.504752314,69.47420073135882,cotton
39.0,71,27,18.02665852184124,18.47949182573441,5.412827454884846,57.53209738301449,kidneybeans
36.0,68,20,17.06104474,23.77201471,5.86442953,81.83420522,kidneybeans
13.0,89,29,30.8544389301114,58.18391440150285,6.407617126825172,51.49844070125418,blackgram
108.0,22,46,26.17668721,86.72952049999998,6.121168559,53.33484977,watermelon
101.0,5,59,25.008093740979337,81.34679294776501,6.793443206860274,58.28511166943632,watermelon
119.0,30,60,23.81101852406252,70.84497667609944,6.105865113456669,108.57583778974438,banana
59.0,58,18,26.263801040483152,28.399001805444204,6.309104651314051,20.21126747,kidneybeans
13.0,117,202,8.825674745,89.62612941629664,6.771384800995444,60.06687666148878,grapes
0.0,61,20,18.90709227613513,14.25803981,5.955340087578676,107.19373330276936,kidneybeans
39.0,26,17,8.825674745,81.8544520034381,5.17337976243332,42.171602843683104,lentil
45.0,10,33,28.27298134,96.93649473,6.07071786,198.8234862,coconut
45.0,8,30,26.44600063,98.29937782,6.008386282999999,221.2258168,coconut
102.0,17,5,43.67549305,80.6880817525504,7.062994512423629,124.89195003014484,orange
26.0,123,202,8.825674745,72.65234704824172,6.144646124269412,66.50769329311763,grapes
31.0,20,60,29.904348903376665,98.03566833393424,5.732961548129715,109.16902576819128,pomegranate
28.0,23,28,25.49158911727429,50.09831810000001,5.676032581,96.08745082,mango
61.0,54,39,15.002110691981946,77.72784238759478,7.952796921531959,63.95630359649503,jute
140.0,15,35,20.995321005711823,80.28151018166616,6.077553639661108,92.48925130736252,cotton
27.0,70,86,8.825674745,16.601475362479242,7.813754941105632,83.99714212182367,chickpea
0.0,92,7,9.456536017717903,83.85035327217622,7.574805869681721,47.0719504507592,lentil
102.0,5,60,30.471196395308755,93.08815294899664,5.591660971167371,21.899070063438195,muskmelon
74.0,48,61,43.67549305,99.03450099927828,6.658730203943644,20.21126747,papaya
77.0,18,8,26.15518260180044,86.89395611166897,7.874014830966945,112.52444865322516,orange
62.0,26,39,25.49158911727429,87.36576068071369,7.333016837251945,20.21126747,muskmelon
122.0,88,10,26.696217377130203,70.09196121605855,7.591206294026845,127.4111673379688,cotton
23.0,5,22,26.802149882303485,88.78196116072515,5.298336700842896,298.5601175,coconut
45.0,47,50,16.29882644850649,79.88276919639911,6.472151205432473,108.42035425478738,pomegranate
93.0,91,47,27.84767901,83.31110751,6.101241579,117.2878912,banana
73.0,60,49,26.620154881658312,70.08381869591759,5.400933495998827,181.29000405607832,jute
2.0,140,205,22.53218439547137,96.43603415640608,5.32013224456492,54.99038220872768,apple
45.0,41,81,27.50099931515828,20.281759699969587,4.90194199578772,95.81921954589464,chickpea
5.0,40,17,29.610139918214816,33.95076023467159,9.82002230900492,50.71547971778871,mothbeans
114.0,25,58,30.82204652840917,95.65063505017842,5.252051821516499,90.17794873253304,muskmelon
68.0,52,49,24.42561272,92.27749066,6.577192175,63.35298768,papaya
0.0,24,37,22.393722057282268,94.66752978215725,3.504752314,82.05644980898785,pomegranate
108.0,92,5,32.82474791923174,86.11119515341109,7.108199702260245,94.54985846171031,mungbean
140.0,28,27,32.85508021098409,54.99892269890427,4.263564866732985,195.3194900825724,coffee
70.0,44,19,23.31689124,73.4541537,5.852607099,94.29712821,maize
37.0,60,7,26.25947391719473,93.1335559048282,7.199457780624019,62.10873731410016,mungbean
0.0,58,12,26.77083092295027,76.02469723549717,6.403167350861832,28.398278325418275,mungbean
72.0,102,43,25.762550100611097,89.507613959442,3.7833043577026495,66.53399634889561,banana
30.0,143,199,23.76881552,90.59810302,5.7983508000000015,102.2648546,apple
140.0,81,42,23.19559587476093,84.60119837873889,9.93509073,298.5601175,rice
119.0,18,49,25.25636905722108,88.78717159905719,6.681348237808649,20.21126747,watermelon
0.0,35,40,17.57433300802486,99.98187601,5.8845754165573805,96.62870106075415,pomegranate
0.0,44,49,32.60365429003655,91.75432156483888,6.948038959800052,271.09727361909404,papaya
8.0,137,194,25.982529722331112,99.36770516831216,5.775789932738211,145.90466852770177,apple
97.0,5,39,18.03302227630985,50.98075191472836,5.058721849605774,140.21741757169164,jute
49.0,45,52,20.853975303554705,85.10677146193507,5.090227814654481,288.08404084808785,rice
101.0,73,54,23.164375653739945,95.3855814989775,6.672432411452647,23.13046968967528,papaya
14.0,19,40,41.31989687837975,36.58970112008811,3.504752314,95.56944022109508,mango
10.0,56,18,27.99627907,68.6428593,7.32710972,46.10585191,lentil
80.0,18,51,28.05380704,91.81758779,6.706053225,20.76582087,muskmelon
14.0,23,25,26.18552389,96.96637916,5.6121227970000005,135.4186222,coconut
45.0,71,17,19.9191786,21.47324158,5.74644777,82.68554379,kidneybeans
45.0,138,195,27.83487131,83.51444973,6.208196881,73.02882766,grapes
97.0,49,42,27.56331126587006,83.53105984606293,6.203032687104692,116.9463195615825,banana
140.0,60,12,23.8972904654895,62.081922789798256,7.207951343362316,25.273995892138068,cotton
24.0,40,12,27.178928656258083,98.40502740001484,6.366589556083085,20.21126747,mungbean
28.0,50,16,21.614483419047364,77.16408412539077,6.403167350861832,20.21126747,mothbeans
18.0,66,16,37.53333547293371,99.98187601,3.504752314,151.6796240964819,pigeonpeas
33.0,69,27,37.34981183534666,23.814702486285405,9.93509073,121.669714929233,mothbeans
103.0,12,55,23.859072822629983,88.96266028830439,6.989592378268835,20.21126747,watermelon
34.0,16,25,30.07202564,50.96040505,6.10729559,92.09609766,mango
1.0,5,33,8.825674745,15.220172862213476,5.199867417675058,225.1335264964604,kidneybeans
108.0,100,30,33.86013823886514,66.67045685689763,7.160498503813549,93.18052692437966,banana
0.0,76,36,37.3182740927981,72.26003138296994,7.805356223491525,64.54083818132669,blackgram
128.0,63,33,23.03906949428571,68.47540524778184,7.515442174651307,206.0169584125657,coffee
140.0,38,57,15.974035655023147,65.68377740578279,3.9390223279996905,152.32833133904532,coffee
90.0,45,47,32.672317458454444,77.21842967288775,6.411096514484375,76.36526514053703,banana
100.0,38,44,15.736584630435312,78.83482146806661,4.995474019600215,222.63374191210983,rice
44.0,77,21,32.63918668,61.3009051,7.326980454,61.83876146,blackgram
39.0,60,21,34.89814946,63.59948557,6.97297656,64.72797143,blackgram
46.0,60,10,25.14107086121341,75.81682260175369,6.680952232855203,53.81898022011896,lentil
0.0,99,205,22.03393485208917,83.59369168600128,6.536978721961745,159.82629021334958,apple
63.0,42,21,23.26237612,72.33125523,5.798423907999999,67.10225139,maize
56.0,31,23,21.07329286671776,14.25803981,3.583161708823818,61.81173125519565,pigeonpeas
46.0,14,24,14.716506167751412,19.62363114757797,3.504752314,45.7707981805586,pigeonpeas
26.0,24,34,31.27180992,52.23810152,6.811291098,89.74409017,mango
40.0,52,21,23.37648135184845,34.479247097000936,6.796544633828039,20.21126747,pigeonpeas
32.0,11,31,25.06871967,93.31410447,6.205931637999999,134.84190690000003,coconut
48.0,5,51,19.98345695509192,91.9971478778265,5.989932898863192,101.07427810816212,pomegranate
44.0,145,203,43.67549305,79.63222866687342,7.51053016208825,79.25714187308155,grapes
8.0,49,17,41.77496588791885,95.6576207302944,5.798360075517423,125.45595745911878,orange
32.0,55,51,29.60718808,93.15642801,6.57398033,62.68710535,papaya
110.0,74,5,36.58130783328252,72.65031940605685,7.771176080437679,70.01670292011696,blackgram
83.0,58,23,19.74213321,59.66263104,6.381201909,65.50861389,maize
45.0,70,31,12.85225030282154,53.44385806968063,4.874441576875592,66.66974709984062,maize
0.0,7,38,34.13938825573105,99.98187601,7.10268096600689,86.47167934593206,coconut
23.0,35,18,26.4908332,47.36534833,5.414492777,36.99362831,mothbeans
11.0,29,42,25.7518026868478,67.85842002233207,6.725557660374912,61.689673726303965,blackgram
109.0,24,43,28.88916528774772,86.61152631543771,3.5695435737365453,96.79027674288604,rice
0.0,50,42,23.94005594112006,90.34818663841465,9.93509073,162.14212698008384,jute
0.0,18,49,10.717541315490966,87.04053812200198,5.990632230033472,294.61530160280427,papaya
32.0,29,43,31.782883607200453,71.48451502567544,7.748866883860051,202.7847811141732,jute
119.0,102,205,24.88698582365588,92.71101962413044,6.403167350861832,69.08305950883782,apple
0.0,123,189,24.420674016415365,90.02993915774337,6.7888699837431234,95.03982676341413,apple
13.0,77,20,30.91492698358597,97.18959580916297,6.8154241961809126,81.0289815431817,mungbean
15.0,107,46,8.825674745,87.002104732023,6.697631671166435,298.5601175,papaya
36.0,7,21,20.781571123177045,96.6523878971697,8.748971551868062,151.1452757020842,orange
99.0,54,37,21.14347496,80.33502926,5.5948196260000005,198.6730942,rice
101.0,76,30,26.26825033501442,57.323256788798304,7.328972665463551,62.07250576150263,cotton
30.0,71,21,39.82299120282698,55.80485812310176,6.403167350861832,90.17794873253304,blackgram
0.0,145,198,19.171739170403544,87.9182259722608,4.218874762946021,81.31778764396716,apple
21.0,28,48,25.442558798890488,82.40359575018702,7.538262311742052,108.1348799382656,pomegranate
90.0,7,23,17.6585393887885,55.47992557440854,9.93509073,22.434241044172424,mothbeans
28.0,45,23,29.65021184,80.29868321,6.489259136,56.76278363,mungbean
19.0,7,9,27.255435,91.71369387,6.969883482999999,101.139435,orange
44.0,55,25,29.6321052,65.91359954,7.42160832,71.16331975,blackgram
57.0,108,18,23.44648161356951,88.44328312593294,7.838440656430708,71.96312604895004,blackgram
73.0,17,69,33.79198018383205,86.53972054717838,4.850787574250368,24.20846518957827,muskmelon
0.0,50,38,16.62472773515949,52.99503495439369,5.304656230644735,86.28136491114643,mango
22.0,84,16,43.67549305,65.57540078886305,8.141216324931577,58.33853727502273,blackgram
130.0,30,40,24.42110757556242,88.46325244117526,5.685401407933173,117.40556385504856,jute
112.0,62,66,42.84108133498189,86.11964260235573,6.9119806997571045,298.5601175,papaya
137.0,36,51,25.191256316905744,76.12092877025331,6.481678886389662,182.66200757292825,jute
0.0,104,34,24.67397960810161,30.11980025531583,3.504752314,100.58536994699878,pigeonpeas
91.0,63,50,43.67549305,96.44541839870188,6.42379338488248,90.17794873253304,papaya
21.0,74,15,29.49096726,67.10604388,6.471862118,153.2504506,pigeonpeas
0.0,70,24,30.54689655740941,89.39048408420419,6.974678867992958,44.59047876079259,mungbean
0.0,5,49,32.0539039371453,80.94536406832607,4.896456888539444,109.79484790818104,pomegranate
82.0,74,49,23.18705634547884,85.90738620507408,4.854149410505315,129.45371774480404,banana
10.0,62,5,30.204546426700563,87.82948512264713,5.333641427866683,99.56897860913998,maize
112.0,64,12,8.825674745,90.54468437113076,7.579654207049443,131.22097907234732,orange
102.0,71,48,28.65456263,79.28693687,5.695267822000001,102.4633775,banana
73.0,23,52,24.90680036291277,97.74333931903465,6.8309894918359975,182.69881897011228,jute
45.0,130,196,22.08109250814124,84.83609890483973,4.939306168795794,99.12481224164124,apple
51.0,5,57,27.8474395522318,97.45403696642052,5.726181843777237,26.69948140560312,watermelon
79.0,20,43,30.59394026485167,92.8773399881196,5.738850268952311,31.18020891925976,muskmelon
84.0,98,48,28.201641458607035,86.90107362965772,4.524739066688771,275.68437651892964,rice
27.0,56,22,19.91853092,20.70099804,5.833010957999999,108.6434544,kidneybeans
45.0,31,47,21.056981957244787,89.33416639592583,4.299609737639727,33.930255287764,cotton
1.0,6,35,27.02269204,95.71935435,6.231662767,147.16824590000004,coconut
51.0,31,24,22.03735870140012,46.55135546933603,6.770379763617151,35.18988470634046,maize
0.0,77,31,12.55507716326084,24.260690845056263,6.0379600721311775,91.8209308197803,kidneybeans
0.0,24,27,21.6990610944784,88.48749823532088,5.643764966716274,90.17794873253304,coconut
124.0,121,37,9.325490124653134,77.3908274154583,7.467552011299144,20.21126747,rice
30.0,99,31,25.063522969932865,82.05872042865175,7.491178150021817,85.75549224743827,banana
116.0,29,19,24.63339661523557,86.44555681258166,9.459820396805064,25.263181524503743,cotton
80.0,62,26,19.58695725179585,68.5167441228483,5.624355983792551,108.2625417111403,cotton
26.0,80,83,17.08498521,16.14565756,7.528599957000001,71.31007253,chickpea
0.0,5,44,17.1458350889921,92.69904661988504,8.359835334814068,124.6508461811631,pomegranate
81.0,23,51,30.364558471517565,77.28200769484586,6.323274135601585,77.61415408258745,watermelon
93.0,108,55,40.660891728137614,90.84915728819256,7.274217549040506,109.54428301775502,papaya
114.0,35,47,23.824106696988927,88.72446534810669,3.504752314,193.6967256229998,jute
25.0,5,23,26.431254613212857,24.439052477092098,3.504752314,54.55584151125865,mothbeans
0.0,145,193,43.67549305,86.6777295902679,4.201227871083031,61.552323591499245,grapes
0.0,26,28,33.53074433583075,84.64708576482296,6.937601201107455,149.38470476341612,coconut
40.0,5,5,29.66683689670155,50.88312095341916,9.68155584970415,142.53690806885322,mothbeans
140.0,36,40,27.168652157621672,88.8931430402215,6.681480712567998,185.68121564272911,coffee
58.0,11,26,13.819754746999177,85.71513681083754,4.599813604319692,93.08010195348228,pomegranate
65.0,11,23,37.13924153151747,37.542753448900605,9.93509073,77.27702102138421,mango
49.0,14,59,33.26676860752737,90.71149747686148,6.50801462276508,298.5601175,papaya
0.0,73,12,11.647033260884148,44.8590911801583,8.26690896186406,59.37089972297954,lentil
45.0,53,9,32.32825375408145,88.32827170423728,6.24548933382274,70.90051494729684,mungbean
50.0,31,17,23.819303874409467,62.07395276619624,5.410719364025309,138.85985949824436,coffee
0.0,120,201,8.825674745,77.52757410709337,5.070045805633187,64.50149565492234,grapes
28.0,56,53,23.35186791028593,82.3838524540748,5.146085573128074,121.74599610773376,pomegranate
6.0,74,36,32.55371688625269,74.35376829550187,6.508221439542721,108.07711082398774,pomegranate
62.0,86,50,24.88514293541376,88.10786007961033,6.746092763721853,232.46526529933672,papaya
68.0,107,48,24.877639581762832,99.98187601,7.003759529061783,38.74396398343805,banana
37.0,18,12,10.2708877,90.19147747,7.401121811,106.69552040000002,orange
42.0,57,30,27.74723826137401,65.13522620192393,4.757846439208745,28.386679860386867,mothbeans
6.0,18,37,19.65690085,89.93701023,5.937649577999999,108.0458926,pomegranate
61.0,57,23,8.825674745,94.80652798700746,5.565359004586092,107.27366110803956,orange
50.0,145,200,22.679890483142977,79.96524933814939,6.084869689112418,114.6932952099028,apple
0.0,36,5,34.047661956497066,25.395398596170995,4.499985834130492,103.71290813733594,mothbeans
5.0,122,190,9.46255088958789,82.26520131388938,5.787510954252224,63.94204887980326,grapes
48.0,65,78,17.43732714,14.33847406,7.861128148,73.0926704,chickpea
0.0,112,30,15.638240127882762,61.54253765401131,8.058794662321183,298.5601175,pigeonpeas
62.0,21,43,23.09200777124761,99.98187601,5.323198532492404,232.20155903713643,coconut
0.0,109,192,31.30921780877711,81.31091923808371,4.027109749573279,90.17794873253304,grapes
97.0,50,41,24.52922681,80.54498576,7.070959995,260.2634026,rice
75.0,59,5,33.80653628152625,81.51853008405541,5.699629367047431,20.21126747,maize
20.0,5,5,32.69891690842847,67.3603894217732,7.984543320971777,34.44720471907729,mungbean
17.0,50,21,32.02317326478742,94.68618744951785,6.679270254978978,90.17794873253304,mungbean
0.0,8,23,20.29808489409978,80.18921413264862,6.556315022841363,100.09930341621532,pomegranate
0.0,96,16,31.82515049882819,83.00944904149125,7.396992352623321,63.2046189485561,blackgram
45.0,25,14,33.9053111639473,94.86024034190544,7.757535167368689,118.39680020335666,orange
0.0,106,20,8.825674745,76.87036835005145,7.654179480750918,57.5462584248088,lentil
62.0,145,183,24.24998635445612,94.39595018369404,5.5134325972831055,94.81266338942211,apple
0.0,145,190,12.338803701753903,86.74900605390417,7.340591790180551,60.95789935498297,grapes
119.0,30,19,29.42394834444736,41.22771691849245,6.2586516264451575,101.69858661025428,maize
121.0,5,26,10.45857922509255,73.67404630205044,5.134676056626398,111.57825050660412,maize
97.0,22,50,26.26028739,86.14585891,6.769893799999998,58.97878791,watermelon
140.0,21,79,25.49158911727429,81.63037679288318,5.855518525167362,51.259812754501866,watermelon
140.0,5,40,26.600236822313168,87.49731529118218,7.6006347598604656,44.400443644317306,muskmelon
26.0,53,25,13.31744443880038,73.07623974887828,5.682798620665792,100.49799942977111,pomegranate
140.0,24,56,22.277191609106094,78.5528480540867,6.403167350861832,20.21126747,watermelon
6.0,37,17,28.08657178,80.35005927,6.760694227999999,38.14476781,mungbean
128.0,10,28,33.33730834864151,83.8851407640952,6.403167350861832,70.97112150255509,rice
103.0,27,35,31.152449670626225,69.36980197333976,9.93509073,119.85903713345378,cotton
75.0,92,9,43.67549305,57.65834577683928,7.39826055945654,54.09421451220277,blackgram
83.0,89,31,24.754465946994834,83.47883665734643,5.598296669629312,115.30364949056629,banana
125.0,38,21,23.080970146762763,71.70702352210998,3.854942386549535,20.71514367335815,cotton
31.0,13,33,29.69952329,95.21224392,6.342463714,148.30036919999995,coconut
100.0,20,24,24.33974530748405,41.77757096430979,5.78009193362236,102.0713160943854,mango
108.0,46,17,24.3017998,84.87668973,6.93221485,65.0247867,cotton
0.0,84,8,37.488914538618175,69.83331148751294,7.545422765295657,70.78866491121117,blackgram
61.0,83,81,16.774153747319343,18.277073074867022,8.818850157473095,100.85863906210425,chickpea
0.0,74,56,20.44983522087037,17.921436915414084,8.894871608239548,113.65883646553624,chickpea
26.0,17,15,28.32709017127381,99.98187601,9.58612900469783,90.62938112586582,mothbeans
45.0,36,31,30.90225239,49.95955487,5.73171945,91.77522598,mango
88.0,5,47,25.86475496,86.67468041,6.662244646,41.16554802,watermelon
0.0,50,21,29.078622978758723,90.69253273546502,3.9254361150891377,123.57858865720344,orange
16.0,41,5,8.825674745,85.17844116043845,9.93509073,68.69495448416617,orange
13.0,57,25,28.30041493,86.20681554,6.86308576,50.47333854,mungbean
140.0,12,48,27.677155592540267,73.04529490841178,9.050322161225289,190.5608567747949,cotton
99.0,15,27,27.0424167,57.27927475,6.501157208,165.6872119,coffee
0.0,49,23,24.906967560357348,43.54178010348055,4.132596430628517,100.88534874960928,mango
74.0,85,32,22.28055802013161,65.95837901445613,6.545195070604775,218.9927183275206,maize
0.0,52,18,24.541548314544087,85.5415360846518,5.8630285109026605,33.85341857969039,mungbean
0.0,5,15,22.9642232023618,85.6311663686401,9.93509073,78.32906176460088,mothbeans
0.0,20,40,21.975172758304844,99.98187601,6.775506591926671,207.8077224704029,coconut
139.0,16,67,24.908325734234133,99.98187601,5.861282043982957,73.46664802311278,watermelon
17.0,111,204,8.825674745,76.4098089571542,6.967909596074188,73.82389898415515,grapes
93.0,20,50,29.93061247,93.22980899,6.448792688999999,24.34814338,muskmelon
102.0,73,50,27.672750073948933,80.96170680407108,3.7171864398703214,110.41683689069104,banana
62.0,72,46,25.49158911727429,99.98187601,6.24050795282216,159.0829187126593,jute
25.0,59,19,29.06631494,83.6869203,6.626629798,43.95183726,mungbean
88.0,15,30,29.531689930157405,77.6367807129154,4.77348506122014,245.1670415909237,coffee
140.0,53,24,18.361334602609816,79.80721819670053,6.403167350861832,109.07847950401283,coffee
73.0,21,27,27.667108830052577,92.47336020002798,6.403167350861832,28.48326666427933,muskmelon
0.0,35,5,16.921707526334796,99.98187601,8.321098737334886,99.10935273641506,orange
120.0,7,47,24.24782473,83.03687902,6.653867608,54.76576239999999,watermelon
125.0,5,28,19.98898214153376,96.24705789836842,6.0136740406540135,159.5162994815705,coconut
140.0,5,59,23.453018149532376,95.03767355809735,7.560165187306252,66.33440010748267,watermelon
64.0,78,47,17.962702881456238,95.60362743893926,6.893168115163359,147.86107827656156,banana
8.0,73,41,25.828293472922176,87.99203359242743,6.2510648628475565,223.14033609417768,rice
72.0,5,56,14.223278215478604,99.98187601,8.588459433163688,120.48007175822322,pomegranate
0.0,49,45,31.046069713504465,45.40201635349136,3.504752314,79.62888552451005,mango
0.0,130,201,19.8223486820395,86.92253609494217,4.8739612865695,88.30352531410898,apple
101.0,43,11,19.95541776628712,72.2594703152685,6.427540249164055,90.17794873253304,cotton
140.0,89,79,28.59319887611288,77.09996973075145,5.789892865395711,70.41798053458547,banana
74.0,59,17,30.1583802073648,65.58712329693617,6.216445477441612,20.463575992704435,maize
125.0,19,40,20.555441807800804,85.74442168158679,4.183406380119813,59.86967636332167,rice
66.0,71,67,34.35655193945592,87.38351099849325,5.392359011022457,20.21126747,papaya
126.0,46,25,24.43847399,81.69801729,6.757457943,60.79645852,cotton
60.0,5,51,31.01832628465672,99.98187601,6.096146317051364,298.5601175,coconut
73.0,64,35,20.30098043332775,42.62498584256352,7.9378675657026685,43.24488884321271,coffee
66.0,22,32,24.229803449543525,80.96321273439068,5.192728111876234,181.0972039991116,jute
55.0,145,191,21.4705101036254,80.31225940081193,7.843455981788777,75.62873563461721,grapes
88.0,36,22,24.282478325077587,75.44180060021819,6.1086081525821,228.5563634598638,jute
89.0,45,23,23.538084420115872,89.67520979771989,7.312569876708373,129.72456530905393,jute
57.0,13,51,34.1958733638246,93.1703830515093,6.576782627762093,20.21126747,muskmelon
140.0,81,11,22.972713620647795,97.03901729505982,3.504752314,123.27449236993044,cotton
24.0,125,192,24.6108296057204,87.57200412738729,5.544118812564594,117.2131999557885,apple
61.0,5,23,29.63620988585209,78.32263597727204,6.554115167027857,105.4034642584906,pomegranate
38.0,135,205,20.646075956715265,81.60463906612462,6.286165993017729,73.85127457621992,grapes
103.0,33,22,19.901632059784152,36.19635336886808,9.173039844563112,119.40400641995689,coffee
17.0,55,10,27.840366947026,78.52140135122804,5.386244449182635,53.71254329004852,mungbean
40.0,5,37,18.690417975203665,84.27437333489657,6.399955417161752,117.0942337733445,coconut
0.0,14,7,24.943724863325983,60.755908736621386,3.879918391476682,115.83590993023054,mango
25.0,5,69,27.571291255414067,99.98187601,5.329866070813145,39.2089124663349,watermelon
49.0,61,45,32.76795887,94.57377401,6.764213299,240.4795923,papaya
93.0,48,11,30.809572386266325,68.77746807401633,9.616790318333626,56.2754852113523,blackgram
17.0,64,18,36.75087487,58.25799145,6.07938452,124.6028153,pigeonpeas
66.0,72,13,25.571678313149764,65.7781863833791,7.383928692965648,109.69408107496233,jute
65.0,42,38,27.960013535474623,98.69020210852874,5.387592326509995,27.0312808956744,muskmelon
0.0,84,9,33.545662916950576,20.6921430408329,4.692315822478781,176.5831658999569,kidneybeans
140.0,80,64,31.29612754946849,64.23416252003994,5.426299799883793,107.99926181367732,banana
45.0,5,28,14.001432893708497,42.27326880384557,7.794595254815251,99.27186615601236,mango
0.0,78,32,22.92798759555382,90.51121227385,5.743103361194283,97.96873294191136,coconut
140.0,5,48,32.400174104305854,96.56879447101412,6.041230677687883,20.21126747,muskmelon
140.0,81,44,29.27819327262613,82.78258363476188,5.682047738981124,91.08858565668709,banana
20.0,69,15,23.44260668,22.77255917,5.934136378,107.4137246,kidneybeans
24.0,70,16,25.17885316,68.93307305,6.403167350861832,35.03484812,lentil
61.0,63,5,29.388831857238515,82.79452632868143,4.4154614281665605,39.53356258261757,mungbean
56.0,94,29,36.266780179756346,51.786675512817695,7.604842974149708,95.47077891403929,mango
26.0,84,7,8.825674745,57.725573411428414,6.680999279160322,90.6078553987139,lentil
0.0,12,5,10.246568680740008,88.33651683526199,8.250197023872714,140.56858150462398,orange
70.0,96,57,28.73439834504863,98.31509612290884,6.114970686098833,131.5739951658762,banana
123.0,46,67,15.661174156282934,17.374593202948436,9.034142611979558,61.172203772459326,chickpea
21.0,137,196,23.6119202,91.70293849,5.812781806,123.5900822,apple
64.0,63,202,25.49158911727429,82.14008440878855,4.809119254742417,103.61319150739688,grapes
51.0,62,36,43.01964700285095,34.25770379439606,7.180693544376742,184.2873936956839,pigeonpeas
22.0,70,19,18.23775702,21.07643273,5.515615023,69.44951585,kidneybeans
81.0,36,38,23.76554749,87.98329901,6.334837865,150.31661519999997,jute
27.0,80,24,28.42062847,61.77336343,7.815210661,49.02366803,lentil
0.0,145,196,20.85537148452944,94.0233745803286,3.504752314,95.00518768808814,apple
84.0,84,42,23.41687885174637,91.0765607801123,3.94997430441001,298.5601175,rice
140.0,5,78,21.33657641703804,97.64100978852404,6.6114043331150185,67.73492424888734,watermelon
0.0,24,36,18.97647036097826,84.96205924364462,8.250068602490073,111.41215097488936,pomegranate
101.0,92,45,28.22776705,80.64303840000002,5.758054257,98.00403016,banana
39.0,111,205,17.791282997568597,92.40267272125544,4.976507228131244,135.7129754921446,apple
38.0,5,46,14.276415171324182,88.72397371912649,9.93509073,105.8091660658257,pomegranate
45.0,118,21,28.754595792861792,92.57849393482742,6.0047122104566295,77.59103979211184,maize
140.0,82,61,25.755551619358585,89.27810957277492,6.218959658145121,143.5798057308737,banana
91.0,85,48,27.58294218293097,92.94818498440316,6.87877332220684,21.176665344784887,muskmelon
64.0,78,53,43.67549305,96.0306152340033,6.970794245208792,20.21126747,papaya
39.0,37,25,33.33024826,45.61143594,6.953246506,98.28583013,mango
54.0,70,9,11.316112089316997,61.63393918149354,5.759260074903276,82.31030278735304,blackgram
0.0,68,31,10.977868070812317,14.25803981,9.93509073,106.48177726490016,pigeonpeas
113.0,20,48,27.46583649,94.87679041,6.440584681,27.27899847,muskmelon
40.0,53,20,27.314594451416085,57.99320414405811,7.366156913983786,93.4725468453346,coffee
0.0,24,11,28.012903228779635,92.0611268694952,6.341057032912242,294.32754602629245,coconut
14.0,5,32,19.670797077480472,81.21906857029833,9.93509073,40.5663605703942,mothbeans
76.0,5,5,21.79889362252117,92.05188483283888,5.1304179342474505,120.25436346994344,orange
17.0,14,33,27.63514181419724,99.98187601,6.831405431688445,59.39015574443407,coconut
46.0,36,5,20.97785967883676,24.38394082280364,7.033257799930288,189.6130063836884,kidneybeans
13.0,84,25,27.77899205760627,14.25803981,3.7566650871403273,215.22212632308785,pigeonpeas
80.0,89,8,26.68905227072144,38.456446930018565,3.504752314,24.657825661487266,mothbeans
112.0,22,21,31.127366877235875,80.07671964349082,7.271772289659152,48.53312020055526,mungbean
41.0,24,5,33.49138828983041,87.08504985598637,5.555730540205679,112.95636965085303,maize
0.0,44,44,26.36262322532436,95.79709743560116,5.72811663960608,188.08936400823467,coconut
56.0,78,45,20.134253887015944,79.66747094122941,5.332737821163281,298.5601175,rice
84.0,96,47,27.998798661246617,86.6894871980455,5.691398143557222,114.4920842455147,banana
72.0,5,73,23.175350476375407,94.2641692646194,8.607188730505706,115.39540867585076,pomegranate
7.0,126,203,16.76201707,82.00335557,5.662140095,73.28712806,grapes
0.0,133,200,23.67287749,90.4935574,5.708418722,104.2298028,apple
73.0,123,180,26.251048998598165,92.90828922678186,6.790886740448684,124.8990175233325,apple
101.0,17,47,29.49401389,94.72981338,6.185053234,26.30820876,muskmelon
88.0,27,58,27.71294801380501,92.77905348379645,5.492002276131186,35.506382195534044,muskmelon
68.0,64,16,18.747319840781145,42.695067597444535,7.841299340427969,20.21126747,maize
73.0,100,46,9.071369218160314,93.43464508800248,6.907933333129487,203.8817916886977,papaya
87.0,30,39,24.27273371190985,56.85855911565032,5.766426377578601,133.82559903274236,coffee
48.0,17,43,25.49158911727429,82.16840181319712,7.528590601238953,20.21126747,muskmelon
31.0,58,15,28.31886863,60.19461399,6.167855382000001,45.36521251,lentil
45.0,5,61,26.45864064618208,86.59378915341689,7.172298535444093,39.3136203412249,watermelon
140.0,54,49,24.60982890859517,77.80577422846208,7.011715304226067,298.5601175,jute
52.0,36,40,20.50073978193498,71.77895086939806,6.665215126480403,99.71284348843793,pomegranate
0.0,11,38,25.49158911727429,92.93739491757522,4.7765839799674525,89.15731395055978,pomegranate
45.0,94,76,23.293053752056867,18.770756718342952,6.124142544523415,90.17794873253304,chickpea
28.0,12,58,28.928178097421124,87.02256012883069,9.145090596158209,178.2059237810117,rice
68.0,82,29,18.98967852019256,59.164295302721,7.2034324249837,83.93253130513409,blackgram
0.0,5,38,11.468652614755896,95.04304678001222,7.068999746807622,100.58801057496925,pomegranate
42.0,39,59,39.92679432959236,92.29592032920576,7.239586239356786,171.40298912477618,papaya
140.0,63,23,25.0513869652518,71.33553504076755,7.983572235627448,114.6907919953052,cotton
69.0,60,54,36.32268069,93.06134398,6.98992719,141.1736926,papaya
140.0,38,51,20.52149010766893,14.360933203556272,7.104014972613959,30.88867823417999,coffee
7.0,79,23,19.6365349,19.68751084,5.821649914,96.65888933,kidneybeans
61.0,92,34,25.49158911727429,96.63003776311508,6.94850677575733,30.75129292729389,mungbean
84.0,85,42,43.67549305,97.82114620310648,6.188844044786148,20.21126747,papaya
124.0,50,40,16.48309443294466,50.42884924087471,5.75158775426096,186.38246590685893,maize
0.0,5,5,8.825674745,97.54790477296991,5.710915747680661,97.34012176313152,orange
22.0,67,11,21.593256628353146,30.96176169839085,6.0234126068184,60.58543983337055,kidneybeans
9.0,59,25,30.39321309,60.16299493,7.699200949,35.37493212,mothbeans
86.0,72,15,37.940746629790986,66.16351410070374,5.546576795080078,43.947588551725175,blackgram
106.0,73,56,28.723167869198864,87.25980140116027,6.300301166186334,118.71280601609377,banana
16.0,119,77,12.43982227188103,14.25803981,3.504752314,84.915713195316,chickpea
88.0,54,44,25.7354293,83.88266234,6.149410611,233.1321372,rice
60.0,49,44,20.77576147,84.49774397,6.244841491,240.0810647,rice
5.0,145,205,17.26184897666692,87.42487378757201,6.888620752427717,129.2812939700627,apple
0.0,68,10,18.772050930467085,22.262859409514903,5.714273633828163,109.87134781884124,kidneybeans
62.0,50,15,28.43269767673294,91.06203615690532,5.936052905785625,47.905862770216416,mungbean
114.0,20,26,25.55656667,62.67087838,7.27905689,193.5866233,coffee
67.0,54,32,29.534664138754824,88.73175592219862,8.976465260207409,298.5601175,rice
59.0,17,50,25.245425365073263,81.38081184452533,5.339348559130146,169.22344571311436,jute
12.0,80,19,21.91041045,65.21662467,5.962001484,36.10211371,lentil
0.0,5,18,9.596205359239235,91.26163826384185,8.242048974943986,119.9125205932516,orange
58.0,86,20,21.57123563726644,69.71949547061237,8.457107619135886,70.83610659553665,blackgram
26.0,57,45,37.15287175186101,82.77306712313498,3.504752314,251.6437885932411,rice
0.0,98,69,24.48217988427721,14.4770054440436,8.359009926166939,47.32898077733392,chickpea
38.0,145,203,17.898708591392424,77.08688244729957,7.138213037977084,61.676569699199725,grapes
72.0,81,44,37.213061587662686,92.01385005213574,6.468918561367471,20.21126747,papaya
21.0,76,42,43.67549305,93.25713643274702,7.282185240711907,184.1975438164565,papaya
45.0,5,100,21.87752615681949,28.098725864118347,9.93509073,54.94524429122794,chickpea
101.0,89,31,19.67280897773766,81.09713054368615,5.754210167218148,224.5045825084689,jute
0.0,55,54,20.834574276854,91.30960264381667,3.874291108209984,287.31322986942945,rice
74.0,41,47,30.98930541366711,93.21424461534704,7.439590757600397,29.146150775032662,muskmelon
63.0,26,31,20.226219632639648,73.64814432754316,9.249780935945406,112.19612104279358,coffee
33.0,15,7,15.83388699,91.68293851,7.651225301,109.7571416,orange
52.0,46,11,15.89068528898548,97.02841977155138,4.817505196264689,92.7478108981136,orange
48.0,49,17,8.825674745,38.20175847522246,5.797152671449372,210.3071108215446,kidneybeans
60.0,68,83,19.12065218,18.43475844,6.620900869,85.52950164,chickpea
55.0,5,53,34.42504445361315,87.04060969036632,8.4977944473881,112.34273124858788,pomegranate
82.0,35,48,22.290798946911764,65.10815174731879,5.664903884660385,217.8310607782132,jute
140.0,60,43,32.225644322904785,56.25723089851586,7.588041606958239,20.21126747,coffee
35.0,131,203,22.42776057,93.91722423,5.893490899,102.7230739,apple
74.0,46,28,37.04008667800871,65.91226229026893,5.385583990351181,75.37424712389206,mango
73.0,58,15,22.40772390283721,66.62196589989003,8.381178908428033,47.548650264560806,blackgram
51.0,44,59,37.0210950626836,89.77992686235365,6.6008262538728895,229.7010274238924,papaya
18.0,87,5,34.9711862063139,32.77115651014663,5.899897662357734,68.5954130642599,kidneybeans
101.0,31,26,26.70897548,69.71184111,6.861235184,158.86088869999998,coffee
0.0,67,51,30.57397873274593,79.9868193596763,6.191254438389333,75.11640314554107,papaya
134.0,5,75,25.26055423927448,91.14239436735392,6.422637038640246,20.21126747,muskmelon
90.0,52,25,27.35810471028433,83.85271877932247,5.646011716740915,95.25306840460624,rice
0.0,38,27,30.54378780520159,88.40879070673594,6.569830033599245,76.11631846368263,mungbean
43.0,52,44,26.9104555302102,96.92227178846602,7.251813581266036,20.21126747,muskmelon
117.0,44,42,19.44937596772016,81.86005916928801,5.562497789805156,94.47214584630194,cotton
36.0,92,25,24.88653219911629,14.374213216620369,6.951287549648608,237.323628315654,kidneybeans
86.0,37,32,28.93930487666742,44.135233891665145,6.550728741149884,232.011522746309,jute
17.0,134,204,39.04071989,80.18393287,6.499604931,73.88467027,grapes
9.0,76,25,28.88302142,50.12323801,5.70951224,90.17794873253304,pigeonpeas
83.0,41,32,43.67549305,99.98187601,6.007164010942208,114.64827191514333,pigeonpeas
68.0,62,50,33.20258348,92.76437927,6.403167350861832,90.17794873253304,papaya
11.0,34,32,29.14305008,49.40983294,6.831706773,97.55155537,mango
62.0,145,205,23.20060957439285,83.062906492844,5.465576003668847,92.25435416442956,apple
30.0,70,79,20.26942271,19.96978871,7.313122235,69.64449182,chickpea
62.0,48,20,21.70181447,60.47470519,6.708446922,95.71388473,maize
18.0,24,17,33.16747909095579,82.03897763588455,6.048005181477201,298.5601175,coconut
120.0,24,10,29.41981549995021,87.6676649476061,7.42282529062757,110.54077468418224,cotton
0.0,6,24,43.67549305,49.45896154852745,3.6046740465952616,92.8050245012731,mango
50.0,77,5,37.59206193149591,54.20993012229687,7.294850197239348,65.03540640061097,blackgram
47.0,46,52,23.19451074,91.40301608,6.502289472999999,206.3999208,papaya
63.0,94,192,25.90293582189381,77.89789907539264,5.413452350080977,70.69025267334581,grapes
45.0,58,43,16.333339080664388,94.11516205646808,9.623668574828594,98.26668489633688,pomegranate
17.0,136,196,23.87192332,90.49939035,5.882155987999999,103.0548094,apple
45.0,62,47,25.34756111,93.02871078,6.803094965,174.40123369999995,papaya
14.0,69,19,20.95628486,63.68128841,7.239455147,52.39881209,lentil
127.0,74,27,24.68856186883144,77.83858544121557,7.324833776472487,266.66632973295845,rice
47.0,52,55,30.683381047956093,82.03805104845428,6.938496832023581,121.59919499970576,jute
0.0,27,38,22.44581266,89.90147027,6.7380162210000005,109.3905998,pomegranate
34.0,49,9,28.746329455696088,99.98187601,5.4856749994293175,86.88429499710398,mungbean
134.0,30,64,25.68481416637494,93.23448511131024,6.403167350861832,51.25349492860301,watermelon
57.0,36,40,21.23964321168209,88.22363470678371,3.801881950238069,298.5601175,rice
25.0,143,200,23.80436344,92.80441624,6.024248787,100.6192543,apple
65.0,54,39,23.75091572,71.14782585,7.124571593,160.0889553,jute
59.0,108,56,25.73562039507457,54.33204384453072,7.571444262630877,154.62524196440128,jute
37.0,5,15,32.299403924084345,86.65886969936287,6.0603596466139855,193.4877012425256,coconut
94.0,7,57,10.854723885376806,86.45685438374147,6.32815862125599,21.059606909383,papaya
47.0,103,36,33.63307243593461,78.37937221950448,7.821195932534713,20.21126747,lentil
0.0,5,9,27.688341784765765,51.6687733626459,9.93509073,20.21126747,mothbeans
0.0,33,11,34.78502442578443,84.39674297646486,5.908563350396697,33.42719416011654,mungbean
16.0,70,49,8.825674745,88.03986465737152,6.45282650416001,189.88506255356708,papaya
0.0,59,20,32.35611621073889,54.6056002618395,3.504752314,98.91066215939168,mango
19.0,5,31,29.087122501653216,98.72639324123276,5.1662788650450775,86.18189194677318,coconut
72.0,95,56,29.391546365881048,81.30971117480607,5.304389994737263,116.12693666452084,banana
58.0,51,23,24.9043251209713,90.77008520165435,6.403167350861832,135.9044572795935,jute
136.0,20,41,29.08656383636633,89.25379307991442,5.512437044334097,20.21126747,muskmelon
0.0,106,6,10.923511724450286,76.89328015914286,6.47200439453457,29.436353690441784,lentil
0.0,24,19,28.055787892713195,72.31511494348771,5.635163151302799,97.37173455431268,mungbean
140.0,42,58,24.68831793282954,91.75670190768534,7.063232686835415,21.632847547685333,muskmelon
64.0,37,26,22.27912633154768,59.70025629751014,5.47888818445554,150.78737770590678,coffee
0.0,5,47,35.468012151132484,71.14392723344388,9.93509073,89.49190288284142,mango
100.0,40,35,25.49158911727429,54.41094079,6.9557873510000015,177.816092,coffee
45.0,43,53,22.8599900602128,88.68934068092094,5.246050301859491,55.51993629660029,watermelon
0.0,35,87,18.80321371638248,16.43402786063707,9.93509073,88.05125562233104,chickpea
0.0,29,41,31.993650536037443,96.58455962176518,7.048355317622379,230.5006885910281,coconut
140.0,5,58,26.08372529585332,92.75063886339092,5.407825287813825,20.21126747,muskmelon
55.0,48,69,36.99517588795417,89.14535558416743,5.922253684902224,20.21126747,papaya
58.0,75,44,26.078819568744407,47.511581173533855,6.232906961606287,135.99642994703413,mango
66.0,47,38,25.973719906893432,64.57322202941612,5.355725617213424,96.73149115087566,mango
0.0,21,22,28.327755561435424,81.77089003774222,9.045301406376815,65.80979911425494,blackgram
21.0,39,20,27.06179658,52.3003173,7.388007482999999,60.74583498,mothbeans
29.0,35,5,27.517118107189457,82.96595953064742,6.680676900937404,20.632094725768045,mungbean
23.0,42,39,24.765547988503688,36.25593883380409,6.552985475656424,106.14401353508882,mothbeans
87.0,25,46,27.42711692,90.02696201,6.379690748,21.7508774,muskmelon
5.0,35,20,28.92952635,53.57014709,9.679240873,66.35634104,mothbeans
80.0,63,45,19.228903766406948,47.56188615623101,4.726160639919486,151.0615043969948,coffee
20.0,28,26,26.37978453,91.49882979,5.547594847,167.0470997,coconut
20.0,68,17,30.11873003,60.11680815,6.578714842999999,71.72980375,blackgram
36.0,64,13,11.72773492014983,67.04010481840257,4.624172068617466,68.71286923338005,maize
37.0,5,40,23.615569960690745,91.31613512333374,7.155701320142483,131.02371422909832,coconut
66.0,58,5,27.148191121360057,30.47577102207991,4.038967044437285,127.31659390582402,mothbeans
72.0,40,29,33.64805698212707,87.16339812070117,6.538693058207254,90.17794873253304,coconut
123.0,28,19,31.594195953994817,69.36163530693187,6.880730657479882,201.1971821385521,coffee
140.0,5,62,30.801949720462225,95.29969013268229,6.019494989104989,22.49221180465525,muskmelon
109.0,29,28,23.26316991,60.51600210000001,6.724688502999999,194.1755471,coffee
69.0,5,22,19.37143115960086,30.828539571987577,3.504752314,20.21126747,mothbeans
21.0,63,22,25.09737391,67.72837887,6.859409487000001,74.61649888,blackgram
22.0,59,23,27.32220619,51.27868781,4.371745575,36.5037914,mothbeans
0.0,114,205,15.946513640351291,77.9445662018964,6.403167350861832,67.03978800737414,grapes
0.0,18,12,37.14847291551621,72.24481789648266,3.504752314,20.21126747,mothbeans
4.0,56,58,29.251394425463207,85.76711850483214,7.284119690393516,74.02218608780656,watermelon
28.0,123,202,22.76643029,92.12438519,6.442289294,120.4359949,apple
32.0,24,32,33.24429421457049,82.63101291530849,3.504752314,20.21126747,mothbeans
27.0,145,205,9.467960445,82.29335466,5.800242694,66.02765219,grapes
3.0,5,50,19.83026426589584,86.4447977949442,5.253029428488623,100.73555168932536,pomegranate
34.0,35,21,28.44524991,82.67639542,6.684381357,58.18713162,mungbean
140.0,67,10,24.77816526806202,55.655647388358986,3.504752314,58.28154406046863,cotton
0.0,91,166,13.801044626649013,79.55137931536028,5.108966198453302,66.85675844666044,grapes
32.0,97,16,23.599324451998022,54.02439636062861,7.59963166202545,51.78270665882144,blackgram
76.0,30,47,25.851076097341483,51.28504944675666,4.177184258424995,59.85924955286751,coffee
23.0,54,21,19.302635016657444,14.25803981,5.545417725561927,217.50653879444613,pigeonpeas
111.0,5,47,28.03306461,91.47355778,6.2744528110000015,21.17924769,muskmelon
140.0,45,9,23.258830840833053,82.66451718731503,8.346539059222522,57.59278516483897,cotton
44.0,36,49,22.41490004743358,88.275183175321,4.707137578116251,107.96364833466544,pomegranate
8.0,37,33,28.07802689,54.9640534,6.128167757000001,97.45373619,mango
0.0,76,62,12.45792451515722,14.469888369932765,9.154476502632212,61.51464001766279,chickpea
27.0,30,31,28.98545306,90.73966792,5.718120393,148.8398374,coconut
81.0,83,79,13.159174784797788,19.957247583328,3.504752314,97.08701471174524,chickpea
0.0,113,10,27.18635073678527,99.98187601,5.298557425351992,40.76860370502062,mungbean
48.0,72,49,11.900847074514775,99.98187601,6.880774167262391,145.513447886462,papaya
32.0,43,22,31.99928579,54.1077461,5.270749441,71.6266696,mothbeans
57.0,68,81,17.17012591,17.30457712,8.081095263,72.78624223,chickpea
14.0,55,15,27.33580911,55.27755933,8.050304395,73.44775287,mothbeans
52.0,52,63,43.04326579082455,90.77679247644409,6.080879838557874,298.5601175,papaya
28.0,10,22,27.16782176072497,81.21916203808638,5.715384292964552,20.21126747,mungbean
134.0,87,10,8.825674745,62.88245426714548,7.440843619325954,37.89220975826105,maize
88.0,39,42,21.373829458573987,95.2942493482979,7.769992608552867,104.24536939862703,pomegranate
81.0,43,37,24.227784308921056,91.59356263046917,7.730291391369714,243.01683914105672,jute
0.0,23,23,41.17339480384937,66.77517861499561,3.504752314,35.8997366305649,mothbeans
56.0,50,52,33.08706051,92.25197542,6.770384816,88.1300769,papaya
55.0,132,205,8.825674745,84.37993860248007,6.996890710164135,48.19386642840957,grapes
92.0,33,19,14.521717932766697,86.51356348261733,7.01464767820888,187.17460432689603,maize
0.0,63,5,16.410066130076885,25.77033906313647,5.2760672605675465,230.07442112022017,kidneybeans
3.0,78,46,9.9799380719369,97.54801387239692,6.533482326224574,20.21126747,papaya
42.0,79,23,27.71678273,63.29103387,6.781841984,68.56507978,blackgram
50.0,48,82,23.281831386839983,25.831101483353173,9.116577861381815,113.09748995467382,chickpea
0.0,123,205,19.72358150606527,85.21594213410631,6.267973429722895,134.97266953374836,apple
44.0,115,43,29.330188071606884,76.50049335224014,4.584205955400959,83.36801692494267,banana
109.0,65,25,18.803028489708744,83.31042532151544,5.567112672078481,298.5601175,rice
128.0,85,26,43.67549305,55.38087477110736,4.904002953980367,20.21126747,pigeonpeas
114.0,27,32,30.571327381364924,87.11738709168438,9.657973465581218,102.55513512750032,cotton
28.0,80,17,19.62207826,18.67170854,5.809419584,144.1567454,kidneybeans
20.0,68,23,25.54960633,63.95425534,7.707332484,63.1830529,blackgram
101.0,44,92,20.473594494792763,19.95041874551876,5.9848603516355565,95.41882875561964,chickpea
33.0,77,21,30.32992227,65.62971858,7.01285529,71.64631281,blackgram
57.0,89,205,18.466874745935463,93.88455746679348,5.527165539630411,98.78399291049868,apple
65.0,63,39,25.49158911727429,86.55148704749429,3.504752314,298.5601175,rice
57.0,82,205,19.94165521232797,99.98187601,7.527134681510512,148.20915333727825,apple
0.0,84,13,31.06462659945757,87.2983855032094,7.023009079273081,43.22887663266229,mungbean
0.0,31,17,36.12826989865685,74.40876154390689,9.93509073,47.13096976786822,lentil
127.0,12,28,20.81821281157095,48.36604692973235,6.838285163406914,193.16393465750645,coffee
87.0,38,29,25.20406808,57.88370456,6.652642579,156.1457255,coffee
16.0,18,26,31.976245423182657,94.84780620719332,6.234823028014689,39.55396853418269,mungbean
1.0,45,24,33.05826788060994,93.7858110208226,5.724722682608543,117.00522600899104,orange
32.0,79,15,23.90910104,20.74619325,5.706198621,81.60211243,kidneybeans
48.0,65,10,29.179188949925813,60.57071909060394,6.552996492374292,89.20170876380107,mothbeans
6.0,125,204,27.92004934,82.93262435,5.7335398070000005,69.92092839,grapes
140.0,38,15,24.1472953,75.88298598,6.021439523,69.91563467,cotton
88.0,93,20,13.495500791859383,40.93513227957112,5.02362272711666,131.50512060926974,maize
16.0,51,21,31.01963639,49.97675220000001,3.532008668,32.81296548,mothbeans
30.0,5,17,25.24096767630497,90.88426559444892,7.215405492704677,275.1598603348708,coconut
45.0,5,31,24.9640868187539,96.95382266548395,8.053819640822981,294.8226816621846,coconut
18.0,5,11,20.87947369,90.93756231,6.251586885,102.4550786,orange
58.0,5,27,15.243403268272433,71.68888535196109,9.192256918807328,54.78538943648449,lentil
22.0,16,27,29.1797902,90.27214288,6.006784979,188.9252083,coconut
127.0,37,18,24.87663664,76.30050373,7.041065585,91.9223468,cotton
42.0,82,25,30.542105941466268,73.51615993301475,7.893991511698553,61.0052009663926,blackgram
104.0,50,22,33.154657219846875,71.16494157381196,4.767762642308347,136.15588368409652,maize
140.0,56,21,30.79753425356141,55.42386368166542,7.859935414918841,287.9804049896317,coffee
123.0,14,20,29.77741621943928,77.13568050615822,6.88741211199874,63.18449076609178,watermelon
5.0,74,21,16.24469193,21.35793891,5.591704013999999,66.97053257,kidneybeans
127.0,53,24,22.21506982,76.17851932,6.127939627999999,70.40557612,cotton
27.0,81,17,24.73811558999523,99.98187601,7.476091987775722,90.17794873253304,coconut
37.0,48,28,8.825674745,14.25803981,4.216595225816991,20.21126747,pigeonpeas
100.0,39,34,30.66885817882708,24.935168777542373,8.364332873021837,37.49049221579537,coffee
0.0,137,195,22.4359017,80.18612085,6.329499832000001,65.3973168,grapes
76.0,60,15,43.67549305,92.21905533268534,8.211986561086654,81.24304207295214,orange
56.0,16,44,25.49158911727429,61.19176776370976,6.7379730453617634,285.15017523592104,jute
50.0,106,21,12.819774928850087,60.793169041886685,6.5248939532514925,72.52839443165136,lentil
54.0,60,15,37.793256000078905,69.94125193006728,8.459149586259116,28.44145759836862,lentil
120.0,25,50,28.05457761,94.81637388,6.327210469,21.84869328,muskmelon
7.0,81,23,19.78855558787577,61.22570131005191,6.858615456247989,51.685775779149,blackgram
140.0,57,36,21.9397794623719,53.46358367796087,6.172922006380539,254.71991288368287,coffee
14.0,68,19,26.192913304784447,14.25803981,7.287468708150908,75.28772720423575,mothbeans
36.0,99,61,24.39243492346588,77.22298076353843,3.833766045996106,101.93959210045746,banana
85.0,68,12,25.068683868266177,14.25803981,7.1692927534100725,148.6209619181418,coffee
81.0,44,60,29.721039912118947,73.11230387171618,6.690732226530492,106.42487657436844,rice
0.0,5,49,23.282206693564422,96.2505284180926,6.622796528186584,108.97807366896178,pomegranate
140.0,42,46,19.95505611528499,84.26327052740272,5.030644387677535,26.91734000238825,watermelon
123.0,7,54,24.434978639880207,86.06686522384807,7.561498803703078,225.39835366878384,rice
0.0,5,27,25.49158911727429,92.4839544415354,7.900579091278635,201.3548687414308,coconut
0.0,19,19,21.65351144819291,61.93773455823066,4.815841759848784,72.64621963549443,lentil
0.0,69,32,24.387598698536166,83.21161028570248,7.6224299195097,40.0606557009812,mungbean
49.0,68,57,30.754341298317268,59.511907071772725,4.101625165503657,197.72724090924063,coffee
30.0,68,6,23.77241197313608,93.04388961777344,5.452308797741982,20.21126747,mungbean
34.0,81,10,26.418900406824285,72.12601323333044,7.580784029952795,63.87172435561105,lentil
109.0,5,30,25.089549042452184,99.98187601,6.288755144306031,35.34053043097458,muskmelon
10.0,61,16,15.059559692145829,70.34496085336471,5.124033565779149,55.171850893799366,lentil
13.0,73,25,27.420554727799185,99.98187601,5.327738914397078,298.5601175,coconut
119.0,90,48,28.66725136,79.59242542,5.986442306,118.2583441,banana
55.0,29,7,26.097064604723016,62.72290671778754,5.288853275417445,20.21126747,mothbeans
79.0,5,12,41.300364371560725,99.98187601,7.748065885293323,118.60784247501672,orange
30.0,5,8,43.67549305,93.5141509765265,7.585056790599127,125.9802941634084,orange
78.0,50,43,25.12417673,85.72530641,6.348441469,159.5718087,jute
62.0,5,17,34.66288017029703,99.98187601,6.31523118268282,206.70070720838896,coconut
9.0,87,15,32.48895368830304,48.93230115878829,5.369043917608886,61.65816558656585,lentil
140.0,9,49,22.915895677283856,92.83340413187932,6.526371679388392,50.913148838716886,watermelon
37.0,48,41,26.21350652606824,79.32632472409834,9.93509073,90.17794873253304,rice
111.0,39,22,22.60361557,80.35090459999998,6.135025006,88.57395505,cotton
101.0,98,33,15.48179176801295,20.354339857001555,4.966729910554455,20.21126747,kidneybeans
84.0,38,43,26.57421679,73.81994896,7.26158085,159.3223075,jute
106.0,16,54,28.96017885,91.69532178,6.585872508,24.7458198,muskmelon
35.0,145,205,16.76199429024546,81.80768217887884,5.600510407993678,70.18533550224745,grapes
72.0,13,12,28.996061780036385,99.5381022627781,5.319784048368217,100.91884322170355,orange
34.0,47,19,27.31372793,85.44815232,6.568795403999999,53.15223123,mungbean
99.0,39,18,19.20129357,68.30578978,6.11275104,87.85092352,maize
90.0,5,41,21.615325955113303,88.89438928398013,5.120888203103341,52.71004081943988,coconut
36.0,76,75,18.38120357,16.63805158,8.736337905,70.52056697,chickpea
23.0,82,18,15.52831488553884,87.53629819055128,5.849742123554858,20.21126747,maize
128.0,5,41,34.041796723732745,43.885924031693,4.1655399763355785,194.0583804626116,coffee
40.0,21,8,34.90665289,92.87820148,7.418761774,102.1906333,orange
140.0,81,32,34.37565783960741,93.09130620248624,5.406840014018892,78.65510278255394,banana
78.0,5,47,24.40616339131309,82.54832384711575,6.415883218982785,20.21126747,muskmelon
118.0,48,5,8.825674745,78.07487746930737,6.7077946511925965,106.43959345014969,maize
0.0,128,180,8.825674745,79.33587538346741,5.479771504860628,67.26407939998249,grapes
84.0,37,42,25.49674786,81.13449097,6.691074249,169.92882340000003,jute
12.0,55,36,32.75856020263793,81.8611601382353,5.334919623390669,298.5601175,coconut
0.0,51,29,32.449145283163325,82.04068118885802,9.56406945571119,298.5601175,rice
53.0,5,13,32.77808205620226,67.66292654590464,9.178537008710672,101.26645779193504,mothbeans
130.0,20,21,21.050921950596347,79.23554320968135,4.958518345970862,107.0909362796895,cotton
78.0,27,26,26.61230649358707,26.159295542045232,5.1632054737212725,263.0922971742601,kidneybeans
53.0,51,39,22.143712569391763,85.1499279493245,4.576302084926413,29.448115262875064,rice
5.0,89,12,13.954956904679351,57.21551451668549,7.520729111259298,88.54850348941805,lentil
0.0,65,18,24.9197962027171,99.98187601,6.92536493900166,163.35084815552614,pigeonpeas
50.0,29,33,25.059474634837613,74.66795891694645,8.189557680751172,25.58770117906493,mungbean
64.0,24,39,24.28473709463398,85.15951223746613,7.332370662425422,73.17621243768562,rice
81.0,46,45,28.85925105098012,72.24786876027808,5.327970095171001,188.4607629322171,jute
122.0,5,55,31.003984334100544,94.45425113874757,7.895156676348351,29.00254126717603,muskmelon
140.0,5,60,26.64043447782046,91.82867165798946,6.403167350861832,178.60416647015438,jute
34.0,67,46,19.81796677673312,97.40583848619043,7.43441559135296,298.5601175,papaya
103.0,73,27,14.544631038410651,81.64078317965937,4.600405402912006,20.21126747,cotton
0.0,14,49,34.18189747292178,99.98187601,5.309379533676074,58.51241920088148,coconut
107.0,44,44,40.00918896144256,94.48789632399246,6.493888836159752,20.21126747,papaya
11.0,60,23,27.33684386,88.50229102,7.033012777000001,51.09802625,mungbean
6.0,140,205,17.66558428,82.92903419,6.313085601,69.8671263,grapes
108.0,71,51,28.16228306969936,72.27316490218915,6.34942132957831,89.1186784891875,banana
2.0,111,16,30.622953208936607,78.21912629056503,8.75126830613021,43.31803545467753,lentil
140.0,5,22,26.57500776521236,62.95071210621827,9.93509073,68.38505581729336,cotton
129.0,43,16,25.5503704,77.85055621,6.73210948,78.58488484,cotton
60.0,5,27,22.7756731527126,89.18423432357181,6.251597631142056,156.24446844503785,coconut
48.0,62,63,20.886751288791373,14.25803981,7.5524974054254175,90.52640420396722,chickpea
24.0,142,202,22.53779727,91.48135786,5.710819862,101.8474768,apple
18.0,79,20,20.27514686,23.2353604,5.877347515,139.7521543,kidneybeans
31.0,145,197,22.40513845104229,93.5684832386268,6.2711043206893535,123.71169338615228,apple
58.0,19,53,25.660282687287435,99.98187601,5.392778576682864,139.1500999301203,coconut
132.0,44,53,26.94038415367538,88.98920035348019,6.32177432046217,42.81551460246318,muskmelon
20.0,16,38,43.15775779513032,75.76340835398213,4.368059202038571,99.9330784760226,pomegranate
70.0,10,20,24.479039952850805,99.98187601,5.991224017231868,83.563945093992,coconut
78.0,139,203,24.207538303821924,95.48174630726314,6.98523642747793,102.8121967860489,apple
40.0,120,192,8.825674745,81.61957023856306,5.204219966989848,51.87467105959842,grapes
73.0,29,53,27.919406742885595,86.9523610920905,6.8676377389716485,194.64316392556185,rice
89.0,5,11,26.64506859720909,80.56236457959679,7.7828467372265155,298.5601175,coffee
34.0,5,48,27.668915738367858,78.69775780783591,7.670514108828515,51.3509865760987,watermelon
15.0,79,19,15.57476211709231,41.80780705312607,5.339937104583041,99.62199072292177,pigeonpeas
1.0,67,21,27.52135365,60.53657684,6.551577598,48.06491307,lentil
27.0,79,26,24.58488731824828,85.12664786967346,8.396764573233808,20.21126747,maize
83.0,17,26,17.45807279617476,74.43907001772116,6.683426323594423,81.57102669937201,cotton
19.0,17,33,25.20364839162581,76.47147330909752,8.212237094962784,115.83739538387108,maize
14.0,58,15,33.062316775987426,75.50145304983398,8.47050935007559,24.67626984518057,mungbean
5.0,59,15,18.87492997,20.18238348,5.97229163,134.1811718,kidneybeans
37.0,13,16,25.544868257997507,40.80568400853256,9.93509073,90.17794873253304,mothbeans
114.0,77,29,14.879216204436498,70.16016164221914,6.760384411048409,96.93238012639682,maize
108.0,14,38,17.696928478684583,86.03360138100601,6.209322685997139,77.9601901459165,rice
93.0,107,20,21.287442310025384,93.87923740639992,4.818901734809401,193.1839883945549,jute
67.0,45,14,20.285406514862107,50.27938133849166,3.504752314,90.17794873253304,pigeonpeas
91.0,58,42,16.01444729485317,79.62929043501074,4.239663679469865,298.5601175,rice
40.0,49,25,24.990224618120543,89.6105500740849,6.974407888049821,34.19027255841219,mungbean
0.0,109,205,20.080326833183943,91.1581943638275,6.623400789993361,130.5572008585089,apple
114.0,45,13,35.84485941168438,49.18055701770069,7.37893412591961,59.3306677431917,blackgram
16.0,10,41,24.77464458,85.63608688,6.738993954,105.7595811,pomegranate
60.0,17,38,13.737385246690424,92.16985815095046,7.096139122962331,107.60203777709783,pomegranate
0.0,74,7,38.54733740485097,32.47111351756317,4.750568800630946,20.644130669974743,pigeonpeas
68.0,52,70,20.462674885424683,18.65152138730674,9.93509073,78.10489346222282,chickpea
0.0,12,35,27.18249993647642,72.44804383991408,6.2091587115756965,20.21126747,mungbean
93.0,47,45,25.49158911727429,87.30709787765548,6.7532134830998265,90.17794873253304,papaya
18.0,39,13,25.49158911727429,99.78546013229024,7.410354887079431,82.80408906790873,mungbean
0.0,64,40,43.67549305,84.4607191396861,7.132510223354131,298.5601175,papaya
0.0,38,201,8.825674745,79.07137368921424,6.945510001024651,78.80620926385907,grapes
91.0,13,47,29.10968327,92.43510994,6.14410903,27.95602304,muskmelon
49.0,8,48,28.24388595635336,88.46985098984835,6.805979629865714,57.46452808450463,watermelon
13.0,67,18,30.5753044,34.75591197,5.384762927000001,177.5764304,pigeonpeas
1.0,59,23,27.46852989,87.17649,7.184398832,43.78420984,mungbean
104.0,70,35,24.96449902017536,99.98187601,6.660975787780443,110.3189817707515,jute
0.0,20,37,26.583995601356847,87.0353316226209,9.18004293827355,114.6637449298458,pomegranate
17.0,60,24,33.356331771301626,86.33675222559538,9.93509073,99.77929565744252,orange
95.0,118,42,25.49158911727429,71.45919792457109,5.184036091888104,142.14939840465442,banana
40.0,16,35,34.16438906,54.16482251,4.954739564,98.33351125,mango
74.0,72,54,29.441102581139976,59.20552596639068,5.161696269586123,126.2671807284858,banana
46.0,55,29,31.972772879034792,54.32802709699392,7.439873185927411,25.12097583583073,coffee
66.0,49,22,15.414918611474526,52.706261973521535,5.731181476135205,64.82307015898819,maize
26.0,74,13,20.254468738665825,38.34781038920556,5.502711831158326,23.32929150337624,kidneybeans
45.0,50,45,23.80916950817464,91.50321940648504,7.25851828627518,20.21126747,mungbean
0.0,104,28,12.050576915397327,72.3709036950083,8.06921567413295,33.35102144285136,lentil
119.0,145,192,8.825674745,75.668378396843,5.474351575136224,77.61309169086961,grapes
40.0,26,16,27.088573669006774,34.04550668571061,6.403167350861832,153.5105953136066,coffee
55.0,14,27,17.197139219448793,99.98187601,5.880907540134201,114.28949496765117,orange
21.0,129,191,43.67549305,84.11599950822527,6.370136310288194,61.727869569879786,grapes
27.0,45,18,8.825674745,20.77513918894179,5.505249952021064,20.21126747,kidneybeans
1.0,36,21,24.939419104812565,99.21087772010996,6.6029156764296975,35.18905847669487,coconut
13.0,82,30,34.14258057015685,34.12390335313904,3.504752314,166.58080744531247,mothbeans
97.0,62,49,19.368853695458903,66.77551931050932,5.067296431273626,184.3681597937708,banana
55.0,101,34,28.89027773534938,67.63869945184399,5.192939095113004,66.24208288332287,banana
45.0,26,43,20.75683801622532,99.98187601,4.745002457268835,298.5601175,coconut
7.0,44,19,24.548488009417884,47.59002645341847,7.54038952644342,276.8194300753646,pigeonpeas
47.0,80,77,17.18248372,16.42891834,7.561108006,72.85017344,chickpea
0.0,80,13,12.66138094557851,14.25803981,7.640088349550918,269.7917994800189,pigeonpeas
39.0,28,31,31.19440093257208,75.95889310173457,5.384146959368061,66.23069740123714,mungbean
39.0,15,26,16.30392011587837,81.23635753430231,3.504752314,60.16630640541254,mothbeans
89.0,5,61,28.194257262498983,96.14307322404748,6.501512154747685,20.21126747,muskmelon
56.0,114,185,37.28051938651668,89.57292077455395,7.1346979576462015,52.86332314151353,grapes
10.0,30,27,42.921928033567966,45.53326406305597,6.78964970297837,100.94227890218164,mango
6.0,13,9,34.51423957,90.56151463,7.786725333,118.32719679999998,orange
140.0,46,47,20.30693821069716,84.49437993063371,8.858221481963309,113.39392118826322,pomegranate
34.0,115,203,8.825674745,81.5421969731309,6.844635570013545,64.99878606897953,grapes
9.0,103,57,16.2872701452538,14.25803981,9.93509073,110.65673466357512,chickpea
140.0,5,27,30.130881868768064,33.75692377662291,8.662419158994588,94.1868131074186,coffee
95.0,18,33,30.28438817987799,85.28113111676798,5.506186944769565,184.2340106789951,rice
18.0,53,42,26.92730655189152,93.31366267404144,5.471742993979305,178.02851229245513,coconut
107.0,5,26,23.993335184223618,95.6461042287208,4.523809108318707,96.12977600961209,cotton
17.0,14,28,27.86650536840221,85.84681330655056,3.504752314,41.19974846435824,mothbeans
29.0,32,17,27.001360519310893,90.4636329690348,3.504752314,54.62159531895541,mothbeans
22.0,53,16,34.71064872362954,45.67103073960888,7.289801808972527,20.21126747,pigeonpeas
0.0,11,16,8.825674745,83.36183066204654,7.201235714929868,117.09210648783235,orange
140.0,27,36,24.957537915206704,25.96873384187077,7.266598652552492,78.27478223246968,coffee
105.0,51,42,27.38226780821465,81.87373051942201,5.287434619637858,147.04446611772204,jute
128.0,42,30,24.543156289372074,72.21605484060045,9.93509073,20.21126747,cotton
0.0,13,5,20.222449891003325,96.14272595781648,6.542686732385419,148.53977783596707,orange
0.0,122,195,25.003183758556656,94.3339074554786,5.733666242520665,138.81656877229173,apple
3.0,10,5,31.203833320333807,90.71713380468228,5.471108040347343,104.09762187704558,orange
131.0,21,35,30.14851478126578,99.98187601,5.601710742104672,165.33971239545625,jute
63.0,27,31,21.467982265360707,74.543568133414,3.504752314,20.21126747,maize
85.0,16,31,16.102733199808384,43.14076281811637,7.995115610601767,90.17794873253304,coffee
45.0,59,17,23.33844615,59.24580604,6.47444292,105.0083144,maize
44.0,75,14,20.4467865627886,14.25803981,5.482959353403042,117.36362990550228,kidneybeans
59.0,35,38,8.825674745,23.62603269085835,5.67244109991552,136.31481623196058,kidneybeans
45.0,54,17,19.33749451537992,47.2243575520676,6.751405180603375,298.5601175,coffee
72.0,144,205,25.9326032739411,99.74000955564858,6.436348986976587,113.04366450545568,apple
39.0,36,22,29.34317422,60.50320928,9.072011412,34.03335472,mothbeans
96.0,18,50,25.3310446,84.30533791,6.904241707000001,41.53218699,watermelon
99.0,6,45,26.12588914,86.5507939,6.000975617000001,40.71210074,watermelon
63.0,5,45,30.27867914776437,99.98187601,6.246116883947504,181.4264075459721,jute
5.0,17,35,31.19001165600758,18.17949080990625,4.376453296158621,189.62673086181692,kidneybeans
134.0,62,16,24.608748486974275,72.96374176614555,9.93509073,66.2314256408389,cotton
36.0,56,83,18.89780215,19.76182946,7.4526709,69.09512477,chickpea
1.0,76,17,28.43430726,52.10010827,6.012719118,147.0414824,pigeonpeas
7.0,23,26,30.47551685391576,43.757153086065166,6.836033273529633,83.63139256396603,mango
11.0,145,205,36.53569683403539,83.62440491188154,6.411204933785835,76.44385982008868,grapes
47.0,78,42,43.67549305,88.87449770184168,6.74608692096725,212.8093342835232,papaya
72.0,41,36,24.09874353,80.57226761,6.187746776,176.8604109,jute
140.0,38,10,27.623840646731164,97.21043010342277,3.504752314,124.46469933209043,cotton
45.0,5,5,8.825674745,87.75655869173058,6.492824255679224,95.33707228192632,orange
0.0,145,187,21.81732727639068,97.79920933010516,5.710352562138544,87.22341583754583,apple
92.0,56,23,25.885900440188685,75.62638732687499,4.597471213048128,90.17794873253304,banana
0.0,81,201,29.52660907414778,89.2113823019062,6.786213331240296,111.07638284265506,apple
0.0,37,8,32.65393922379218,81.02568356043412,9.93509073,56.306014532555,mothbeans
73.0,59,64,19.986327185832657,94.70727445293278,7.290419955338927,298.5601175,papaya
60.0,10,20,8.825674745,14.25803981,5.869289077777066,165.90201647321808,kidneybeans
39.0,57,23,27.427992050169703,90.79823412768503,4.761753114178126,68.15693244302844,mungbean
59.0,85,14,27.457569088157825,69.57584404957771,8.817294941960164,58.65932845748292,blackgram
0.0,22,6,8.825674745,90.11781700946052,5.341628324645527,97.81764593701212,orange
0.0,145,205,16.566725379106945,97.80066839081071,7.534266642844281,115.99181934162692,apple
33.0,29,34,31.40948821,49.21729127,6.832979508999999,92.99739415,mango
114.0,6,59,24.06928591579768,67.18943849799601,4.984913546894222,183.95308380395696,jute
39.0,66,16,20.03045499457346,67.02062556715552,5.580566425852127,20.21126747,maize
140.0,5,37,23.67565553680604,91.77632986141728,6.450239149331351,22.04899100899923,muskmelon
19.0,78,16,20.65375833,23.10538637,5.967533236,67.71768947,kidneybeans
117.0,30,50,24.90123934,87.20772913,6.744966312000001,46.59207341,watermelon
30.0,25,27,26.315311799984087,89.99009258140512,5.595450915138852,118.79663831405452,coconut
107.0,18,55,24.30448798358541,55.51228686122447,4.350332610248145,157.345237769234,jute
113.0,85,6,12.83503354397247,78.36252733048684,5.938664983156922,55.87090501123965,lentil
6.0,30,40,22.77035608,91.45498527,6.36137446,106.9659201,pomegranate
33.0,69,20,28.514088791395945,49.09962010889669,3.504752314,106.36010680547646,mango
60.0,36,36,27.88588980128812,89.90492155292996,5.436255328436882,244.56481078827107,coconut
0.0,60,37,27.478363918030983,73.23015395049514,5.775015600410601,198.32697982490936,jute
84.0,123,31,21.29678290484093,14.25803981,5.984439005998391,157.8962964044904,pigeonpeas
18.0,74,6,31.13997038611987,96.73572901536149,6.71560577830538,70.39166190217216,mungbean
21.0,90,5,17.517143122191406,24.07554977248953,5.468984122138389,147.7869968238734,kidneybeans
3.0,40,26,35.725019785554046,88.8260740557822,4.822352341160526,105.82301774605564,rice
77.0,21,5,31.54950607139523,15.694096195678434,3.504752314,20.21126747,mothbeans
19.0,57,60,19.79950606381667,90.23800935992048,6.806173676518307,298.5601175,papaya
2.0,21,44,18.92157197,87.31290342,6.56893406,102.8013275,pomegranate
21.0,58,12,25.49158911727429,95.30898736608545,4.468536745479848,147.1215921195152,orange
60.0,48,39,24.28209415,80.30025587,7.042299068999999,231.0863347,rice
89.0,60,17,25.37548751,57.21025565,5.983952675,101.7004306,maize
115.0,145,198,24.309034769548063,89.0091084377309,5.555353744001684,74.68099292057093,apple
87.0,54,20,25.61707368,63.4711755,6.576418207000001,108.8303762,maize
23.0,24,32,28.1218093,46.16888595,5.630619901,93.30247448,mango
28.0,17,40,17.240629260184747,42.73788804045214,6.320298192221449,104.20682263471838,mango
0.0,26,18,23.815787247499145,34.937654850955965,9.93509073,58.16098251139903,mothbeans
45.0,54,38,14.68055293988972,99.98187601,6.774247514730457,94.56106555763348,pomegranate
0.0,54,19,28.88952703095204,88.9804791942715,7.350824106875677,42.54875428750336,mungbean
21.0,47,5,24.287169985783635,87.69718785908101,8.289933039286538,44.15988843980048,mothbeans
87.0,45,37,24.582297506558,99.98187601,6.403167350861832,102.46528917866004,jute
69.0,59,14,29.190015652812907,55.62467201405983,8.94255421943767,92.44298698843544,maize
85.0,104,201,33.75038973826365,81.10990470461624,6.403167350861832,70.47225979380254,grapes
25.0,12,26,25.49158911727429,95.67906668,6.436314406,134.83703480000003,coconut
22.0,145,203,20.188393727294205,92.28509020615834,6.205078057801666,117.707616651534,apple
140.0,56,61,24.263039108257075,97.18573694011138,6.946182491573944,40.70703654612895,papaya
83.0,9,33,22.017247085791062,73.27659556906461,6.403167350861832,90.39338933249024,coffee
12.0,27,26,29.09382275,45.5661059,5.32307197,96.23520043,mango
22.0,44,26,34.036744094438866,69.16871557183379,9.93509073,20.21126747,mothbeans
116.0,106,49,16.53653629778851,79.53319129499312,6.609810374379988,298.5601175,rice
18.0,20,26,31.66524687,51.98594645,5.435840509,89.98024312,mango
114.0,40,45,29.27522381054393,76.18540931026384,5.992207135627,49.8886781963792,rice
103.0,33,33,26.71717393,50.50148528,7.131435858,126.8073984,coffee
140.0,16,30,27.714148240304468,68.96740329833472,3.818519252807274,225.6064158862854,jute
45.0,93,27,31.06662802645476,76.14409524939626,8.320422348535637,71.18335647269097,blackgram
81.0,5,5,43.67549305,93.22144042520686,4.424894042140506,86.81256572446468,orange
37.0,10,32,28.96318258,95.16333673,6.165084855,222.803013,coconut
62.0,16,67,31.38015915950396,91.54606055432936,6.403167350861832,20.21126747,muskmelon
0.0,61,17,20.484979769360937,28.82833535837017,5.586463551718832,38.55673733409623,kidneybeans
4.0,88,39,24.696524718761754,42.70174996084563,5.85496236626498,28.341106668770497,lentil
0.0,115,7,8.825674745,45.58825171899103,3.504752314,141.086865952265,pigeonpeas
14.0,5,15,26.796992916120185,35.63078630909463,3.504752314,49.67968137224522,mothbeans
113.0,42,81,15.227077565829216,14.25803981,9.93509073,75.0115380015341,chickpea
14.0,16,11,16.247724822750232,61.37828433971136,5.108345023549791,114.93013707285776,maize
41.0,78,28,27.610020906896708,54.96781537254092,6.354464296769915,87.83338171593476,blackgram
13.0,69,19,17.30844532,20.01730914,5.86390397,115.199245,kidneybeans
86.0,15,47,24.04355803,84.18406764,6.423898762,53.78929956,watermelon
105.0,74,45,25.14517635,81.38204104,6.098369122,119.218154,banana
24.0,19,5,33.797375090540434,95.53978111206888,9.285580584572386,112.8894080309713,orange
68.0,51,52,27.762898594036063,79.62959095429983,9.93509073,158.23967847815652,rice
45.0,10,24,19.72637193346032,80.20095538624184,5.909292286191148,84.2568092170632,cotton
34.0,21,42,18.75927679,89.93457597,6.648687273999999,111.0196744,pomegranate
137.0,73,24,15.656810030259887,72.15948186619221,5.903283261909842,21.86033078617779,maize
0.0,5,54,36.14850137315976,99.98187601,5.801006768022545,20.21126747,coconut
21.0,51,15,29.36488409,89.1886954,6.403167350861832,48.30159325,mungbean
0.0,41,31,43.67549305,89.95892400624751,7.125728924941384,133.0779783923415,orange
52.0,8,21,10.95978464582007,96.0268628379738,3.685668547783752,113.10925544307057,orange
0.0,65,24,28.49584395,62.44616219,7.841496029,53.14531023,lentil
74.0,104,60,18.862054999079064,23.619255780707828,7.331270188977508,85.05233650379472,chickpea
60.0,58,37,26.13871511,79.1188943,6.067302109,171.4892533,jute
81.0,5,44,22.721266999544213,86.04526574588871,9.34478309725766,100.78995255020622,pomegranate
47.0,72,51,27.37176291456077,84.79302372922446,4.505921780073621,298.5601175,rice
85.0,52,45,26.31355498,82.36698992,7.224285503,265.5355937,rice
69.0,12,29,34.61661850136547,81.86367211733366,6.944355082002546,79.33094760542295,coconut
50.0,104,14,25.6208511363272,60.784046569466405,5.991348177976759,33.837927176586305,lentil
76.0,34,40,11.783124301618347,60.96023297535309,6.96319758286768,232.19190420741955,jute
140.0,70,33,25.49158911727429,43.11834882471487,7.783692487256927,57.91359629826927,coffee
45.0,61,42,26.09319217844375,81.9089176148335,6.256618642126755,40.09277491079,banana
45.0,29,39,34.45341587207909,99.98187601,5.339791826468508,121.29227197239868,coconut
22.0,38,31,31.53356352,53.06009323,5.8211060360000015,98.57025046,mango
0.0,5,37,14.14806431529749,68.66916074771987,7.492299145635464,108.79542202462451,pomegranate
19.0,33,7,32.03442470579185,78.99461977038087,6.541734143418125,71.50884425318795,lentil
45.0,61,78,19.48649305,16.06240074,6.489389282,81.52842690000001,chickpea
1.0,78,24,8.825674745,54.18646236855684,3.504752314,20.21126747,pigeonpeas
43.0,5,32,31.13158745423445,99.98187601,5.282813450135782,298.5601175,coconut
0.0,37,10,24.19437125798614,58.75014439024775,7.477352091038606,52.35901862126877,blackgram
76.0,74,21,8.825674745,51.3833280278059,3.773765887371322,20.21126747,maize
30.0,16,30,24.870824580864024,80.36790691182826,6.748449772006998,175.69415292358377,coffee
9.0,53,30,21.05381694913681,91.86000611963436,8.041058484989273,152.96775140441056,jute
103.0,25,38,21.2316351953879,47.62934345971518,4.183132950729847,148.60575378664646,coffee
69.0,41,23,16.11959411226001,56.94166801895722,5.132791989510863,132.74258063269647,maize
23.0,78,29,29.201154451123408,60.37700443154199,5.264020747505302,42.59567351725705,lentil
20.0,52,23,24.02969257351668,76.17951324076796,6.685294958982356,73.2870442169889,blackgram
95.0,26,45,29.91690582,94.55695552,6.117530021,28.16057247,muskmelon
27.0,32,39,24.434986989346527,51.62648698714028,5.61606706063504,43.27230473682405,blackgram
0.0,79,25,40.075386724729725,66.55038922874262,6.875845249584214,37.17277114220064,lentil
38.0,14,37,21.80523051,94.63612858,6.658402594,102.6488846,pomegranate
101.0,75,76,20.702185028567342,16.789579347588944,8.930679531343117,53.84989159496424,chickpea
0.0,17,42,23.20242586,91.19442671,6.8598408210000015,109.0946323,pomegranate
101.0,60,33,34.61525847703089,88.28207540317472,6.403167350861832,298.5601175,rice
20.0,7,15,21.89857198253648,88.63146723596469,6.393131496081644,20.21126747,mungbean
140.0,43,11,23.42703722766556,73.35626091579459,5.624353509865218,90.17794873253304,cotton
14.0,76,36,29.68554184307812,65.5232942343391,6.25222458962065,85.8674193823955,maize
76.0,61,55,26.314338640868307,88.55773533126145,6.403167350861832,137.90965360330182,banana
80.0,54,55,22.5471724319734,95.74492672145271,6.071102796755215,20.21126747,papaya
25.0,76,16,24.40010873310361,58.93427978023607,7.715899727589975,36.31292034535247,lentil
30.0,5,19,28.95434619962609,75.80680412070201,4.973919489425976,69.18315175630684,mungbean
84.0,22,27,35.25475115710732,45.569815360418914,3.504752314,180.7599631316455,pigeonpeas
50.0,5,10,15.298340696244338,83.24101957221619,8.32631658114862,78.73988949722494,orange
104.0,39,32,29.126594781985315,60.32838435242832,5.894944567589,89.20829278777147,coffee
90.0,63,29,35.57697739072049,67.1659679737542,4.775385809424618,45.497444173460266,pigeonpeas
140.0,58,41,32.05224940869426,61.24546009833384,8.226934771410091,228.7030562048455,coffee
29.0,32,34,35.4273842105941,91.5142971294637,4.835226482358104,85.6025298835424,pomegranate
39.0,6,7,26.36486409440716,93.29468522861912,7.039749659723411,92.64824534021784,orange
77.0,39,90,20.38542618944892,14.621236017767512,4.600039227474006,70.57612991772933,chickpea
57.0,64,55,26.68386496,92.9585411,6.583760498999999,62.50689682,papaya
95.0,71,40,43.67549305,93.10908104510251,6.280627468138322,298.5601175,papaya
61.0,41,44,24.36972377,82.11319791,6.537914957999999,159.92109340000005,jute
86.0,53,53,27.81499805717832,82.9375752886169,6.8736133883897015,20.21126747,muskmelon
90.0,30,41,25.97361514566402,91.56205793589208,6.432693997723069,45.99016930256303,watermelon
56.0,5,25,24.95548110437981,93.263764255815,5.722287289499963,168.0332437143581,coconut
104.0,47,18,23.9656349,76.97696717,7.633437412,90.75616738,cotton
126.0,51,12,19.477059877938963,69.30321661952856,6.336492041059025,97.42780798939756,cotton
124.0,98,15,26.2838108642997,99.98187601,7.50173273915154,69.49066973710148,maize
98.0,63,27,20.675162284949867,70.4645172454332,9.93509073,61.7603958130225,cotton
67.0,20,34,29.54570238716565,91.78967609224054,6.403167350861832,24.26043749070574,muskmelon
97.0,36,45,22.2286982,81.85872947,6.939083505,278.0791793,rice
63.0,131,197,23.551643682765505,89.4319131289893,6.131303795956136,90.17794873253304,apple
18.0,15,8,18.861605794646927,90.4497103912319,8.98618401726027,104.12483369677084,maize
6.0,69,19,26.88630675,41.69617915,4.7509292180000005,94.46748008,pigeonpeas
140.0,7,26,22.68813660002782,58.996165270409925,6.351886382446459,119.11626327747912,coffee
82.0,49,41,25.19270051825223,69.92056407389677,8.816712157884997,178.6658549195248,jute
0.0,70,11,22.537126070768977,28.20304757229424,6.590149108776779,141.41263639346158,kidneybeans
73.0,78,19,8.825674745,20.75838207789926,5.464951026005485,195.8460902328378,kidneybeans
102.0,84,41,28.33897460128724,99.98187601,7.129443858833096,160.21572343317965,jute
28.0,41,70,43.67549305,91.32974006196396,6.239470443250877,102.12617856718347,papaya
67.0,5,11,8.825674745,88.9582525362359,7.992581014207245,83.78238413255984,orange
28.0,136,200,23.06204373,92.39544055,6.245858905,114.7399101,apple
38.0,60,76,18.65054116,17.80852431,8.868741443,77.92798682,chickpea
58.0,79,17,27.24766491,66.10123083,7.04174124,62.31842057,blackgram
93.0,71,62,43.67549305,94.2583802644798,7.24422094937312,215.6569445274076,papaya
32.0,54,24,18.486121196312283,59.34929056503043,8.220827604303402,89.48516707998436,blackgram
14.0,8,43,21.92513945,94.46485312,7.051654924,111.71620159999998,pomegranate
121.0,39,27,27.681235155774218,77.86167218013436,9.93509073,41.13784241713231,cotton
97.0,58,51,28.49745178489152,76.16855708308796,6.339365729835269,117.05111717989472,banana
67.0,10,59,23.78505206472394,86.09036299838101,7.911700265103717,197.91395227810088,jute
67.0,35,51,31.25716327487353,96.6853650274595,6.647136606547295,29.209054958664414,muskmelon
77.0,71,30,18.541293938379106,72.85832457243399,6.795050558427282,141.1488820209825,jute
28.0,11,42,38.68916162414215,99.98187601,5.325069450419875,99.94504262031812,pomegranate
4.0,13,6,15.63211033,94.25966183,7.5611432239999985,101.4705704,orange
64.0,62,21,34.28879249205018,25.23840917518784,3.504752314,51.5999460026081,mothbeans
98.0,29,30,25.64004392,61.03273481,6.217974349,199.4735636,coffee
37.0,23,28,25.61294367,94.3138837,5.7400545670000005,224.3206759,coconut
87.0,44,43,23.87484465,86.79261344,6.718725189,177.5147313,jute
0.0,41,32,30.724901077772248,62.6191630791057,4.573773587572139,98.4210303118486,mango
103.0,63,9,25.49158911727429,61.466801379379326,7.420042993125437,25.172693261329453,lentil
120.0,20,45,25.66576039,88.6984228,6.114128685,54.22722466,watermelon
0.0,18,8,25.49158911727429,99.98187601,4.163469674439964,100.6514356255768,orange
110.0,27,35,15.443285610634089,78.94155031294697,3.504752314,258.2098601130188,rice
79.0,61,47,23.0337027187146,92.36821525185228,6.953259322282654,66.22214988742778,papaya
0.0,46,26,23.48039088421447,91.8405676970812,8.283451947878723,124.6881773437656,orange
7.0,50,44,43.67549305,84.47283383760993,6.83385940028459,298.5601175,papaya
15.0,72,32,22.240665221666674,61.64970754681478,8.482799354472318,101.25723848618256,mango
75.0,21,69,27.0147433414492,69.56126249145838,5.6504330829261065,40.20569345560776,watermelon
40.0,20,15,9.0993495861083,18.61496496740541,3.504752314,298.5601175,pigeonpeas
0.0,77,20,21.557116441678566,99.98187601,5.351172539051143,20.21126747,pigeonpeas
13.0,23,6,25.49158911727429,90.26408017,7.365338111,102.6958703,orange
14.0,5,19,15.770362608176375,70.35492297566132,6.042539842896503,61.9887068275591,blackgram
65.0,10,33,13.642293084958814,25.043797310113924,4.784040292962306,66.27198802683837,maize
0.0,145,205,22.22896760214627,91.21317791081822,6.5360926969644,88.41041621168469,apple
90.0,40,39,25.72668885,81.86171563,6.626503893,191.9649389,jute
0.0,64,18,28.841374478312545,53.82798535264905,4.957327479435742,101.25126346831054,mango
34.0,5,26,27.584215885990417,85.48834894442417,6.580728549383681,89.52239193306788,coconut
46.0,114,188,43.67549305,88.08530801585707,4.834606145534495,90.17794873253304,grapes
42.0,15,25,29.787700886991672,85.94678050580391,5.22260788040034,42.80026548452526,watermelon
28.0,41,35,20.24168615424947,83.66515341931152,9.93509073,298.5601175,rice
0.0,47,36,28.301888434662413,52.05101804372189,6.403167350861832,82.55559348874534,blackgram
100.0,48,16,25.71895816,67.22190688,5.54990242,74.51490791,maize
60.0,41,24,24.813396377840384,85.78052956466232,6.700260892131101,36.34298601495136,mungbean
86.0,40,38,34.793363290162915,85.19605814512698,5.609108156293619,202.1914022168229,rice
9.0,72,36,20.44885154985356,60.05716082086085,7.122457296358875,80.76690132507508,lentil
5.0,65,19,18.28072173,68.10365387,6.978361689,48.80253285,lentil
0.0,18,35,36.00977814040681,99.98187601,5.016610012928307,112.81807572206216,pomegranate
44.0,70,24,11.228518216921724,80.87181208548897,9.009945251024956,61.66175079702776,blackgram
2.0,51,17,25.87682261,45.96341933,5.838508699,38.53254678,mothbeans
104.0,26,30,24.40726724,62.65692638,6.410992833,148.6977358,coffee
140.0,47,40,26.540282589392497,77.66708102989358,5.032039366945334,69.76515349049959,jute
12.0,45,11,28.79801411003554,83.28838209104231,7.877203307077113,50.82004709883432,mungbean
0.0,5,5,29.07245129767192,95.5812254025664,8.090757545263191,107.80961754307629,orange
0.0,40,16,35.53405132113836,99.98187601,6.37914259211926,107.99206015597773,mothbeans
71.0,33,44,28.18288706396085,89.22078784454818,5.175490455384065,36.698437694811886,muskmelon
140.0,12,63,24.39480735334602,76.63199580483985,6.615650385566604,20.21126747,watermelon
118.0,33,30,24.13179691,67.22512329,6.362607851,173.32283859999995,coffee
32.0,34,25,28.931826222576625,86.91102390604192,4.376428359182496,156.96519542658135,coconut
84.0,5,14,43.67549305,50.08753448949782,3.504752314,89.55305331889619,mango
11.0,52,26,17.607627709026694,68.24342909216575,6.577781522421783,49.30136230291109,blackgram
64.0,145,203,24.87523082472823,89.76315052385209,6.090340817998636,106.99753578768288,apple
48.0,61,21,30.28496619,61.69295127,6.628264883,65.62859526,blackgram
0.0,28,23,32.01069686175137,18.27695119362873,6.285168751651869,140.9000631361001,kidneybeans
31.0,11,45,24.83954414,86.88738076,6.034612928,107.6435771,pomegranate
13.0,64,20,19.1345771,62.57526895,6.590571088,36.46946971,lentil
127.0,45,5,15.066402131375112,23.49491097406279,5.144625957688738,53.97623023994162,kidneybeans
107.0,22,54,27.99611732,90.84660317,6.630301421,21.61893763,muskmelon
113.0,35,44,30.623751851580863,92.49213255435006,6.922428226834058,31.831364077390592,muskmelon
20.0,61,35,26.52027784106654,90.8938387278449,3.504752314,127.46869975576506,jute
77.0,8,30,21.632221979750305,68.44555409443214,6.403167350861832,89.32500620416096,maize
87.0,70,12,23.752602931780483,86.15882904422831,5.829489454361531,65.37646229550414,cotton
105.0,24,35,38.01092655653529,54.15427204140838,9.002079283634771,67.9967181466067,mango
24.0,84,14,22.60292607610992,87.34591812831393,5.817777073080432,90.59456756072451,pomegranate
108.0,37,30,22.66394251559253,76.55550395886566,9.93509073,124.73271996050153,cotton
26.0,64,48,29.357333331917577,60.5228633405925,5.643195561011759,64.67332838302333,coffee
75.0,16,29,34.30407252153227,92.02983463949111,5.347945467750922,256.54578201186854,coconut
30.0,18,23,27.199614399265368,88.03584453601785,5.796122090465786,63.97224041094546,mungbean
13.0,66,10,9.238364263717218,24.570646478929007,6.403167350861832,20.21126747,kidneybeans
32.0,129,201,16.36251869,83.00471609,6.48754639,71.55665483,grapes
24.0,140,205,12.087022,83.59398734,5.93202852,68.66813363,grapes
63.0,50,52,28.64555584,93.22642604,6.751747609,115.8163936,papaya
45.0,50,6,43.67549305,23.455895960606856,3.504752314,36.41249418181961,mothbeans
32.0,44,51,43.67549305,96.23489378796896,6.086105470366929,230.01077582913385,papaya
20.0,92,21,23.776163816216567,66.28121515082141,7.567554819189207,20.21126747,lentil
1.0,44,10,40.0309527248386,74.39964733705466,4.482074881591181,80.97604304493454,mothbeans
101.0,50,5,30.07215186960196,68.08308495702028,6.498842315253242,73.24472291690013,blackgram
37.0,55,82,19.45591848,18.02235902,8.423873703,78.44910564,chickpea
39.0,51,10,22.22228930629584,19.33746416496901,4.877268169557905,98.63713957954998,kidneybeans
27.0,88,70,36.006252709421965,89.6586184993501,6.025516738088053,82.15172656361754,banana
41.0,77,22,26.99910580245693,72.56653702099997,7.103841450774935,79.00024333512604,blackgram
67.0,29,17,26.952809079080687,49.51063583419625,3.504752314,102.4604494653678,mango
7.0,30,38,25.17187960667892,74.30564741885236,4.582170976331842,101.66854658183291,pomegranate
12.0,20,10,24.45132792,93.10527686,6.528354932,109.4711098,orange
134.0,56,18,23.80834611,83.91902605,6.691268104,70.97358303,cotton
0.0,73,204,18.47573216885849,93.6977843261532,5.831102348670534,65.98483902099025,apple
17.0,67,18,31.2192752,56.46868874,5.611510977000001,129.20286529999998,pigeonpeas
70.0,102,49,17.93296059216337,84.1150408683493,6.432901186107135,122.2567458711927,banana
62.0,42,53,27.35783627491872,55.53304959915329,7.711099600317296,207.02288117910405,jute
39.0,46,86,15.240387891544591,21.70700293104452,9.135769476924796,121.02672410199008,chickpea
16.0,55,19,19.54314136,47.19188279,6.413543781,192.4372194,pigeonpeas
16.0,27,20,17.015816818341804,47.81222846159253,5.86697513538072,108.50188830050406,mango
91.0,118,205,43.67549305,85.02903581319804,6.7622451221109845,61.3848427329058,grapes
9.0,48,20,29.66461594,84.28187572,6.377568542000001,56.09542002,mungbean
91.0,80,7,14.997458052687012,65.94691226967367,8.069546340881299,54.99251427516937,blackgram
14.0,61,27,40.82692551362949,44.33276568034199,3.504752314,97.9003873178732,mango
60.0,90,44,19.895914929567667,95.4390981696992,6.320072578422796,126.64104407486144,banana
140.0,74,17,22.69860888849793,81.18786254625577,3.504752314,267.53690288019266,rice
0.0,6,21,14.13167094881622,86.50320348712138,5.497759423156809,122.45027617218102,orange
0.0,137,181,9.476413398999878,79.50908000406795,5.735285299134907,73.52766202937487,grapes
105.0,95,50,27.33368994,83.67675197,5.849076099,101.0494791,banana
59.0,5,24,33.57640960227582,98.47726656548352,5.729832895897179,153.27883336818422,coconut
0.0,118,205,23.54902722577136,89.30270090644544,6.52466760135698,65.72889998640416,apple
0.0,69,21,25.86928193,61.88321072,7.072923306,36.68284038,lentil
0.0,72,30,19.234283592480487,66.87150463173937,8.030124218122252,40.64079897784776,lentil
4.0,5,42,22.7567962929794,99.98187601,7.895604673942442,186.66179465750665,coconut
23.0,30,44,20.93892916,85.42912869,6.12476108,103.0295938,pomegranate
33.0,143,204,21.1316077,91.95769858,5.814434775,122.5391946,apple
36.0,62,23,28.34097368130204,23.763823024438253,5.045083042720641,20.21126747,kidneybeans
49.0,130,203,25.49158911727429,88.1556344807118,6.50131205951446,117.44437618126346,apple
0.0,42,11,36.72312167019378,53.60120256670143,9.93509073,85.32997300036405,mothbeans
140.0,5,57,26.47325025682962,82.6441065478765,6.806097409321291,23.137499472066462,muskmelon
81.0,15,45,26.717406169175103,78.32592818154622,5.564418239235836,64.0619914171512,watermelon
114.0,61,42,39.23248219176173,19.825221331991955,4.276950668218825,151.77046008271543,coffee
44.0,76,22,27.26458947,68.01232937,7.775306272000001,68.91754359,blackgram
100.0,49,24,25.51774544239365,80.13364008816822,6.541202822700618,120.34649351217942,cotton
73.0,87,37,27.184525082756554,68.02307635330318,5.948006230930517,164.15601140792066,jute
0.0,144,205,8.825674745,84.94821590701952,5.883487023352945,56.42095176106987,grapes
12.0,79,205,16.934633973300635,84.07342840959126,4.587742295617973,105.53375492370806,apple
47.0,56,67,39.41950691252495,98.00000290765097,6.670332840644144,284.38511073834115,papaya
72.0,5,5,32.31521596808391,82.85707284983091,6.054524698406826,38.46166846588119,mungbean
108.0,62,34,22.16148460601908,87.55051941852146,8.566211270784997,246.29436000434825,jute
0.0,135,189,8.825674745,84.6530696477888,4.91543816606762,69.559798185102,grapes
91.0,78,28,28.700660322385502,65.16344320361411,7.645942158943859,52.14336603539945,cotton
36.0,46,25,8.825674745,52.02130987201565,6.326730569742415,117.10938759149552,maize
6.0,59,21,26.58972517,66.14007674,6.139215944,50.90994463,lentil
93.0,62,29,39.13199516504024,51.29867358499483,3.504752314,103.4954892695224,mango
26.0,31,14,43.67549305,95.00475697994564,6.403167350861832,104.72788836635306,orange
133.0,57,19,23.54234715,75.98203329,7.947011366,84.12536744,cotton
15.0,145,205,26.05374973048576,98.86556441145164,4.724552748410087,94.77167796308991,apple
51.0,26,13,32.12654769441026,74.93697691282001,5.668325841071181,45.48727059982576,mungbean
4.0,78,21,42.0284530731365,62.39289354565936,6.166819681883837,186.4475653273313,pigeonpeas
85.0,34,21,30.936326299078715,40.9782305750485,3.504752314,25.695085534453625,mothbeans
72.0,9,60,43.67549305,98.8639398998515,6.711655131039853,262.9108205094212,papaya
0.0,145,205,21.33956597077941,86.62130986032372,5.771897948987428,153.0829134964246,apple
3.0,8,20,40.25988819621809,66.72766786777963,8.477869149944526,41.715639486471176,mothbeans
111.0,88,55,29.44795403,78.34971537,5.505393832999999,96.45042585,banana
26.0,85,36,25.52873623539941,96.8679950107373,7.254039901377053,34.65974283728989,mungbean
125.0,5,16,25.49158911727429,45.631469050910326,3.7381207876640863,298.5601175,coffee
73.0,44,26,28.74259846049737,84.19568521525072,7.657174525475377,90.17794873253304,jute
76.0,65,16,43.67549305,97.97155996248728,7.142395697496813,20.21126747,papaya
77.0,55,43,25.49941707,75.99987588,6.663559451,193.71418280000003,jute
88.0,57,31,39.24981960272012,61.51826902574204,7.7299631148445,65.39826487978692,coffee
40.0,17,15,21.35093384,90.9492967,7.871063004,107.0862095,orange
31.0,84,20,8.825674745,75.79638534092388,6.728051272245589,298.5601175,pigeonpeas
18.0,66,51,16.668554780569682,86.69543221306142,5.564035844218532,20.21126747,papaya
0.0,63,65,25.180076785022724,98.28489159437792,4.251203504643879,20.21126747,muskmelon
76.0,54,59,36.23125982975823,97.43221713712782,6.382007747843413,20.21126747,papaya
121.0,5,58,30.69570233965152,94.14712091034094,6.422880620139228,34.378569173222765,muskmelon
86.0,76,54,29.3159075,80.11585705,5.926824754,90.10978128,banana
91.0,59,43,25.38420652960982,82.05399041003416,3.9036465788275896,298.5601175,rice
0.0,72,16,25.49158911727429,68.01860520042248,4.841010230936951,22.95083336151698,mungbean
58.0,5,39,17.716806983591788,79.91896264363182,9.93509073,90.17794873253304,rice
69.0,75,7,26.88251174235915,70.660291597554,9.93509073,79.39909649001915,cotton
95.0,5,62,23.53347519381384,93.20315035393904,6.403167350861832,26.70742862662178,muskmelon
111.0,5,50,27.59350075,91.79742953,6.399891457000001,24.84266123,muskmelon
20.0,42,29,16.140285337728713,80.66061166365795,5.367080508670655,109.51336242355411,pomegranate
0.0,85,195,30.02149858974842,77.29385250379468,6.225305157920228,79.53663256186975,grapes
115.0,9,52,29.06785065,90.97685539,6.019372459,29.1194739,muskmelon
0.0,78,51,13.524455467722158,88.39214619369103,5.932292057387464,298.5601175,rice
53.0,47,40,23.3795843371274,99.98187601,8.323696897987572,114.15393450078165,pomegranate
69.0,86,5,19.291999766440448,77.46804227699333,5.2525559630366985,53.23656145113358,lentil
50.0,74,17,27.10053268,63.36085585,6.403167350861832,90.17794873253304,blackgram
27.0,10,41,20.853363073775185,86.29337861088308,8.748066842144283,101.32525986849312,pomegranate
99.0,63,78,11.377882858235822,14.25803981,6.005610120049417,59.3147423129057,chickpea
39.0,25,36,18.90223032,94.99897537,5.567805185,107.6103211,pomegranate
1.0,105,24,43.67549305,62.68085777751308,7.140130863821605,81.35061012963067,blackgram
0.0,60,18,21.7693946597516,14.25803981,3.504752314,114.11364170532812,mothbeans
40.0,145,205,10.48193677744684,78.91977787013707,6.112649358456324,57.41626641596458,grapes
0.0,45,36,21.03354580877577,96.31771843204184,5.772280890926202,150.28013178902674,coconut
4.0,62,12,35.06997703482598,52.82461432381767,6.908202483104596,65.90247795002846,lentil
74.0,81,70,25.77784155786547,91.73275179825512,6.013886229599999,114.09799909659291,banana
98.0,97,41,28.83729156857692,88.49948625197293,9.93509073,298.5601175,rice
29.0,142,203,29.67229086,83.71498986,5.891195653,66.48490371,grapes
0.0,133,197,19.526848651740373,84.82070747789075,5.234592051986544,118.84716448644872,apple
68.0,49,38,30.105047863886423,71.96655863442884,7.439513314348956,50.39567953001743,maize
52.0,56,85,20.118744600000007,14.44228303,6.81712422,88.68168643,chickpea
42.0,71,74,20.01861453688861,19.32067849051212,9.93509073,86.59785483660728,chickpea
81.0,44,14,28.153237010785418,85.27332779132277,7.261130381926584,20.21126747,cotton
47.0,73,30,43.67549305,47.20212445922137,9.455823522439667,100.92733152924178,mango
50.0,81,14,8.825674745,29.86060384221384,5.971599602396143,222.50916808199617,kidneybeans
0.0,44,69,43.67549305,97.81053803554543,6.40786664044426,221.7541169879084,papaya
0.0,35,10,16.154950099127518,98.65344753950004,9.106125201057132,62.179017132680805,orange
140.0,95,50,25.7775030682327,90.97279546026827,4.650272311409608,124.483390229263,banana
113.0,44,46,43.67549305,99.98187601,6.369061372815,20.21126747,papaya
40.0,45,18,30.43683729,55.20522037,5.261285926,30.92014047,mothbeans
0.0,14,24,28.57962155935677,51.894440391755,9.333429634113134,110.68326876378596,mango
4.0,37,47,25.69318193642831,96.24611912516518,8.40054550668208,104.41484223864708,pomegranate
45.0,46,11,26.77315375397813,76.1974676544465,6.181233389246201,74.1072935034922,lentil
130.0,45,65,29.549044000633028,99.98187601,5.8874652318089336,25.559846775048243,muskmelon
25.0,18,12,8.825674745,92.28378740626316,6.546228231532519,71.11408182483959,orange
0.0,5,5,43.67549305,81.01479879877105,7.313699067239073,101.8339746569567,orange
89.0,52,42,23.09433785,81.45139295,6.14132902,196.6587013,jute
140.0,35,53,23.83620326651895,84.04196278829171,8.403230084390826,41.47887144224456,watermelon
41.0,51,34,37.58487497277497,80.00158655643838,3.504752314,101.5597729154374,mothbeans
91.0,5,20,18.651885266245923,54.754079291315136,7.031608892457541,28.977289365624983,maize
69.0,47,40,25.37122686,76.2403666,6.130136384,183.8270791,jute
83.0,20,68,22.52454844516581,88.29447865987188,5.949566955535183,88.71024088259318,watermelon
40.0,51,17,28.66086349,86.12194568,6.860602782000001,50.01534317,mungbean
29.0,38,30,31.942322285411706,64.62851774379207,4.550577149429005,90.17794873253304,mango
32.0,139,198,35.89307536,82.66850729,6.358186848,66.53946559,grapes
137.0,32,42,27.131113383831227,75.70503561363233,7.426911190545642,240.9784009025645,jute
43.0,69,15,8.825674745,79.88276919639911,6.006017119177262,41.89138963258657,lentil
14.0,5,33,18.57985199404604,99.98187601,6.365506169543484,116.50538986517756,pomegranate
0.0,84,13,8.825674745,23.73523915206505,5.306505436404695,132.28827646354216,kidneybeans
120.0,81,10,21.95742753105699,61.743012458106406,9.4314252861168,75.32497266269837,cotton
130.0,72,6,25.86896977725744,67.78478887179614,4.172735883231225,104.91982273376922,maize
13.0,83,205,24.816435871746144,90.99155569263282,4.617880756349702,76.35486390064128,apple
36.0,67,22,33.20553499453806,52.48427798899057,9.93509073,172.8989324549653,mothbeans
0.0,63,19,17.708136563431076,20.09068435536193,3.504752314,68.09665253120528,mothbeans
49.0,5,9,23.630681408860926,39.40509650711067,3.504752314,106.25556261814508,mango
0.0,51,41,28.00948515534084,60.558464125122185,3.504752314,20.21126747,mothbeans
0.0,77,45,35.72022949522948,63.4237061381418,3.504752314,94.36342329821696,mango
9.0,77,17,21.65845777,63.58337146,6.280725549,38.07659414,lentil
33.0,12,8,25.26052689,90.31153735,6.403167350861832,117.36952959999998,orange
57.0,62,5,25.50479519292728,78.11871811753613,5.505148037568731,60.87126459307319,mungbean
36.0,100,12,28.50724596477947,14.25803981,5.674029078053687,206.860502205922,kidneybeans
118.0,45,41,22.03809604048849,90.70375340072216,5.793732310271165,122.52774680455111,maize
57.0,57,51,39.01793345,91.48815629,6.99223441,105.8841531,papaya
31.0,5,8,21.71109115876441,88.07728564239615,5.946071302195638,183.1832999234124,coconut
0.0,52,11,24.33587801825469,67.35337263359465,5.7359591190252655,56.72132843562704,mungbean
117.0,42,10,17.31912669830766,66.22087705375345,3.7737230654427054,88.73246609358596,maize
99.0,65,13,23.02094357902637,66.11071699944543,9.832770152412596,118.12293571938496,cotton
10.0,52,35,27.926312107051764,99.98187601,6.527707023187869,298.5601175,coconut
140.0,31,47,24.78229843284677,99.98187601,6.823889981958555,30.44095179662832,watermelon
27.0,48,54,30.617265454971964,72.8268530325892,5.07159419084633,184.81617949525145,jute
38.0,45,18,22.280266501863107,98.09694784798974,6.4646498336446045,164.4506262524565,jute
62.0,46,59,43.67549305,90.89094739805692,6.645442965401344,298.5601175,papaya
37.0,77,20,25.93381964,68.70533022,7.080506001,51.02372773,lentil
0.0,32,13,22.38476541626331,23.458290912030137,5.184242745296375,100.57545309557727,kidneybeans
96.0,5,32,27.402698705471213,80.03084577799012,3.856187972086381,93.64966083141891,pomegranate
25.0,5,26,28.240043040438582,97.32868655796148,5.338032679027513,253.74300138480845,coconut
49.0,7,46,38.077017548878594,57.52201418448763,7.405097565582387,101.0436951940942,mango
0.0,69,12,43.67549305,79.26273289291032,7.364340529336625,29.62175150831177,lentil
23.0,45,67,29.00857715400796,92.66608086010538,7.798069347299023,20.21126747,muskmelon
54.0,78,8,9.384760062906809,16.194847068364485,4.421005200779655,69.7494342404649,kidneybeans
63.0,95,18,43.67549305,74.16837214183819,3.504752314,87.01801440542229,pigeonpeas
25.0,28,15,31.172929784612577,40.10384968910763,3.504752314,98.8321731193385,mango
132.0,75,53,13.785774999196956,94.89096061459269,6.236398915691177,156.83298487864045,banana
0.0,7,22,8.825674745,62.00107658968135,4.990973374904909,46.41546663626866,mothbeans
20.0,50,22,25.49158911727429,46.42693735,9.406887533,38.31597852,mothbeans
85.0,63,5,31.52936617938986,63.37137394718095,7.43952841346581,34.11549052684457,blackgram
29.0,65,30,26.387619807278817,93.81474827201416,5.623112638636849,145.6658898960588,coconut
64.0,29,18,25.84263994612093,88.70048156448938,3.670315370492159,52.05233227776274,cotton
33.0,139,203,33.34214482,82.51034633,5.693287415,70.68098614,grapes
4.0,33,43,39.17824957530097,58.9637792124204,3.504752314,96.17310730885129,mango
28.0,58,24,19.72702528,18.28173015,5.748190462999999,143.7630894,kidneybeans
49.0,55,53,38.4418717,93.63739039,6.544029776,77.71566883,papaya
0.0,44,11,25.035039712777984,38.749061987343545,6.099938494913138,73.81145672588966,kidneybeans
140.0,101,39,25.49158911727429,73.08152985958382,3.504752314,164.7636689881258,rice
0.0,26,5,8.825674745,99.98187601,6.527446184413962,147.47211543998878,pigeonpeas
135.0,72,5,21.920013900491824,78.09829972468606,9.93509073,96.78077024738158,cotton
93.0,67,22,26.47714217720318,79.27816603907385,6.403167350861832,117.39031966858975,coffee
16.0,106,83,15.287291430524874,14.25803981,7.444716494852363,81.91078227497981,chickpea
108.0,88,55,26.28845991,83.390039,5.891458107,113.8729798,banana
0.0,78,46,28.240437505680102,92.82327303393043,5.72348204595378,90.17794873253304,papaya
116.0,36,25,27.57847581,58.52534263,6.172090205,156.6810374,coffee
44.0,35,80,21.496661765551444,18.74741917362729,8.190626189429672,85.07204647049694,chickpea
132.0,23,45,23.498860400969807,86.30144404131572,6.0423604350590665,69.58917353678893,watermelon
0.0,54,15,25.49158911727429,59.6713225029032,7.942921420235356,51.44788452621531,lentil
110.0,6,55,27.38576780156792,96.96541232073022,4.9564642234395215,88.84597063438775,watermelon
28.0,25,19,40.49755246388511,30.960565770658818,6.7685409700315855,255.75162554472,pigeonpeas
29.0,15,5,22.34098625004904,90.6257294009748,5.6747824971267615,81.64196132070008,maize
115.0,27,17,22.230010208582183,86.13745089422758,3.682110086831994,46.98300960552921,cotton
22.0,33,33,25.59533313083492,45.547715207365,4.238498992048518,71.20796834242996,mango
140.0,57,16,26.801072487511902,85.46162143015387,6.403167350861832,141.35724611488587,cotton
0.0,89,21,22.02776463170303,14.25803981,5.641926060894624,170.56043114811172,kidneybeans
93.0,53,38,26.92995077,81.91411159,7.069172227,290.67937830000005,rice
11.0,88,45,30.294696399949142,80.89841074755898,3.504752314,266.88458766029987,rice
47.0,65,5,25.49158911727429,52.6005764947876,9.93509073,66.10173790068318,mothbeans
91.0,21,50,24.33528185,81.44030363,6.762030215,48.32113628,watermelon
119.0,75,30,20.19162160216153,74.09630846030504,4.709064398956224,286.0192769107043,rice
0.0,5,8,20.10568292893075,95.66746881354894,6.5104055550124045,133.35610299080338,orange
104.0,20,26,27.22783677,52.95261751,7.493191968,175.7260273,coffee
140.0,40,70,25.49158911727429,81.36659691318405,5.184224307206779,125.91951323918065,banana
57.0,37,16,31.025038296481767,86.4678988743832,5.625999071720976,80.9509143988877,mungbean
18.0,9,40,19.44623085,89.02127045,5.627186257000001,106.1606833,pomegranate
21.0,79,61,19.275511326482626,80.90414923871234,9.93509073,138.66538826232176,rice
40.0,58,5,8.825674745,95.68211969275605,4.970438864944893,123.40749902143044,orange
77.0,72,14,43.67549305,99.98187601,6.999458818947186,298.5601175,pigeonpeas
97.0,88,60,21.6371146968546,87.26967573183425,5.461753941122629,116.61209486436351,banana
17.0,70,8,24.049862881588872,73.73970697568228,9.93509073,44.81989382066385,lentil
46.0,57,6,18.54139439969954,68.6114450946685,7.041694478028307,86.71798045418657,blackgram
19.0,40,5,21.16834569124846,16.271785221566475,6.244012138177758,144.46490503455578,kidneybeans
72.0,10,25,33.97616624424157,67.94278339466226,6.0298848029499545,89.1184297177196,mungbean
16.0,5,48,24.80675695954573,83.63388913192544,5.994922514047771,110.83442369572872,pomegranate
45.0,35,13,39.68876256972415,53.808546395925546,3.504752314,101.74818099236415,mango
20.0,5,46,32.205804886428155,89.38200513962572,6.788688697098903,20.21126747,muskmelon
33.0,5,5,24.595465575704843,95.1569399022282,8.997548206346822,102.64175114000302,orange
71.0,21,28,37.44901977595028,83.57197635363137,4.455761609231851,67.84545398665736,mothbeans
33.0,57,17,27.89636126,88.71782287,6.78415271,57.79863368,mungbean
110.0,5,20,28.373483010730663,62.77881184128417,4.50864948971757,87.72907367194873,mothbeans
140.0,74,11,20.1916121929756,73.95068075573677,8.296745969200197,104.62138185766496,cotton
32.0,68,200,17.287116640052695,89.06780264629323,6.142677847737433,84.71706780544164,grapes
98.0,6,26,27.01632489893964,40.72960311634088,6.9400413125604885,298.5601175,coffee
97.0,66,31,23.455834897470748,73.7270793522328,7.742590122761197,57.573330974383545,lentil
85.0,53,13,22.414307675109388,72.24829248267488,6.111326300580549,20.21126747,cotton
37.0,6,13,26.03097313,91.50819306,7.511755067999999,101.2847738,orange
121.0,111,62,14.313236981067384,88.88036945189609,6.505755719535552,298.5601175,rice
32.0,121,199,39.37102553,81.25353895,6.129812716,74.08101744,grapes
78.0,48,22,23.08974909,63.10459626,5.588650585,70.43473609,maize
136.0,5,56,29.59075101218128,95.74079327212732,6.403167350861832,60.94606270238661,watermelon
59.0,47,53,32.86316618,91.4618874,6.8506632320000005,47.271547,papaya
54.0,50,28,32.33182435511948,99.98187601,7.358372079369866,181.32596749264505,coconut
0.0,77,15,30.62398262645613,89.53290287216501,6.185282484326448,42.511055989521246,mungbean
55.0,38,10,16.6698238543001,61.87476590124102,5.025773473017434,197.7860283168245,coffee
82.0,77,21,10.63193337540443,63.00276641875791,5.263135371083748,67.77702220556557,lentil
0.0,145,187,27.77267868395351,94.47589459497466,5.229814567478803,107.76445543870145,apple
31.0,44,14,27.67028222126551,93.67159485040284,6.545086754448642,40.97615402326672,mungbean
20.0,134,24,8.825674745,64.63523286911409,3.504752314,106.30541036553228,pigeonpeas
28.0,17,39,38.20397540327606,58.33217476917079,4.454378081907171,84.0438751492203,mango
54.0,77,49,23.76500371678099,92.15403018974136,7.035296178716505,298.5601175,papaya
27.0,21,30,35.3915464,52.48823147,5.061081874,91.22881052,mango
0.0,61,31,8.825674745,42.16394709406265,8.957000492109218,74.3233502992374,mango
45.0,5,56,23.24273531424701,93.08170267833876,6.788275850063774,51.75506347814166,watermelon
133.0,16,42,18.567872854763053,55.15664388193868,7.725293791028204,99.79362998308578,mango
105.0,56,15,25.96779712,81.97904282,7.272316208999999,74.14169043,cotton
41.0,120,205,43.67549305,87.15671039479597,4.6044569717554165,68.65272277888027,grapes
96.0,5,63,27.18355597508775,83.46673000476197,7.678136460663832,55.7689598448432,watermelon
140.0,46,39,35.92792963454073,56.02463866922096,7.222423490497305,90.17794873253304,coffee
46.0,69,14,8.825674745,93.46103188479267,9.93509073,67.79826901455576,orange
16.0,15,42,19.67832052,89.08935702,6.890784045,108.5468633,pomegranate
80.0,26,55,24.53442564,88.989272,6.140099215,49.11618732,watermelon
27.0,44,25,27.47875570353668,52.72129111716473,5.540304389383269,60.15289419417782,maize
140.0,35,24,26.551687799302133,74.42753463921413,3.7578104658091847,41.37786501915498,blackgram
65.0,37,53,14.09889330164917,95.56652994697156,7.070595139329574,154.54632559753873,rice
35.0,135,199,21.77466746,80.54942557,6.400719746,69.39630398,grapes
37.0,59,8,28.640233487754017,80.76644585088202,6.246490152564719,155.4132526455193,jute
63.0,82,34,21.33102949727255,90.34858020144452,9.548156765283998,160.88813570512912,rice
98.0,48,43,28.857181514700084,76.82218953390763,3.886332919667283,90.18349213009463,banana
83.0,23,55,26.89750174,83.89241484,6.463271076,43.97193745,watermelon
8.0,44,10,30.547927791497063,78.47718796075272,8.331887251125973,32.72475371397873,blackgram
71.0,52,18,25.10787449,55.97732754,5.790770202999999,78.16077693,maize
77.0,23,5,42.88594386362995,95.3495721018439,9.93509073,136.70193210122727,orange
64.0,56,30,21.46937050470825,75.6090475884681,6.304918223783754,90.16913145592476,maize
0.0,101,20,11.556291488814605,16.512123897730348,7.256012343945347,132.02095520066584,pigeonpeas
17.0,56,17,15.467032123561726,90.5822694039958,3.5924415052941403,125.95358739579656,orange
94.0,49,22,17.2826810928889,37.03485516207432,5.043979785728075,106.9666913094696,mothbeans
140.0,5,53,24.609869121555068,84.09478170707364,6.121904635386949,20.21126747,muskmelon
140.0,30,25,20.02620150710181,73.17780190640696,5.682545777264866,116.04061624589198,coffee
71.0,22,55,27.50544193893125,92.52075436466836,6.102990471078025,20.21126747,muskmelon
17.0,5,11,35.902959856559605,96.73259609022028,4.077999869974509,117.34148275693896,orange
100.0,66,59,25.04074781260886,95.17921993869136,7.0616248596496405,68.08791879631998,banana
0.0,40,32,26.22062251297602,99.98187601,5.981935462840071,85.63319817201841,pomegranate
140.0,34,10,23.76333555085245,56.62380417662443,8.409595224390578,88.60139013065135,coffee
107.0,43,18,22.426733,81.53480799,6.403167350861832,65.54475812,cotton
63.0,38,40,16.004299171808963,62.45018348826015,8.027881361154005,20.21126747,cotton
82.0,94,13,26.99286250641481,63.393448109639486,7.333237497191867,87.25380778171285,cotton
0.0,55,28,30.800583198403057,15.078199082218664,5.391344701963108,124.64912247407466,kidneybeans
41.0,76,37,10.179090111803042,18.4285868053142,6.453322143280625,75.03712263387291,kidneybeans
0.0,47,27,24.07920374390609,61.75296512575349,9.93509073,20.21126747,mothbeans
140.0,92,33,21.51863328460715,75.38827134877697,4.803730124120672,189.98933020336383,rice
33.0,38,53,27.00912293133897,93.00835203371612,7.300169552878946,35.08959065227825,muskmelon
128.0,5,59,25.950154563226207,77.478424477958,6.299195506400254,37.262472930184565,watermelon
0.0,44,28,16.108311742406926,94.1845269661342,8.174369154868918,41.75160159801473,mothbeans
12.0,142,203,31.3115978,82.56407013,5.972850837999999,65.01095312,grapes
0.0,97,20,31.99241343496764,59.44259759414589,5.108086943658149,73.72921734886214,blackgram
59.0,134,205,8.825674745,82.30909281097883,6.219150497643467,65.25406525989212,grapes
77.0,49,26,43.67549305,66.29154171331952,6.540727109163896,62.1840221566772,blackgram
12.0,108,39,20.18654494587705,26.64581067134561,6.143912372444765,64.56612796010366,kidneybeans
51.0,44,45,14.649581493035608,34.827832357925686,7.774269529500961,76.16940570667812,maize
82.0,27,55,27.56066057216172,96.90355240553924,6.339386587590725,26.703677009036426,muskmelon
16.0,62,6,34.26486412213165,84.71262380012526,6.852934187334406,20.21126747,mungbean
27.0,89,29,37.74547668298619,75.23074696369835,7.618101922821635,69.7460842104346,blackgram
87.0,88,28,22.499043109785564,70.46614849460187,7.288810105221279,131.71033243234004,rice
32.0,42,20,23.936990267049264,14.25803981,9.93509073,129.46468144222175,pigeonpeas
101.0,45,13,26.9928940462221,50.89841244673235,8.046731847188237,68.27220183309153,blackgram
65.0,9,18,25.62244102900289,77.20698702835855,5.349877242938956,35.3094371193607,maize
123.0,31,43,25.205583344223776,91.65590617254838,6.485152243013465,33.883114777954034,muskmelon
116.0,81,55,26.42313317,83.69950440000002,5.915546415,95.12322062,banana
68.0,5,21,21.49348860855695,99.452082542104,6.696757572403004,298.5601175,coconut
0.0,67,21,32.27274814734986,66.36459418616454,3.504752314,121.03914625198466,mothbeans
15.0,73,35,26.992301470000644,43.163608066366365,6.167915496551296,71.93082904183768,mothbeans
27.0,73,79,19.16288268,15.83500655,6.403167350861832,82.69766829,chickpea
89.0,52,45,24.89326318,77.01222585,7.207457207999999,196.469984,jute
96.0,64,34,21.96202215847812,68.06523410347387,8.79652736988428,32.158390234321715,cotton
26.0,69,51,9.823247565098908,28.009566404469847,6.079785899285732,20.21126747,kidneybeans
41.0,64,22,27.14205265027941,68.63455049832385,7.709589173749396,41.08455068711469,lentil
63.0,72,64,19.85825238129149,91.10406509650367,6.615903763090625,244.1078385460752,papaya
100.0,74,52,25.43480512,81.53977797,5.837258235,96.47800391,banana
23.0,5,41,22.9348679209622,40.47775793409696,7.955730690179742,89.30459550474947,mango
43.0,109,6,41.037401539116175,33.79227883627975,3.504752314,54.48211938065528,mothbeans
43.0,61,40,43.67549305,90.7474139136442,5.826923005495411,298.5601175,papaya
12.0,13,5,8.825674745,92.12563851883723,6.825408409387526,115.95968046973596,orange
32.0,29,30,30.041624297541507,84.40186243850172,9.024383529139502,106.33854395160272,pomegranate
110.0,27,34,25.49158911727429,79.88313054941769,7.03464447112041,156.70417367740592,coffee
90.0,38,51,27.56191273091965,82.55198240392848,7.582562944151138,22.828126870201206,muskmelon
0.0,48,9,34.56229429004237,14.25803981,7.306300336561089,127.95725552248636,pigeonpeas
45.0,101,22,20.860399105975933,27.659727615353205,5.403539662524308,61.78293352766744,kidneybeans
18.0,83,17,10.998114644756816,89.41461216421283,5.984643000152788,93.5322121712237,maize
137.0,60,18,16.150596994319876,55.07450511385799,6.516148303690576,72.22708874000134,maize
82.0,17,38,26.124543970089483,77.39338340925734,6.555000637369774,34.066613970321896,watermelon
140.0,5,52,21.95156590608636,86.95846210659018,6.472269670781204,56.74939849285123,watermelon
83.0,52,20,21.495101804956462,51.40397642767268,8.410755269085875,20.21126747,cotton
39.0,5,5,9.340529829100523,59.57416845679971,6.270869522319272,45.49374577864883,maize
41.0,34,11,8.825674745,83.43508414505939,4.032816608037104,122.13493517339369,orange
0.0,5,5,8.825674745,86.31781686744773,7.231804962639017,90.17193089263542,orange
29.0,124,27,43.67549305,14.25803981,9.53747161065905,20.21126747,pigeonpeas
138.0,59,92,22.87824712742651,14.25803981,9.796017204384528,90.17794873253304,chickpea
71.0,5,52,30.83105947680056,88.42839906281777,7.411479859429693,20.21126747,muskmelon
0.0,11,15,30.398706959301293,79.5772158546502,6.670345225282589,113.79361109417788,coconut
36.0,54,46,42.54744013,94.94482086,6.662875839,214.41038480000003,papaya
41.0,78,21,25.19857725,60.37332688,6.581313137,70.88787207,blackgram
39.0,130,189,17.25539358388795,92.64949751688596,6.297517152240196,128.16220967567727,apple
67.0,29,30,17.750122676497003,96.66890190861402,6.108452483678077,117.54328045559024,maize
69.0,5,11,36.14228342678756,41.77771867365161,3.504752314,95.1014162822438,mango
119.0,113,62,23.82939274520826,71.14126830299566,7.189133319784727,114.33260307862108,banana
28.0,71,23,20.89961783946209,58.09932852605337,4.585953263789408,90.10258107046764,maize
46.0,5,24,18.4360311395534,55.87262772830912,5.442022312678018,78.8094936727294,mango
103.0,57,38,18.837270679371485,62.83708764668933,8.899827763613763,64.7587926493786,blackgram
32.0,54,7,29.642741328466624,57.90547538047767,5.530553493252477,36.387510111656624,blackgram
103.0,16,49,24.06731461,81.64075303,6.915717008,51.75212401,watermelon
0.0,86,23,18.9392236366572,41.67667094688859,4.887767291628199,186.3697461127964,pigeonpeas
20.0,29,10,29.07412717,93.27189064,7.36549204,100.7896871,orange
19.0,61,10,27.452065235927456,29.17975773685144,5.771871318243004,20.21126747,kidneybeans
26.0,90,24,26.013362887754663,84.14162943495525,6.764498749168235,84.73263896207732,mungbean
13.0,63,170,36.58742621717368,84.54961513899235,5.802541289480903,71.4013839882492,grapes
49.0,46,5,21.196403433378865,25.488828264063045,5.831414684236613,200.6444209143521,kidneybeans
16.0,63,5,40.68424334202085,69.98775613967778,7.94963489931955,63.25690536983036,blackgram
20.0,129,201,23.41044706,91.69913296,5.587905967,116.07779309999998,apple
39.0,5,31,27.10134661,93.69979946,5.551963184,150.9502632,coconut
63.0,57,27,36.64144054600902,29.026777780040547,3.504752314,27.222073268711384,mothbeans
0.0,18,10,32.215543583604514,66.49112992477937,4.785612463357882,62.50259192097506,mothbeans
42.0,29,77,21.69262993807016,18.546305789395383,3.504752314,130.14559183456652,chickpea
71.0,108,205,33.00199772743531,83.01036773431527,5.631710042029278,74.92220238542465,grapes
24.0,43,24,8.825674745,89.35295360144907,9.139380566757197,95.5744875614857,orange
73.0,91,35,20.215791567150777,79.06692072324068,4.849189236307752,153.09923512167137,rice
92.0,75,45,29.01207743,77.95192527,5.674403358999999,90.43495443,banana
36.0,5,26,36.675587892152656,56.94696657413416,3.504752314,84.33642511935047,mango
109.0,88,32,19.61403366086027,74.30966692823286,9.78613161171492,298.5601175,rice
115.0,68,14,13.011652276341,66.50846373957977,3.879781313026585,70.25192902956621,maize
45.0,59,52,22.18795584539636,99.98187601,6.92794248127238,90.17794873253304,banana
29.0,17,29,29.20394909,95.66997327,5.959493188,211.2506267,coconut
128.0,5,17,12.51947402825976,61.22320238868728,8.161416193522406,140.75743200697875,coffee
86.0,34,39,22.867459743933008,80.9576614222316,5.060108272580655,102.19369210791294,pomegranate
95.0,120,205,24.52009444859068,92.76296280585169,7.057370623263833,98.58634232081386,apple
140.0,69,5,24.760927072769807,90.9823449017918,5.876799660551915,56.02286895710605,cotton
52.0,55,75,18.234856377693173,19.57416480211453,4.467787390059616,71.04087502022401,chickpea
54.0,60,34,26.78287048115289,69.82171211310101,5.010667234334145,153.2395314721294,maize
62.0,104,42,24.09286716274768,82.86085988589525,5.6737792486408365,298.5601175,rice
74.0,48,17,21.63162756,60.27766379,6.430616465,69.21803098,maize
0.0,64,30,30.583180169272804,67.40151110669728,6.391168714021454,81.9738841189266,jute
44.0,43,24,20.97028029527858,80.6943272259391,6.300972470394244,161.64245468365044,pigeonpeas
45.0,14,48,27.7716744155447,90.5439432406164,5.1821821507838015,98.51712505536626,pomegranate
81.0,55,26,23.876917668477663,95.86813537021214,7.23186532748634,104.39051684464488,maize
0.0,118,205,8.825674745,84.29922722275026,7.603891638561549,55.358625056598605,grapes
122.0,5,48,31.03786571910172,97.40233446467842,6.352275872726802,39.326404911978926,muskmelon
45.0,43,71,19.54687188408018,24.07932205099946,7.553957131734643,91.98656808573682,chickpea
26.0,37,30,35.39986338,49.45962621,6.166173833999999,97.41054011,mango
50.0,46,52,31.18298415,90.21646909,6.734005647999999,54.01872359,papaya
20.0,60,22,29.65052947,42.89833235,6.876572502999999,186.9226052,pigeonpeas
52.0,53,27,17.950355513586373,87.70724593846835,5.68005037525297,106.09657385724664,pomegranate
26.0,66,22,18.06486101,65.1034354,6.300479414,51.54922825,lentil
0.0,38,6,28.125100180316988,63.02690650329517,9.2271120963714,64.17903969627167,blackgram
36.0,7,37,19.8671184,86.35590206,5.782435567,108.3168858,pomegranate
25.0,71,24,28.49538735,60.44848407,7.187721817999999,74.91559514,blackgram
77.0,91,50,28.72307446772481,73.7730739090876,5.199540330134568,106.00423754660892,banana
93.0,39,70,28.655442713696708,85.47380911421632,7.575273862322715,87.10837941657508,watermelon
28.0,79,16,24.70626432,60.26854183,6.0521848810000005,53.12442925,lentil
140.0,17,29,26.433456656665008,78.10856368172007,9.93509073,181.59742388670904,rice
22.0,43,35,34.30922048859645,85.89247547012363,6.730598184143643,75.09243041894297,mungbean
106.0,106,15,43.67549305,14.25803981,5.981067243959342,96.63058501569992,pigeonpeas
103.0,28,63,26.47438740794576,99.98187601,7.0464162028073085,42.64877049380086,muskmelon
35.0,128,205,21.07273439,93.56585985,6.041053829,107.8737015,apple
51.0,49,23,43.67549305,69.09958776825727,9.93509073,236.5783526337298,pigeonpeas
103.0,71,48,29.3963330697526,72.17664379297197,6.131912667084064,101.16870081168211,banana
57.0,53,5,24.337401505359217,90.47991137273188,8.17870413773502,20.21126747,maize
58.0,23,25,41.19763873759274,47.29603204160164,6.403167350861832,78.21303924901582,mango
12.0,78,23,16.06522754,18.72479695,5.99812453,88.06638775,kidneybeans
39.0,64,53,23.012401800000006,91.07355541,6.598860305,208.3357976,papaya
24.0,80,22,16.71170642,19.17651433,5.635993966,96.77285817,kidneybeans
2.0,5,41,26.885173403517165,80.52616269626412,9.5091093119911,124.69812619464304,pomegranate
113.0,56,19,25.49158911727429,45.524868872897805,6.094940044034899,90.17794873253304,coffee
27.0,54,9,17.282353759349505,19.720037236133145,6.000855199274454,20.21126747,kidneybeans
140.0,85,30,22.98042991556422,88.9141715236076,6.904200843848267,100.78569456202,jute
6.0,64,16,34.19392166955808,63.05431489009485,6.390297823313877,82.5415740720633,blackgram
102.0,53,21,23.03814028,76.11021529,6.913678684,91.49697481,cotton
100.0,28,10,26.083388518359165,82.9522915101412,5.358787474398877,20.21126747,mungbean
0.0,50,29,24.34088844563924,92.09954887817898,6.045910358987894,271.4842283154044,coconut
60.0,55,40,43.67549305,47.42138483580378,6.403167350861832,132.45721324445415,maize
135.0,56,29,23.70420426979481,82.22569958349037,3.9492921348930414,92.43559019321752,maize
117.0,51,15,22.9535715,78.71555832,6.044556594,99.75336197,cotton
23.0,59,19,21.98560799,24.87304788,5.852046999,129.5650601,kidneybeans
45.0,63,77,24.40852533885856,84.59188746613619,5.983367686336415,109.3750726501438,banana
0.0,5,7,8.825674745,84.8388736125374,8.854678072264438,118.16152791778065,orange
27.0,79,82,17.06579293,17.54024066,6.307004922999999,70.87150577,chickpea
90.0,90,57,24.93757328213716,88.62971629091969,4.088751407361877,78.80274240775805,banana
116.0,15,16,34.78438079246018,54.673547775141394,6.133098124929723,82.13876275819841,maize
40.0,39,31,21.98862016796166,51.04201855140595,5.35839499729002,81.96010662591489,mango
100.0,90,91,13.844592795906214,14.25803981,3.504752314,20.21126747,chickpea
78.0,81,9,8.825674745,61.62072157905661,6.06129821320834,46.06789629874557,lentil
53.0,68,92,15.1632919654756,16.950407093613435,3.504752314,76.16496086945298,chickpea
71.0,43,19,43.67549305,96.24999498633976,9.26618336081565,214.067047286439,maize
68.0,65,39,33.48113561339375,77.18198774827344,5.710756959456589,83.60326262557734,banana
45.0,9,42,24.1275456854032,72.32294970865615,3.504752314,103.58132397857096,pomegranate
95.0,69,21,24.669722946965845,88.03346345843946,8.027834915624421,20.21126747,cotton
55.0,51,37,25.626988962420505,85.17006691969719,6.065201141794856,126.50214200112012,rice
30.0,87,12,28.26368523628392,61.89509505761476,3.949430814494448,90.17794873253304,mungbean
0.0,126,205,8.825674745,82.29317965605125,6.403167350861832,47.70765923640727,grapes
51.0,53,58,18.417610598068645,28.514198970247435,9.93509073,54.8073858221383,chickpea
26.0,80,18,19.32509638,23.3334788,5.581021521,104.7783947,kidneybeans
56.0,94,32,19.7331996628528,87.48016562221495,7.040242159085111,190.86924739714212,coconut
85.0,5,37,15.6744624666985,90.82971142102566,7.864860116630247,126.14866284300426,pomegranate
34.0,60,23,20.12574053,24.96969858,5.659254981,100.0497183,kidneybeans
63.0,83,23,38.18033816566885,22.026126001823883,5.657916044797084,213.3941151438284,kidneybeans
32.0,56,18,20.0467711,65.84395319,7.135251532000001,46.05333124,lentil
67.0,145,202,24.65418770654494,87.17160788017132,6.186587719635978,71.72715209868285,grapes
96.0,67,56,19.22837749151577,84.31297400591853,8.774249991014084,268.50523070217594,rice
0.0,19,20,8.825674745,93.99574301941304,6.711235163574954,107.9056505380222,orange
115.0,21,27,25.63615899710528,79.18531904469904,6.343987616212766,156.46029740636124,coffee
15.0,31,22,26.187001536720807,85.31031085831353,7.352063941666553,24.55000162348232,mungbean
0.0,75,71,12.392184591306044,14.25803981,9.93509073,90.31001823155046,chickpea
13.0,12,20,31.00576533710853,45.23699196326323,5.392344168585242,101.3713577256224,mango
39.0,85,79,8.825674745,95.19251169417124,6.011227230709326,20.21126747,papaya
100.0,58,41,23.17403323,87.88255345,6.6587699910000016,160.6217342,jute
93.0,42,41,14.048644990870752,80.17006449576726,4.8250145208868735,20.21126747,rice
67.0,45,38,22.72791041,82.17068809999998,7.300410836,90.17794873253304,rice
84.0,5,34,36.98212821964559,99.98187601,5.5196481121416685,96.14292383578018,pomegranate
132.0,26,48,28.27958413322216,83.12249742466352,6.080029015514483,39.830566990264735,muskmelon
33.0,16,24,27.77414239903069,30.851723994980446,9.93509073,109.90605560586604,mothbeans
45.0,5,5,8.825674745,94.63651724426326,5.662308496869857,135.31234808644635,orange
22.0,122,181,23.483871272510697,86.99842331243255,5.63999775216755,56.60138310406671,grapes
16.0,29,13,32.31944397,93.67804556,6.196907944,117.6236473,orange
140.0,17,41,33.19719984841454,95.37848122282956,4.5308052028709245,204.7873027878585,jute
27.0,43,42,18.794582857550857,48.60532856960496,9.93509073,123.99651309301302,mothbeans
47.0,44,37,27.73218666547873,99.98187601,5.352465137296598,106.86775081871096,pomegranate
0.0,59,32,41.81284820215848,65.94075132218869,9.373148974860529,57.40638825059269,lentil
99.0,12,52,28.69708334,94.30759855,6.002927293,22.21807088,muskmelon
43.0,43,8,11.17758950265303,53.140709156435406,6.407005025807435,75.45911986947564,lentil
30.0,39,7,31.131055530836008,70.44640653809395,6.898077520462188,98.0595223179612,mothbeans
27.0,30,5,32.71748548,90.54608254,7.656978112000001,113.328978,orange
101.0,114,58,26.880629658875147,87.45824387547027,5.782019154892996,124.2429665585544,banana
16.0,5,73,25.01846100706296,99.98187601,4.734695090386549,59.38426106818815,watermelon
2.0,129,201,22.78234161,94.36803516,5.682343744,122.1449949,apple
0.0,38,42,28.19323581661296,79.99796622154656,6.555270376842039,51.448777915709705,mungbean
0.0,83,19,12.268489168221617,58.32542440609265,6.412299174818156,76.1690074655517,blackgram
92.0,34,38,32.905802668043385,54.19451134643245,7.9537215074293215,223.9064351369579,coffee
29.0,25,14,30.49183837,90.4582865,7.781988584,113.3302105,orange
38.0,41,61,16.498736381542248,88.05468907218025,6.543631472467386,178.1278712820963,papaya
19.0,30,30,29.56549169,91.40896307,5.826381164,224.83157290000003,coconut
0.0,145,205,8.825674745,85.04036836371743,7.949931675700157,71.04400023029999,grapes
34.0,72,46,21.29946482790137,64.23218420558949,3.8428173029502815,250.3690083047261,jute
87.0,117,199,43.67549305,76.93402194247697,8.165527131377367,61.70137822239112,grapes
32.0,58,33,43.67549305,86.50242514702676,6.81687569887347,298.5601175,papaya
47.0,90,14,26.353429161992903,19.087555116182227,6.565944026575198,144.56038534009235,pigeonpeas
111.0,50,19,17.996346112646545,99.98187601,7.433577932176391,117.2237318888892,maize
27.0,61,15,25.2653291,67.10004577,6.958054839,48.33941188,lentil
3.0,12,29,31.17933098351493,48.38372499143372,6.403167350861832,110.06408941871815,mango
73.0,29,5,30.46558977141653,75.05135585775481,3.504752314,20.21126747,mothbeans
8.0,43,33,38.00624362251495,49.98864426994224,8.550870067468319,124.38857921253548,mango
103.0,76,48,26.41136920058048,81.0722601524492,6.23048466416259,97.35323004665794,banana
65.0,60,22,25.36768364,72.52054555,6.6069840860000015,107.9124111,maize
0.0,26,84,13.405615616985852,14.25803981,4.792878026015388,91.82951952546154,chickpea
16.0,6,29,29.28725038,91.95614918,5.868285082000001,132.1491176,coconut
72.0,59,23,27.53561979073332,30.60499795062364,5.89402665723865,129.06619402072334,kidneybeans
45.0,107,62,21.110716189838776,66.95564814082827,6.455714841018144,94.89847537424168,banana
19.0,21,48,31.514546713378287,86.38494794318906,9.015631682861528,97.00792674594456,pomegranate
0.0,30,14,31.395062463563992,33.5000763286111,3.504752314,34.11936578897394,mothbeans
44.0,82,33,28.86487220696672,71.9833137442547,5.722451854024663,173.24491924960054,jute
45.0,142,196,10.89875873,80.01639435,6.207600782999999,68.69420397,grapes
10.0,5,20,33.322838427551346,47.71553595614673,5.810152691926769,80.43949414627033,mango
89.0,29,18,25.542624643389928,97.77595902711928,6.190665635912091,99.14979706906104,coconut
32.0,70,20,20.89342749,46.24856523,6.208843215,195.5697875,pigeonpeas
46.0,81,42,29.08605314268207,14.25803981,5.705102171779024,80.79803552197183,kidneybeans
22.0,55,16,23.7937153,68.03209183,6.516317561,49.73922097,lentil
29.0,145,205,8.825674745,78.19399592691178,5.124303533006024,72.86181530196268,grapes
0.0,17,49,32.5852111646397,52.71024645780399,6.486194926137943,115.41352746680457,mango
32.0,63,5,42.46545886358996,67.14394185409293,5.859646115497652,20.21126747,lentil
82.0,145,205,24.388052047392964,95.92926258752584,5.6307266856099485,88.05611373647176,apple
50.0,64,11,21.09806772561197,45.00715923759424,7.554490774953455,57.50792799782717,blackgram
0.0,62,16,21.04324689979565,76.37542743359406,6.403167350861832,20.21126747,pigeonpeas
109.0,80,9,27.07529665091939,72.88369102671003,9.93509073,81.64940005778973,cotton
56.0,54,58,21.0030659710539,85.94680202478321,3.504752314,198.83961260004247,rice
32.0,77,27,14.904357855001567,14.25803981,5.874606632908384,66.22046423217604,kidneybeans
11.0,124,204,13.42988625,80.06633966,6.361141107000001,71.40043037,grapes
51.0,66,16,35.00434959444651,65.01249914722798,5.503385009409325,20.21126747,maize
45.0,31,18,23.877842062827515,89.78947566435714,6.645091041635455,111.28990577061128,jute
38.0,5,35,17.41292082507658,93.12083203560944,7.720513117348113,115.09999315871994,pomegranate
90.0,90,205,8.825674745,76.58023206548951,5.423902098992352,75.09949776841617,grapes
0.0,43,78,12.897795138389696,14.25803981,9.554446902512684,82.36281771359621,chickpea
0.0,6,61,43.67549305,96.6974569135768,6.617697633176169,110.9069329116616,papaya
140.0,5,47,8.825674745,99.98187601,8.616014978521621,117.03849491106054,pomegranate
0.0,32,59,37.82703038275269,91.50205521597006,6.446686578668972,298.5601175,papaya
0.0,5,28,8.825674745,86.80926769715487,8.344720475632611,90.10046194770084,orange
55.0,60,15,32.79766751,68.77994074,7.163043872,64.11411069,blackgram
140.0,25,56,23.631252681036585,95.83643811971828,7.21449141999497,57.71156691811841,watermelon
120.0,20,34,23.56960509,50.56339727,6.403167350861832,130.3797119,coffee
84.0,89,37,30.208855529575025,39.013547711788206,7.599181713939663,142.76144344314918,jute
45.0,52,20,24.474488446632105,93.18223292923037,9.218745022537536,20.21126747,cotton
57.0,5,72,25.696437625737683,76.26261970491232,6.81625061723814,46.84756684732316,watermelon
119.0,70,34,22.121895486412736,71.96570767402329,9.93509073,165.05220974896434,rice
101.0,52,25,14.85938330421677,76.12862457918843,6.287035875460334,50.69610347449318,maize
51.0,70,16,30.26359585844104,60.01230035542189,7.793527272606523,57.98213412232924,blackgram
61.0,31,68,43.67549305,91.43456084059714,6.568551978563658,220.0886940390279,papaya
76.0,19,37,31.37088195226708,75.0888621649058,7.916259722400471,205.56827544661468,jute
111.0,38,13,29.920562559335167,75.52507524148959,7.138398758809662,32.9773032865974,mungbean
61.0,51,5,8.825674745,90.66213985193636,5.63337015741183,104.6550987494732,orange
50.0,47,16,31.55345109408957,65.49475447886108,8.595546750318988,62.2954654305476,blackgram
23.0,52,46,43.67549305,85.11875473364253,6.747344626879611,298.5601175,papaya
133.0,50,25,25.72180042,81.19666206,7.569454601,99.93100821,cotton
38.0,50,22,32.367995638859,73.22397445702605,6.469967119752928,84.6341867249881,blackgram
113.0,47,46,30.269780937730456,98.16170633177204,6.209387258429594,34.750867969098394,muskmelon
38.0,120,197,17.5438296,82.94703302,6.323722572,73.77063744,grapes
59.0,32,25,29.7437710063364,33.42904043276401,9.93509073,90.17794873253304,coffee
98.0,35,43,25.4559229092096,89.79656896109377,6.294343381968108,68.74937383336497,watermelon
0.0,18,47,20.22383828099334,99.98187601,4.424982822017659,121.10308480442464,pomegranate
0.0,32,55,25.094233246763714,87.44257331252084,8.563085956714005,298.5601175,rice
110.0,56,64,26.85246913427424,95.9570308260833,6.1425611500497865,33.93238941101891,muskmelon
74.0,5,26,27.29223979556729,99.98187601,5.326194588256059,218.72270088988583,coconut
71.0,47,41,33.33423740353236,92.6887593228811,6.351630324283274,209.4095402044937,coconut
74.0,37,50,43.67549305,92.23049868724974,6.629774463040383,298.5601175,papaya
5.0,17,42,26.052732300691904,85.09636670106099,4.808508289852493,20.21126747,coconut
26.0,9,32,25.9490364,94.73860514,6.470465614,144.15711090000005,coconut
71.0,89,55,18.9631000426807,95.30069030199874,6.996065052143623,298.5601175,papaya
52.0,53,48,26.02937785933752,89.04085890032194,8.396832580094452,192.1418509757292,rice
140.0,35,30,22.72656524113965,99.98187601,6.502689859642155,52.35132282688892,maize
72.0,89,32,20.7795240797392,89.74321294708017,7.434888382946454,229.2019156749646,jute
0.0,5,18,24.436941386005493,93.92766011146306,3.504752314,123.4847064996256,orange
57.0,69,65,19.67849437183293,18.67790608606481,6.790733901084337,28.413128606455,chickpea
25.0,36,57,31.110671415197693,81.92303362283981,6.403167350861832,112.49628984157664,pomegranate
20.0,24,33,22.65177160696071,94.80630340236918,5.198898049126587,202.5990017534945,coconut
85.0,35,32,26.24928198,54.28617819,6.854011265,133.1120232,coffee
3.0,59,22,23.558106571040643,99.61120294022518,7.343225442985618,20.21126747,coconut
117.0,79,49,25.49158911727429,82.36208097,6.176644228,112.9794804,banana
8.0,50,21,28.62911222,89.11480590000002,6.218923893,50.49913241,mungbean
41.0,21,17,29.789996010365485,58.529894761657125,3.504752314,39.67556878814111,maize
0.0,27,41,31.791143947140228,84.34761106633246,6.269079688779576,130.11713760371262,coconut
0.0,6,16,21.62266620478045,53.97692460398588,8.714443587229114,71.70518739892704,lentil
95.0,88,52,28.00316034,78.90085998,6.235461772000001,94.68180316,banana
19.0,79,19,20.06003985,67.76252583,6.677262562,42.89509057,lentil
20.0,135,189,8.825674745,83.80657160170203,5.924135622297327,47.321076396444376,grapes
37.0,18,39,24.1469628,94.5110662,6.424670614,110.2316633,pomegranate
91.0,55,15,18.09300227,72.61024172,6.376651091,78.96159541,maize
67.0,60,25,24.92162194,66.78627406,5.750254943,109.2162279,maize
0.0,88,17,15.39267676315434,41.0860389239849,6.086383746823072,20.21126747,kidneybeans
140.0,11,33,33.24496157446055,48.665608990872926,8.099639053868481,198.38733147541203,coffee
103.0,42,17,24.29470232,84.61527627,6.527541661,81.05902285,cotton
5.0,50,23,27.56472324211939,76.50251266563583,3.983632485124673,90.17794873253304,lentil
43.0,65,31,23.5436787302648,84.2336572293942,5.106039730504859,184.1392359164589,coffee
0.0,80,31,23.65470297194471,99.98187601,6.863079417653996,141.64956863830244,pigeonpeas
0.0,91,13,11.43368605592552,18.95183111780492,7.620427271699426,108.86433062660625,pigeonpeas
9.0,49,26,8.825674745,23.75120446616512,5.605010961267297,265.6087662039623,kidneybeans
66.0,47,36,24.85441411,74.44070479999998,6.57256106,175.572958,jute
109.0,17,46,29.70941712844425,89.21587335903898,5.481905218516842,22.8232350949206,muskmelon
59.0,60,52,25.62172165617273,93.7026830816727,5.882294323529083,20.21126747,muskmelon
89.0,89,15,25.074334657209505,95.75473155076138,6.057253995942931,130.36893128326562,cotton
96.0,26,15,25.32139054678228,85.04994754148673,7.42945999408051,64.44833187333685,cotton
0.0,48,34,34.74132683914044,58.50423667931777,3.504752314,27.050708731520302,mothbeans
140.0,88,50,22.55708022380443,77.68591166561963,5.72503389286304,83.7010991300983,banana
69.0,5,21,24.25462701184588,99.98187601,6.476944358762876,262.3119880269064,coconut
81.0,137,192,18.90824782647825,88.79207771563725,5.616291150252167,111.8249130710168,apple
28.0,65,23,28.38686534,61.88871127,7.405176138,74.24459122,blackgram
72.0,81,24,24.482110028548608,32.525607172205255,6.403167350861832,145.44956141474097,kidneybeans
69.0,82,33,24.383637821486264,84.53874949089312,6.9377286995060174,75.69862526725797,banana
82.0,145,201,22.07952367406992,89.71054978980825,6.434287497365608,144.0010619449052,apple
85.0,89,51,29.21144871,84.70189923,6.1581644220000005,108.5501443,banana
0.0,29,5,26.50575532778328,14.25803981,4.710514245457955,76.01420539807589,kidneybeans
0.0,106,25,41.4727492207886,35.686912791257484,4.91669883282938,67.79330621927939,mothbeans
45.0,70,25,24.573431951207013,57.10094765861486,5.243721162600545,124.22958379218332,coffee
45.0,47,10,13.667353406491898,21.66220110175476,6.043386061635832,112.2348064859174,kidneybeans
44.0,61,27,21.34264553233714,48.036440552131694,5.982524407466848,137.28721019188947,maize
41.0,68,5,33.78779359486041,81.04371006402984,8.210638659482958,98.24536092301346,blackgram
113.0,89,11,12.84871695890826,45.12853867633356,4.507116643103562,20.21126747,maize
84.0,144,190,43.67549305,83.94448932045778,5.929805828581274,74.60705431794298,grapes
0.0,5,49,27.427774171740943,84.30957134183822,9.046938979156774,127.01142835858128,pomegranate
90.0,72,32,24.39164664159888,99.98187601,6.802241434017593,138.45084201744206,jute
40.0,5,14,26.88771693972921,86.46395749947074,4.606387409790915,146.425622359403,coconut
36.0,65,16,25.71269843,64.1123333,7.692013657,50.17067771,lentil
73.0,65,30,28.25814319021956,85.48694728217447,6.436244869018451,122.32751728293614,banana
90.0,64,5,20.86265137150577,76.29609118217179,6.501727870646521,38.53327757871278,lentil
0.0,70,20,25.49158911727429,70.02981851592165,3.504752314,20.21126747,mothbeans
50.0,21,39,26.07563299538921,73.43697640179283,8.06725070127127,98.29439767940836,pomegranate
36.0,80,21,33.64769646,48.41490082,7.066087261,100.4673278,pigeonpeas
19.0,120,195,18.73932187,81.12109244,5.931538447,73.55807954,grapes
10.0,66,7,16.979694304594737,25.393749793159948,4.012081545472173,258.238770677915,pigeonpeas
117.0,85,31,21.342899309912784,50.352693691844806,6.630898830889115,90.7474748229808,maize
99.0,85,36,25.7249177371926,24.16573143040334,6.766373396650126,55.6435359821305,coffee
0.0,106,190,36.30362118963488,89.5553966825663,5.792342493578119,82.89433281861932,grapes
4.0,5,17,30.96735777359369,34.917881436789486,3.504752314,85.42753899361104,mango
125.0,49,43,24.851481359419807,93.00865049373908,6.873912545207377,44.90679295602307,watermelon
66.0,59,7,30.63483427519618,65.68650027349653,5.483206862294455,41.506268767077664,lentil
51.0,133,205,8.825674745,84.39262660504036,5.843159680128509,62.10108795881428,grapes
1.0,145,187,22.79817292855611,87.28268595994251,5.552439465149645,110.28471336852742,apple
52.0,5,40,35.51985560541679,60.53015353878408,3.5432474361022743,37.649466387588745,mothbeans
13.0,58,25,30.922783172770416,88.16829194490248,7.732434966441991,33.35929574678912,mungbean
32.0,130,196,40.66012294,81.24995984,6.372959542,74.03030056,grapes
45.0,63,33,43.67549305,95.73818931535034,5.84026261476248,99.01939019931764,orange
0.0,5,36,24.35193812,90.88612388,6.152906502,105.529185,pomegranate
36.0,52,39,17.44251298520235,93.98142597985112,7.261570352663591,298.5601175,papaya
69.0,62,5,21.7857788571212,29.74272180630057,5.992709995740675,106.17458472763188,kidneybeans
62.0,59,28,21.63222453360608,85.11006799303289,9.774673141569195,85.29306958237441,cotton
5.0,29,44,21.02432943,93.0569505,5.578095745,104.7847006,pomegranate
121.0,108,165,38.10946763435743,76.6987042316665,5.846641491726746,67.87791409286653,grapes
84.0,84,5,27.867770802139034,84.84192481589953,3.504752314,20.21126747,cotton
35.0,145,189,24.573062973015585,89.67808221707449,7.530703996273458,115.35434759470098,apple
82.0,22,39,29.96149152663512,96.02654455068404,6.595742835100848,57.90621352894863,watermelon
0.0,140,192,8.825674745,88.03299433521649,7.34204266410623,50.069859522160726,grapes
0.0,15,27,32.56758147790884,99.98187601,7.2817610769560766,119.63814343889294,coffee
0.0,145,176,43.67549305,82.07347622627753,6.208040725014073,74.91661015163356,grapes
14.0,43,16,18.110200435616512,68.01511841539116,6.823757941454632,72.51041444300267,blackgram
74.0,20,27,32.70246418552115,93.4013983715609,7.336356092703021,89.90738216596151,coconut
111.0,5,19,35.84916549361942,53.58541590805293,8.119763203489152,74.16540092968592,maize
65.0,21,43,13.925701569450151,93.95028138787237,9.05283320043535,76.5442423142924,rice
0.0,37,39,8.825674745,84.04446624675856,7.999317145119572,112.34890224714394,pomegranate
0.0,43,33,37.84623065770397,50.290154722092495,4.844851030950102,78.7536368318552,mango
48.0,7,34,22.398846886582103,17.51203427943847,5.307799883171327,153.027423375298,kidneybeans
83.0,89,62,25.51767436657449,84.14124095673982,5.059240793991378,126.7872460535394,banana
37.0,11,36,24.24779615,85.56033312,6.710143266,106.9216033,pomegranate
0.0,36,51,20.4076838904297,77.95168954376341,6.929881314692115,98.9097550318764,pomegranate
0.0,29,32,28.05912437,98.3670985,5.868255858,171.65163959999995,coconut
0.0,132,14,43.67549305,14.25803981,6.87757210403101,20.21126747,pigeonpeas
73.0,12,18,16.98216326045212,99.98187601,6.0465241783292525,152.8635342151379,coconut
62.0,117,205,8.825674745,83.35487656390922,5.1513640682664406,78.9620805816226,grapes
67.0,80,50,15.14580135114888,95.68258847864,6.266564605698694,270.1332150544416,papaya
46.0,50,5,41.88967401280807,66.66188774657174,7.313959346801733,73.6304613600013,blackgram
140.0,87,53,26.494852709466866,92.6037097952108,5.226515107184951,159.84390209689136,banana
0.0,12,9,35.777005209245225,98.49608136089488,6.949643624264309,121.32777744678428,orange
140.0,81,19,29.113771910491952,71.99739073697428,7.444002072997082,127.49020873864842,cotton
137.0,33,72,32.2679821605488,89.47779399879953,7.462802019028798,27.02538585318072,muskmelon
103.0,17,51,25.11189154,80.02621335,6.209888345,44.20656987,watermelon
98.0,16,47,24.06166665134608,99.98187601,6.715471626501438,20.21126747,muskmelon
69.0,25,58,26.10270194980788,86.3062559794027,6.605304815272766,60.7424249913507,watermelon
0.0,115,200,20.373231205957403,86.35161100841242,5.525866718806356,74.23784386744094,grapes
51.0,5,14,29.693610249342928,39.76897822101662,8.994255617452602,94.3318538207476,mango
98.0,21,54,27.69881117030347,92.7844575681279,6.241894042198184,21.59127790186897,muskmelon
32.0,5,36,41.130105703333584,44.560967468249146,8.917351515333014,95.54455922615796,mango
18.0,41,25,27.09335181050168,70.77653573214867,9.93509073,53.02496808471548,mothbeans
13.0,85,76,22.514619229343506,18.6159155735692,9.93509073,84.47723822460286,chickpea
49.0,73,67,25.49158911727429,27.53289265404143,7.46094640565704,71.80339811552096,chickpea
140.0,94,10,20.879317007286154,83.06600117006452,5.102034927757836,36.51079009374375,cotton
53.0,145,184,23.541095516492792,99.98187601,4.53014350377747,97.92810699635396,apple
71.0,22,68,24.79042380343407,91.52898270093957,5.506862489556003,54.20308021495494,watermelon
0.0,22,43,27.50128312223317,78.81187739818313,6.247284248443566,26.82951342702751,mungbean
41.0,12,43,34.22428332753382,94.4075098155722,6.510340515964122,29.58780423211893,muskmelon
140.0,61,38,20.93984225836828,72.34633476048033,5.243391562343599,153.126125491509,coffee
70.0,29,70,31.814359536628267,77.63262046474526,6.8198307023553095,26.70139018733078,watermelon
80.0,5,73,25.57882944901608,99.98187601,8.010197251420903,52.450507380165945,watermelon
84.0,49,16,25.38609313484244,59.78452858998613,6.705066665951692,37.59237323047749,lentil
100.0,9,64,31.23774338948721,99.98187601,4.216226704446811,33.34179716268039,muskmelon
0.0,26,31,25.0707247,95.02156793,5.547933273,192.9036306,coconut
69.0,66,56,31.142991779364465,92.83131017266952,6.384340806401019,20.21126747,papaya
80.0,57,25,43.67549305,63.5342822499922,8.016411216861698,58.62978436218164,lentil
107.0,13,52,20.376093093449377,77.94198241069604,4.146722425827536,180.2072781640589,rice
0.0,145,200,8.825674745,78.81507367609613,6.203389337446956,75.03082755150581,grapes
41.0,114,41,33.00169351623415,61.474086678236816,5.582580847878891,124.37263853233846,banana
23.0,58,19,24.17093241,58.25204566,5.243634848999999,59.18953429,mothbeans
117.0,19,55,28.80311922,91.78336933,6.121745389,25.16359891,muskmelon
35.0,44,48,15.450566952604875,80.24943743317083,6.0536644158367885,49.9319400858445,rice
28.0,47,32,30.89423765951222,19.368560502277944,3.504752314,20.21126747,mothbeans
45.0,92,9,30.070386867656328,99.98187601,9.93509073,128.5142158124426,mothbeans
30.0,34,34,30.39776381606664,93.74914226363616,5.311245080084933,24.11029474864077,muskmelon
36.0,20,33,23.76347903850832,75.87950804577714,7.139958308757255,77.00706371683589,mungbean
43.0,42,24,23.261741307431304,14.378901460105933,5.505117067912944,261.7316195802082,kidneybeans
99.0,5,13,43.67549305,87.356055467069,3.504752314,102.36646356161704,orange
60.0,61,28,25.539195551730764,69.58570771928474,8.35527461795113,90.17794873253304,blackgram
96.0,55,42,20.713431183564964,67.02868312377443,6.141703150093045,90.17794873253304,watermelon
0.0,51,36,21.82286659705781,63.71804087114034,4.06994231460041,86.60370628134845,mango
19.0,21,22,24.36168905785457,79.83473894492995,5.683618528075914,97.88785245793814,coconut
89.0,24,27,19.58498970789445,48.32158893533858,8.771651926787488,103.91046237327232,coffee
25.0,55,26,11.987053577563412,19.17832624171032,5.581848729109739,77.71080217355959,kidneybeans
45.0,5,5,25.546063805356912,89.67131136626027,7.007498925420438,102.82164160970312,orange
140.0,42,41,32.44507648619166,84.65653158309033,5.537221043790716,32.19472948154657,muskmelon
27.0,50,73,26.80797020327972,16.77401151925727,6.860435553268697,97.64262858176888,chickpea
71.0,71,17,16.837080298481098,90.72480686077542,5.273356433339978,55.044527378047626,maize
39.0,64,31,25.517597911677576,87.33906357850111,5.828679810662882,187.51602379350905,rice
24.0,58,24,43.67549305,99.98187601,9.93509073,170.8880192218726,pigeonpeas
53.0,18,35,26.83441118512223,38.31882354312843,4.812118192994459,85.7112042070373,mango
37.0,66,16,28.005425266294903,99.98187601,6.607542848767821,145.45150350978446,jute
41.0,119,36,22.558612243780708,86.06173248586497,6.468454515137818,91.41005839242234,banana
91.0,89,42,26.520711138506528,67.14404613614542,8.875965402022793,174.4641967112944,jute
75.0,32,97,28.3513565714213,15.533322208349666,6.840999411034289,69.44791999310871,chickpea
108.0,38,29,28.87471064621063,92.18346937341788,4.829031452881734,99.4426427458659,cotton
109.0,10,53,26.81938687,87.8274604,6.5517503060000015,46.06193778,watermelon
85.0,121,23,19.644062930104496,70.24334389292095,7.913862687929912,85.668427266601,blackgram
20.0,5,18,22.347947106729528,58.91424382958791,9.93509073,43.04147629896377,mothbeans
0.0,49,38,25.280223678620217,57.8367399057121,8.876070604096917,92.83279238272156,mango
39.0,29,42,28.48210397979924,71.79958225039387,6.556089589691399,116.37931329742744,jute
36.0,43,21,28.36319404,84.8593608,7.140437859,52.93031105,mungbean
34.0,66,20,24.19879437963337,24.20516977343017,4.858184940258319,40.68771548466273,kidneybeans
50.0,43,46,30.938554030586765,78.73855085156139,5.383102063934581,116.783272133549,banana
26.0,92,191,17.857683124713375,99.98187601,5.43613276917125,78.05153552087239,apple
71.0,97,192,43.02848956895424,82.04970149022968,5.550587611001782,82.23024968370865,grapes
134.0,14,48,27.09344710532164,85.67299508042487,6.17357391212678,20.21126747,muskmelon
0.0,45,22,22.325485085979786,44.75979626131737,6.403167350861832,83.13754213783471,mothbeans
27.0,5,96,23.40544336517764,22.23088275902416,6.403167350861832,77.0951288789011,chickpea
79.0,87,50,21.98731583918092,87.01998072952671,6.717192649346144,124.41171486105029,banana
43.0,44,20,35.11225798533664,38.22387022889741,9.10960081975178,47.14597598870242,pigeonpeas
99.0,77,40,16.395059675783713,62.53358590566375,7.541103695127301,20.21126747,coffee
83.0,51,57,27.653991054974835,65.41902339556387,4.156148988223637,195.60476929138864,jute
25.0,132,198,22.31944084,90.85174383,5.732757516,100.1173443,apple
86.0,59,35,25.78720567,82.11124033,6.946636369,243.5120414,rice
0.0,145,187,23.1804146634142,91.6921458193101,6.942884684442751,62.61606476252844,apple
30.0,36,40,29.72131075713725,88.61182554403968,5.840725700689286,48.19966398829407,mungbean
18.0,45,22,30.16482452470081,54.053255996155016,4.933477086108773,69.67496394866771,lentil
91.0,72,5,22.02523866459588,66.9903784676065,6.403167350861832,92.00140528742445,blackgram
29.0,17,50,35.825911844286615,62.14773588246288,6.571595630049572,91.62629768283576,mango
34.0,145,205,8.825674745,79.16652854121467,4.319857915839477,64.11513807207992,grapes
54.0,49,5,8.825674745,86.60191565706596,7.099552670867189,125.31979886846536,orange
140.0,66,12,25.18569596854963,64.82813322257009,5.541896899417718,52.69584401605442,lentil
21.0,139,201,19.3642553,83.36094029,5.980598579,67.15094741,grapes
22.0,76,44,14.40471376533026,67.42901573643537,5.694135518774516,47.18933613182956,lentil
63.0,80,5,24.808745622687976,78.22430473199553,3.504752314,27.88544155769217,lentil
72.0,85,44,43.67549305,87.80722694689123,6.207926445562969,103.0439662344056,papaya
30.0,20,38,22.59890174,93.16343942,7.058222596,90.17794873253304,pomegranate
11.0,59,71,21.61766186028257,17.65968723986096,9.93509073,102.53484326873064,chickpea
92.0,44,16,18.87751445,65.76816093,6.082973754,90.17794873253304,maize
18.0,23,44,23.71028128,89.61794165,6.184400085,105.64999070000002,pomegranate
0.0,132,205,19.193628998448293,99.98187601,5.969948925204712,149.48024538269405,apple
37.0,72,61,28.4936590006298,83.66085991529314,6.403167350861832,195.71885635976892,rice
75.0,53,18,20.68899915,59.4375337,6.864793607,103.651438,maize
9.0,90,40,26.09937116979881,19.77257172841476,6.749960242779806,201.7212289112285,pigeonpeas
25.0,19,34,29.1141242501987,66.66641720295338,4.817916213607967,107.28071344259868,mothbeans
140.0,9,17,23.90470310885009,77.32347002823309,9.22934716422198,46.16784657616821,cotton
0.0,5,40,22.79599422599893,76.7664448787061,7.073473447564598,96.22792827480824,pomegranate
61.0,21,47,43.67549305,99.98187601,6.877506256813778,20.21126747,papaya
4.0,18,37,22.91843172,85.40695044,7.13147457,106.2817706,pomegranate
126.0,5,39,21.702864323288683,44.41889788147309,6.384258588095824,298.5601175,coffee
12.0,85,32,42.65488814020846,51.546620870331054,3.504752314,79.5453326407879,mango
13.0,83,85,21.82613613196417,14.25803981,3.504752314,140.8517662235131,chickpea
0.0,114,194,26.150766641953464,96.0567350400706,5.316525728101249,103.9807433068954,apple
0.0,145,202,8.825674745,83.91504157533367,6.059560417307672,63.4979226005095,grapes
62.0,59,54,37.32673922700998,65.3889848532131,6.153570408308402,84.25004161843114,banana
0.0,54,18,11.42773333528743,14.984344882725452,5.553701531347816,134.37383750664,kidneybeans
120.0,57,5,33.41047922488758,94.07673273958012,6.693276834422154,67.33890524142969,mungbean
75.0,7,48,28.71603328854508,82.56800262089703,7.014614808892382,66.42326098669088,watermelon
6.0,39,5,8.825674745,95.50668548374182,5.532037148357245,100.9223041009864,orange
39.0,50,50,10.146608127950085,91.37752394609193,6.060026537375466,20.21126747,papaya
91.0,20,13,25.49158911727429,35.32252760724441,7.532055005641785,90.17794873253304,coffee
99.0,5,45,33.25657032260959,65.50744655452438,4.699442571345393,198.08971494771808,jute
48.0,33,36,24.34650609246646,81.42033786051985,7.679160606098451,157.75414466292625,coffee
129.0,30,49,35.67825499508096,89.76404431962534,6.696738005120129,21.14419771668477,muskmelon
36.0,136,202,21.30783205479178,86.12476359459654,5.59912678593646,133.90486969899828,apple
12.0,19,31,27.25373364,52.66319725,5.566704378,91.87312479,mango
0.0,47,42,25.49158911727429,96.19788672516786,6.677413942775886,298.5601175,papaya
40.0,58,75,18.59190771,14.77959596,7.168096055,89.60982451,chickpea
25.0,21,11,25.49158911727429,90.15406807,6.460044777999999,104.7052254,orange
34.0,54,26,21.447373946030385,64.82146545448605,9.15817250783596,70.21492060631124,blackgram
32.0,59,33,13.82447124275708,29.554491404845137,5.97785309979137,72.64550479396583,kidneybeans
123.0,84,43,29.481583595009475,67.33380951121134,5.581143027909693,46.45861904940158,banana
116.0,71,25,15.438855707552818,71.58526108221182,6.711607678157179,298.5601175,jute
0.0,5,13,29.32862105174888,90.97692669041676,5.857555824860862,114.06129502325842,orange
140.0,12,23,19.45035554457281,84.56176144472748,7.228715592496736,60.69752854938422,cotton
4.0,5,38,21.518573435914107,91.3140999920925,3.903153279053033,102.57786943279748,pomegranate
0.0,33,5,8.825674745,76.62476234913771,4.866908828955075,82.1817091645914,orange
70.0,5,34,37.56365746283009,49.02859572979292,6.319822284314127,115.95201569365103,mango
70.0,25,22,25.82299138888992,72.50350112032282,7.681732362509992,99.5004440618327,coffee
0.0,32,12,20.7396111824138,14.25803981,4.397680789645701,20.21126747,pigeonpeas
38.0,45,5,25.49158911727429,34.27675741350113,9.77384293989148,92.95317810651296,mothbeans
93.0,5,21,30.992712671609617,64.40265234452413,7.841171680583758,188.3536977792513,coffee
12.0,60,17,15.271815951148112,72.99613838753612,9.488616299668116,57.96160365998773,lentil
0.0,5,5,8.825674745,95.92137470291262,3.8442828616820863,136.30764605749116,orange
33.0,31,5,28.909307105242195,93.00771355236726,7.915699787638225,91.7351381217402,orange
108.0,24,31,24.12832546,56.18107663,6.431899747999999,147.27578180000003,coffee
38.0,101,171,43.67549305,84.78054223714007,5.553740508535631,77.39377938421465,grapes
81.0,5,30,28.59315821761292,75.71314636474645,8.27103988450395,27.09736107403763,mungbean
17.0,84,79,15.091509316425986,14.25803981,3.5367311223394178,121.41622160005292,chickpea
31.0,5,16,43.67549305,99.98187601,5.495903666219974,123.2220617323486,orange
32.0,12,30,25.39241091,98.08951196,5.579845008,218.080385,coconut
27.0,5,11,43.67549305,90.84042030108102,9.163062333226964,131.13149830162098,orange
1.0,50,55,39.6585805032064,99.142038471549,7.370514526410843,112.08559692958264,papaya
122.0,65,34,28.318176951209843,87.94221315131118,6.45359201356905,298.5601175,rice
110.0,41,37,31.27825279417993,98.35564352671716,6.4222303979437285,152.4471846691714,jute
31.0,51,25,27.53592929,85.57019009999998,7.196774236,53.01899249,mungbean
2.0,56,27,28.96578946313546,65.68138129299899,6.311510879996326,86.31430822392478,mango
105.0,93,46,25.01018457,78.76260938,5.760457558,108.3690513,banana
128.0,77,26,18.179725574943383,40.878404710383776,5.895579913761395,101.33502880206667,maize
40.0,19,22,24.227477018505542,38.234935242810096,5.37480072388435,53.15121022494719,mothbeans
37.0,49,37,10.99855374601167,67.30327927194288,6.696927708065055,97.54646922624332,pomegranate
35.0,25,35,25.352652278329,68.8250096337322,5.788381436920571,102.86474233477897,coffee
79.0,45,20,23.80546189,59.24537979,5.715208817000001,89.96220140000001,maize
22.0,72,85,18.86805647,15.65809214,6.391173589,88.51048983,chickpea
92.0,14,20,27.556464857766024,99.98187601,6.225332732504997,20.21126747,coconut
0.0,64,28,22.50586491289145,53.89764450704213,5.3015217458427735,99.43468725394158,mango
49.0,36,19,39.49708889207862,16.30952245387754,6.010419775559049,241.5247541418392,kidneybeans
107.0,76,19,19.69905931504588,69.63608894673098,4.310558078633737,129.93858387020515,cotton
122.0,83,17,31.42549785118232,81.34461699603324,4.247432402193186,124.60389472590651,banana
19.0,15,34,26.29644905,99.65809151,5.6858890660000005,215.9195049,coconut
19.0,145,195,21.390380083037897,95.73352814757028,7.3052168063051806,136.62691658600744,apple
26.0,135,203,33.78372897,81.16314317,5.6851027689999984,74.53557341,grapes
10.0,68,18,22.94144798669916,41.05848617727349,8.13407583394964,247.40407085719784,pigeonpeas
0.0,101,14,27.14229986656644,77.42460338005937,6.358340301520676,49.96055041250928,blackgram
64.0,65,56,23.710150066590124,72.44732707355624,4.6842829402946125,131.53723172766155,jute
116.0,5,39,25.482790515122108,77.67909106565858,6.2389952380491565,63.18993498504308,watermelon
56.0,5,58,28.40212427780809,93.8685098177726,6.756577022883241,28.817132591463647,muskmelon
21.0,5,33,20.693865539380933,99.98187601,5.804522936806831,97.24384915584896,pomegranate
41.0,34,30,19.19787601855556,62.02330707356647,9.93509073,124.90718129384392,mothbeans
130.0,79,25,22.91716546386902,79.88276919639911,7.19969057795638,253.98189420328083,coffee
2.0,73,21,11.350497585351505,21.446836263819307,5.39672463028584,54.92505601671941,kidneybeans
84.0,34,48,10.068495706912412,94.22566777023934,7.406699104791743,20.21126747,papaya
16.0,63,17,25.36177943740761,58.46648960575987,7.637778873717949,40.62223215054042,lentil
108.0,67,24,39.88582130853096,60.64287731643835,7.8543638973860626,68.11235453809276,blackgram
27.0,5,36,20.302726880523306,98.4013417095302,6.99938341183311,118.60150529474092,coconut
29.0,89,39,26.413778987746444,78.36809041054654,6.701362698444889,56.6242312755025,banana
116.0,25,31,23.72184558510406,71.82507981951402,7.858263820525277,298.5601175,coffee
0.0,5,21,25.472709951946737,39.63254140193786,9.08160119242291,71.14413823216705,coffee
0.0,31,23,43.67549305,48.552919741461295,3.504752314,91.52792578992457,mango
0.0,52,31,17.780143780249404,97.010347153812,6.080288585586586,197.94725298543463,coconut
3.0,105,30,11.49882398697719,66.88060301125061,8.989287721984947,50.00508012911089,lentil
116.0,5,51,25.49158911727429,99.98187601,6.307980748813236,20.21126747,muskmelon
111.0,11,9,16.10484716745337,48.382312760296806,6.203047782656593,124.79028324199952,maize
105.0,82,31,22.41772982781277,93.58579817170096,5.728905393479115,97.23308320732366,cotton
83.0,37,41,30.696958426308377,75.03576848538616,8.388335098846598,81.14640506279416,cotton
17.0,74,17,26.03026959,69.55863145,7.393210848,37.11395801,lentil
37.0,56,25,22.05592283,19.60379304,5.774755143999999,126.7265372,kidneybeans
10.0,88,48,32.76231751254667,90.92236471201356,6.323787661842173,39.61926097794924,papaya
37.0,101,205,22.24373310998532,90.20980529152588,6.070162655775649,114.13030269574844,apple
0.0,54,30,36.19192273361587,99.98187601,5.68835109611055,251.73372521823177,coconut
123.0,74,43,30.8423893817588,85.31583120498925,4.950689306554662,70.5111505057445,banana
74.0,83,25,24.607787908977738,99.98187601,6.129836042680995,198.65811149770303,jute
21.0,49,13,10.781649864778409,51.16302693376888,6.3795791966636965,107.9191490164354,maize
98.0,38,26,24.83020886930853,99.98187601,7.994961763363756,254.38491396994465,coffee
0.0,103,196,20.85838126123735,89.8708388774084,5.817713145221682,131.91502404943523,apple
1.0,48,24,29.34594634,85.60472562,6.232836962,59.03629954,mungbean
98.0,27,45,24.263480912472914,82.47214145338509,7.019155011331252,121.17075051726604,banana
29.0,64,44,26.472350411850968,84.18029742352233,6.901581730806447,92.6404415121676,papaya
0.0,71,35,16.223172937584895,73.21496499755882,4.2792404632224565,20.21126747,pigeonpeas
91.0,32,12,43.67549305,65.79300931077516,7.559659414789335,189.95114502659555,pigeonpeas
39.0,71,17,14.344467554756022,22.72385102505156,5.358014085811419,61.75221717822999,kidneybeans
65.0,40,29,17.70884755030635,40.5870333585417,5.5656749526140725,149.84813649892828,maize
34.0,60,25,29.78416743,85.16906976,6.79385576,40.77872823,mungbean
8.0,53,52,29.08312900930729,82.33522658237672,6.390339802892461,138.1312463571107,papaya
29.0,111,190,22.564384041554227,92.68568509293188,5.0903433104044025,160.03928548661054,apple
65.0,60,43,21.97199397,81.89918197,5.658169482000001,227.3637009,rice
0.0,83,24,27.47482472240119,60.42422047933101,8.279705168490493,98.7545552954011,mothbeans
87.0,61,7,27.77939755042644,65.79945120372666,7.241436682229983,69.53744212139121,blackgram
140.0,5,68,25.49158911727429,89.69678914968998,7.20276228428383,35.73968742565509,muskmelon
70.0,68,45,33.83508569,92.85470152,6.991626158,203.4044028,papaya
99.0,24,39,23.904241850850163,93.75303408992748,8.025157860309177,102.59721216429624,pomegranate
81.0,5,5,18.833455908176035,50.20654257628854,4.974791113929409,20.21126747,maize
99.0,6,46,28.61475136,94.22253035,6.403167350861832,28.98574189,muskmelon
80.0,94,6,29.16691880400744,27.173530770462648,6.034843641489555,20.21126747,kidneybeans
108.0,39,58,23.139146724180712,70.46069809301481,6.415558622427388,54.77102143721803,watermelon
105.0,5,47,28.8578461520405,50.50664992470487,9.93509073,93.98609184415318,mango
11.0,74,17,21.36383757,69.92375891,6.633864582,46.6352865,lentil
117.0,75,19,25.99354492760921,74.00860073090483,6.042006462876457,90.72265316421408,cotton
27.0,8,32,27.00648436,96.46168931,5.627860548999998,144.3331315,coconut
140.0,45,55,27.528546500613263,95.3922716953561,6.621782010914029,30.861541488559507,muskmelon
9.0,16,36,23.77989026,92.93386903,5.893332377999999,106.977723,pomegranate
113.0,87,53,18.37049396272896,92.92912821976788,5.304450606777096,104.58755204178198,banana
0.0,5,24,43.67549305,92.43857406246411,8.4998901987658,129.46864350635505,orange
0.0,45,6,32.60273138436843,63.09302964739576,9.93509073,20.21126747,mothbeans
127.0,64,57,11.71519245065472,21.91956739978969,6.363821683930231,49.84131236673883,chickpea
56.0,57,12,22.1948727457307,73.71874215534974,7.737537233849919,156.3452783928691,maize
83.0,72,41,43.67549305,93.78559141039096,7.246327898655739,90.17794873253304,papaya
31.0,70,77,20.88818675,14.32313811,6.492546046,90.46228334,chickpea
90.0,27,56,31.315169683105943,92.87620668667356,7.596181003151565,20.21126747,muskmelon
37.0,144,197,11.18994268,80.8084305,6.415555956,66.34234944,grapes
0.0,88,28,28.31017776634164,57.15774666217,5.815553697350579,87.76655047032723,blackgram
117.0,84,20,22.10018193422592,86.69986959018333,4.608446348560706,163.5361862612645,cotton
65.0,54,43,29.26309524319203,87.96884382936403,6.858543141793203,121.15015564273254,banana
29.0,105,95,16.49693342766005,22.92398495882468,7.338271078074245,45.98267592239349,chickpea
82.0,40,40,23.83067496,84.81360127,6.271478837999999,298.5601175,rice
35.0,59,5,8.825674745,97.182212046464,5.533955335329975,106.89788216635525,orange
0.0,10,33,19.47448899168548,81.08481189450194,4.489029637534832,103.77956220376508,pomegranate
71.0,101,80,25.49158911727429,25.008127394724745,9.93509073,76.97345201976944,chickpea
68.0,104,78,21.49103753723365,14.25803981,6.757460114210574,87.57895873946302,chickpea
67.0,12,52,29.68546837510625,74.72932953866686,4.262329790818689,68.56989933780298,watermelon
8.0,120,201,21.18667419,91.13435689,6.321152192,122.233323,apple
109.0,63,49,39.26387034705024,89.18244107304307,6.665799927753754,298.5601175,papaya
136.0,5,40,21.4640164840213,82.65739199746059,5.472691004978215,60.6053575629119,watermelon
0.0,84,48,11.453597901677826,16.551429222363826,8.804085339118853,78.16095095149934,chickpea
3.0,9,35,26.91641934,99.84671638,6.318552972999999,225.6323656,coconut
53.0,34,51,23.598196250795827,89.93609304343138,3.852367241498104,20.21126747,watermelon
72.0,94,56,29.98145671890676,79.70068767111478,9.93509073,229.50767688491453,rice
32.0,88,205,8.825674745,81.98115176665311,6.478604637359618,52.059108522074624,grapes
103.0,51,20,22.80213132,84.14668447,7.0466074339999984,91.6389565,cotton
34.0,102,204,43.67549305,86.2399924229226,5.112036418383457,85.42657395731277,grapes
140.0,54,31,22.219924362810044,87.73895358298282,6.1797379380411055,53.45262763449328,cotton
78.0,19,5,32.54464250799348,31.50958140692532,7.1784524632382745,53.37665514881352,mothbeans
75.0,33,24,10.94760895040112,62.76673131465385,9.93509073,79.63867058690806,lentil
32.0,137,204,22.86006627,93.12859895,6.403167350861832,117.7296726,apple
20.0,41,20,29.27308605,89.4875022,7.073048264,50.9246554,mungbean
45.0,47,17,26.03613117115392,45.7623500551217,5.033813988831496,82.1543518812409,lentil
8.0,29,52,11.583183040303568,95.70204976056844,9.93509073,108.70349041279287,pomegranate
102.0,73,52,27.9122104,83.36307683,6.356090905,90.24211529,banana
4.0,59,19,26.25070298,67.62779652,7.621494566,40.8106299,lentil
6.0,100,23,36.591200915596296,59.20115067742073,3.504752314,42.48135412238976,mothbeans
5.0,112,15,43.67549305,63.6082954591773,8.622558113182482,25.50782483651715,lentil
80.0,90,52,22.25423508006768,99.98187601,5.609883602277757,157.91140432656965,banana
0.0,45,22,33.35321162076411,66.18484075661566,6.189926538118927,76.76422648858015,blackgram
140.0,32,37,21.237716158438083,96.1953411647421,4.120606277312398,59.83333054432583,banana
0.0,31,32,21.252669537567765,18.83101405376628,5.009297908515066,183.11231635963907,kidneybeans
58.0,58,58,30.09340086870324,91.7349269436192,6.184533129391518,25.69083138479392,muskmelon
115.0,16,42,31.32277166320824,82.79856528425329,9.139060189943708,298.5601175,rice
85.0,120,39,28.07787032011564,70.11736140108304,3.730561607171487,115.28953298270235,banana
0.0,26,18,37.028037924790894,65.6287390392446,8.307210178730596,41.64359346428934,lentil
0.0,32,24,38.09945399790775,40.34087641510973,3.611102785968813,101.42571497039206,mango
94.0,8,26,24.545961152659576,63.73845949124169,5.615767181422347,117.5538921944001,pomegranate
2.0,20,22,42.08558842789744,60.84138015713175,6.079200068071374,91.06814436031978,mango
46.0,83,25,8.825674745,14.25803981,5.727079509305187,47.53954673129604,kidneybeans
60.0,55,44,23.00445915,82.3207629,7.840207144,263.9642476,rice
8.0,36,23,19.221643556753257,14.25803981,5.852690273599514,159.88126651847648,kidneybeans
0.0,104,205,26.536354347379763,82.00191689658318,4.328093849198449,121.1780426257015,apple
77.0,5,41,29.7455337813494,79.37173223160146,5.76812018401996,227.2969332243652,coconut
54.0,67,52,35.67667332,93.30641944,6.403167350861832,141.3381168,papaya
57.0,30,68,39.89711991664001,89.60381888989819,6.645087163568655,20.21126747,papaya
84.0,22,44,43.67549305,83.33876486105584,6.489136230981062,298.5601175,papaya
0.0,53,35,21.21586387476287,21.784876939168985,4.847349178646047,126.70067169364208,kidneybeans
17.0,43,22,30.06142622,45.90067655,5.498340807999999,41.0550915,mothbeans
33.0,70,31,8.825674745,35.98753817744165,4.179321998418667,256.3885871580196,pigeonpeas
14.0,61,23,43.67549305,41.98744167399551,6.823062271114816,20.21126747,pigeonpeas
50.0,65,7,13.794086870306586,69.9033439003131,6.716781324744238,57.35662156367301,lentil
48.0,67,5,31.432394749468223,99.98187601,7.0104262074111,69.53513306549235,mungbean
140.0,28,36,31.794794064245902,78.2961583315332,7.344744949936111,35.95671898870778,watermelon
13.0,63,23,14.048162427837704,70.84827053282868,4.735336336401707,84.397416485648,blackgram
35.0,5,35,17.166285993355867,83.37924790702131,8.755349039684544,111.98665067874836,pomegranate
23.0,59,19,8.825674745,66.8145826316857,7.226819384891706,55.323796346567335,lentil
25.0,65,21,33.86351172,68.59232289,6.880245789,69.24464096,blackgram
0.0,65,90,21.43467012941064,14.25803981,7.905775549394292,76.67634012703328,chickpea
0.0,145,205,18.827118417138003,94.56787260281554,6.478087681720837,79.32123322846842,apple
5.0,55,25,11.42572398803649,32.404111305038626,5.690645308822203,121.87838779067908,kidneybeans
0.0,74,30,25.44705738039322,68.00500511548782,5.609941928622607,67.0536385348891,lentil
25.0,84,5,22.83045463039821,53.616748266933485,6.433981186619686,53.6653273415734,mothbeans
0.0,5,41,31.894166933276544,55.53583584765289,9.93509073,76.70407018406145,mango
35.0,145,205,22.492742339230663,84.370141492721,5.960685531477767,106.4981687617402,apple
32.0,129,205,20.49547825508441,85.42182763440671,6.261868513874106,98.2796750208008,apple
0.0,91,25,25.49158911727429,14.25803981,9.93509073,20.21126747,pigeonpeas
86.0,56,5,31.75318538188392,95.56820618597536,7.383019372656433,36.302503899219474,mungbean
106.0,68,72,28.738856552320016,99.98187601,5.550996291447185,20.21126747,muskmelon
73.0,106,33,16.992761021238195,75.30569835212137,8.025259256245441,111.59078253562711,maize
9.0,23,20,29.0130130676592,28.55429730266972,8.282262659485383,111.50669508012172,mango
69.0,19,63,28.55058562051436,92.9436582922828,6.555421834031778,82.11312023392915,watermelon
40.0,140,195,14.97846952,80.49979873,6.2943956760000015,71.63437433,grapes
116.0,28,34,23.44372334,60.39523266,6.42321105,90.17794873253304,coffee
3.0,29,8,26.11581423632576,92.50947434956092,8.666449307557647,20.21126747,mungbean
10.0,38,21,28.60153216967695,78.22607543169286,6.403167350861832,20.21126747,mungbean
28.0,33,35,27.145349320977807,30.387552747824977,3.638578298476863,73.49775213956542,mothbeans
41.0,5,36,27.17789886544228,87.69743055900179,3.504752314,104.26278766521872,pomegranate
140.0,23,9,25.500877214792304,76.49115437143136,9.93509073,121.09847990341692,cotton
63.0,38,54,11.721218541878292,84.43975519635107,5.500780250336192,126.2178506673182,pomegranate
116.0,5,60,29.69582835971659,94.773502382892,6.936462385764652,20.21126747,muskmelon
0.0,97,197,43.67549305,82.49762101595365,6.857917746683815,67.49553838800367,grapes
0.0,5,36,29.32006534800905,95.95378825991072,7.987071926588012,112.56346132331376,pomegranate
97.0,5,7,21.47110768966941,55.391822966878046,7.016853268490439,298.5601175,coffee
82.0,56,48,22.349599364233143,19.6474435165954,9.93509073,45.5217935225096,chickpea
56.0,52,39,24.136496793421284,82.22130248990683,4.305493804687301,193.2431596394889,rice
78.0,125,181,43.066305399260266,83.98090481246672,5.946345055048463,82.093404073319,grapes
10.0,5,42,23.794174190868965,75.0078067069566,5.697943124809282,111.49146508089792,coconut
37.0,36,23,42.96424479312335,65.99505664747332,9.93509073,150.84553109521465,mothbeans
21.0,31,35,12.65311191172326,97.9458516585161,7.495331217172401,116.84057568155096,pomegranate
0.0,145,205,19.54179469864799,81.31245579242184,5.69258163915205,111.91328732496856,apple
26.0,58,33,30.056236865585326,41.33883277115106,3.504752314,93.02909859614338,mango
0.0,49,16,15.255412789191867,63.09991675401686,5.995507299996209,20.21126747,lentil
0.0,25,14,19.33516809,91.97978938,6.361671475,116.450422,orange
140.0,55,42,15.703977245116617,80.47882073439573,3.919141524568329,274.48203978556046,rice
38.0,94,14,27.56248760847449,84.88156620566565,4.692135294013806,63.44867317046512,mungbean
0.0,63,18,28.05184644816196,55.89205194671173,9.93509073,35.948263231820654,mothbeans
71.0,6,56,21.5658586516362,71.5052464513819,8.856454468628547,114.7356172374068,pomegranate
92.0,81,52,28.0106804,76.52808057,6.403167350861832,103.7040783,banana
20.0,76,23,27.064157406294665,14.25803981,3.504752314,86.52571337274571,mothbeans
0.0,30,47,8.825674745,75.57657721837924,8.949645515244207,111.47373904539424,pomegranate
62.0,53,37,23.48739039774419,73.85109860604685,7.680985983403133,298.5601175,rice
99.0,45,31,26.043994154047816,79.16996913762156,8.14617846806757,89.28368758787039,jute
45.0,95,190,24.51882230226941,99.98187601,4.924420193802131,89.6775757764899,apple
98.0,73,26,43.67549305,14.25803981,5.71996915865889,136.76799181642113,pigeonpeas
23.0,89,76,20.86850713083525,14.25803981,6.195156912977374,80.00856699639272,chickpea
38.0,61,52,31.22790131,94.94021378,6.620729882000001,46.44279118,papaya
43.0,79,79,19.40751744,18.98030507,7.8067476560000015,80.25064637,chickpea
0.0,126,6,30.02867905025258,75.29870746764963,6.612318575093403,29.889186659261725,lentil
97.0,42,44,30.58926865071908,91.25247564957156,6.5233432758858525,37.36131644231702,muskmelon
24.0,66,20,26.487692848490425,61.74538349754109,3.6271586022415017,20.21126747,mothbeans
57.0,33,50,27.0394627089729,95.34897679760836,7.881712958533356,20.21126747,muskmelon
76.0,51,18,26.16985907,71.96246617,6.247040422,79.84925393,maize
4.0,80,16,29.19585548,68.01965728,6.403167350861832,44.93261911,lentil
121.0,37,60,23.813443149830626,99.98187601,6.283476365179808,27.12336316343407,watermelon
85.0,75,41,13.574421541909942,75.14215995484443,8.564793459138375,214.77581039233127,pigeonpeas
89.0,69,44,34.54121825966172,87.70622412678065,5.747390934816947,216.0497994237896,rice
33.0,84,15,16.044840939225455,36.29171764562225,5.708712598592996,45.693933291076185,maize
54.0,16,31,30.407063416761147,32.88620467618341,8.276343404327628,281.333399389696,coffee
98.0,22,40,25.00963175766924,89.39555590735405,5.786202716686585,20.21126747,muskmelon
29.0,107,198,34.38097731978391,86.56175136210615,6.593633276931096,64.12467696258312,grapes
0.0,50,33,31.10553699430517,99.98187601,6.940280158857641,144.64572676309183,coconut
0.0,8,28,32.73007028360639,43.07490578340526,9.93509073,98.18965427851128,mango
140.0,59,25,23.959277237142484,83.37155792950591,8.779792156575303,86.98170289547409,cotton
105.0,8,47,20.76130895431281,85.62892491074659,5.977376540560247,53.298016775938905,banana
110.0,26,46,29.9317683250416,32.93859250575885,9.142315145667236,270.72522213002253,coffee
8.0,5,45,25.84386299587866,93.75518069920793,6.369377442497278,20.21126747,muskmelon
38.0,25,18,39.43333381910838,55.172052890000245,3.504752314,95.64287276763864,mango
123.0,28,31,21.64940384219577,79.85350683038642,7.176424749578067,84.92935472243549,cotton
54.0,63,36,25.87617751256768,99.98187601,6.366172343419678,36.45826174815278,mungbean
50.0,89,27,24.205040423890512,63.02424626157587,6.244407349680063,156.22947086325055,jute
66.0,116,66,25.586343556187416,78.86107280053147,7.737989244634426,82.10648701639562,banana
13.0,6,10,14.186584558115346,81.92878753190071,8.28871213724049,76.55513419249232,orange
46.0,76,77,18.2356751,19.68538502,6.967843048,83.74879344,chickpea
0.0,45,59,22.17738089812321,99.98187601,5.274081282236594,298.5601175,coconut
3.0,5,42,19.703184213846463,93.9264760689874,5.77320751645447,105.50880198020496,pomegranate
78.0,50,56,31.485749485951544,83.22134353613916,5.101063091558717,113.4652150327531,banana
78.0,64,13,23.8061949944146,80.28814679323045,7.943389239372269,141.09548211411007,maize
0.0,91,27,29.90263901805784,77.72683949468063,8.236256481335472,44.88590315431652,mungbean
53.0,16,32,33.79584147616928,89.28850229924404,8.890028271345388,176.0979073127312,rice
50.0,65,34,31.410697383318865,99.98187601,4.936937251191304,242.5903612701613,jute
9.0,25,41,24.81530144,91.90842992,5.972714857000001,109.2853418,pomegranate
0.0,83,20,18.937099130806665,79.50027847147254,8.586940946018919,20.21126747,mothbeans
35.0,43,7,18.54024373637232,91.20845962415588,5.177323047104951,116.9444350256973,orange
9.0,133,205,43.67549305,78.54439787676486,6.207371689689334,80.60008348765238,grapes
56.0,48,27,29.49817406145588,66.96680556987606,3.504752314,20.21126747,mothbeans
41.0,70,21,8.825674745,15.694043239021235,6.132854909976888,125.2582090516033,kidneybeans
20.0,102,29,16.190056208286865,72.27429248447947,8.508189069158348,37.45025596660982,lentil
15.0,107,13,28.62265224751741,58.78709218389522,3.504752314,193.76193352266824,pigeonpeas
10.0,69,34,24.97098061214424,49.69959013335035,7.282363282907995,109.20021290675608,mango
94.0,33,65,13.18168261070844,23.375322697113177,8.007206978297141,131.16691827449876,chickpea
104.0,5,55,28.457839341873488,73.7898171698227,5.925834058359468,39.4936026697638,watermelon
28.0,44,5,39.38199401592916,54.008560072785926,5.594883083835354,60.0740652434039,blackgram
140.0,5,48,21.49796111349418,90.94657697484452,7.040015259014724,39.177555626574886,watermelon
140.0,5,52,21.632768020656457,68.74553790289383,6.6901376251273215,219.81596709585924,jute
17.0,102,176,23.319152270707693,93.18116684009073,6.403167350861832,124.38923412970249,apple
123.0,38,38,23.30988239860577,79.94380805209843,7.639195111673431,165.88003689879696,jute
59.0,19,46,16.503131287115885,73.85484361029079,9.434646616765606,25.43587467914517,coffee
38.0,25,33,27.214600607636413,99.98187601,5.265790254480498,103.4336902863258,pomegranate
23.0,5,27,24.975681719477187,99.98187601,6.465123559550387,207.3324563334374,coconut
24.0,5,18,37.480345522475176,68.0032818593549,8.9603101693457,100.1740905332798,mango
61.0,60,15,24.87502824,68.74248334,6.265564338,91.26056654,maize
13.0,40,14,26.13977239283353,94.93416832860702,8.731804773907115,36.16454232998383,mungbean
0.0,126,202,22.65402135946574,96.67915270097564,5.769082650467974,73.12546332664732,apple
0.0,119,205,20.1873915852362,80.41312821400287,3.843799128834553,142.87847032027616,apple
124.0,28,103,17.50589222967384,20.183425948459703,7.456726322735622,43.03795253118379,chickpea
20.0,145,189,28.12753463473227,82.39671875092196,4.056515230797343,62.31351570841563,grapes
31.0,62,52,33.7960155,93.00754254,6.99104104,182.026807,papaya
15.0,52,29,28.53949541061352,40.158235399465525,5.947178580142501,77.31615642876461,mango
14.0,66,41,40.93430883946913,91.39615431933338,6.974120177608464,298.5601175,papaya
66.0,54,21,25.19008683,60.200168700000006,5.919045532,72.12375573,maize
90.0,60,22,43.67549305,54.81302530859146,7.301307369937989,20.21126747,pigeonpeas
62.0,64,9,31.23256316168105,27.034442785442533,5.306691603958108,159.00485368196317,kidneybeans
15.0,16,19,15.37976195102373,77.19571725336252,5.643188985599971,90.17794873253304,pomegranate
53.0,20,58,17.748180893095835,79.79118329123143,5.54580085978463,168.26334817473258,rice
10.0,71,18,19.54284889,66.34777265,6.151029296,173.11069819999997,pigeonpeas
0.0,26,32,22.67058761347624,55.44905512988208,4.98270447456119,43.13768981393139,lentil
0.0,64,23,8.825674745,67.54728688367128,4.953693712727612,51.473207593399735,lentil
64.0,35,25,25.028627257480025,77.36234641845024,6.8951576829777865,91.14853992113188,cotton
58.0,71,15,27.82592799,67.58618829999999,6.919243702,74.01229707,blackgram
140.0,36,34,24.23423651547493,48.663481603280985,7.590436523438443,20.21126747,coffee
5.0,82,7,43.67549305,97.17568828955436,7.41866601570358,113.41759319266887,pigeonpeas
138.0,69,31,33.49292784294708,55.81017082137468,7.765336224059004,120.86337365054636,maize
19.0,113,32,29.70795566314376,81.10483024098374,9.150245641529484,167.3765269564416,rice
6.0,67,16,25.49158911727429,57.08575644521962,7.241327758592816,62.50796054481154,blackgram
140.0,32,54,28.617219083423084,98.03068606179636,4.809703055378336,20.21126747,muskmelon
22.0,62,16,34.6455408,54.32342534,4.828936119,180.9009998,pigeonpeas
42.0,35,32,21.81224164903864,88.3543068540796,7.41365185033437,45.99208928298796,mungbean
22.0,51,16,27.96583691,61.34900107,8.639586199,70.10472076,mothbeans
77.0,40,39,18.21390529914661,86.610730242281,7.87314455722046,134.40355474322848,rice
29.0,39,26,22.99033645522118,59.00756784542584,9.93509073,20.21126747,mothbeans
54.0,5,18,35.60618906730712,49.51777040379879,8.375463473972033,62.08042717878712,mango
0.0,134,203,43.67549305,90.11766508230068,4.3761272664635165,73.8610138062179,grapes
43.0,43,56,26.17387688527875,90.79003995896414,4.919492372631928,125.02606141363496,pomegranate
9.0,10,10,22.3551049,93.52211892,6.010391864,101.5164589,orange
21.0,27,22,11.561086549633952,56.458156335090464,9.93509073,20.21126747,mothbeans
108.0,5,49,31.42391737261243,99.98187601,6.34529080949591,20.21126747,muskmelon
107.0,112,39,35.3132203884725,76.98968346444293,5.697084273520946,142.27301466209684,banana
136.0,52,66,25.12798279742639,98.93321015909451,7.398180814150565,298.5601175,papaya
61.0,68,50,35.21462816,91.49725058,6.7932454170000005,243.0745066,papaya
0.0,6,20,27.9011422272366,87.80097306213908,5.324333966359689,103.5527011008471,pomegranate
74.0,29,45,24.195050579273754,88.84719208273742,6.481278077752398,209.56334433030804,jute
29.0,30,44,32.18968013478692,91.17815057896144,6.041982196111361,21.148599605268924,muskmelon
0.0,41,26,37.25502856277187,44.35501356491131,6.179981476427272,104.11292539886622,mango
43.0,98,35,25.76391527344563,83.45282135771811,6.195891028277424,126.51757979013009,banana
47.0,92,5,16.037612478327837,68.11393081131445,7.7339934916474355,81.51416068965271,lentil
79.0,77,72,8.825674745,99.98187601,5.376670808507,20.21126747,papaya
70.0,115,6,23.659934174921403,76.85060127506219,7.37153019467809,20.246661325885817,lentil
75.0,65,9,24.64150920879619,65.8351996633683,9.93509073,54.16055713857095,mothbeans
82.0,43,38,23.28617173,81.43321641,5.105588355,242.3170629,rice
60.0,118,205,23.17564276368685,86.37935022954144,6.560068681385458,136.16722326623838,apple
140.0,92,73,21.77502676299955,74.43436846080844,5.965632641930719,94.73089250700406,banana
0.0,37,43,31.576973383680496,94.28185798547024,7.012932900660909,298.5601175,papaya
0.0,53,64,31.05357819914706,94.27073544092237,6.774677333330063,24.6856990453674,papaya
0.0,102,185,26.207304976160145,94.6328850051959,5.168512056538399,107.6574902121704,apple
0.0,30,24,30.75096825067645,58.72753440977341,3.504752314,92.54740924483784,mango
89.0,83,47,28.09577643,77.79586769,5.63127166,109.5408614,banana
75.0,56,18,19.39851734,62.35750641,5.696205468,60.95197486,maize
3.0,134,199,20.28370163,81.32235739,5.81717753,71.06611222,grapes
7.0,66,29,18.75321185573888,75.53577363319822,9.633331238849342,29.87783203233779,lentil
1.0,63,28,25.76183532680225,84.97334478704765,7.780255674554042,20.21126747,mungbean
115.0,81,61,32.612215060683994,80.64404109295023,5.547784399980551,133.92342080961987,banana
17.0,5,23,32.710962008710354,49.90031326553844,7.488221443168214,192.20038921137805,coffee
24.0,130,195,29.99677232,81.54156612,6.112305667,67.12534492,grapes
28.0,99,31,32.011939614992905,14.501296663164734,5.810980107831127,48.082786631409576,kidneybeans
90.0,19,15,25.510159458054744,72.46908525574543,6.403167350861832,76.18444478449109,cotton
84.0,49,49,8.825674745,90.2859099235042,8.701128538756638,20.21126747,rice
55.0,21,40,31.089096934462862,79.88276919639911,6.614115975218473,42.071493238613016,mungbean
38.0,38,18,26.31051759,61.18749126,6.294130312999999,35.73403813,mothbeans
117.0,37,54,26.866577618702145,85.99061577460517,5.869125317290799,24.557856957142924,muskmelon
6.0,103,15,13.405750268684002,28.776543630187604,5.523607675963427,138.8774563182265,kidneybeans
46.0,55,39,26.235891801258447,89.94077421409912,5.97636127211257,168.50230083297703,jute
0.0,51,5,9.07209853250124,36.4826641418077,5.637548778053433,123.69550103105064,kidneybeans
60.0,92,24,8.825674745,68.00502401013847,6.403167350861832,53.45107025034487,lentil
20.0,14,27,29.03017793568304,86.56988883344708,7.314891620819007,20.21126747,coconut
27.0,84,5,29.07015395685237,23.138653737183105,6.034859657786384,64.88215709606166,kidneybeans
12.0,40,30,36.30039944872146,43.85125943273257,6.124099121366928,107.65584544652468,mango
16.0,28,15,43.67549305,91.33977248230374,4.845971494970128,153.77127743386694,orange
68.0,71,14,36.230564829422846,72.85353041023468,6.24762257382976,61.43748004047844,maize
25.0,11,33,25.340822896684728,83.59134785966417,7.159861084277235,45.49473886255485,watermelon
38.0,28,46,28.26465055128962,96.35737999599984,7.582028719876958,103.70954089722528,pomegranate
0.0,50,30,27.95065384684932,98.50072519131328,7.11067397185596,45.553228140990825,mungbean
36.0,22,16,28.68400497650225,92.44322796810717,4.6466820362055765,109.44524107499277,pomegranate
101.0,5,51,27.708764660102112,94.70051314853607,5.73189275853875,48.02765912294824,watermelon
53.0,129,193,25.531527311437305,87.20594278628135,7.064359613361421,128.37785329382314,apple
50.0,53,43,16.180358757463743,18.888779346111715,9.93509073,44.104812248568265,chickpea
101.0,33,33,26.97251562,62.0183627,6.908671378999999,142.8610793,coffee
90.0,57,24,18.92851916,72.80086137,6.158860284,82.34162918,maize
140.0,12,51,30.934300009814663,95.18439506281796,6.478256646312063,25.95112386061824,muskmelon
30.0,67,14,32.11430623125121,21.699429288223257,4.595513480805231,59.257158244506414,maize
0.0,107,205,8.825674745,86.1023962167846,5.53211495753823,57.43178243841426,grapes
38.0,60,20,29.84823072,60.63872613,7.491217102,46.80452595,lentil
64.0,71,27,22.01280252826957,99.98187601,8.838531747271684,94.17128750467847,jute
42.0,63,23,43.67549305,81.30763198070463,9.93509073,217.51740834773483,pigeonpeas
27.0,65,29,23.036834660745832,45.59261658275259,9.93509073,125.33222457298552,mothbeans
0.0,44,15,26.01535252087337,80.92218955681867,4.719033731708015,20.21126747,lentil
59.0,55,79,20.36720401,16.89574311,8.766128654,82.2545577,chickpea
62.0,59,41,24.2248758,74.89465426,7.175170657000001,192.4931257,jute
11.0,42,48,10.24805317374658,51.87844324896473,3.504752314,86.15927305914997,mango
107.0,52,26,43.67549305,97.43309328035886,3.504752314,97.77189483842656,pigeonpeas
20.0,45,22,29.5888162,89.9939693,6.904587016,54.96121262,mungbean
140.0,18,43,34.32173749180348,81.00668574958763,5.4525447962899305,298.5601175,rice
21.0,145,193,28.926915784130745,86.34905221788539,6.29197877741472,58.01477409678685,grapes
52.0,85,52,21.401298209613103,55.23521387697775,6.403167350861832,148.84505054904818,jute
6.0,8,11,24.35590861,92.39651663,6.600948787999999,119.6946577,orange
77.0,57,21,24.9321581,73.80435276,6.550563822999999,79.74078719,maize
21.0,5,28,32.04338875169433,20.25364972189698,5.758240190963225,183.10347796201543,kidneybeans
44.0,112,45,30.216949974437743,84.02499889896282,5.725384370749517,101.03697614066397,banana
0.0,100,189,43.67549305,81.8872047662111,5.21879879882992,71.85043958200751,grapes
61.0,77,28,23.16871432136035,48.230933898344944,6.994519509945624,94.82584727326652,blackgram
48.0,44,18,8.825674745,99.98187601,5.971579469726513,120.03201759751566,pomegranate
27.0,73,25,21.42328116460088,62.60438746487887,6.73077641493977,77.30568305339568,blackgram
88.0,35,35,27.55906475,58.45742907,6.784460602,117.9389993,coffee
0.0,5,16,39.83051564676752,47.039333818908986,9.93509073,104.31709399954887,mothbeans
140.0,40,31,19.85306154954964,69.1687693013366,8.06656412552083,160.95064336465964,cotton
45.0,43,28,25.6683887474227,59.89349834023804,3.504752314,20.21126747,mothbeans
60.0,46,22,24.89364635,65.61418761,6.625404347999999,87.9298085,maize
55.0,22,28,30.884904997552766,41.09640973588282,4.946450077281927,218.09469164017,coffee
85.0,108,197,25.554248939063307,82.5057850245224,6.150040740885966,67.9368150570663,grapes
53.0,25,41,26.65527064447941,92.31479438943931,7.471380735716026,90.21633225916445,watermelon
68.0,5,23,19.69233114186772,50.85677636739744,7.185146806193944,68.29080147148296,mothbeans
0.0,125,202,23.60846459955604,84.78365765497026,4.022661113555884,102.1877356444048,apple
93.0,58,38,20.61521424,83.77345559,6.932400225,279.5451717,rice
45.0,5,25,23.59303364231942,90.07818172408554,7.423222919709996,47.04287126564377,watermelon
91.0,7,52,25.07803672,83.46230461,6.405054243,56.39962921,watermelon
46.0,124,25,29.30231015992927,14.25803981,3.504752314,53.64271848997852,pigeonpeas
0.0,125,27,27.01449517252133,48.19803150477412,7.959884930576617,298.5601175,pigeonpeas
130.0,27,43,25.49158911727429,82.45877146912073,5.47277721241782,26.916290728404217,watermelon
11.0,105,195,20.42646900417751,98.8215433161617,4.387087292582828,110.59859639273172,apple
31.0,40,22,29.40889385,86.16063492,6.365513634,53.35486977,mungbean
80.0,52,39,26.41915161,76.85691248,7.165696848,197.2101782,jute
49.0,76,18,27.05365239,67.7017527,7.393631868,60.4693835,blackgram
0.0,130,191,8.825674745,80.13123466644667,7.639389023539583,61.46097368259437,grapes
115.0,66,15,39.142815627804026,52.65651208698503,9.056820194607988,22.85191830230772,lentil
13.0,121,14,28.872822527194128,99.98187601,6.880003372676779,84.0251336736188,mungbean
54.0,108,64,17.801573472966513,16.637691890344453,9.93509073,45.900718133486855,chickpea
16.0,73,19,18.41645629,34.80541039,4.684079249,163.27474730000003,pigeonpeas
42.0,9,26,8.825674745,96.69626808245587,5.824731347092595,138.146704371163,orange
125.0,81,10,37.54300114118452,57.04733135765186,8.304050816682638,28.749961939091698,blackgram
140.0,10,32,22.75131619957844,76.88410127907572,5.909837153136569,20.21126747,cotton
23.0,7,34,26.1055118,91.52421214,5.852038202,134.1279669,coconut
4.0,49,20,25.49158911727429,46.01844504359203,9.93509073,25.58512252989001,mothbeans
31.0,137,205,19.74133434600683,90.1488950346883,6.551443943364889,102.83710977449032,apple
38.0,51,52,32.66160599,90.78931681,6.927803911,78.85085502,papaya
140.0,93,55,30.20626772571694,85.80097870623788,4.505901792219844,121.79247795983504,banana
65.0,88,42,34.92286150759226,64.7615825828668,5.149671643718535,51.36678698612264,banana
38.0,5,36,29.87972001937673,96.99120765181831,6.415568544457202,121.17254701292376,coconut
45.0,117,34,26.70922617122361,66.75791325834106,8.194173404078715,131.84423033947851,jute
0.0,52,9,43.67549305,56.198929137624674,6.049622077790565,151.52286794448386,pigeonpeas
140.0,48,12,25.49158911727429,51.238512715511824,4.674558009458823,140.03307971835605,coffee
0.0,145,205,15.2320469708019,93.27732712506884,5.868402065735016,129.44207037005927,apple
118.0,44,30,32.71412780132694,59.59230954905008,5.16078297804057,80.41961351400286,maize
26.0,64,22,25.95058595,40.58227261,5.16516459,109.1821183,pigeonpeas
7.0,74,17,22.47253208,62.56532471,5.667419697000001,96.74706956,pigeonpeas
26.0,54,17,28.5474135,88.9570454,6.27258822,90.17794873253304,mungbean
29.0,74,32,29.007402983745045,89.837735998371,5.647060468572263,70.85848871823592,mungbean
0.0,14,20,20.748892124893448,99.98187601,6.966476476921381,139.5432288658449,coconut
36.0,55,20,27.01470397,79.88276919639911,6.635968697999999,55.296354,mungbean
122.0,59,18,23.5000992,83.63488952,6.219469084,79.81328183,cotton
86.0,95,49,28.05484146,78.04602887,6.458714879,108.3957179,banana
51.0,79,43,31.72710331482245,36.412756217524944,9.93509073,91.84881554811837,mothbeans
101.0,37,18,22.92360984,82.68738535,7.63737841,92.91915074,cotton
43.0,14,29,32.25819120909649,55.29285028031292,4.086647374973439,104.99874522079703,mango
69.0,44,71,21.16312721215459,17.47062598227342,9.93509073,66.07841697771761,chickpea
38.0,17,20,17.884018413771,72.41242739473144,5.500107813387468,20.21126747,maize
46.0,18,53,37.967812462168,91.53308340131414,6.623059645444523,21.912766945999167,papaya
30.0,145,190,27.71161944546825,79.05748587798153,4.923372437189498,72.48982731057845,apple
0.0,145,178,43.67549305,86.28151244846481,6.238502889494149,61.99665054329666,grapes
102.0,45,38,24.78097370415439,84.97022207564001,6.403167350861832,40.10141696080662,coffee
121.0,56,37,34.0006774028004,72.79166412453887,6.029960927946309,154.65014061977018,banana
7.0,141,195,23.8812458,93.45067555,5.514253142,104.9116663,apple
101.0,17,55,24.37118217,87.1269128,6.451499763999999,44.63907691,watermelon
0.0,39,42,43.67549305,48.58022858578963,4.516462337542272,100.45372007748531,mango
13.0,144,197,22.9215706,94.89613443,6.403167350861832,105.6941544,apple
116.0,5,54,25.37601283,80.99313508,6.65398725,90.17794873253304,watermelon
90.0,14,28,29.251875387927875,48.43051522182997,8.098312217507363,102.03654953156374,mango
33.0,70,53,26.57812705084273,85.25830149928987,7.630989092454135,54.91175059536092,watermelon
20.0,139,202,23.50201428,92.21083961,5.66999105,107.9868949,apple
0.0,66,19,12.444744834675936,14.25803981,3.504752314,20.21126747,mothbeans
87.0,5,61,28.21622482539296,99.98187601,7.5427410872820255,60.47038900577568,watermelon
117.0,27,48,26.53259325,82.39053979,6.835268183999999,54.30660782,watermelon
36.0,5,17,17.65930620346421,82.52237402747167,5.462147336406626,20.21126747,coconut
64.0,57,16,35.632812940432416,66.49725867790436,9.33711483427408,69.5784682949573,blackgram
57.0,145,199,8.825674745,83.05219215909534,5.614832321731552,64.70829740489545,grapes
39.0,81,29,43.67549305,44.9649360977548,3.5369014689280127,197.264191418784,pigeonpeas
6.0,107,205,22.25356975173051,87.16662365232145,5.996310239908576,111.20814628060796,apple
14.0,35,7,8.825674745,99.0704033597316,8.343196072770922,116.76398551033031,orange
26.0,26,14,32.87955793738206,82.79650741815522,7.802973047726077,21.82683717839523,mungbean
1.0,122,183,43.67549305,80.75832356892603,6.51569959725951,90.17794873253304,grapes
3.0,97,201,24.317553920953245,99.98187601,5.969784741593917,74.25785943150537,apple
140.0,58,19,25.82014540652618,76.02562937358998,6.6833958978422325,298.5601175,rice
129.0,78,42,22.019785212700995,58.9732425168011,5.715681029768219,135.26465702654028,jute
33.0,53,22,43.67549305,99.98187601,9.435094880698152,189.8092155635173,pigeonpeas
120.0,145,54,22.556587681802714,85.6280750117049,6.841563017431673,110.82266194676777,banana
75.0,61,35,20.904492206527827,64.26019124784668,5.598917316178028,203.80116356317785,jute
54.0,145,171,35.829648593137655,81.81803051005129,7.456127596920371,77.27663671759393,grapes
45.0,145,201,43.67549305,87.14752702871733,5.258998531704003,62.03187299808013,grapes
99.0,67,40,29.47486434146849,82.3125247552708,5.498636677641635,65.40347766066384,jute
68.0,5,42,27.28623719027131,79.58591340767333,6.489656708062313,231.8272195566384,jute
0.0,95,44,43.67549305,92.9042479341996,6.969352846044188,298.5601175,papaya
99.0,36,20,20.57981887,65.34583901,6.671085817000001,78.34604471,maize
125.0,119,60,33.06827080836155,90.56370087010102,7.182575412347069,126.5192175282504,banana
8.0,32,23,26.358893424357245,41.483701926339336,3.683166270478444,95.76368834649222,mango
72.0,41,36,26.50838667,86.84264005,6.065898282999999,152.9801697,jute
16.0,82,82,15.378369374549845,16.183727065336374,4.071349722639528,46.29100285771139,chickpea
45.0,12,34,22.937410484249472,86.98611942946577,7.437683934741957,189.1594607571309,jute
0.0,144,205,21.285439138857143,85.40675646617643,7.067431298359499,115.01559526507796,apple
94.0,5,44,27.58027304508625,99.98187601,8.04407217896164,129.68089424939348,coconut
45.0,68,62,30.4299930171554,96.8877390164097,7.056986960207487,270.0115531054933,papaya
0.0,90,45,37.86683214987325,50.921063480176144,6.597637376171881,118.20070642233895,mango
0.0,145,195,22.978702600836733,89.90158823448654,4.468961150469411,94.8792912181774,apple
20.0,23,47,24.5504852931171,99.98187601,4.103334909966788,206.4508896345679,coconut
60.0,39,24,22.761781515952848,78.48347980672918,6.844887421170342,230.652523357918,coconut
23.0,75,17,24.87425505,64.00213929,7.198076286,48.28137482,lentil
25.0,145,202,8.825674745,89.29562058925175,6.195897553118803,61.10930497594019,grapes
63.0,91,59,34.68875349342171,79.61085142676316,6.292691279918615,58.92298829476206,banana
0.0,68,63,8.825674745,87.23927106099643,6.556350862904299,20.21126747,papaya
58.0,5,49,27.63534268550677,89.82138788068903,7.480305206055545,20.21126747,muskmelon
49.0,97,25,39.74562501568711,55.5560644086399,9.93509073,20.21126747,pigeonpeas
117.0,5,26,15.59885260964162,72.52171149964205,7.369140939821612,70.26993206240154,cotton
0.0,91,21,29.71787081242492,47.177071917889776,7.045042302865369,20.21126747,pigeonpeas
134.0,31,35,25.975146012732623,90.79679023007157,8.302682411904444,222.67760252700103,coffee
67.0,78,52,30.221529162650672,42.21895383456543,6.677701172005248,178.8039399994559,jute
115.0,11,46,24.41592661,89.39655519,6.623167177000001,40.32161859,watermelon
68.0,69,52,25.65492304,92.74501561,6.813383387000001,52.95477913,papaya
60.0,58,18,28.47867580182888,57.50052225056844,5.128031305897734,78.88590256006675,mango
109.0,64,5,31.122099024623672,83.90461506052948,6.542499892703051,37.889439818295074,cotton
63.0,50,7,43.67549305,14.25803981,6.850400116942684,90.17794873253304,pigeonpeas
22.0,11,29,28.03380598,95.01630593,5.955742971,218.0055713,coconut
4.0,67,25,23.78709569,24.35679348,5.948164454,119.6404412,kidneybeans
32.0,66,22,19.97561360259022,52.52664117673143,7.15876989871392,54.77631897985288,cotton
140.0,115,53,31.89761548335091,67.28162246833237,6.56456242577266,95.4009546702931,banana
51.0,108,196,8.825674745,85.21157415996316,7.475214236019795,53.61660903750487,grapes
77.0,52,17,24.86374934,65.7420046,5.714799723,75.82270467,maize
0.0,89,27,23.907903831102523,71.92833634689579,5.516802824776559,47.307148388875454,lentil
0.0,23,11,8.825674745,98.58313355446074,7.6464632570664115,126.50361493186298,orange
63.0,47,35,26.98582182,89.05587886,7.432768147000001,193.8778713,jute
11.0,24,61,43.67549305,97.881382681407,6.812779616749765,20.21126747,papaya
45.0,106,87,13.156165743222434,14.25803981,6.7200287965863845,59.22890350337204,chickpea
121.0,36,24,23.66457347,81.69105088,7.352401887,99.36898373,cotton
61.0,53,43,26.40323239,81.05635517,6.349606327,223.3671883,rice
37.0,62,22,24.02037872,61.62313345,7.397546271,49.78102578,lentil
0.0,101,25,25.49158911727429,14.25803981,3.504752314,192.924517875373,pigeonpeas
96.0,86,51,29.90888522,76.98740841,6.257369799,91.99964712,banana
81.0,71,30,29.086437888067145,61.35883795589164,5.179484970231101,145.79543144598577,coffee
49.0,88,37,32.094724117058576,87.10337718885751,6.614825595052717,180.32976176909983,banana
85.0,46,21,22.196220425585565,75.14129320077281,3.7081752260530014,202.3715369084305,jute
53.0,73,77,19.71359733,18.09665739,7.325451279,73.64476535,chickpea
34.0,78,5,39.8202858310771,22.53125498983071,6.366177664632639,20.21126747,kidneybeans
0.0,28,32,29.40397834736615,99.98187601,6.2554339822794764,298.5601175,coconut
24.0,14,5,35.67441103454066,95.58847172145816,7.177487967106512,107.54837509328448,orange
21.0,39,20,28.14448546,82.1193047,7.064782137999999,46.75690086,mungbean
140.0,70,42,32.1868013466219,77.86367971418032,4.8652329383536985,57.48064056442294,banana
37.0,18,30,27.63551259,99.34854917,6.38488418,157.91715369999997,coconut
8.0,120,196,24.06679352,82.66396666,6.053662544,69.81855775,grapes
0.0,54,37,17.798894917598112,40.18385023415681,6.100024822259725,87.02121481892561,mango
50.0,30,48,12.345941402494976,89.48322128940069,5.457958881281316,298.5601175,rice
130.0,104,81,23.613963468562115,79.11467441189914,5.667880086406117,50.7275617100206,banana
88.0,52,61,24.958943462502194,91.26022935051073,6.697914848519624,20.21126747,muskmelon
114.0,5,58,23.104551456931706,87.47530385306605,6.755615245983246,47.75427211056847,watermelon
74.0,45,13,43.67549305,59.779966147202245,8.559997870972609,29.70988901747112,lentil
0.0,105,21,21.66946893826212,29.363602746091345,4.754140413103548,20.21126747,kidneybeans
42.0,84,69,43.67549305,99.592924223394,5.672681731392908,20.21126747,papaya
37.0,105,43,35.43941867461862,60.31759927818236,5.213598512371939,48.42516840034017,banana
140.0,5,5,32.796902299891194,92.25981496350676,7.010247958986036,86.15552071811697,mungbean
43.0,71,38,24.59733758070915,53.79518989870528,7.004625065937334,35.96226578994451,coffee
15.0,119,181,26.94740551873062,99.98187601,7.129193496557901,138.66159568164323,apple
7.0,13,9,28.424971649349526,85.98401317315974,6.365762355756485,37.74720214664655,mungbean
93.0,79,28,32.66746982158049,34.9769677817538,4.418809422223132,62.9361527533201,mothbeans
62.0,5,35,26.3057087354046,71.30683073797945,7.622077581156128,146.71341044917253,coconut
73.0,40,33,27.22196508581453,77.30531324768481,7.46775517682296,208.52144473674875,jute
140.0,64,29,26.168807376294524,72.72471017526485,5.565463004470159,118.20886304742248,cotton
82.0,56,21,26.69938927306695,70.28425668408289,9.93509073,88.41303328248497,cotton
50.0,23,5,8.825674745,94.18942793344748,9.49681933255416,117.94866033059417,orange
1.0,5,49,22.59583136040317,99.98187601,5.71369799173316,20.21126747,coconut
0.0,36,33,23.214828141214305,99.98187601,6.674313675032795,298.5601175,coconut
59.0,34,51,21.94636360498359,82.50640451468792,4.421464814798444,20.21126747,watermelon
128.0,75,44,43.67549305,90.55205633321032,7.262820557619303,180.3374812251772,papaya
27.0,103,179,21.78199892989172,77.55374750979954,6.642930407935322,64.66877005497376,grapes
92.0,43,44,25.55414400355273,80.8371324687179,6.615573083910497,173.2738957956722,rice
21.0,5,31,26.670361427895195,76.65790060423816,5.7775891361852505,184.55382814241733,jute
0.0,145,192,23.80624256806604,84.91151099980652,5.370624449306206,86.55348781423399,apple
0.0,89,74,19.03297174519513,14.25803981,7.365568890834098,99.36607974302628,chickpea
140.0,35,22,24.04346668658307,83.68871837723867,6.418665108533576,20.21126747,cotton
134.0,51,41,35.31077947468486,46.5762106065077,4.353627115007772,223.82622620091445,coffee
107.0,34,32,26.77463708,66.4132686,6.78006386,177.7745075,coffee
107.0,119,205,8.825674745,77.7539907812873,5.714552378256568,86.44199102039515,grapes
109.0,115,40,27.1529749818952,86.24195812701663,7.646162912645133,129.12214761350396,banana
74.0,28,22,25.49158911727429,24.98602958624605,6.050533502763547,119.45941893846758,kidneybeans
0.0,91,27,43.67549305,60.32578798790117,7.887170477183132,42.587268899886645,lentil
33.0,121,203,22.45696744,94.76285385,5.6059340870000005,114.8407725,apple
140.0,93,5,25.49158911727429,73.38662704005348,3.504752314,133.5552758895615,cotton
58.0,37,40,23.68073791426836,24.09393753062595,7.419577544613599,94.50155677142617,coffee
91.0,48,31,34.06226255298011,51.640140305988695,8.596531700592623,98.62395839651376,blackgram
0.0,50,9,21.396287485555245,15.937726271992751,5.63583631801434,165.00587275312725,kidneybeans
0.0,33,33,43.67549305,88.16741372920117,6.9616978508171,129.91101604955946,orange
140.0,5,44,27.90118043226748,99.98187601,5.438578193897337,27.12094937577559,watermelon
0.0,81,22,25.085208351966426,51.83652649615135,6.758821836753994,39.00540147599694,lentil
83.0,77,62,29.72806506099479,77.9625573694016,6.0268408637317865,59.873664511885885,banana
98.0,68,37,24.74996441111196,62.02813341241068,6.500849460163939,271.6718160492196,jute
85.0,64,45,32.12540139868548,99.98187601,5.086580995672734,101.90145511262769,jute
107.0,92,58,33.85014569141356,91.94768758424428,6.0953741043049465,20.21126747,papaya
1.0,60,23,17.18429970072536,14.978706249808486,5.254832777654068,222.90975646723024,kidneybeans
83.0,87,52,25.556741489462333,80.70635095941809,3.504752314,298.5601175,rice
0.0,89,10,21.28168382359764,22.7908342239283,4.465630155487883,237.1359722772508,pigeonpeas
20.0,126,205,25.63217946939855,99.98187601,4.735803851305602,78.56192633078393,apple
10.0,18,48,28.632740341856632,87.94953454984021,7.209338150865345,120.84940680665864,pomegranate
0.0,80,22,24.751724777156227,48.649911380294014,7.598194409439704,70.60518717741377,blackgram
111.0,5,59,29.40556784278549,90.02527838173374,5.524298508209887,26.19672488714464,muskmelon
0.0,35,35,26.910862245305,87.54638291402894,6.943668045638863,33.81107894088434,mungbean
31.0,18,29,25.49158911727429,15.429057346738691,5.365744604066164,173.2640626999783,kidneybeans
118.0,47,57,28.236784469880824,32.307604711810704,6.403167350861832,181.02589093132264,coffee
94.0,73,26,19.0386837623474,69.71758501947575,9.680706159227896,227.2182751826816,jute
84.0,65,88,15.904204795595472,16.022401855578646,7.8650090916676225,78.71740776952001,chickpea
34.0,18,19,30.096182229282064,48.44778957624082,9.639363152194967,94.68908276171834,mango
0.0,53,7,33.087817428853974,44.04459572980586,4.639872768203473,51.77398655670821,pigeonpeas
97.0,79,26,18.089526549967,95.6505396888671,6.403167350861832,218.6717613600906,pigeonpeas
37.0,57,39,33.35978748228777,46.69702731094927,7.179418464385419,141.22641258227748,jute
10.0,96,35,26.57698923559806,30.491045173399584,7.134264937026917,249.7807490636349,jute
0.0,55,25,28.17489437,43.6672299,4.524171562,45.78172762,mothbeans
0.0,102,32,24.69709267612488,76.18091195434371,6.731563784412611,20.21126747,mothbeans
0.0,17,24,10.97603177991879,15.415400609220288,6.49124141724533,220.2618873358823,kidneybeans
126.0,5,54,28.41719594934552,97.4626325373106,5.045885617203201,34.854831227994595,muskmelon
0.0,5,38,22.759012561268428,84.14716105264094,4.479085584369443,102.70572499075304,pomegranate
0.0,42,23,12.80123242525595,97.9990034666026,6.390174371066804,115.95541397117329,orange
25.0,56,11,25.05669523123081,58.65452178209797,3.504752314,86.40897190653448,mothbeans
95.0,27,55,28.47212559,91.21322065,6.160414414,20.88620369,muskmelon
82.0,38,30,25.37326693785389,87.61466272426217,6.191361508407025,74.48843261213658,cotton
122.0,44,24,30.31368146405601,76.92675046213944,6.080685736116435,98.57194293030234,coffee
140.0,45,38,29.62211028915292,73.19344871759357,6.915349162711334,73.54560811597324,banana
39.0,37,30,18.08392020378061,61.90223483764699,8.327999259575718,146.62441306610884,maize
0.0,69,30,38.76065665496955,67.52758859978161,4.002004074833548,42.84157803402075,lentil
91.0,88,8,35.15793611952134,26.28402211402284,5.594600755974788,20.21126747,kidneybeans
9.0,73,23,41.87621678175388,88.13163334607147,5.625962832421758,44.01013823984955,lentil
80.0,21,31,27.16624921957446,73.30938366348285,6.403167350861832,110.27964274631742,cotton
20.0,47,54,36.449646508078295,92.0712661005665,7.783682584560745,298.5601175,rice
75.0,49,15,21.53574127,71.50905983,5.918263801,102.4852929,maize
51.0,68,87,19.426016046078285,14.25803981,9.272282934721616,46.07716990329932,chickpea
0.0,43,10,11.335097449834883,55.47149043739435,5.044192752038391,66.10339712719505,lentil
45.0,26,8,43.67549305,91.1530694949244,6.7902102075891975,103.7772414693004,orange
79.0,11,23,20.30859418457585,39.90921884097591,6.676353590675027,156.90789136876222,coffee
12.0,136,191,18.57117637288348,92.93988210900258,6.148849829415459,118.51234005565485,apple
0.0,82,82,8.825674745,15.216119296201114,7.137326577594036,78.676809155383,chickpea
72.0,109,52,33.162391672818025,98.44952447663682,6.688256845187747,20.21126747,papaya
36.0,5,22,29.18133279748231,45.08240799735995,5.2196855296049245,85.46124506438873,mango
0.0,107,17,27.003849247388025,78.30261769121336,8.7042413506096,42.69546453379545,lentil
72.0,9,19,24.41248764269937,44.02792990385978,3.504752314,88.6627732715191,mango
40.0,71,25,31.24309533024793,38.723298993819625,6.567008358889875,49.7993809384111,mothbeans
60.0,21,55,26.460824572870653,66.76958140791209,5.743043799559464,35.21634658403286,watermelon
94.0,5,55,25.49158911727429,91.89216849,6.085682343999999,26.88372572,muskmelon
0.0,41,40,11.15699855788865,61.32161046894758,6.883303341563654,39.73988094011226,lentil
117.0,57,25,20.239358955640093,81.85143522395794,7.049392324911939,66.68640025330781,cotton
77.0,38,36,21.8652524,80.1923008,5.953933276,224.55501690000003,rice
64.0,58,87,23.07889556856654,19.095448494315555,7.518919359403744,66.14700607819965,chickpea
0.0,23,37,27.47120316030693,99.16607247174169,5.801093092209127,208.6846406676209,coconut
88.0,55,45,24.63544858,80.41363018,7.730367824,253.7202781,rice
58.0,9,60,27.32444381812829,95.2856207601459,5.100130544264205,212.0937279542083,jute
51.0,41,45,26.74893396271136,96.76580359727812,7.788827360701751,56.79108093763206,watermelon
40.0,61,22,20.94981756,65.8108757,7.002216044,44.23913012,lentil
0.0,93,10,15.516963808360009,67.33501255590615,8.72308604107705,59.48819334539493,lentil
49.0,36,14,28.57210914334448,67.1244625772191,6.3706422634945366,102.28742061827434,maize
6.0,64,25,15.578214082295103,24.455104592723,5.623389815387553,85.98493167752828,kidneybeans
108.0,63,73,39.29738333936677,70.55564326341386,5.11246841527545,31.18924343422645,banana
31.0,35,23,30.30260453,47.18283631,7.707595055,68.04039813,mothbeans
75.0,69,27,25.61584386996178,51.24088117139023,8.809089328402235,46.729058707374094,blackgram
64.0,97,89,29.88032949763384,74.30717276908064,5.15330199506325,131.59710006328743,banana
102.0,25,50,28.20480805,92.91440379,6.099662369,20.36001144,muskmelon
76.0,57,18,18.9802729,74.52600826,6.092725883,94.26249353,maize
125.0,39,21,25.03149561,82.21276599,7.954629324,95.0191318,cotton
37.0,145,180,27.84337836778728,86.45720177763796,4.796912935192971,86.01754503005162,apple
110.0,26,15,43.67549305,72.60983471235207,7.113360075997117,62.40520588610128,blackgram
0.0,140,205,43.67549305,83.72137159609272,5.955431080059672,82.68768442777717,grapes
62.0,52,16,22.27526694,58.84015925,6.9670577620000005,63.87020584,maize
101.0,5,22,30.553673858923023,70.67582091776076,5.137516919951021,172.9596185443151,coffee
66.0,59,16,22.694605105681944,56.43582691923004,9.48952609705611,20.21126747,coffee
0.0,122,180,8.825674745,77.45445703716422,6.9008729547319865,67.87014649277172,grapes
0.0,73,18,42.04053779824591,64.18592009699817,7.314756510035433,36.60456496493615,blackgram
140.0,31,36,24.461304479533386,66.79638997132474,7.497593286922911,61.451062353368094,cotton
140.0,26,61,32.93922370803197,89.12146914350092,6.523928370294012,90.17794873253304,muskmelon
0.0,68,79,15.375053988155194,21.14651685892366,3.504752314,82.51296618611653,chickpea
113.0,19,29,28.39779634079716,45.03650721769746,6.63685504144255,184.0936223142804,coffee
40.0,65,54,21.175790623255665,99.98187601,6.384271531103456,20.21126747,papaya
49.0,92,15,43.67549305,65.1317571195191,5.193921783498022,65.07527929708326,blackgram
46.0,61,26,21.82393595491364,66.30611454934989,9.93509073,55.18213822413431,mothbeans
45.0,26,44,27.279599431771,79.29666983615155,6.403167350861832,77.06094876972367,watermelon
45.0,50,21,22.058873376283845,99.98187601,6.069693125679458,66.54619803646821,coconut
76.0,32,21,18.858228364607907,30.54664223473765,5.014597666385451,196.8184662536911,coffee
35.0,24,12,27.092612568707505,86.78058880462643,7.215879024724841,68.95084197731924,mungbean
65.0,101,5,43.67549305,41.05451357984899,3.504752314,263.81207367783446,pigeonpeas
57.0,5,37,19.32141180998582,75.82599563753834,6.565075837736777,93.22996473428864,pomegranate
0.0,48,25,40.41597497873515,59.908380384517805,7.209814170492442,69.2717918558605,blackgram
0.0,57,51,22.46149585093641,93.59976273070328,6.821986883519776,123.8781222385344,papaya
24.0,73,20,19.63736208,32.31528909,4.608695247,176.4134092,pigeonpeas
23.0,77,89,19.779362690692736,14.25803981,8.006260083163095,51.4935994968654,chickpea
16.0,33,41,29.852557599982745,83.27614420455421,6.324255562514633,92.30203876815892,pomegranate
104.0,26,29,22.15039822069819,79.93416009143642,6.359852476671181,33.94581289624078,cotton
49.0,69,93,21.177181454654715,31.07414411220644,8.894491001260961,77.87757844148422,chickpea
116.0,88,65,34.26806529774035,83.8215791518431,4.2388145221972335,73.78193599999551,banana
37.0,49,25,29.914544300000006,85.85384444,6.415459592,90.17794873253304,mungbean
72.0,64,50,21.02128196426001,88.95744931777612,4.277283293089653,154.77026841108648,jute
29.0,8,28,26.87037587,91.72546257,6.100429497,214.4128874,coconut
132.0,29,34,25.154536791279813,69.0873556080584,7.438227423337603,45.63072607035566,cotton
8.0,28,37,23.88404783,86.20613842,6.082571701,108.3121789,pomegranate
9.0,69,20,19.30607278,23.96362799,5.591560999,129.3449326,kidneybeans
0.0,84,69,17.04031323755229,14.25803981,5.611096178258576,110.22268217089294,chickpea
24.0,56,45,13.73633407844044,77.90747930262715,8.005445729922739,35.24434903826417,lentil
80.0,18,52,27.87317436,91.14849627,6.484799661,24.05207925,muskmelon
0.0,145,200,21.80793114866062,97.39390502756572,6.423380672731151,112.83169345002226,apple
0.0,109,174,27.718984473442102,96.77181416277124,3.504752314,115.2349765071551,apple
68.0,21,44,24.74453562361116,91.37254978137123,6.682577714324254,99.84732003711798,pomegranate
40.0,9,41,24.37766782,85.4017118,5.78270695,106.128338,pomegranate
0.0,44,23,32.36704307637237,55.555090864464034,6.0359123762487314,96.92110371764365,mango
134.0,57,22,27.5233161745237,53.37317699076809,7.278533621508257,73.48489637638802,cotton
35.0,31,30,24.7244142169292,85.64287918566421,6.362879340417303,20.21126747,coconut
83.0,57,48,26.201996696578256,91.08796407942452,6.427186744750877,153.48576327433042,banana
16.0,61,29,32.95377341590829,79.49157847433317,8.217755969324259,47.38884092011426,blackgram
45.0,8,19,32.4817504631764,45.96322496861153,5.064266760718635,20.21126747,maize
52.0,5,28,43.67549305,91.11545716058866,9.898955046755107,126.95186645788093,orange
140.0,5,51,32.27806580672431,96.94632350827956,5.435214387451507,33.35612817173654,watermelon
105.0,57,64,31.690765006092803,84.9931217104229,6.8934570133485344,20.21126747,muskmelon
70.0,26,21,19.81107938789513,95.64103288760072,4.528049963187631,48.38290558017162,cotton
32.0,138,197,9.535585543,80.73112694,5.908724337000001,69.44115171,grapes
10.0,9,28,29.01256899,94.01014388,6.282955072999999,150.05003119999995,coconut
116.0,72,46,32.08880899561276,63.97293356264847,5.355148158797345,149.88974119089818,banana
0.0,15,46,22.94001059573561,93.34046941943424,6.273782645663582,145.10684258587554,coconut
61.0,135,205,23.479038084102005,88.97155009369285,6.497337564076815,95.5181917998032,apple
0.0,14,32,26.619982834989663,78.43530057451312,6.382547500056131,105.64274256067615,pomegranate
121.0,45,22,22.45942937,81.30681027,6.443785385,64.23026638,cotton
83.0,60,36,25.59704938,80.14509262,6.903985986,200.834898,rice
92.0,5,44,40.43692728808297,81.30333949718768,8.013497743246726,77.56466375245694,rice
18.0,74,15,24.9035819,79.88276919639911,5.70836603,146.4727237,kidneybeans
110.0,39,38,25.49158911727429,39.14976410034903,6.252388248450053,84.43233662409843,kidneybeans
21.0,31,32,35.38598705,51.42664176,5.254532213,90.29643888,mango
59.0,5,29,35.125596171391464,41.7629751263975,9.82950446833632,91.1969862764186,mango
27.0,120,200,21.45278675,90.74531921,6.1102188260000005,116.7036582,apple
0.0,42,26,31.21623261195646,16.844589564414242,6.403167350861832,54.27328545274385,mothbeans
0.0,27,53,22.7373511460399,55.60898209750641,4.641799749916737,99.260162259222,mango
94.0,55,64,24.96910528237064,90.3569069058446,5.519233028551779,39.31515525692096,watermelon
18.0,22,17,34.3403447446073,44.31053145416662,8.764801618107949,94.60265993695808,mango
52.0,26,19,8.825674745,93.64092944624014,8.922640634663749,93.70049140476917,orange
22.0,51,27,21.507238511237816,90.8487393898405,7.670238182802887,119.3819464576796,coconut
92.0,54,23,23.13653241332622,30.655333171023315,7.482494238288332,112.4718765035296,coffee
0.0,145,192,26.22946394062356,92.96811609709432,6.255935157409583,98.16620592572386,apple
0.0,57,29,28.016175173280505,92.00263218887872,6.129045748999542,60.74738416775252,mungbean
76.0,39,24,24.2547451,55.64709899,6.995843776,64.23845455,maize
133.0,47,23,24.88738107,75.62137159,6.827354668,89.76050416,cotton
117.0,81,53,29.50704598,78.20585613,5.507641777999999,98.12565829,banana
71.0,8,11,18.234514169669296,84.48384809529156,6.1751821293429385,132.5642529339865,orange
16.0,106,84,19.60154068545336,17.9759375034227,9.93509073,77.05644525848247,chickpea
26.0,122,202,22.44516988,94.73763514,5.617227184,107.1843273,apple
35.0,142,179,22.39850721454465,91.253360565018,7.551753567858889,122.87462318948133,apple
46.0,25,43,15.074966534574852,85.218221660949,4.972476056730743,298.5601175,rice
107.0,10,49,25.83202912,89.00481725,6.755192025,45.24690619,watermelon
124.0,75,51,29.383255276126604,65.42689310881904,8.482239223485681,189.90009976282383,coffee
0.0,49,9,25.49158911727429,95.6646002340366,8.352953387843929,47.10614811015101,mungbean
12.0,145,197,43.67549305,80.68064393877374,7.1504243006999735,70.8210193159631,grapes
129.0,5,59,26.289824936119587,97.66666444301552,6.822446665654802,20.21126747,muskmelon
89.0,5,45,33.53763371304158,95.34089498787202,5.571162491783472,41.48592262024613,muskmelon
38.0,36,21,28.02952623,84.8845732,6.5563729660000005,36.12042927,mungbean
70.0,65,26,28.241505427338925,83.29564045124995,6.63245952681833,245.3884842178737,rice
0.0,13,5,25.49158911727429,93.6904853192171,8.398348776278844,120.10937448186432,orange
99.0,60,75,22.10707280262948,14.25803981,4.9837380425228055,106.94226956242863,chickpea
0.0,44,21,19.21507826249006,91.0925786606431,4.005491933843867,99.13387125276752,pomegranate
12.0,6,8,30.84835031,92.86773675,6.388617138,107.4142681,orange
25.0,57,24,27.65472156,58.59986279,6.974978386,36.94255012,mothbeans
81.0,45,23,19.32666088,68.03449300000001,6.192360002999999,84.22969177,maize
51.0,52,36,21.71714379865228,82.14176656292494,5.450286388556601,93.26807108197708,jute
132.0,77,52,43.67549305,95.56756113204032,7.346495225413093,157.25523661423364,papaya
90.0,92,55,27.00932084,80.18546798,6.13465588,97.32531705,banana
0.0,57,28,36.992578138936494,84.84499542825624,5.881019148883623,298.5601175,papaya
111.0,40,25,24.48469200000001,84.44932014,6.187455798999999,90.94342484,cotton
39.0,40,95,24.11738320159068,14.757106275887171,7.451865279972979,86.30007601563369,chickpea
60.0,17,43,27.48858152996656,88.22720729527975,6.30409141876746,39.050947429034274,watermelon
140.0,37,61,23.345146616931142,82.61313776697548,6.849328664780829,65.13916823081553,watermelon
0.0,101,23,28.748592708248665,91.83565647025289,5.8192460651265865,57.57252748361243,mungbean
118.0,68,5,29.346529928363747,87.15155518714339,6.659538199294039,55.25256023445364,cotton
22.0,115,178,25.029451203201155,91.28616463510764,6.695884278705237,87.73520244812953,apple
0.0,21,32,35.89855625,54.25964196,6.430139436,92.19721736,mango
43.0,5,11,22.138424960702046,95.36458045707496,5.589719416292784,20.21126747,coconut
6.0,5,10,13.879348918170388,91.59026537788708,7.880836145369869,113.5071566240624,orange
34.0,48,48,41.04224355,91.37258067,6.805277038,181.527598,papaya
0.0,145,185,26.383811632392,79.93738378322385,5.671212815957903,61.59909424034531,grapes
47.0,78,25,11.713750004491509,29.687000182694824,5.82866875252172,187.13620454321784,kidneybeans
42.0,19,37,30.1924193462374,89.9156437865557,6.319242102837968,20.21126747,muskmelon
140.0,107,48,22.799333401227244,87.31512806399873,4.842642358714825,161.32300821568677,banana
70.0,5,8,8.825674745,95.93353691294134,5.995214431427838,49.66417370603372,orange
93.0,43,33,23.394786903591456,68.35846493373897,8.464236194557623,122.15802425654825,jute
87.0,60,23,20.27317074,63.91281869,6.439071996,62.50351892,maize
0.0,142,205,8.825674745,80.79301428379901,7.47695224176015,74.1832008397364,grapes
0.0,31,5,8.825674745,98.73885456784372,7.122256498430714,96.06208172804251,orange
36.0,26,48,25.498888152325257,39.05074582861219,4.534537675389659,200.07229835234745,jute
56.0,28,34,30.2078754297406,95.96301399888894,4.533929717356825,237.21590790294184,coconut
89.0,5,35,22.14815367619581,89.58540538342928,4.89238050361813,98.74955709062364,pomegranate
49.0,145,205,21.93290541385616,89.27698219422378,5.551336117096538,93.99296887719284,apple
92.0,132,54,35.72915843039872,81.45405344902652,7.003044563595767,110.22193082207993,banana
75.0,37,13,33.40436953244841,34.65990288844071,9.93509073,20.21126747,mothbeans
9.0,45,85,19.131032915727666,16.052304815701458,3.504752314,52.12842581332856,chickpea
0.0,48,103,21.838503379859567,14.25803981,4.0971797139877175,108.24370422858686,chickpea
0.0,46,17,28.18091616394292,77.4236049073323,6.572073355608893,22.39675100691497,mungbean
11.0,44,17,26.34043268,55.59160391,8.016210782,35.1051197,mothbeans
0.0,31,25,15.890706248162648,97.25993659679688,7.393228453772882,107.16864171724424,orange
67.0,19,32,14.181281986129356,86.67171163952449,8.70395646599667,244.58642659565064,rice
0.0,40,35,20.83988616858201,99.98187601,6.30958832219154,124.61316232703284,pomegranate
123.0,42,25,20.894388349372203,88.70912851806271,6.537350690413614,180.11695662435628,coffee
0.0,85,21,12.159583282133353,14.25803981,5.797208661256204,195.84008640684323,kidneybeans
39.0,30,27,34.03307579705934,95.47597784059248,6.986086607196634,20.21126747,papaya
30.0,21,33,39.63437916578204,50.08550823437888,4.425836054022193,113.15349625950348,mango
1.0,8,26,27.5136304,94.18955816,5.562911913,156.6732553,coconut
37.0,10,34,35.062793213389206,99.98187601,4.467127675391898,136.4639797997912,coconut
2.0,5,5,43.67549305,90.06990901903913,3.504752314,158.3879591630536,orange
33.0,55,16,22.094750295345136,20.665008002417377,7.909484988659917,236.55926729655803,pigeonpeas
105.0,15,38,24.172154219049126,60.65933716119086,6.897906659745814,30.61144165747736,maize
131.0,56,20,22.00817088,81.83896111,7.762647875,92.23645249,cotton
0.0,66,5,13.31104311564236,14.25803981,3.5642288169967062,281.75559672909867,pigeonpeas
27.0,59,22,21.81167649,23.20591245,5.794158503999999,130.0608093,kidneybeans
107.0,60,47,33.05095902116962,57.447283684407125,7.058746617146179,121.33557925611134,coffee
66.0,81,37,17.416017665396343,77.63779181316504,4.692479859253159,211.50502276103376,rice
140.0,49,41,29.61677808834992,84.99818681471035,6.112000897991891,20.21126747,muskmelon
117.0,55,86,21.875056612000595,18.72210607181856,9.93509073,82.6518855445474,chickpea
45.0,5,109,15.687661461858486,27.159827910156903,7.481472781138445,120.7328471192714,chickpea
13.0,60,29,26.618177577875898,90.0780161864426,4.894909631433492,255.86548859362145,coconut
47.0,90,8,17.091354076520123,14.25803981,5.174465922278836,290.19201991664795,kidneybeans
18.0,79,30,8.825674745,81.07486455633972,4.147462744618988,298.5601175,pigeonpeas
108.0,9,73,16.32422326255392,15.323882569877265,7.927058633592092,60.59491788470329,chickpea
140.0,56,46,16.738105879386335,92.83519484592703,6.26679386391326,263.1789468734899,coffee
32.0,73,81,20.45078582,15.40312102,5.988992796000002,92.68373702,chickpea
13.0,5,58,26.57329460045285,88.40966057989272,6.444477132987985,20.21126747,watermelon
1.0,30,29,28.33333307,51.39586505,6.4341977560000005,91.67241761,mango
61.0,86,14,20.27227044582592,84.8100134975655,6.380017111217932,79.96532064628062,maize
87.0,25,54,29.062589024697346,92.7750490763894,7.736357680944562,298.5601175,rice
23.0,29,47,33.40622795095327,55.07260356554852,4.814632714628324,117.90350424785584,banana
31.0,77,87,17.20292930327875,14.25803981,5.222011290287546,62.75224542257641,chickpea
26.0,65,22,17.84806561,18.77621951,5.9499490810000015,143.09841709999995,kidneybeans
34.0,15,34,27.05826457,91.10510371,5.677282677999999,224.70069530000004,coconut
50.0,57,16,8.825674745,68.54527631455505,5.460039529312982,150.32200280462155,pigeonpeas
140.0,24,45,21.8385260821108,77.31718546977258,6.261245239683522,20.21126747,watermelon
126.0,37,21,25.84997269,84.16855231,6.61448588,77.03421249,cotton
83.0,78,26,28.818700560862023,75.30131581401723,7.541368953088782,88.2230812288366,blackgram
84.0,59,74,31.94982011145673,74.85220063058942,6.422494815710935,96.9256832174482,banana
96.0,5,16,27.125172551677583,90.8036895721684,9.08199623680952,296.15438727752667,coffee
6.0,43,44,26.180082327009533,99.98187601,6.818360096536212,98.78289121652628,jute
0.0,53,5,8.825674745,95.13722446357563,4.626231615341335,107.68808939481292,orange
40.0,81,39,40.29169447994338,61.76668732354736,5.264917760659869,61.89826097907618,blackgram
140.0,48,26,26.710442630907657,92.84925010788432,6.026341563671124,169.3692719937897,cotton
69.0,5,34,29.394779410648905,90.39809748830784,6.14982285775504,227.2367277388093,coconut
117.0,43,25,24.68854799,78.51206972,7.839849298,69.31153566,cotton
55.0,57,40,8.825674745,14.25803981,6.282456887879499,181.9505734963861,kidneybeans
0.0,65,15,17.69434582843661,53.35836480036306,6.148423476204069,228.1457822152246,pigeonpeas
19.0,63,27,26.434518392308995,96.7825284942021,6.597923444805565,101.1031487798092,mungbean
45.0,59,15,21.35135729,22.91244883,5.779090476,146.4548645,kidneybeans
57.0,50,44,26.044573074826303,71.02702485704566,6.977914245676822,185.1425307284378,jute
116.0,26,29,30.40826213538714,48.04462776995403,8.841875840582762,20.21126747,coffee
20.0,128,25,23.094564890807792,51.65930707199056,8.777791614938877,96.89025870468292,blackgram
94.0,51,6,36.69819850767356,70.22930837574032,7.795525502962469,63.49953510420444,blackgram
42.0,53,34,17.186314997648108,23.92319216891763,5.439787944331902,276.9797124377316,kidneybeans
45.0,5,58,28.28571845390349,93.90578537546553,6.77367530357973,67.50812312529808,watermelon
25.0,78,5,34.00566584641712,40.11769835925497,7.29090280966286,42.28368616103665,lentil
46.0,92,25,31.794572057164817,90.49761373351735,5.132313679476539,121.76919605869624,banana
0.0,5,5,8.825674745,96.58474600728584,7.333805340835362,111.92101578118488,orange
18.0,76,35,30.45794151370586,57.40810636861627,3.504752314,20.21126747,mothbeans
17.0,73,33,43.67549305,31.41112159319454,9.93509073,177.14500227021776,pigeonpeas
0.0,39,39,34.328106669579576,99.98187601,6.952397208657489,89.0940673635645,pomegranate
140.0,35,59,24.38043293890576,98.2472563944238,4.334149876183485,35.475049757907314,watermelon
140.0,5,54,25.635115144996472,79.37691231608525,7.148480425401793,41.05844943066037,watermelon
0.0,5,41,31.792923520456966,96.54327033839374,4.255014498431981,202.9535722919377,coconut
0.0,77,29,20.315136127232748,14.25803981,8.141179186491032,90.17794873253304,pigeonpeas
140.0,38,22,24.114640103735045,77.29621157336766,7.402736074173707,72.27391047452495,cotton
45.0,45,37,21.5394449720287,47.6972001771741,3.504752314,284.1724792858868,coffee
29.0,77,75,17.50361137,15.48083156,7.778591617999999,72.9446671,chickpea
10.0,23,17,33.21024396669046,45.01097554173562,9.93509073,57.12401837518221,mothbeans
140.0,67,34,20.84384845289372,76.38219164104531,6.96312525501703,298.5601175,rice
121.0,82,53,27.387683190828497,61.09938818549433,6.960220915386301,150.1663201872139,banana
33.0,75,84,19.46210401,18.72831993,7.217018459,68.81405149,chickpea
20.0,28,23,8.825674745,31.55951921372059,9.304152430445384,38.000243923983824,maize
42.0,65,19,19.52067214033188,56.60118369148445,6.20710351662766,58.84398122670896,blackgram
0.0,94,24,30.776885466419696,92.9641846367991,6.548740127228894,20.21126747,mungbean
13.0,145,197,24.704145852780936,95.69033266311524,6.137671399062269,99.15817739467556,apple
22.0,60,85,18.8392908,14.74071856,7.811997977000001,94.78189594,chickpea
28.0,20,40,24.75393100919119,94.82461965108028,7.21599607567439,264.910843895376,papaya
104.0,46,31,29.37207430276689,59.13377077925097,7.0136291678899285,73.50134652969317,blackgram
0.0,5,33,31.80445071196808,99.98187601,4.014575125963073,263.8313654208736,coconut
31.0,100,186,18.453888695282075,92.22280060402775,5.678073497197698,108.20732331923188,apple
34.0,19,45,19.855906551805315,79.74381044528792,5.223966324938364,124.59022239805915,pomegranate
0.0,48,24,26.455360440915747,27.308932834777966,5.355759136335314,153.34699294144883,kidneybeans
0.0,118,205,30.70765325381148,84.92365547024306,5.441815492481999,62.254957476334006,grapes
66.0,81,19,22.10987245410659,55.08027479462464,7.762353105258708,45.10560830881027,lentil
96.0,46,39,24.19393319973408,79.27312727321141,7.006905812927345,216.93766721188507,rice
140.0,60,43,33.37236885729398,97.45915745993224,6.7192766838830735,20.21126747,muskmelon
45.0,5,42,17.434443390403764,78.5519494310258,7.591045520381826,67.7880854929457,watermelon
120.0,56,54,28.589112317353628,92.37523685356388,5.876248298068624,117.98303961764591,papaya
41.0,56,23,27.610875491982185,32.26804395192056,6.250578645985222,159.8538316630029,maize
27.0,21,52,28.383139340468265,85.87095985581956,7.580676838609984,117.87958736909157,pomegranate
0.0,79,41,25.28409647006912,48.45509053177887,3.504752314,20.21126747,mothbeans
38.0,5,21,25.589401178334604,99.98187601,4.864843545944871,155.81179681536273,coconut
42.0,74,83,19.2582557,14.2804191,7.545258424,90.17794873253304,chickpea
55.0,38,25,33.38644493716561,25.568269649922065,6.650805316398299,144.66441735328712,kidneybeans
16.0,5,12,32.00331751329443,96.10410317257724,6.9019001451119335,102.87068712351756,orange
103.0,11,41,25.09850676650592,73.20703277722191,6.5838251640379655,57.04445957218376,coffee
30.0,59,80,17.34340589098626,21.14298314435485,9.93509073,74.09469346394677,chickpea
18.0,86,74,20.111122931139565,30.826824292446183,9.93509073,63.65503368139201,chickpea
64.0,93,45,24.682658953663296,72.5040625844595,6.322429682986738,33.002826105504184,banana
13.0,58,5,8.825674745,93.59460757945637,6.403167350861832,98.88358097902706,orange
0.0,30,5,41.13589066550409,14.25803981,3.504752314,20.21126747,pigeonpeas
104.0,9,27,23.34590670128231,42.45428496282396,6.690070413349785,190.42010004965545,coffee
58.0,87,11,30.01161109575127,68.18620505182567,7.470084867904986,58.38978967094836,blackgram
100.0,10,53,24.54356968,84.60808277,6.211748957,42.00660251,watermelon
21.0,42,18,16.57579061026987,67.57402533337799,6.35024852309351,137.7152171935421,maize
67.0,19,42,23.491334602867195,98.74778597466062,5.826107355147252,194.74420946631523,coconut
140.0,54,41,18.85165323612904,41.51648242504027,5.070036815838996,24.70768745357958,coffee
5.0,63,5,28.82542502682693,86.34348397688446,5.233180846351567,39.73727399869027,mungbean
88.0,91,42,27.05659044676264,81.44545494690105,5.920739076301128,90.17794873253304,banana
55.0,75,26,35.712884957563645,43.79167646920443,5.602088013175622,42.38642251954657,maize
107.0,12,46,29.57240298,93.61870344,6.559763394,27.56918621,muskmelon
67.0,43,39,26.04371967,84.96907151,5.9999690260000005,186.7536773,rice
33.0,59,19,23.19305333,62.74710773,7.641024177,49.55213308,lentil
69.0,21,38,23.367690383899088,86.07831533653089,9.93509073,80.93034587166304,rice
11.0,20,34,14.74859748168841,82.49328737646478,8.771283041939634,99.70579602084948,pomegranate
100.0,78,37,17.11013674272469,68.20199420080431,8.644477504142202,30.94105701850326,coffee
140.0,30,30,17.260110611104395,41.48854291345144,5.961950181161939,163.4267930555817,coffee
125.0,48,25,21.834510115367703,80.55661822181996,6.803361600305947,71.54858850438785,cotton
43.0,79,5,36.79887815719026,37.1866513903427,3.504752314,57.06254705241987,mothbeans
66.0,64,22,33.22091874383945,55.6493184637702,6.391020466132618,50.35731844815125,lentil
45.0,49,37,24.21744605,82.85284045,7.479248124,166.13658859999995,jute
0.0,12,5,8.825674745,89.80738220907806,9.93509073,112.04304895319925,orange
115.0,99,76,24.737879944356614,77.01804488056644,6.313061262381481,34.22714676493238,watermelon
12.0,31,26,35.7877738,51.94190321,5.395275719,90.17794873253304,mango
52.0,144,194,24.605835440708155,86.62197908655075,7.246543972728587,89.8554619755391,apple
0.0,31,34,35.694664534245206,99.98187601,3.932529635027437,298.5601175,coconut
0.0,145,192,23.126733416537903,97.84331249850916,5.126971895110094,151.5816707268171,apple
100.0,16,29,21.7867098203028,91.63184439870408,8.625865985273185,272.3917262832276,rice
0.0,54,25,22.18216898390721,53.59111421494521,5.7487035658794206,51.31840196570504,lentil
140.0,5,55,22.04985178674096,86.13529500020304,6.492960017320429,20.21126747,muskmelon
0.0,111,199,8.825674745,92.92210451942924,4.664631885273864,64.09433110204216,grapes
43.0,12,40,14.731149187252385,89.30161859563437,8.343157338940266,167.56838679005466,rice
140.0,53,28,23.12080013278837,67.16606676974529,3.9847363419751263,84.00401725842933,cotton
122.0,5,43,19.053816391052056,91.35156096592029,5.471454477152504,298.5601175,rice
55.0,72,61,24.99087411520425,97.6189818781365,6.506964552859567,298.5601175,papaya
16.0,5,31,29.399944574606668,87.02424332254466,5.480182307433358,49.965637173164886,mungbean
124.0,43,37,24.60663351950793,86.21692539137452,6.0736054226535465,45.69054598830849,muskmelon
66.0,72,38,27.31979072995023,77.98107729811721,3.765560356393648,231.96410406439577,rice
0.0,33,25,43.67549305,51.855292660190464,8.178858314113953,99.14180313759482,mango
0.0,138,194,17.43207908278318,81.00700339589827,6.895879276933275,124.01799417284536,apple
56.0,62,33,20.247618832331533,99.98187601,7.143429719615342,142.933232040779,jute
31.0,144,202,11.02105378,80.55557235,5.870600622,68.23963161,grapes
0.0,56,16,24.93533098879046,38.384886508779104,5.640514695764949,57.626760655439696,pigeonpeas
33.0,71,28,21.889101658547315,34.16093803114113,6.102786089001201,253.1524999274166,kidneybeans
105.0,29,39,26.725745934262413,94.0780433000411,6.383798779577443,22.40923928324833,muskmelon
92.0,85,51,29.22118628,81.08183635,5.740764682000001,108.8616474,banana
64.0,49,89,25.49158911727429,15.102035291238575,4.537972164081589,74.7132282982817,chickpea
114.0,19,6,32.67935039260958,44.962307250525456,9.074928141564738,298.5601175,coffee
51.0,119,196,8.825674745,82.64162684334607,4.832923563394074,70.67656789601935,grapes
85.0,5,57,29.48329420368936,95.46918863192008,6.122460902719812,34.07306072180636,muskmelon
42.0,14,56,26.49981927329639,65.55655045099995,7.409052097668072,150.0455362107537,jute
9.0,47,18,19.253513708528484,23.25070707451213,5.96943098114799,171.27426147704398,kidneybeans
36.0,79,15,21.697327479361345,88.65536276196423,3.504752314,156.37403804407558,pigeonpeas
60.0,82,25,43.082918968446535,35.12625965018165,8.188157676707057,94.49118564066688,mango
0.0,24,31,38.08950413607808,36.78619181254875,6.27892919738273,87.31271141037875,kidneybeans
87.0,28,35,26.5602777,57.1621814,6.759211911,152.0616227,coffee
127.0,74,16,25.034403192752173,60.439668365992645,7.499617194818403,68.69098350294092,blackgram
0.0,54,22,8.825674745,87.0221450050529,7.360092325286947,35.713012054705175,pigeonpeas
20.0,19,35,34.17719782,50.62161586,6.113935087000001,98.00687989,mango
43.0,5,37,21.44740769635089,84.96722312641978,7.16246367853734,52.49342327121814,watermelon
22.0,54,20,28.56149805,83.63802195,6.689825155,41.013132,mungbean
86.0,40,39,25.72100868,88.16513579,6.207459637,175.60866969999995,jute
140.0,61,23,29.15659868503628,82.14710279231535,7.056485875075483,85.3174170882754,cotton
0.0,47,21,29.40631097366357,84.96814416506282,7.79978592599922,29.567606607078627,mungbean
11.0,54,30,30.17830617578452,97.0137159789859,8.235461565177976,114.8285812740971,pomegranate
1.0,13,45,18.09694718553682,79.88276919639911,7.378118927224666,193.20448501813243,coffee
51.0,66,18,43.67549305,75.51710920513032,3.504752314,253.9155465782844,pigeonpeas
140.0,94,45,33.106671066576645,88.6080650229497,7.319748422929869,82.86848018718118,banana
23.0,33,18,33.62727339424191,88.89820886666604,8.032922246476693,192.56088804095936,coconut
106.0,61,64,21.954180002217186,85.82039467736702,6.571938603475188,25.7677928378222,muskmelon
100.0,62,31,43.67549305,21.08961248529968,3.504752314,20.21126747,pigeonpeas
140.0,5,59,28.41588904706135,86.54664200344892,5.859308239683122,39.14716052613954,watermelon
105.0,26,24,26.925407502712105,96.04926658131588,9.93509073,50.149233201871226,mothbeans
32.0,57,22,28.6899851,87.50436797,6.769415887999999,44.56598352,mungbean
0.0,145,184,22.17573901446986,95.1860433363714,4.838542777962306,103.38497226071716,apple
85.0,21,45,27.48415351576333,83.04755718632777,8.877101828020603,298.5601175,rice
103.0,42,49,29.384400183927387,71.33260424881536,4.428373156498241,169.60718461711082,rice
68.0,5,27,34.59580950890435,80.39490879167015,5.727447995538729,126.80193061691664,coconut
125.0,32,41,17.01053555623608,89.09460324883943,6.8246958956549895,122.7556091752075,pomegranate
122.0,64,42,19.397739473967064,87.750001552952,6.906212379418945,126.16055019168384,banana
0.0,44,34,18.38934363783859,86.00294444788574,8.452030094709807,90.98887497823344,pomegranate
68.0,81,74,18.056227350497107,24.491550736072504,9.93509073,74.05900918239023,chickpea
86.0,40,33,26.1387869,52.26311691,7.432322234,136.3027766,coffee
45.0,5,43,32.4889438827449,96.7797742679424,7.131874455320464,32.180236655880705,watermelon
106.0,37,29,11.428858800823662,72.27870647222288,8.385923533160689,256.5034903525137,maize
32.0,76,41,25.62199494734961,79.63619461574496,6.403167350861832,266.4380684830787,rice
9.0,72,12,8.825674745,58.58245677757741,6.1960536686520165,81.51226204597081,blackgram
38.0,42,34,19.50402308134783,72.25453433949382,6.887162968246736,20.21126747,mothbeans
99.0,102,44,24.699246181562216,72.98312787957514,5.4772547541332415,117.13923968719357,banana
68.0,5,41,26.51043536716261,91.96383477130156,5.897963767144555,20.21126747,coconut
51.0,33,19,30.59895325685045,37.176133687798576,9.684104586684372,20.21126747,mothbeans
14.0,19,14,17.68408797,94.35815354,6.699164936,108.0638166,orange
47.0,39,44,25.49158911727429,91.44579103041656,5.432799390690537,97.98215352498526,coconut
22.0,6,44,13.16074181669726,86.31903037884427,6.854334273091585,261.6445317832048,coffee
96.0,114,41,28.905765865141287,84.44082144500365,5.380207384130667,141.4582724345414,banana
34.0,5,39,32.95167808905113,68.6211881834107,4.15767399285754,108.77260210001332,mango
50.0,61,18,27.22041402924525,75.18141702442247,7.326411274227322,30.18112307954766,mungbean
90.0,85,62,30.867297846196628,88.30120620503433,6.440277171738912,115.96218905647854,banana
74.0,22,58,29.56863344055952,56.04785728495455,8.148076635779692,55.54635594677181,jute
4.0,27,43,15.554437339178698,99.98187601,4.732975855343178,108.3899656745843,pomegranate
18.0,145,198,28.87872661904933,90.57962260627284,5.221890173758345,104.6207454564138,apple
75.0,81,45,37.72516224959382,99.98187601,6.784651487701853,245.36599159457808,papaya
0.0,121,199,24.73034119663784,90.21542500024935,5.511059365886962,82.99666220144303,apple
45.0,46,40,21.082562424897134,68.33210485597041,3.504752314,29.733818667957703,cotton
0.0,52,23,21.89957985296149,21.6315940306223,6.252520511707363,220.38020590248337,kidneybeans
30.0,145,200,24.46166935220416,85.03369386070369,6.052853338143636,104.30109160760232,apple
0.0,46,15,18.783488985668185,15.194084363472015,4.699725045544567,98.98968570006352,kidneybeans
0.0,145,188,20.06340460824344,93.70352350453491,6.429129796128287,85.34525793189343,apple
36.0,30,5,43.67549305,73.70723232179473,9.34793173894537,54.072908962903455,blackgram
0.0,46,7,8.825674745,14.25803981,3.723081529091455,210.1085444576443,pigeonpeas
85.0,5,27,43.67549305,58.76606794301141,8.772744277180337,101.96377502572096,mango
38.0,43,72,20.77865538745221,26.13312511294498,9.93509073,68.20551766686135,chickpea
96.0,5,43,21.08276630886093,86.32099494131424,6.096753008859176,41.59502100506656,watermelon
19.0,66,80,17.72648740251971,14.25803981,9.93509073,83.38182873390754,chickpea
39.0,70,5,21.0352948938547,83.99414333308167,6.669410431809666,26.071102555945707,lentil
0.0,97,182,26.290853292166013,88.15171384731633,5.221218150247196,164.99604780134422,apple
45.0,24,26,26.46573532776259,84.47387577734145,6.10868967401457,56.80127658361681,mungbean
3.0,80,13,20.07603870858472,82.8632635461932,7.00970417217441,65.68069768541369,blackgram
66.0,60,38,22.08576562,83.47038318,6.372576327000001,231.7364957,rice
5.0,58,44,29.500756153886428,96.7097535152014,5.892634522328807,298.5601175,papaya
58.0,53,5,8.825674745,28.62044541521715,5.21262478670856,20.21126747,kidneybeans
61.0,88,50,29.778466526926675,77.1600225195877,5.719983263174106,138.30545986888814,banana
92.0,72,87,12.97007675731707,14.25803981,8.117600583506523,63.73980050874125,chickpea
17.0,89,74,16.2303473318876,14.25803981,3.504752314,71.3657462163792,chickpea
20.0,16,46,34.60122051641471,99.18006987823291,8.290007187238144,70.19070362053057,watermelon
65.0,6,58,27.844413849788825,73.9371512364227,5.613773894670127,53.62285461046581,watermelon
21.0,145,202,43.67549305,81.80697544192779,5.039807577055604,73.29684221080052,grapes
54.0,49,32,24.958702594976536,45.679864825726895,5.839899921849543,75.66460826884301,maize
124.0,53,56,23.39960327070559,79.69013595059793,6.103569986525039,142.20906400629283,jute
58.0,5,10,22.183387753494937,83.84949638336403,6.061772439710137,238.5603354074168,coffee
45.0,45,37,23.70467146,74.63745355,6.742688094,181.2783964,jute
0.0,80,66,18.580028450965624,20.06352238731844,8.460927689567825,64.93132960115439,chickpea
140.0,145,188,27.082462423047417,99.98187601,6.40219891721223,135.16683412426698,apple
140.0,30,44,27.28120642492765,95.52818742583732,6.449871857783118,20.21126747,muskmelon
42.0,101,19,26.457025420512508,80.27118826049986,8.725462348884463,240.21165470986,rice
1.0,71,10,29.25077279656684,63.33813721576348,8.461226279724837,57.56090172904379,blackgram
17.0,58,25,31.12896766,43.58788762,6.455592696,32.76742894,mothbeans
140.0,118,203,26.351518817989778,80.75551857875531,7.428322582163888,67.23822979594135,grapes
140.0,6,40,29.941347670525097,99.98187601,5.96593242723157,22.36335566521356,muskmelon
0.0,78,26,23.36441245216858,55.51798429457096,7.086172039511075,80.37639071038329,lentil
98.0,63,74,21.878758078332545,82.56935631624738,6.270007272716309,78.25204544092077,banana
35.0,66,81,19.37101121,15.77458129,6.138243973,85.24819851,chickpea
28.0,40,11,8.825674745,24.465340185378707,5.669737535418153,51.89837723602741,kidneybeans
108.0,70,16,27.93483182809359,71.52630925501519,6.665187518569151,84.01479214056472,cotton
0.0,30,36,13.695854381484372,91.50177144658151,5.650297772064532,101.18252022072828,pomegranate
30.0,95,98,10.718687163148727,14.25803981,4.235225862730122,33.134679654431835,chickpea
0.0,60,20,29.050789897482645,87.70017626046169,4.526111070060957,20.21126747,pigeonpeas
3.0,52,78,14.562365642220456,14.25803981,6.753783343048082,69.0997983215713,chickpea
129.0,20,49,22.039389218159183,74.94861627899398,5.699072741059676,39.6353693504721,watermelon
30.0,52,5,27.739129713726363,66.18221964203354,5.918277261215032,89.62863539149991,mungbean
73.0,112,31,32.038661150136136,51.70654766452635,9.93509073,20.21126747,mothbeans
57.0,17,42,30.299691533152945,86.78920993589588,5.6090570345103785,26.39245092388676,muskmelon
91.0,58,33,22.615302159261923,86.47171308316128,3.504752314,146.16548696344984,jute
49.0,74,36,33.83363523479052,67.0424590712321,9.93509073,29.925134528532404,lentil
60.0,37,39,26.59104992,82.94164078,6.033485257000001,161.2469997,jute
28.0,67,21,21.79792649,63.73086065,6.250994222999999,46.62370222,lentil
22.0,68,16,27.70496805,63.20915034,7.74672376,37.46160727,lentil
117.0,88,15,29.31182029564933,65.51408815279959,8.43663497919831,20.21126747,lentil
106.0,5,49,25.446246104188106,99.98187601,7.420867024909839,44.74606305141809,watermelon
25.0,5,41,15.333859616580192,87.0810295930512,6.728941652205651,97.5178138932516,pomegranate
71.0,71,18,34.510541108084084,14.25803981,3.504752314,120.18393326454677,mothbeans
75.0,39,46,22.54546855137667,99.98187601,5.43143729680146,79.8752254437303,jute
31.0,79,25,23.18864385,22.3104551,5.902033406,63.38208822,kidneybeans
21.0,10,61,30.23588883824872,79.40023264782035,7.519297537677163,53.12902366906008,watermelon
100.0,70,38,21.459631312639853,90.35447143307742,5.106542678348205,158.01765618953274,jute
88.0,42,33,9.05783392187093,54.97036535517981,6.60519531834492,88.40752360105843,mango
44.0,43,80,43.67549305,90.792919464694,6.301308873702,20.21126747,papaya
0.0,24,32,35.07761154485988,64.62914713676332,3.504752314,99.79827719837172,mango
58.0,6,10,27.060304324144266,61.8398772848908,8.119420340310668,20.21126747,mungbean
130.0,86,59,19.98146903865969,99.98187601,6.306447078982604,98.87356252133628,banana
139.0,73,6,27.41666797319118,87.5183308422758,6.403167350861832,88.17611658264258,maize
8.0,136,201,41.65602996,82.22118237,5.6092559920000005,74.19664838,grapes
27.0,10,33,27.81132822,97.48410555,6.465906333,154.06212209999995,coconut
68.0,74,20,43.67549305,99.98187601,8.92998607219252,107.01991952357196,pigeonpeas
110.0,71,28,29.465683230676564,51.88372879275117,4.610785860048651,48.268561944483565,lentil
9.0,90,25,8.825674745,42.94687258264704,3.504752314,217.94757449868388,pigeonpeas
0.0,70,43,14.466203750020494,72.32999879097557,4.931001005428834,90.17794873253304,pomegranate
69.0,74,73,22.107637700913106,14.25803981,9.93509073,87.92328084022552,chickpea
78.0,68,46,29.714893205576264,66.00237512913363,8.754307329818964,92.4830814892766,jute
45.0,71,34,28.02697357139987,87.75691628613832,6.296077315597458,99.08883153114294,cotton
31.0,130,198,21.80129837,92.73446667,5.554823557000001,120.05866709999998,apple
0.0,79,35,21.842940905732743,16.461066689842475,5.02597002536146,157.16068457590288,kidneybeans
0.0,138,193,22.334262421317387,92.15722538868889,5.131562368931466,131.85733827421714,apple
0.0,82,28,19.241557723242657,66.8440895250005,4.641134448311032,56.97649472353577,lentil
64.0,12,17,22.996912430346164,84.74797507078084,5.844756143447737,231.90542669384683,coconut
76.0,65,25,27.56680535691849,75.34642674726211,7.969404903808741,49.6545879742483,blackgram
122.0,45,59,43.67549305,87.51754040096853,6.593449193920421,20.21126747,papaya
131.0,55,6,25.215476339668207,65.23289328022666,9.345706622188915,32.36580422695134,blackgram
20.0,67,19,19.24462755,50.54495302,5.671419084,180.6465282,pigeonpeas
124.0,85,75,16.231134526840965,14.25803981,7.797183575165373,83.75202863871624,chickpea
24.0,47,23,34.21032608188158,75.96364786611073,6.981965915317739,49.20634132400061,mungbean
37.0,38,32,31.85744939,45.53106268,5.417340525,91.55845821,mango
72.0,23,57,28.90767895582045,87.55837335545748,7.0340773955373175,229.0534340943931,jute
39.0,96,49,24.064878036139884,99.98187601,3.504752314,26.63096537438749,pigeonpeas
13.0,97,23,23.9255630865942,23.55847032167564,4.951407461386172,20.21126747,kidneybeans
140.0,5,60,28.21995696761848,95.37647490497808,8.780873058669247,53.77807114686336,watermelon
64.0,62,10,25.49158911727429,40.030907519145615,5.370395297212705,199.0024034709027,pigeonpeas
22.0,40,20,29.531390734087864,88.54117030655208,6.152878280298098,20.21126747,mungbean
82.0,69,39,43.67549305,85.95718975828774,6.371250150904252,213.56530555099783,papaya
88.0,48,37,11.839917359183117,63.07873374767186,5.639122542101902,73.95839101815616,maize
0.0,101,17,8.825674745,14.25803981,7.843216810049643,224.2665097882028,pigeonpeas
42.0,66,10,30.57457466422912,72.4714725325478,7.683665337746436,35.374921615395735,lentil
45.0,33,45,22.73532488598145,66.62338947589839,7.142671120580432,117.04485716786714,pomegranate
70.0,61,106,16.871030357925186,16.344612658901124,6.532930316970544,107.2327525159005,chickpea
138.0,5,67,30.3120839318986,89.45081944912219,6.554888459064494,23.25572278534645,muskmelon
9.0,145,205,21.606984336126505,93.4786869178508,7.274897957204537,77.40774251142008,apple
86.0,56,33,25.49158911727429,57.51864117042659,5.202565982133178,166.84546485339192,jute
73.0,8,5,17.153307019911203,86.01412415145481,7.39714996374514,85.76600650324914,orange
127.0,92,180,8.825674745,76.75961916419499,7.231191698434324,68.78322278213953,grapes
0.0,37,15,24.42534031285725,79.84501839025344,7.620734742909946,48.88731703765367,mungbean
65.0,75,61,23.293431024426464,81.53461922476296,4.40618615533219,105.584707258479,banana
64.0,53,26,18.74019008301179,33.235347655598154,5.908991280194207,98.76110998978484,kidneybeans
27.0,42,21,25.49158911727429,72.7256383962683,6.5998773335719045,294.9235131067672,coconut
100.0,56,53,23.167697178575448,83.50463532170293,6.094755115532436,298.5601175,rice
0.0,57,20,35.703401242849964,46.43895281226584,4.169630720097737,236.36670997288536,pigeonpeas
103.0,73,48,27.811424074469617,78.59457798987941,6.301793970054711,128.493217303601,banana
13.0,8,12,25.16296632,92.54736032,7.105904818,114.3117197,orange
46.0,67,35,20.488352355640203,59.546098641636135,6.474670442678365,186.69525383609647,jute
90.0,145,190,26.57443026903144,99.98187601,6.403167350861832,101.90900444548338,apple
54.0,57,52,40.7017455092606,96.16069667945766,6.22559108128501,243.08171992204515,papaya
52.0,73,5,19.21701142799709,50.47680202430912,9.307300582512273,37.53262052616799,lentil
48.0,31,23,15.15421909146652,22.43675326411321,5.351318472184676,20.21126747,kidneybeans
82.0,48,36,25.79351957,81.76904006,6.352076782999999,193.2418382,jute
50.0,60,47,32.57720726,92.74889453,6.92791761,93.7942847,papaya
67.0,116,59,43.67549305,94.80711931459427,6.660908959219367,69.53048743701476,papaya
110.0,71,31,38.0980295721986,65.90228728075792,8.600395122523143,62.78674616604992,blackgram
88.0,63,15,26.60282200555668,80.63255404508286,6.982335682245585,69.23420292513651,cotton
140.0,71,38,21.76509131859791,71.21231516897355,5.823351622513924,105.15971692383448,maize
84.0,54,51,43.67549305,85.23377410419403,6.817021228186373,142.94139549096914,papaya
75.0,5,58,29.635424949133725,79.88276919639911,5.568141897404222,27.16725808312844,muskmelon
33.0,138,198,22.29423493,90.69033986,6.222390797999999,122.7418744,apple
34.0,62,55,27.58548913,90.72526502,6.585346229,238.5008779,papaya
28.0,72,84,18.72963144,19.18197264,6.481783042999999,71.58010169,chickpea
44.0,54,34,27.23365566884891,77.67554239926903,7.922475943152369,234.54939069359145,rice
46.0,68,13,15.189896091212107,58.41190657912742,5.018336243529158,44.52905432577479,maize
94.0,46,58,24.13332519852408,91.73249472603364,6.782233260617555,20.21126747,papaya
23.0,55,16,21.01142393,69.69141302,5.111488821,185.2039114,pigeonpeas
78.0,7,45,24.72979353585832,87.00326909688685,6.050637364183975,113.83068926245149,pomegranate
40.0,93,84,14.530710252839125,14.25803981,9.93509073,22.64639544858425,chickpea
0.0,80,44,17.163523658908844,44.03676028898034,5.627379043527127,91.79005751080624,mango
46.0,142,205,43.67549305,80.02593720907737,7.267740087894377,57.50323682915285,grapes
0.0,98,195,8.825674745,87.41349211881563,4.501316424306954,81.69102612211876,grapes
140.0,32,91,18.688601433752545,15.150005135176407,5.206330930666758,85.92922223772793,chickpea
0.0,79,11,22.14148871504541,57.21906898638904,8.702118343937599,20.21126747,lentil
66.0,58,21,43.67549305,76.10626504938148,3.504752314,54.64670908167284,mothbeans
34.0,75,24,23.50222822,51.29019509,4.760038038999999,192.3023991,pigeonpeas
0.0,23,41,36.47973757640688,67.14904350632791,6.58662405146947,64.02501531737488,lentil
29.0,49,20,20.454043444589924,53.70524305037673,5.066949402352645,105.7230972718501,mothbeans
140.0,48,64,27.897622592635592,92.390031970079,6.244457479314084,20.21126747,muskmelon
65.0,65,26,43.67549305,99.98187601,5.626212422319542,76.75194265038589,maize
36.0,35,32,29.30905514033396,99.98187601,5.160329704724847,158.9777539753585,jute
89.0,63,48,21.48421840548844,77.29059139070482,4.613131051355503,158.46944424747807,rice
66.0,53,41,25.0756354,80.52389148,7.778915154,257.0038865,rice
73.0,60,72,21.664455683505743,19.02996801659672,9.863763109696574,52.174263311584376,chickpea
2.0,107,187,19.69020401194021,99.52393405303783,4.46830870023696,124.87475090975748,apple
99.0,72,5,25.44558852189464,88.13734682141578,7.833693749226107,54.17063575993007,blackgram
0.0,145,184,25.06377277880112,89.70922448681861,7.271721779959003,90.17794873253304,grapes
15.0,65,8,43.67549305,14.25803981,8.770615205308244,293.0670879099016,pigeonpeas
28.0,123,198,23.46260321,91.45665004,5.682751473,111.7763395,apple
0.0,5,40,25.63789886277269,99.98187601,8.110378958509793,101.46302262130315,pomegranate
45.0,41,26,37.37303331463786,29.468067814623303,6.403167350861832,20.21126747,pigeonpeas
88.0,52,22,23.20058213060113,64.45958954370282,6.807988272496687,109.72385207091357,maize
12.0,11,19,20.681863734013543,99.98187601,6.582065139186484,175.07577976512766,coconut
7.0,8,35,19.95210555172072,51.87652500570483,8.79044887511566,88.66324843880868,mango
10.0,59,78,19.50805982064756,14.25803981,5.495059046748992,60.95282025969098,chickpea
19.0,15,42,23.93406477505972,35.88328046645421,5.534618889796615,127.79314578696116,coffee
39.0,17,45,18.09691127,90.42177379,6.9244907310000015,104.88188999999998,pomegranate
140.0,51,44,18.206427221053605,93.17994218012502,5.26560105198391,87.03445863868382,banana
7.0,15,32,25.03512351,95.89739958,6.182232762000001,174.796583,coconut
26.0,5,14,43.67549305,93.71288174656272,8.9885338274825,144.22582702095406,orange
96.0,84,61,25.96962968682622,99.98187601,6.9026557562234725,20.21126747,papaya
55.0,28,47,28.077835953842342,85.09152637402025,5.417694587450185,45.35891516192065,muskmelon
140.0,51,50,33.681349846856136,84.96487191483232,9.74926641741206,298.5601175,rice
108.0,83,31,17.980630303629418,19.22974742168944,4.557669993428378,203.2761861460495,jute
29.0,57,20,25.60973447,50.7330069,5.87707519,53.39249517,mothbeans
97.0,55,53,31.53680305753058,96.0193689333259,7.152535236596941,133.62199161119963,papaya
58.0,89,59,26.487904140577044,83.48403707036134,7.633336508937111,65.11443093618391,watermelon
115.0,46,44,43.67549305,94.80061971041492,7.125178933771151,20.21126747,papaya
21.0,26,27,27.00315545,47.67525434,5.6995869720000005,95.85118326,mango
104.0,26,11,13.461675984016711,40.40103147227961,8.599084959638162,69.53387262191528,blackgram
0.0,49,11,36.00963490603385,64.87135187295938,8.123934737258567,30.46251369977375,mungbean
49.0,101,205,8.825674745,88.62405948116796,5.978273259758288,71.61130611614497,grapes
121.0,103,49,32.203610437432445,69.45932149712979,5.792775129762345,78.74540212861258,banana
39.0,32,32,28.07095353771169,99.11893406651754,6.930961784009832,113.04947167403157,pomegranate
0.0,32,51,28.561648803115933,89.1949684010055,7.077667549349604,298.5601175,papaya
69.0,5,27,24.776185137148964,99.98187601,6.5780540714844,204.3268795528716,coconut
71.0,60,22,26.07470121,59.37147589,6.2048017,85.75692395,maize
67.0,97,5,26.123407301352326,70.43469473314936,4.365698373369422,74.77991325383607,cotton
45.0,47,15,29.86860065,85.99127934,6.401455706,58.41394143,mungbean
128.0,96,50,42.74345993526747,92.10538524960656,7.637168358393381,298.5601175,papaya
97.0,67,8,25.79618563824546,61.638706111547634,9.20872197011013,52.65274159534031,blackgram
84.0,74,5,28.908510368215826,60.33574344536537,4.914642427872156,45.97956361505258,blackgram
0.0,5,15,26.906395463255976,69.46502255813097,4.241608022924,40.614652015187495,mungbean
11.0,109,92,19.56555906747989,14.25803981,3.504752314,20.21126747,chickpea
14.0,40,26,30.449786634276656,64.61183031321033,5.57214455809099,64.94378277782724,maize
37.0,24,47,18.43685156529273,90.6939859134734,4.565702812922186,106.60921556578884,pomegranate
100.0,5,26,24.20634682247814,99.98187601,7.991515381583021,153.53323805077832,coffee
24.0,63,5,31.462059890744616,76.137894616486,5.643771257313415,31.6610089244107,mungbean
95.0,34,27,26.466727423816465,82.2925286621585,6.274488078172439,62.77635420603159,watermelon
18.0,131,182,22.043557318745624,93.8233316397922,5.340935719142482,128.95045844575665,apple
94.0,11,45,20.55940392740008,71.6502675816741,5.449426963268491,88.23406967192669,coffee
125.0,60,29,19.85817508304649,31.763777228835792,3.743809842228273,164.49008655360754,coffee
0.0,74,19,14.822811787994034,28.5270461597994,5.744862686962233,104.00729182565988,pigeonpeas
0.0,5,18,26.684553193984307,63.47540999515476,4.503739497536479,94.21884284555652,mango
6.0,104,92,13.318858743459815,14.25803981,6.419311544765065,88.11076541639004,chickpea
18.0,21,35,23.2801227,94.94330457,6.368560522,111.1382096,pomegranate
140.0,5,23,23.42058121837709,66.79029467340064,4.545563642193073,179.2410640935172,coffee
27.0,87,14,20.09119570122258,74.42322765950071,5.307363205558227,81.65216815760562,lentil
0.0,44,19,23.22457085644466,67.64910129564973,5.294915243984141,54.93641850743509,maize
20.0,62,18,29.36358721,64.98742947,7.366542647,61.91208707,blackgram
0.0,52,23,28.94868077999829,99.98187601,7.91383244396266,57.47367442436622,mungbean
38.0,54,30,20.02616235418961,22.160046406278028,5.458084714112078,99.53774910036982,kidneybeans
45.0,46,30,33.18061245876345,91.67190473715844,3.504752314,236.56064783407908,rice
45.0,64,52,22.0573448008214,92.37695735713385,5.577577864874444,90.17794873253304,coconut
65.0,92,44,27.286123404801984,73.81418588782996,7.40646515992501,214.8265086681896,banana
0.0,98,190,23.485028081322,90.99070106485584,4.1292069312365625,158.1367401675608,apple
44.0,16,32,30.5703535638088,99.98187601,6.1393648066220585,250.994595485959,coconut
66.0,66,5,8.825674745,15.373801343151086,6.210390563903531,282.60347521551387,kidneybeans
85.0,37,39,24.52783742,82.73685569,6.364134967999999,224.67572310000003,rice
57.0,56,53,8.825674745,92.1674261340876,6.403167350861832,147.53067465813268,papaya
1.0,45,21,19.182820646155044,25.24290886348272,3.504752314,141.50538073489548,pigeonpeas
30.0,5,61,26.39306629705473,91.23359097556452,7.530970791779381,46.34712279402776,watermelon
46.0,5,26,36.58284988452365,87.4670959038989,5.893660202677514,298.5601175,coconut
0.0,5,28,24.59707549622384,85.15739540334665,5.315784180519232,102.09006849835868,pomegranate
47.0,33,41,43.67549305,39.253542579564254,4.233739143140339,79.96359753167975,mango
44.0,22,28,28.0699199610141,90.38419011337358,5.510752134603582,100.57128416281532,jute
6.0,7,7,27.68167318,94.47316879,7.199106204,113.9995146,orange
51.0,65,70,20.403545960941702,84.31404025808428,5.898086355359764,38.307984128261324,banana
24.0,89,205,18.434560081386188,95.85153463746352,5.334021315252002,137.0947440359943,apple
8.0,63,18,18.60965805359568,24.11250737449012,5.6317464620767845,69.82940630996791,kidneybeans
102.0,5,51,27.933912741503125,77.29285939826792,7.145871394696789,71.45717165882135,watermelon
118.0,30,77,22.89247065028728,14.25803981,8.900674168288774,75.02787503311632,chickpea
0.0,5,29,26.38598666342671,94.54384882359815,7.04003562311197,132.6095423426722,coconut
63.0,76,31,22.04115489579413,24.3177540442888,8.9811452456872,26.51171238383252,mothbeans
80.0,91,28,43.67549305,37.78597366254646,3.504752314,20.21126747,pigeonpeas
62.0,50,38,8.825674745,86.42529331183374,6.982434631604741,111.8063519979011,pomegranate
107.0,64,24,29.293718634019783,84.3644020518225,5.37107452236709,82.51433066581103,mungbean
93.0,133,195,23.560310123964136,82.50441515038814,6.36334414294911,108.17440918793518,apple
0.0,81,57,18.917225595508263,17.10802036105426,4.202125991836327,82.47127959285639,chickpea
90.0,119,66,22.93310148119681,72.88013848276276,5.584551937919211,102.35134326340476,banana
67.0,81,30,39.87783120948301,66.18610641538426,5.878184535468129,52.83452404862929,blackgram
38.0,9,21,24.492261706441823,67.84084044854349,6.403167350861832,102.87074197279324,coffee
0.0,19,18,18.437709111090857,96.23542123297553,5.233882655736767,55.239350364803215,coconut
66.0,26,25,25.19846459248265,85.10979669049593,4.921673254923914,133.323233237992,coconut
52.0,145,202,22.554273945869664,93.23082777245764,5.826788028633589,73.92331378436529,apple
64.0,20,37,22.98145645784164,36.43766193028692,8.458124011898722,78.85732136135663,mango
140.0,52,48,31.64298158671598,87.37403821945236,6.072433460629451,20.21126747,muskmelon
114.0,27,48,27.82054812,93.03555162,6.528404377999999,26.32405487,muskmelon
49.0,72,15,31.55846339,67.83563765,6.403167350861832,74.86960831,blackgram
5.0,98,23,26.623354796132286,72.60398227033205,6.863616232839534,42.37590613678348,lentil
136.0,16,30,16.22971944593167,60.8762191745286,6.883614824710135,20.21126747,coffee
101.0,9,49,31.084211820297465,99.9170363390763,6.737897330855938,46.350752544803946,watermelon
56.0,41,29,28.44649955966437,75.71626939124727,4.995387755701917,154.2723353615659,cotton
14.0,103,18,42.98888485868275,67.93915962217442,9.653133759951812,57.570038648807376,blackgram
20.0,5,40,25.34953272001149,99.98187601,4.853012969395454,129.5241032727807,coconut
0.0,5,55,29.017071035202783,96.3305788317108,8.432700544155859,96.9960236910856,pomegranate
97.0,54,46,22.68965342715488,64.63928882217645,6.575962508093681,136.5236426178383,banana
85.0,5,20,34.81721852017423,89.09109559931856,6.064927474808492,61.95059297313935,mungbean
45.0,24,5,37.90947576065989,93.88089959585916,4.916672820942619,100.69187665775124,orange
23.0,39,22,29.25649321,81.97952224,6.86483915,42.02483277,mungbean
0.0,63,46,27.08163169884611,66.3889435411518,7.047528792604559,103.02895629147244,mango
140.0,5,27,29.509842259757463,92.2621269305004,7.0301669837088,20.21126747,muskmelon
56.0,44,33,35.41489228999483,52.808199494912586,3.504752314,104.75251887573988,mango
10.0,5,21,35.72591353169188,50.81876900982628,9.93509073,102.28442824763177,mothbeans
45.0,41,37,27.22191731447123,99.98187601,5.440191133953682,208.8828779529044,coconut
0.0,19,33,27.1326009,95.23797989,6.234458417000001,204.7206567,coconut
72.0,73,62,11.833354017118763,98.81467074720804,6.40144795532034,20.21126747,papaya
68.0,5,34,26.35279426235057,97.85461920331312,5.433864260910623,82.92056846311361,watermelon
28.0,16,23,20.96783119868234,83.98304029180572,4.7607314859111485,104.28300972831823,pomegranate
105.0,33,30,24.46838881058345,99.98187601,5.742086895081681,150.64427382454306,cotton
77.0,53,72,26.37552670282169,31.37159641806099,9.93509073,40.67698909212502,chickpea
91.0,21,26,26.33377983,57.36469955,7.261313694,191.6549412,coffee
11.0,142,205,8.825674745,86.77989885444833,7.135642036041288,75.16567886325694,grapes
34.0,68,32,30.00859065822926,61.32745487692992,8.710199509639803,52.231408594853455,maize
5.0,8,5,11.03367937,92.22706805,6.562594972,112.7715925,orange
107.0,21,26,26.45288458,55.32222678,7.235070264,144.68613359999995,coffee
89.0,48,19,34.804366129600055,60.94501827306996,5.289815648680291,20.21126747,coffee
0.0,47,37,43.48231594410185,88.58567281566668,6.936298592321626,147.46886473181888,orange
36.0,86,5,34.577105841901975,74.62661572688448,5.650438989079024,58.06884208133,mungbean
16.0,143,204,23.71475278,91.53331177,5.631333387000001,121.8961665,apple
86.0,78,54,31.256318708715057,98.26454007250284,6.149271050353319,26.59974710778017,muskmelon
17.0,48,26,25.99893908941068,41.46337590416166,3.504752314,69.96192966739719,mothbeans
86.0,92,5,32.39327909517077,68.72571435472781,8.160622050207289,66.35829359080029,blackgram
48.0,64,15,28.029744788367207,42.51126924021596,6.754461992659277,40.69154861471961,pigeonpeas
22.0,71,17,18.15300153,19.38602098,5.509295379,107.6907964,kidneybeans
102.0,109,203,8.825674745,80.42095238524168,5.722137191799089,73.27345428438842,grapes
87.0,6,45,29.82729394,90.79007335,6.40077205,22.84203589,muskmelon
27.0,23,10,9.420430443011035,92.00405482646345,9.03095500685129,122.06385492538136,orange
140.0,6,18,13.867823419389069,96.38480262594436,8.086374917620173,170.39444488862262,maize
86.0,39,50,17.57742289128604,81.00175779346868,6.950480072916073,20.21126747,rice
101.0,45,25,34.81363856590669,62.193366166671005,5.469544141315248,53.94065060032936,blackgram
19.0,17,39,24.72485577,85.56083187,6.728599215,111.2787584,pomegranate
61.0,5,50,22.736880212423888,83.14985228521,5.22689125555039,109.04124206104149,pomegranate
0.0,75,183,43.67549305,82.23152613923533,6.249661936733798,69.23883644435888,grapes
38.0,23,20,25.49158911727429,43.801820721716894,7.105563003239884,83.46662042870365,mango
0.0,61,12,34.846338378995924,68.80933039248745,9.93509073,85.5744882209392,lentil
0.0,45,26,17.841553357629166,32.50675350511585,6.144473997378477,203.43394533442688,kidneybeans
54.0,74,19,32.91956683910207,23.78836808331684,5.9986760491068125,20.21126747,mothbeans
0.0,5,5,43.67549305,91.35330251122036,9.93509073,83.16074767233926,orange
33.0,47,46,29.20300896,93.96834049,6.839443833,209.4083305,papaya
72.0,27,22,24.82343002775852,92.8240047645414,5.379733039553539,265.4930624766673,coconut
0.0,5,14,14.12744122150489,81.61455881562318,7.935960488339703,121.687827134848,orange
45.0,57,47,23.16855863,90.78821158,6.656458831,161.68920930000004,papaya
21.0,21,30,27.69819273,51.41593238,5.403908327999999,100.7720705,mango
0.0,19,31,25.51791333,94.38420565,6.271952832999999,178.7297725,coconut
69.0,41,43,33.9681983896212,65.07204911072438,5.407394561329989,40.23379752293016,banana
23.0,106,13,23.90377470430267,54.93965766739399,6.403167350861832,90.45557184936156,blackgram
74.0,49,38,23.31410442,71.4509053,7.4880144039999985,164.49703730000004,jute
100.0,35,36,25.31042337,72.01364411,6.346715209,190.5577618,jute
78.0,34,66,26.31410972424656,94.9151345770043,6.889926045441398,39.733663903206775,watermelon
62.0,14,23,31.774134851040607,90.4791208176198,6.107068934160656,106.97959370276376,coconut
72.0,42,49,22.951864346021,92.53428578245016,5.157739671658326,20.22743091543861,watermelon
87.0,64,32,23.28580843841158,62.72930830515858,6.463143810357331,83.83534438391676,blackgram
55.0,46,42,28.08986493668234,48.49055173307532,7.369284889256281,101.99003884443717,coffee
140.0,67,16,29.984121804182664,73.40189914864492,6.403167350861832,50.66576727190776,cotton
11.0,33,8,29.210310441356786,53.63242263223528,8.616187005197293,122.61315165404524,mothbeans
26.0,37,38,17.33730628914381,76.14559390135771,6.859958854871456,122.99150424023732,pomegranate
71.0,56,37,23.18866654,86.20899734,6.491506245,176.103677,jute
102.0,141,173,43.67549305,85.01793729722013,6.459569548787616,66.36206832137866,grapes
30.0,63,16,23.60506572,21.90539577,5.5259045260000015,100.5978728,kidneybeans
52.0,79,39,29.19324135494337,85.50546605312965,4.871941141575258,135.87835310110734,banana
50.0,142,205,23.760508630549225,94.52147784998934,5.831721816587107,114.66023812048624,apple
74.0,41,14,24.558155730492995,79.97698334922708,6.137661425438477,56.96214968930771,mungbean
0.0,36,30,32.65166364494365,77.52480203771104,5.071342775357454,229.3720787541409,coconut
45.0,35,17,23.93003575048328,74.95425012282968,9.93509073,185.1880033717084,jute
80.0,48,49,43.67549305,92.73931928177932,6.690257311819122,90.17794873253304,papaya
132.0,36,42,26.388554657623303,88.14161310019584,5.806750795038185,203.2968592470276,rice
0.0,88,188,22.85695435578454,83.28621500727684,5.697228064205774,71.56186719156935,grapes
77.0,26,37,24.579845739513416,89.09411437480354,6.466492283183129,36.2942689248189,muskmelon
48.0,30,24,8.825674745,30.947448428967373,5.478954104884584,87.82394340709855,kidneybeans
0.0,38,5,8.825674745,97.30573473347314,4.699002895805169,103.74283626677196,orange
7.0,144,195,22.96388477,93.58065995,5.85648105,104.64729859999998,apple
73.0,55,50,29.524581242910106,97.5574231035656,6.792163907220204,86.80485114326049,papaya
111.0,5,55,26.283443,84.42478917,6.520663422,50.78669728,watermelon
48.0,20,24,33.08235992268621,76.84886801573892,6.425495451737703,223.0097748401465,jute
80.0,71,47,27.50527651,80.79783998,6.156373499,105.0776992,banana
26.0,142,197,22.61428823807648,98.08610407181928,6.208776718939183,127.2809684846432,apple
0.0,65,26,29.606064245080784,80.08177078537433,8.481242997690057,205.1298437346813,pigeonpeas
83.0,5,53,25.01643182674048,81.04909981780068,6.078175705374772,37.40630651049042,watermelon
84.0,65,26,26.829326776970504,91.06936459162029,7.236714271231628,189.6987330454624,jute
63.0,32,16,13.470634040595304,90.47665286146722,8.872738823766204,135.72609948047835,orange
70.0,88,202,8.825674745,82.25079871040927,4.902057731222422,70.81053342979935,grapes
25.0,95,48,27.93461189729815,74.08280267806136,6.403167350861832,117.90719185710032,banana
87.0,15,43,14.112195592852798,89.88903489443832,4.802615103078099,298.5601175,rice
102.0,71,47,24.346153289767493,75.74052211519697,7.106981277338813,171.14402252687074,jute
2.0,75,35,14.398545039014188,28.60368004570331,5.235686444126778,249.7285095878184,kidneybeans
0.0,66,24,23.0894508325365,50.16033526669045,6.981383474521438,109.83158641239812,mango
42.0,31,46,29.336858628517163,99.98187601,6.278574797678234,26.49687399376541,muskmelon
40.0,60,17,17.48177888867897,14.25803981,6.085278325922826,20.21126747,kidneybeans
5.0,18,14,33.105698100000005,93.48447453,7.434118807000001,119.1709113,orange
50.0,25,5,21.30028922405973,83.24149278957928,3.504752314,49.06599589456961,cotton
59.0,5,36,24.48052581357585,49.41893177238708,7.173586770383492,122.6059837196758,coffee
39.0,80,107,14.299191931960882,26.621641109556155,7.06273303787887,131.72492146262354,chickpea
0.0,80,32,8.825674745,22.38242977534171,6.051352489160381,247.45274565205776,kidneybeans
9.0,51,19,27.04453473,49.32609633,5.49091063,48.25207759,mothbeans
41.0,69,74,20.3282886924532,14.25803981,7.995669290731634,92.46572112979376,chickpea
109.0,65,57,24.165261515412222,83.97454241577938,6.625865258243415,298.5601175,rice
5.0,145,205,29.992724444862205,78.86913329057833,4.029731954232686,83.02704032209894,grapes
75.0,67,10,36.725900045452775,50.19793615987072,6.18619130299793,96.52840688220664,mango
31.0,79,75,18.8202251,16.1074793,8.204862075,89.73119396,chickpea
0.0,16,44,36.49945132197881,87.7249262309773,4.969491497664381,152.19192095318357,coconut
30.0,91,71,21.151444939943627,15.350932936207167,3.9208882743029534,117.03601520762555,chickpea
45.0,61,44,30.58760425009532,79.50121938943187,5.337367072716038,130.77473044830384,coconut
0.0,69,29,39.51511949323324,51.44542313675839,5.022032622525764,71.56696403921605,lentil
14.0,103,197,8.825674745,78.0802474533927,5.89885921824019,83.92697842652271,grapes
20.0,79,21,31.571074319154427,21.10333673166361,3.504752314,86.07700420957524,mango
107.0,50,26,17.586472062365885,87.41802841595785,3.504752314,42.79078553697296,maize
35.0,5,20,29.611064878855064,89.69489014753034,4.598512952911909,133.85861907965898,coconut
37.0,5,7,40.790798560709874,92.04740332196522,7.475190542987309,89.07186030559568,orange
51.0,8,25,33.39639317559656,94.80722339417795,5.282426620408578,298.4311852153752,coconut
0.0,127,201,8.825674745,80.63963521600552,6.85223368651651,84.46894000268921,grapes
122.0,40,17,24.96440768,81.31677618,6.854558957,80.03995829,cotton
58.0,86,8,20.98797600456244,76.7742230220545,4.323575373841462,34.822005610952054,lentil
3.0,60,19,25.74679443,40.7192594,4.820788186000001,100.7791633,pigeonpeas
77.0,133,203,27.11637942281273,94.45913591824304,6.353996284152689,91.3126195647568,apple
33.0,55,120,18.090123969876178,15.854046840430936,7.689692480731811,65.32404395139581,chickpea
74.0,67,14,33.79561110106124,55.9297996451721,6.474803837146598,93.82611284595346,maize
0.0,72,29,14.30131572992158,21.01055216987611,6.359109974705379,153.28114283207384,kidneybeans
50.0,26,18,39.02618112786026,99.98187601,9.93509073,87.73351566236624,mothbeans
104.0,79,59,34.85822728931567,62.119084761875015,6.848738367680549,89.59370313847023,banana
108.0,34,50,21.962295884034848,79.88276919639911,7.886464695175276,58.4069755587573,watermelon
27.0,130,205,19.32828812665064,95.16071836434044,4.922907420263964,97.98530860412583,apple
19.0,21,34,30.01592643,53.19212381,5.074272692,97.72843182,mango
107.0,31,31,23.17124551,52.97841162,6.766184468,153.12016440000005,coffee
22.0,67,22,29.03017561,64.49166566,7.475926645,54.93937710000001,lentil
28.0,62,28,32.34931261413996,44.78468377110316,7.438132039442273,94.82820509203644,mango
65.0,74,9,23.19281138817276,76.22376680807858,8.002758051562664,136.14927288350293,maize
92.0,35,39,20.49221851901084,58.99555927148511,7.231764323903268,272.1445277820221,jute
69.0,70,35,24.0020858946959,72.78718143115267,5.160324078750653,60.50725334653252,coffee
7.0,55,16,19.83059318016051,83.90470654275417,5.358429502740855,161.80331682758273,jute
63.0,5,54,25.44089105497132,80.26764940275791,6.403167350861832,298.5601175,rice
70.0,87,22,33.47117808971913,14.25803981,5.791756846004761,298.5601175,pigeonpeas
140.0,55,46,25.49158911727429,99.98187601,6.900524148581101,191.4604215842516,jute
24.0,111,48,26.36079017133527,79.53422402626089,6.296819145151552,84.43299129592242,banana
67.0,58,26,30.90635690376398,91.09819333149105,8.957411526322161,86.5087321863005,cotton
4.0,34,30,40.54518189790409,86.53249701848662,6.935145048127781,90.17794873253304,rice
102.0,29,48,26.728668751204648,99.98187601,5.0505443965384105,79.84038764684868,watermelon
0.0,16,39,8.825674745,77.229903148739,5.54247148918774,101.05160125956108,pomegranate
10.0,70,19,24.84918386,68.98088448,7.272427638,41.61080544,lentil
66.0,17,60,22.10892495946014,78.58620426866327,5.928292046391895,52.26548127817972,watermelon
53.0,52,52,23.01763032558782,88.05628809539999,6.035186682603177,20.21126747,papaya
17.0,59,205,24.798836997228417,83.67492374318708,4.867193417796637,117.24048398985612,apple
44.0,24,20,30.292490640867943,21.991018378688143,6.592624522006804,259.243073057736,kidneybeans
58.0,43,50,43.67549305,96.3322020620229,7.228987784594842,20.21126747,papaya
31.0,60,24,25.40474421,65.8567539,7.722335992,51.92057267,lentil
20.0,21,48,16.822937660694635,90.51777885257953,5.51281921566804,111.5470329223116,pomegranate
0.0,72,84,14.063491588666723,19.26159685518453,9.89388070341674,98.26635368506489,chickpea
3.0,59,16,19.047117264181907,55.23655312584644,7.181541942034361,39.453780446368754,lentil
7.0,138,205,26.699386566294287,84.36564784264912,6.801627628286103,99.50500474178573,apple
9.0,5,43,28.613777417989347,94.52187303787352,4.580442779363706,113.14868157746922,pomegranate
101.0,52,20,36.4160047141168,57.48932451023454,5.496898926633241,99.2719002322966,blackgram
25.0,7,35,28.38503882,99.18843684,5.55771171,189.67113490000003,coconut
28.0,39,15,8.825674745,14.25803981,3.504752314,178.45506572342902,pigeonpeas
0.0,5,16,10.762479073894688,92.05427549451916,6.429574637874186,128.0580972114671,orange
22.0,34,31,8.825674745,38.446861985778,4.764454160005009,96.79469055771378,mango
15.0,140,195,13.28504331,83.54193816,5.69945282,65.80006004,grapes
35.0,114,205,8.825674745,80.01528333572404,4.015367615966548,73.92837782811998,grapes
68.0,5,19,43.67549305,77.27160172105332,5.752294034644465,134.7440546407571,orange
70.0,84,27,38.23433194972426,88.13785086024835,7.403520252603137,110.73195727257304,orange
79.0,85,14,22.26149300590948,64.59371869263815,9.93509073,20.21126747,mothbeans
17.0,58,14,14.83222713493442,24.28633164961773,4.700108224674119,20.21126747,kidneybeans
20.0,13,25,29.494433010337243,54.084787130045385,5.505470930812503,86.20009440150933,mango
0.0,138,205,24.89130032203215,85.8843025587443,5.757667087238112,49.54749351849148,grapes
94.0,24,26,26.3726846097556,76.78575314190542,5.36570755852339,74.27368462471652,watermelon
140.0,62,39,21.663098951922173,94.73470021431277,7.057235654423386,198.99998327415463,coffee
140.0,37,25,30.04196012350715,84.60966674903271,6.754310875185298,96.90896848086214,cotton
25.0,37,5,27.530809313449307,70.97527146044867,3.504752314,38.99468445359406,mothbeans
52.0,37,31,23.56010864869977,83.1161393055119,3.504752314,20.21126747,coconut
6.0,31,16,27.375601449637703,99.98187601,7.31814530885035,20.21126747,mungbean
114.0,77,81,22.91845875177304,25.84141153875959,8.893372109953225,29.90395947332004,chickpea
116.0,71,47,27.57278064,82.0638878,6.435785799,91.34276507,banana
32.0,64,33,10.538428833073697,99.6254642028844,8.418889831465648,89.6740489032266,pomegranate
122.0,40,31,31.68670817743918,56.18606318184017,8.633817236028081,23.16485540590272,maize
100.0,52,43,21.62211613741689,73.85006417036412,6.14126633678092,52.92735192489555,jute
98.0,10,31,38.94663117951169,57.00735853216983,8.185102310047268,84.27100838356624,mango
45.0,120,200,38.06099482,82.24729637,6.234904253,65.70148216,grapes
140.0,24,57,25.881523609290543,93.97345673801844,7.313397608915277,24.52016425301913,muskmelon
0.0,26,24,25.57300788256706,89.649165140302,5.653436729627801,57.21063743168551,mungbean
0.0,145,205,8.825674745,80.96499360206474,7.053454482743915,60.191733208829866,grapes
21.0,113,191,8.825674745,76.94445300645924,6.698407672961052,53.71903998568741,grapes
140.0,19,50,25.41312854567328,97.94651214155049,5.931707039196181,20.21126747,muskmelon
125.0,59,26,9.405158767593862,58.61043583095099,5.027811815969736,54.96876486954953,lentil
93.0,56,42,23.85724032,82.22572988,7.382762603,195.0948311,rice
101.0,87,54,29.07311132,76.50045221,6.376756632999999,100.1692639,banana
21.0,67,5,30.19099369300956,65.3298102255105,3.504752314,50.87405137172277,lentil
62.0,5,46,28.214185311808944,88.67323217775676,6.661660182956084,29.62604342067919,muskmelon
0.0,36,11,24.759772095427124,37.67163512635531,3.998062355776376,88.56542970295709,mango
63.0,62,57,27.20753529001272,94.97271870358018,6.988276949584206,298.5601175,papaya
63.0,35,16,22.02720976,65.35549924,6.272417541,83.73280082,maize
42.0,5,17,34.591039939487146,98.50694777365362,8.219421224179008,93.12484994497612,orange
1.0,135,203,22.77856513,92.70124029,5.624203283,113.7759219,apple
31.0,121,201,23.15791104,90.34396882,5.731535257999999,110.712841,apple
140.0,41,52,24.18835553360676,90.6005348740112,6.994881226894743,81.7657596213575,watermelon
93.0,48,49,8.825674745,81.76123197328474,3.7861474993282456,298.5601175,rice
96.0,103,48,43.67549305,96.1316774114912,6.614529618920582,298.5601175,papaya
45.0,72,50,21.993699209609645,75.15557616319249,4.143025959746352,298.5601175,rice
79.0,42,40,13.159939665601302,82.84500649397462,4.433405757324889,20.21126747,rice
96.0,50,28,17.550161506358698,67.54159231099263,6.196161883028713,64.93087747699153,maize
59.0,47,36,10.176320012970592,87.77494591427555,9.657095340095529,298.5601175,rice
45.0,9,53,28.30459683614052,83.2440268710225,6.790571925014863,20.21126747,muskmelon
21.0,21,8,27.627059940119693,85.32900576733113,8.140686502582103,20.21126747,mungbean
37.0,45,21,8.825674745,22.710051345671587,5.416469568405394,181.44669587695105,kidneybeans
55.0,5,14,8.825674745,84.15273233412461,4.039398281062757,120.70254945109671,orange
89.0,56,12,8.825674745,46.67219709038593,5.904641583059124,88.26035508525811,pigeonpeas
30.0,91,41,22.955143772996035,18.79345425975168,3.504752314,20.21126747,mothbeans
71.0,23,41,26.96483669359328,87.09594443995896,7.845938171055701,125.13272009670472,coconut
122.0,29,46,25.39783300186398,88.50954732763408,8.401137942361213,64.5934223348776,watermelon
93.0,23,47,23.472674389978355,99.98187601,8.499286476239226,115.18323259876348,pomegranate
10.0,11,10,26.53046372590605,82.28635238475191,6.977995885163196,45.22877274570403,mungbean
97.0,53,34,24.502096851226423,79.39486243145775,5.238220326435318,98.66234121503182,banana
26.0,72,22,28.76794904,37.57792132,4.674941549,91.72084869,pigeonpeas
32.0,38,30,19.24291901119421,87.38726124777978,7.148242378378913,45.56645482884144,jute
103.0,70,48,36.78592206241094,78.89451380115491,9.259767413028952,280.78418118963043,rice
139.0,78,35,28.496431214643493,88.50765855334998,8.816260292553265,298.5601175,rice
13.0,44,65,20.446922982292165,83.42540478544353,5.683082361412563,286.90340415820776,papaya
94.0,5,19,27.73446916301416,86.38910325831853,6.126933076755744,20.21126747,coconut
0.0,145,205,21.22503442,90.09877774,5.52078314,113.9760462,apple
45.0,29,32,30.171260177031577,28.58701936370269,4.668277199449927,89.72167292967235,mango
86.0,79,43,28.53034528997103,77.4914020480552,5.025507761591022,142.4967271657687,banana
0.0,31,48,15.586966418401987,90.45909897495696,6.16076744962919,108.9494672792689,pomegranate
60.0,80,8,43.67549305,99.98187601,7.015153896697947,90.46183356177052,pigeonpeas
117.0,38,37,28.34244274897152,75.93479506085298,3.620660878828248,259.2949130862846,jute
17.0,30,36,28.33721991922168,94.92606908811184,6.213743072225011,194.15064311134893,coconut
117.0,30,18,18.688859343867605,85.23173567150899,5.761909638997008,47.83974791799008,cotton
8.0,23,38,19.30106297,87.1775172,7.005410734,105.4766591,pomegranate
14.0,131,198,33.4641162,83.86742974,5.562790949,67.92204319,grapes
140.0,68,58,31.412515769478457,73.7746554374391,6.545252889751548,62.08527546780258,banana
0.0,70,12,14.964604365233416,26.03365514869831,3.504752314,34.560591602242994,mothbeans
26.0,132,200,24.47693704712624,91.54663895964556,5.870748924935673,133.57220558647353,apple
0.0,48,34,22.00305723608021,81.13440724546935,5.677901679819411,61.78304310638149,mungbean
62.0,34,41,32.339930338117625,91.61632590997463,6.714906756662453,20.21126747,muskmelon
45.0,103,5,27.36925090249004,29.90300586267303,5.503007958363591,20.21126747,kidneybeans
87.0,28,30,25.60153969,68.66257977,6.536676653,168.8383605,coffee
44.0,10,42,22.33955522030181,77.48988882314654,7.529174464969438,190.15698341598707,rice
18.0,74,24,23.29556106750244,82.87364672583807,6.324081955891696,44.08643761869365,mungbean
106.0,21,52,28.89578588,94.78993038,6.286515359,23.0362503,muskmelon
78.0,14,21,25.744517109872504,48.6833446550194,8.063575519103775,219.67375857431733,coffee
47.0,108,22,8.825674745,72.29024529075731,4.609093235816834,20.89967410568972,lentil
30.0,17,30,29.562746769649813,55.66340993993372,4.400425774145616,108.28049442168911,mango
18.0,36,9,37.58793024389323,76.08740273143115,9.93509073,126.94775147393824,mothbeans
10.0,5,5,26.94282955152469,88.71745685078105,7.208461899830343,50.00873407384673,mungbean
13.0,5,17,28.242076434112192,88.06720131404266,9.93509073,36.84776568752287,mothbeans
0.0,5,11,25.37460345746286,91.9447700237989,8.47087483559708,44.45778666831842,mungbean
140.0,21,33,26.508450087947946,38.44526324552932,6.731727250662117,176.58162244201412,coffee
77.0,145,205,21.77035730460901,88.77390674634857,6.403167350861832,88.41079019127385,apple
29.0,93,7,8.825674745,50.06137351110176,3.504752314,298.5601175,pigeonpeas
111.0,39,34,17.63187706589361,79.69383103684052,9.53077594800769,298.5601175,rice
12.0,134,205,43.67549305,83.08591612857329,5.3666939104497615,77.43135774585824,grapes
70.0,47,45,19.92149653079,23.92036601461356,9.259684314921987,233.3780140645872,jute
34.0,59,18,23.38002569,21.98879437,5.744117663,87.66898664,kidneybeans
29.0,128,198,8.825674745,85.33980231937402,5.281620695934297,79.6384964428163,grapes
98.0,27,27,24.71384065,51.29142534,7.238109556,197.6439711,coffee
125.0,39,31,25.290555331387203,78.50205381213127,6.048898234211407,74.44956092363688,watermelon
95.0,57,41,23.24925555,73.65346838,6.434610995,184.7674863,jute
126.0,28,60,28.840047161040715,58.89745811670842,6.178608871294252,260.5245582652208,jute
70.0,38,35,24.39736241,79.26861738,7.014063944,164.2697011,jute
40.0,21,39,22.939349951595453,91.31972216620802,8.189128171702087,119.7917735457774,pomegranate
56.0,5,26,24.563137022214125,98.44360677298374,6.6337760175607166,105.12922980581811,coconut
78.0,37,22,25.34217103,63.31801994,6.330554389,74.52082026,maize
45.0,11,38,23.12808226,92.68328358,6.630646082999999,109.3930157,pomegranate
22.0,33,23,30.46735720073279,81.47469548046476,5.954541768900989,50.34317151158574,mungbean
63.0,76,78,17.785915526475584,18.15800361424517,3.504752314,116.65728148820033,chickpea
87.0,76,93,15.960889841692792,15.885400813369984,4.973509492490804,90.17794873253304,chickpea
52.0,13,48,32.49002669971287,99.40448790236876,5.283149260152609,26.92683919958266,muskmelon
83.0,10,53,24.92994759,85.00802358,6.195142279,48.75859458,watermelon
3.0,10,21,9.922075325669024,95.81560984123428,9.302690342357092,102.6640673910587,orange
16.0,80,20,31.24021696,56.67369054,7.3393209289999986,122.0146733,pigeonpeas
0.0,11,18,33.22180208868851,47.415958764797466,3.504752314,107.52011655299074,mothbeans
20.0,61,29,35.68351193182824,55.06782190486269,3.504752314,47.70921973409793,mothbeans
0.0,92,205,8.825674745,79.04377361593761,7.734897920788674,96.5804794755399,grapes
115.0,64,15,28.11227075837318,67.9523805199045,3.504752314,93.55985037980732,cotton
40.0,60,5,30.464762790830434,75.54924841267739,6.354396960149598,64.76384310760342,blackgram
114.0,58,88,18.539100483116325,14.25803981,8.961245687524205,103.74591031733604,chickpea
0.0,120,18,42.07582084855079,80.18369918044012,7.309770277791406,33.8477736363378,blackgram
31.0,57,6,17.476740354539537,86.24316174828903,7.158808607983244,20.21126747,maize
18.0,141,197,26.8320114837722,91.13870159986972,3.504752314,106.88440295307458,apple
104.0,5,52,30.257695205106657,84.39592561574857,6.135968191511733,60.45118057678576,watermelon
51.0,9,12,43.67549305,88.5415065107716,7.463088213950358,91.50522620729,orange
37.0,66,85,20.93175255,18.91295403,6.456148474,78.06910795,chickpea
115.0,31,67,28.568099637219944,88.07630867385716,5.682274692831137,20.902571427243547,muskmelon
40.0,72,77,17.02498456,16.98861173,7.485996067,88.55123143,chickpea
118.0,32,65,28.01421332466028,84.93217708648145,5.95866343882538,53.93881848551774,watermelon
74.0,145,205,20.25685096374505,98.78273004254297,6.928760781167801,140.20090309298917,apple
124.0,29,20,21.39952106753105,91.65880036307618,9.93509073,47.88351236947519,cotton
45.0,58,49,30.10773379,90.34546355,6.827812549,75.24521981,papaya
56.0,33,46,28.512170333588195,25.094849487191155,4.443261589727028,86.0089897462608,coffee
4.0,20,48,29.110289216400872,74.35334455724288,6.64676955224414,122.2415777963133,pomegranate
29.0,67,48,43.67549305,84.66174507435687,6.392418613424611,298.5601175,papaya
49.0,5,29,29.548480477524745,96.61222047275233,6.72524289342636,23.56082036327401,muskmelon
10.0,136,204,21.19852186,92.15595143,6.276198595,105.8554351,apple
98.0,47,37,23.48381344,81.33265073,7.375482851,224.0581164,rice
0.0,56,10,31.22824051487265,70.89463713240931,6.403167350861832,83.36867469349227,blackgram
99.0,70,46,26.59580783,82.99556744,5.727469947,100.5123341,banana
140.0,41,12,24.428475759587148,97.77171790806842,6.048165120201929,41.37797332100955,cotton
107.0,94,33,18.94437670840245,89.53086967489979,6.488358747243234,129.34477646237156,banana
1.0,5,5,43.67549305,88.81711105533789,5.053733769391091,76.91512703715631,orange
32.0,29,35,36.18606233624015,59.90167485808039,7.545362382008792,71.67285124226127,blackgram
67.0,129,85,19.38684921025729,15.482192388095552,8.042385064481106,100.30753453357974,chickpea
0.0,31,51,25.34378459216712,99.98187601,5.089143671666681,104.20049504334696,pomegranate
138.0,77,71,21.63076496798621,91.16880267672724,5.093366948430862,125.72868312601884,banana
4.0,120,202,28.047851067498108,92.30151038481203,6.46075548584327,85.44289265747096,apple
73.0,26,57,25.49158911727429,60.074571933602336,9.93509073,24.284130739627145,mothbeans
93.0,72,48,8.825674745,86.26513095355196,7.676107803902584,117.03990279751476,papaya
0.0,76,12,43.67549305,55.67390808095041,8.21076917502116,85.24954762153487,blackgram
0.0,64,34,34.09995477483716,28.584722037521708,9.93509073,133.74766903705537,mothbeans
82.0,62,26,27.32334998722317,90.1635566833506,6.189138945644441,298.5601175,rice
0.0,12,6,21.64639762411496,97.74206708744636,7.264611242579952,280.4707266470252,coconut
118.0,13,54,24.41311871,89.81574032,6.039584629,44.07843475,watermelon
10.0,37,22,28.7275267,89.12760359,7.069747813999999,58.52974279,mungbean
38.0,34,39,17.88491029824131,79.97990857564555,4.183800541588219,202.93926242957377,rice
17.0,46,19,28.05620538783744,60.64119364798322,6.403167350861832,57.811533371505206,mungbean
0.0,87,48,8.825674745,14.25803981,9.558019668421522,41.43861311542698,chickpea
0.0,42,24,43.59111826026333,64.57165311285493,6.201453018794361,36.61361595800894,lentil
5.0,126,197,12.80000387,81.20876367,6.417500829,67.10439401,grapes
120.0,60,15,22.31871914,83.86129998,7.288377241,65.35747011,cotton
32.0,71,85,20.62767492,14.44008871,6.4039823160000005,92.06630306,chickpea
0.0,23,5,30.943247622754296,59.68513828611455,9.93509073,20.21126747,coffee
34.0,145,201,23.704919734702568,97.4482820806998,4.446293487445249,56.95661103082277,apple
0.0,81,24,22.920528702472748,29.29926341805828,6.629890238536041,298.5601175,kidneybeans
61.0,92,39,26.7888218790048,97.3114839997648,5.702121674202817,74.88696794780076,banana
26.0,83,55,13.630873862784398,14.25803981,6.737647926109151,97.47659412308415,chickpea
19.0,26,24,26.439968054820326,99.98187601,6.403167350861832,298.5601175,coconut
61.0,5,24,23.57967227714931,88.26727202493805,6.175517071800227,136.03929195477397,cotton
0.0,62,5,8.825674745,14.25803981,5.641503872878235,231.49665579781595,kidneybeans
0.0,11,45,23.77359603716859,64.51041413263377,4.967504809346165,20.21126747,watermelon
17.0,5,40,30.651203322986348,99.98187601,7.492369278328429,126.30348365781992,coconut
87.0,136,205,24.930749041621365,94.93934463682538,7.055511099781147,142.10524728306896,apple
35.0,18,26,31.99490489,50.84881347,5.279388967,97.38741498,mango
140.0,67,55,27.171470772913043,64.92611224943123,6.370665573936389,58.63237224728184,banana
0.0,113,205,24.94178740430485,89.6024804228865,6.064355009040281,129.15702229239432,apple
27.0,41,5,22.029802585116133,96.48595384494172,7.263787339415624,117.38487271178258,orange
55.0,72,36,40.49254689233565,66.85422468934011,9.231056369546897,45.91104616943147,mothbeans
4.0,24,43,22.40423537,88.1508343,7.199504273,109.8695196,pomegranate
0.0,5,10,17.162823857776566,89.37376392094865,8.629959501652614,142.23162486953356,orange
117.0,18,64,30.28318654908169,93.68376082572526,5.848480574279426,20.21126747,muskmelon
0.0,145,193,24.81385670942995,90.86540198868424,5.3436245236393285,122.228329327634,apple
65.0,50,62,21.49665873634876,87.14142337508737,7.07639916195133,68.50037924817806,watermelon
102.0,32,67,31.76493005518703,95.05811947163308,9.700899382986735,110.34700633617628,pomegranate
0.0,87,36,27.98476570800512,45.05800670170975,3.504752314,133.95402270279868,mothbeans
0.0,123,18,33.56625379973738,62.18776216392841,6.578252663085007,59.91390588850064,lentil
67.0,43,10,25.49158911727429,66.03331017714993,6.8479115121653615,49.996179659141845,cotton
8.0,5,37,27.43246571835272,96.13608811361055,5.431385549935119,285.6375396336408,coconut
78.0,18,21,38.56735976054858,93.52628115821555,8.823868560731686,94.5517297065537,maize
121.0,31,53,34.60233934086335,91.157775377047,5.655720161252191,32.2109021404625,muskmelon
0.0,112,195,16.90070255055073,94.29996619693556,6.239734497037515,127.7891399028844,apple
0.0,11,5,28.16083480691053,78.71290324120851,5.320545613862437,66.27532288650255,mungbean
66.0,17,19,23.56080792040262,52.812185233438754,3.504752314,93.70812785663756,mango
63.0,58,22,18.25405352,55.28220433,6.204747652999999,63.72358154,maize
1.0,12,30,27.754298,95.94643831,5.56222383,131.09000759999998,coconut
0.0,52,18,26.577421978482388,69.61706035295383,3.504752314,88.92348291933544,mothbeans
89.0,5,34,21.96778470672004,82.49906719500822,5.769853404442144,42.09920534408642,watermelon
0.0,60,29,18.800422656728244,57.78318433437818,5.1090079004212665,66.39304504060152,blackgram
129.0,24,50,18.75119957615413,59.42894893961537,6.403167350861832,202.51370231265176,coffee
0.0,97,17,27.884860767109416,98.35258010317196,5.524292419344658,81.195983137643,mungbean
8.0,26,36,18.78359608,87.4024767,6.804781106,102.5184759,pomegranate
57.0,70,50,26.07164542088313,85.00689317991389,5.6273669557855,124.944016846775,banana
3.0,37,31,18.64859692203128,79.81725261431933,5.165966897358313,55.04621659679269,coconut
119.0,22,61,28.16778458887816,92.34474142737396,6.908616832106084,20.21126747,muskmelon
140.0,5,55,23.18385294905204,93.29547633602634,7.469387603794956,30.53053600495464,muskmelon
0.0,60,34,14.116745679512432,99.98187601,4.970810746496904,97.06640917816608,pomegranate
136.0,42,22,23.636634720386443,75.10258133421463,3.504752314,74.50618495631258,cotton
28.0,5,46,25.76197001770565,93.20235722433632,4.980149051016914,98.78106928054189,pomegranate
98.0,51,49,23.35312908063753,93.59883488036355,5.591281668903742,68.94280869839051,coconut
119.0,83,60,43.67549305,92.2291756010523,6.6443879308410425,20.21126747,papaya
12.0,122,18,19.70817076335893,23.509940233343407,5.1440037472983215,20.21126747,kidneybeans
0.0,70,18,21.245532112021625,18.556294669995665,5.987908395549952,92.15625729468566,kidneybeans
60.0,83,75,13.966147818716944,19.239114201860293,7.317080856620189,95.88749740308587,chickpea
60.0,28,16,20.31114006810239,97.64410371715664,6.286215133731861,20.21126747,coconut
79.0,27,11,22.03659743807483,86.95523068803409,6.151816719676244,121.5150870588166,maize
24.0,85,12,43.67549305,67.20758858145871,5.808502549239678,30.584494301993782,pigeonpeas
0.0,63,17,8.825674745,39.92733739272317,4.328624206861047,274.3069842633721,pigeonpeas
140.0,13,28,25.142618295555508,83.97628087209519,5.9742103432178535,90.81624023140598,cotton
131.0,38,19,23.86814008,75.68339729,6.814341946,90.4547185,cotton
4.0,82,16,13.089033027385211,81.36225227624215,7.070082644167417,298.5601175,pigeonpeas
14.0,26,17,43.67549305,93.12014630521578,3.735039091250069,132.52337901373815,orange
17.0,145,182,8.825674745,80.45834507909407,6.412035830859033,65.822100297764,grapes
45.0,75,73,18.954827719279294,15.295446512269717,3.504752314,89.43563978349212,chickpea
21.0,17,15,23.98289638,91.5473145,7.455991072000001,118.4901697,orange
0.0,15,19,35.107622537199205,54.78735026549595,7.861941522929323,90.17794873253304,mango
0.0,5,5,29.53815142717309,96.3916831867448,8.383291992145804,84.44314093293059,orange
0.0,87,16,33.44858994328634,81.8967014611031,6.340730358768687,72.61368615049727,mungbean
139.0,5,74,32.57683657761636,97.80274271822049,5.144460061847455,24.11705857637798,muskmelon
13.0,9,45,21.562245670864456,57.317814975860834,8.77219528098071,96.55391170104312,mango
84.0,5,19,24.17332765515344,82.23863962687062,7.366904664378194,94.68182503508125,cotton
119.0,83,8,25.344072947304063,73.48851675461817,7.489654388121038,37.97647547101608,cotton
47.0,64,11,17.6369123098155,51.48572101660386,5.144024512231813,90.17794873253304,maize
0.0,89,24,32.39600842589815,23.328940785555925,6.0402798865696266,116.33917173975252,kidneybeans
87.0,74,14,43.67549305,84.21657537758207,7.874539376665707,147.7094827346692,pigeonpeas
73.0,29,14,31.00089236297545,52.60424679960783,9.93509073,48.89820273624357,mothbeans
140.0,40,17,20.725967324240138,73.52870513237102,9.345425763916612,83.69121415299445,cotton
97.0,35,26,24.91461008,53.74144743,6.334610249,166.2549307,coffee
14.0,74,15,27.99990346,65.57653373,6.493036868,49.94043064,lentil
83.0,42,16,28.424816538513223,36.66528461549869,9.452183794357138,116.60875178977898,mothbeans
45.0,46,42,21.58641094170171,55.23488390737122,7.075283542439238,298.5601175,jute
72.0,41,31,23.85416206282618,47.12499128858696,6.325546804030823,53.34958095176566,mothbeans
0.0,96,183,8.825674745,75.57243361279163,6.206469506372222,76.20019212386104,grapes
4.0,46,15,31.01274943,62.40392519,3.504752314,63.77192383,mothbeans
0.0,33,12,10.46012824394946,94.65165509903784,8.041023834262809,101.99919193901044,orange
43.0,134,196,30.18203362726824,79.37780962409796,7.451189444903622,66.34286369394276,grapes
11.0,122,195,12.14190714,83.56812483,5.647202395,69.63122027,grapes
22.0,9,44,24.72235539,88.87651295,5.744361602000001,112.1926517,pomegranate
37.0,86,17,8.825674745,74.27620240981715,5.538231924121472,20.21126747,mothbeans
140.0,7,56,26.57055480873165,86.48559733555412,6.110756954113471,30.51483971290764,muskmelon
30.0,122,197,21.37784654,92.72043743,5.573241391,106.1417017,apple
9.0,98,5,25.49158911727429,92.5965017256269,7.613583348005566,38.6340972697556,lentil
4.0,16,20,33.6383071075344,78.3047121423739,6.041148160604352,141.49244834989128,coconut
75.0,61,78,14.981922348665591,24.19590750549732,9.93509073,68.15708222059232,chickpea
0.0,18,5,25.49158911727429,99.98187601,6.2608569581476665,87.85800183918843,orange
55.0,89,27,24.29748728405169,49.88977332106267,5.797618033953826,70.45336071912588,blackgram
3.0,71,89,25.49158911727429,21.160037567933145,6.708170431496757,69.51771944420705,chickpea
38.0,68,54,29.33710543,90.81781439,6.403167350861832,202.0572747,papaya
39.0,7,29,27.54273211,94.59086121,6.362544111,150.2012138,coconut
44.0,59,78,20.67526473,19.85388984,7.599033472,84.78344008,chickpea
0.0,76,40,23.041966346829064,20.850865907301,5.528833365323576,217.8243138983944,kidneybeans
2.0,38,33,32.38697531,53.2328243,4.691396195,90.21633216,mango
13.0,51,35,25.49158911727429,59.03860784558916,8.648805383050668,92.33009329677516,blackgram
37.0,81,38,21.97653519408331,58.56525561001889,9.93509073,65.1954421557127,lentil
60.0,55,36,26.12797248,80.49172597,7.132389299,150.6326874,jute
30.0,56,84,19.030710123742384,14.25803981,5.2325716532153965,55.116643199368326,chickpea
129.0,60,22,24.58453146,79.12404171,5.947448589,71.94608134,cotton
15.0,115,205,21.552514382370617,96.02674943216007,5.707046407368699,113.81345617016925,apple
45.0,46,25,23.93714603759894,75.28049117636112,4.911001027227508,114.65718209112566,banana
2.0,38,18,27.53632932,89.92908171,6.619891497999999,45.48591922,mungbean
42.0,80,28,36.366057018561406,98.57204467684416,4.718301550804405,20.21126747,maize
85.0,22,53,25.96534238,89.77076659,6.849471704,59.46338556,watermelon
3.0,81,205,20.68997166102184,92.08117443172102,6.436629698601952,155.1060221828867,apple
78.0,68,11,29.149194210727707,99.98187601,7.69726304289097,43.38830947987484,mungbean
39.0,24,39,23.65374106,93.32657504,6.431265737,109.8076178,pomegranate
0.0,24,17,33.76678877924295,93.1659307300869,8.176809289393614,122.5425123510574,orange
140.0,77,26,23.113607771721764,77.5342846704554,6.177685225216834,78.95602036517181,banana
140.0,82,8,22.990267487481,84.78122539399085,8.342735730677024,206.3064173128469,rice
0.0,5,34,14.157757079883847,85.59037509113199,6.406107292958061,114.6785651482024,pomegranate
0.0,52,35,21.50419477265729,29.83972619587832,6.37824353046174,126.67194770481278,kidneybeans
38.0,138,204,25.11108456,83.25447587,6.325480034,73.01026829,grapes
112.0,17,28,27.62975458,61.26002598,6.777417989,196.6492664,coffee
82.0,54,11,17.24402420466287,91.20580435194302,9.93509073,114.92706868629982,orange
0.0,5,15,38.816471076468176,82.97348904095273,5.191219857794117,266.2347969077109,coconut
108.0,14,40,22.027097769100973,81.48322490761664,5.133911311951665,36.19655824021336,watermelon
140.0,8,59,24.196849610531977,99.85601486657016,8.824806079206079,24.169277173709176,muskmelon
83.0,67,46,43.67549305,90.96675292863662,7.083399446383311,276.07948898916106,papaya
0.0,48,33,19.043854041492143,76.65023541994782,5.947427362285804,29.8440360553734,lentil
0.0,120,195,43.67549305,87.15301705928776,5.17199745161029,77.31182729237567,grapes
107.0,38,29,26.65069302,57.56695719,6.403167350861832,145.105065,coffee
0.0,5,10,22.62243980772679,61.43652799475265,6.393458714135578,181.6268306416356,pigeonpeas
5.0,16,31,35.96054636,48.69677802,4.555688532,98.00644238,mango
31.0,140,205,24.16857213292512,83.53771600902087,6.991134053628107,58.57659339182828,grapes
129.0,35,53,34.776150345852535,46.849537866154485,7.251741931054573,109.62512555780124,maize
8.0,5,66,40.84314131542452,81.8958584072707,6.214216424975664,113.79309085819072,pomegranate
114.0,8,50,24.74631269,88.30866319,6.581587932000001,57.95826144,watermelon
19.0,49,43,43.67549305,83.37128290312063,5.922657315815858,261.495993744458,papaya
11.0,14,5,11.50322938,94.8933184,6.946354724,115.56837759999998,orange
0.0,64,7,22.19433571015504,97.45076798370636,3.5536569218624074,109.7351052964794,orange
2.0,143,196,22.71271308,90.45261746,5.669489065,109.8852597,apple
105.0,5,51,30.01460850621008,71.62872645355333,6.642500184335959,44.160500103138425,watermelon
12.0,63,17,18.358923,19.37703396,5.717143397,138.414764,kidneybeans
98.0,35,18,23.79746068,74.82913698,6.252797547999999,91.76337172,maize
49.0,69,82,18.31561493,15.36143547,7.26311855,81.78710463,chickpea
27.0,138,201,23.66682067,93.90191078,5.952367662,105.4004751,apple
31.0,115,201,43.67549305,79.4761273611042,7.775729283103895,71.37440066835292,grapes
0.0,55,22,22.98666928,20.57940608,5.916779289,143.85849380000005,kidneybeans
35.0,12,43,20.573583526114163,87.39754008974829,7.238921131989151,231.1306383832522,papaya
0.0,29,11,31.69984331075897,84.06652734299301,5.028512283382613,121.86468908272208,orange
0.0,66,5,26.03256106753746,54.158967487737975,3.504752314,56.18280636096299,mothbeans
112.0,74,7,26.51602037219904,74.01887271501505,6.297010904161377,20.21126747,cotton
74.0,67,24,8.825674745,85.71921880804408,8.051129850775451,182.0867663883253,rice
41.0,99,23,23.65625340168476,64.95444595289553,7.461927243694544,91.09801442802768,blackgram
108.0,22,47,28.53545677,91.72742702,6.161123579,25.1290048,muskmelon
94.0,104,69,30.65993505537052,95.5861038966742,6.813551688171552,21.36335444031275,muskmelon
70.0,26,51,24.96999581540729,92.3532190968742,6.815420562847451,111.55309704737472,jute
45.0,11,26,43.67549305,56.97094228441231,5.573679281979154,106.48580607352878,mango
29.0,22,43,19.66329768,87.95158129,5.561851831,106.0380805,pomegranate
98.0,145,200,27.510848247849086,90.06597465431227,6.403167350861832,90.17794873253304,apple
64.0,90,40,31.060003121436644,59.34904757322864,7.193846246484591,89.56825077186129,jute
77.0,21,28,18.77687417962024,99.7544303900254,3.504752314,37.346180524061744,cotton
53.0,66,9,26.52654763027548,77.8164033966086,5.97184222752173,56.698042579192325,mungbean
15.0,26,42,23.16451660794181,72.58072344044514,4.910844951783799,101.16745607720868,pomegranate
110.0,97,69,30.80988349995497,79.65281528830688,6.547965982446625,148.82677396085936,banana
125.0,60,17,24.14386157,84.51591287,6.785723961,80.36146974,cotton
47.0,126,205,21.80438432594797,85.42053081324211,5.5716602890320805,88.22450426714481,apple
140.0,20,7,11.855663148915523,99.98187601,3.504752314,118.49130539437532,mothbeans
82.0,68,7,25.49158911727429,49.71776935789848,5.210540639765642,69.15793805849955,blackgram
127.0,77,20,31.548259920159307,60.40161319248943,6.115959798625916,71.48080357893392,blackgram
12.0,19,50,33.69922807552076,99.98187601,6.506539854736271,244.5862036931285,coconut
85.0,100,23,43.67549305,20.5025561991785,5.875311193495429,134.84993234610317,pigeonpeas
0.0,74,56,43.67549305,94.53971381573842,6.805958276360442,90.17794873253304,papaya
47.0,43,29,26.398089322367248,99.98187601,6.293680468852354,91.84134995877406,coconut
61.0,74,29,16.24816246351373,74.29017539565936,9.164610725758498,298.5601175,rice
113.0,38,25,22.00085141,79.47270984,7.388265887999999,90.42224164,cotton
0.0,43,37,22.523720813804783,88.04629342217785,7.366289287460347,105.90195874393343,pomegranate
79.0,5,23,22.59543517187469,67.22380412490266,6.057126236039421,20.21126747,maize
128.0,5,49,24.96072257497802,96.34229826314048,4.943400322522576,20.21126747,muskmelon
35.0,50,43,30.55581785256273,85.2463389958673,5.785370832974691,185.3390854910521,coconut
27.0,5,27,32.51352850118217,92.42837643838318,5.590820501901404,249.3583444269866,coconut
55.0,77,22,31.4345059,62.99303471,7.76061831,64.77651469,blackgram
0.0,145,202,27.489072087015785,95.00699913930023,5.414784159645697,53.30381433593449,apple
68.0,38,61,31.1019575722209,99.98187601,5.33899010903077,22.68844063096011,muskmelon
23.0,81,32,18.38376398855881,30.32052579907549,5.323169007065711,136.7656487719135,kidneybeans
27.0,60,17,26.41768321,63.64698302,7.026795358999999,64.42177127,blackgram
97.0,5,40,26.72432896919779,87.64684982427492,6.753742656816334,31.80536275287441,muskmelon
66.0,76,26,38.55855323681574,78.08553440186937,4.706962794163451,20.21126747,maize
62.0,75,30,24.97861785930796,45.99001693357701,6.640189421298006,76.40579013987819,blackgram
59.0,29,25,33.7419098145142,32.37048743570092,5.028551540195858,92.0658557477642,mango
0.0,84,14,23.273333704521807,84.21932095122091,6.283303465374336,20.21126747,mungbean
83.0,45,21,18.83344471,58.75082029,5.716222912,79.75328959999999,maize
54.0,64,39,10.840894723230203,80.95653765416931,5.296263661768825,298.5601175,rice
12.0,38,41,29.117081124846536,93.62959584373756,5.05499943147683,179.16536167310815,jute
111.0,29,31,26.05968403,52.31098539,6.136286518,161.3432535,coffee
111.0,28,26,27.77363343,64.47858698,6.937352845,192.7121236,coffee
92.0,55,33,24.640698625941305,81.88204491588652,7.0415830041216845,55.24806747904167,maize
40.0,83,27,26.984965750467715,83.84703160378761,5.597314521183505,298.5601175,coconut
112.0,56,40,20.63923741633124,82.19600170202288,5.170413276045753,248.79948224464923,rice
114.0,28,25,28.35564883217463,84.17198714896438,4.702659296521768,238.04555075272145,coffee
14.0,5,36,24.92639065,85.19098079,5.832525853,104.7693804,pomegranate
23.0,73,8,8.825674745,70.40097747669721,6.234957828540701,49.16685223020253,lentil
0.0,108,205,19.72013289887447,95.51323808736252,7.474591535087667,78.48571714094143,apple
0.0,96,5,27.23580221066489,70.40705841129292,8.383070657518179,32.4987563167565,lentil
26.0,5,23,24.045045207951368,41.52143386058144,4.549313863224904,148.5170729092218,coffee
75.0,5,9,16.33367150850562,72.86353589346848,3.504752314,62.02991078556773,mothbeans
88.0,17,52,27.74856135610339,96.27158982646016,6.680359755205584,21.008399467204445,muskmelon
140.0,57,24,26.088085738160288,76.77410676938423,9.93509073,298.5601175,rice
89.0,76,14,22.750452651200348,71.38556303917295,9.192686712197156,81.99856572554445,cotton
53.0,56,14,15.565037058415136,54.07379406418595,9.403015035988956,20.21126747,lentil
2.0,67,18,34.51934775,47.52980027,5.921666758,129.0064612,pigeonpeas
45.0,102,79,14.219551752966524,18.27580126540164,8.761361981030957,89.04657872689981,chickpea
46.0,77,16,43.67549305,83.37115670881978,9.93509073,114.08554438745514,pigeonpeas
69.0,64,61,27.776685976494417,95.4704192410697,6.810775260576049,298.5601175,papaya
16.0,26,5,25.65804495701273,97.48436312108636,7.080263324768938,114.37266527193056,orange
20.0,44,54,32.22740818799981,99.98187601,5.612799658220533,212.44588192853067,jute
95.0,75,45,28.98333432,82.95958244,5.829898502000001,109.022564,banana
48.0,69,76,27.533286210438103,16.180447969985455,9.93509073,100.71503749038224,chickpea
29.0,16,36,19.81069447,88.92944254,5.7403380020000006,102.860084,pomegranate
33.0,50,22,8.825674745,39.76080471887258,6.282846706283861,48.12155116990186,lentil
33.0,14,35,27.14865285,96.66355213,6.027707171,149.2433497,coconut
43.0,5,39,26.217572319171573,89.88487173726558,7.52547072740489,25.0068959138086,muskmelon
45.0,29,26,43.67549305,80.12121854374939,8.593514596795627,133.7369324689341,orange
74.0,46,45,25.75734909,88.36668522,6.025028997000001,189.4263485,jute
4.0,20,41,24.26601316,93.7974061,6.537042717,104.5375109,pomegranate
37.0,40,27,28.41791662966093,43.54035951418624,9.93509073,20.21126747,mothbeans
90.0,82,62,43.67549305,93.21072370327371,7.10310947230857,20.21126747,papaya
140.0,27,28,28.44209857122956,89.5487405493089,6.254523962360207,38.23112040400152,muskmelon
74.0,76,37,23.00617755885024,83.61750991037002,6.619798737615788,130.54294525566985,banana
139.0,68,5,33.98090212402461,79.6336164259243,8.483760974181948,179.44596662491222,cotton
0.0,45,12,38.43500881783659,51.21964348416709,8.878219241141139,51.80107500107764,lentil
0.0,11,5,43.67549305,90.66816290340034,4.569049043986082,142.43435663719342,orange
69.0,55,38,22.70883798,82.63941394,5.70080568,271.3248604,rice
0.0,50,29,29.99882096576525,83.26195377910874,7.097985491285379,33.217865138303566,mungbean
0.0,131,25,20.42364147709417,62.72194442929051,6.745637890624605,51.38881374948968,lentil
0.0,48,13,43.67549305,68.01294034243092,8.554217182673753,58.81894530008506,blackgram
0.0,5,8,28.40682818397608,93.46499439846788,7.928723722396914,86.91394506235021,orange
45.0,12,7,20.18432263,90.65458473,6.969249676,116.8130969,orange
26.0,32,32,30.91471455,49.92963856,6.810186079,90.14047759,mango
27.0,56,20,19.25975367,20.51346956,5.542690119,94.9533526,kidneybeans
61.0,41,35,24.97178693,79.47557931,6.842966478999998,195.7571622,jute
51.0,76,21,20.380398070034538,64.01857476898348,7.911346460078578,43.29241067270124,blackgram
5.0,141,191,8.825674745,78.80190464412335,4.280354081054518,53.23993007327677,grapes
140.0,34,18,21.56742206211289,53.71550234853605,3.504752314,55.24438602455327,maize
67.0,81,19,28.72684659944188,69.07634695885147,9.496350185136832,67.36546945706806,blackgram
31.0,132,195,24.455709535434483,99.98187601,7.71805367060306,120.74708785150943,apple
84.0,18,46,27.08808014,93.42402083,6.781050372999999,25.32159689,muskmelon
93.0,51,32,43.67549305,81.1544852295215,9.93509073,297.68293204205924,pigeonpeas
1.0,113,19,37.585214615099545,72.2220219681922,8.901063358727676,50.80450944371836,blackgram
0.0,59,23,21.792193151660737,83.80933212643949,5.592092016760174,20.21126747,coconut
100.0,98,28,9.115334771830188,99.98187601,7.10249755483001,167.59414539497303,pigeonpeas
0.0,92,82,21.127228869439527,19.269159355383355,5.789830070738642,98.18870345444998,chickpea
83.0,112,44,28.238667860229544,78.40028729328556,6.757940424922017,103.56113416415826,banana
53.0,72,57,43.67549305,94.2991217062406,7.038282230227253,298.5601175,papaya
11.0,36,31,27.92063282,51.77965917,6.47544932,100.2585673,mango
31.0,6,26,29.12859129,91.30924833,5.741367375,157.2388553,coconut
0.0,52,9,20.265622571695715,56.57265674731922,3.504752314,20.21126747,mothbeans
39.0,20,22,18.972389897906226,83.76256126011691,3.8609024778205785,106.81455242444542,pomegranate
18.0,27,51,43.67549305,94.61127915861712,6.209037539245599,298.5601175,papaya
69.0,75,60,25.49007073420008,92.85579018205584,6.254493372814315,80.89557813924746,papaya
44.0,5,33,29.82849061614734,51.912327142853485,5.921311193853868,89.7998519220602,mango
81.0,27,42,26.64353161130552,30.761282638514984,3.504752314,102.65204784840384,coffee
77.0,40,17,23.2451368288489,71.70365617602266,9.547788676230798,20.21126747,cotton
47.0,64,60,19.592736009554667,72.51068501829538,9.005018214301604,161.77192483444264,jute
72.0,14,48,22.50055147324546,71.65411712241352,6.524379543041964,40.45483077599216,watermelon
0.0,68,12,43.67549305,50.70570433694718,6.403167350861832,112.49653865399814,pigeonpeas
10.0,24,27,27.57283516,94.90485697,5.7084096010000005,145.9298935,coconut
12.0,145,205,23.01237860709914,93.17933662069515,3.9181574559912766,125.46034822031156,apple
43.0,87,5,43.67549305,99.98187601,4.555671117889371,125.91937450040662,pigeonpeas
54.0,5,22,27.66025073688165,99.98187601,5.803531469178043,247.90054445037424,coconut
10.0,110,28,28.4959148112209,79.43100821374217,8.877962857830848,20.21126747,lentil
72.0,61,59,24.76189980242721,80.93757398044947,6.898663462206674,56.50638238550468,watermelon
61.0,5,18,19.764952853213497,75.84568185861653,3.504752314,298.5601175,rice
17.0,64,17,21.02213209,24.93896255,5.662699104,124.6118471,kidneybeans
9.0,8,15,14.34320488,94.35734702,7.994465371,110.22231229999998,orange
46.0,62,44,12.732165368319812,99.98187601,6.061065562566755,71.08990318820616,papaya
38.0,19,64,13.033633695808383,90.92063900049918,9.403975513378548,272.80696637956123,rice
39.0,54,19,32.80034891935575,55.36852086715519,9.93509073,145.24297634064055,mothbeans
140.0,6,50,23.50202081323416,99.98187601,6.326139730725815,28.80393987213452,muskmelon
138.0,9,57,25.37211018597233,99.98187601,6.519397179023041,67.20569471515418,watermelon
17.0,11,32,28.74013335,93.39676499,5.620733794,156.76508230000005,coconut
59.0,126,187,25.858362383026456,91.44835353553133,6.526706536900968,124.31777354045497,apple
23.0,72,84,19.02061277,17.13159126,6.920251378,79.92698081,chickpea
65.0,5,5,43.67549305,92.9356547837952,6.031689130505618,124.1883831999998,orange
12.0,5,40,27.433953076388786,99.98187601,4.7942763912629305,180.91132187940084,coconut
0.0,67,205,8.825674745,81.08794477782125,6.791345410830074,70.02589023119056,grapes
0.0,48,20,10.800881689599931,19.15856907064984,6.034116216778958,185.7204102923072,kidneybeans
89.0,90,49,31.176066260756983,80.54773671240082,5.350270943954753,89.53791059617922,banana
0.0,49,25,21.71999548732158,98.16943301720484,8.927736124632283,38.0040338331708,mungbean
37.0,72,18,18.87614998,24.54038287,5.724242065,105.4120514,kidneybeans
41.0,5,44,28.452675467891595,95.82376047902014,6.246048727597747,20.21126747,coconut
26.0,18,42,19.72620525,89.64934166,6.910374919,108.22872759999998,pomegranate
70.0,50,53,37.4620912,90.44967809,6.933809742999999,172.3458448,papaya
21.0,5,7,25.49158911727429,95.10457147939844,8.146851600567448,99.23762035736333,orange
89.0,5,26,8.825674745,77.84241005383491,6.567004410958944,109.91150425231643,pomegranate
3.0,26,39,24.38318965,91.19431555,7.079973241,103.6012114,pomegranate
67.0,81,49,27.998519960882582,68.81781365700776,4.916212630792779,226.1299799133736,jute
72.0,54,50,16.228686222315137,87.51221136245428,5.642813396517886,20.21126747,papaya
0.0,40,19,25.32521031438024,84.99996596111845,7.36799465175164,156.57891669151866,maize
43.0,53,10,43.67549305,90.60953396079012,7.078836165430523,133.38687236210535,pigeonpeas
22.0,86,30,22.012415518475944,14.25803981,5.713280172045411,236.4537021305619,kidneybeans
19.0,76,26,30.01064635777954,99.98187601,4.213278622633371,20.21126747,pigeonpeas
6.0,123,24,21.66259919008381,55.09338595429527,6.058228556341546,87.30961768928537,pigeonpeas
10.0,47,24,38.4331591467161,61.15717807774175,5.764181088115883,54.03210490706811,lentil
0.0,39,22,20.1616222093974,75.23675084723047,6.698075601330255,53.34600784062525,blackgram
2.0,61,24,23.09126148376702,14.25803981,3.504752314,97.6784384085182,pigeonpeas
140.0,36,16,25.62410908003186,81.65589636942799,5.503645959412631,170.18464816677317,cotton
23.0,105,24,8.825674745,59.86570856660399,8.842568796681615,73.62614463767645,blackgram
89.0,41,47,30.01245684108165,92.2191394975714,6.737309797747673,28.19482007756871,muskmelon
109.0,96,11,18.356618500555967,65.67260552457846,6.403167350861832,39.566825651187024,lentil
0.0,103,33,28.76596189487377,15.623051421186997,5.8779511991982645,67.63827617553781,kidneybeans
88.0,68,21,30.73927186663581,62.938884107762,7.442968104631387,73.51878097838448,blackgram
49.0,42,33,9.3412439037971,98.63958606047746,7.056665255778474,298.5601175,papaya
81.0,17,22,16.87959108190163,76.3695317292808,6.957029730973665,231.6750813973174,rice
89.0,5,28,29.29720148645132,82.33408231487218,7.083210761946996,31.72604108662829,muskmelon
37.0,43,79,22.333364989975017,15.448452553672045,6.403167350861832,69.73746384566718,chickpea
18.0,101,5,8.825674745,14.25803981,6.97386123066594,298.5601175,pigeonpeas
118.0,21,51,24.42998931,86.33904774,6.678805092,48.58241822,watermelon
43.0,145,205,8.825674745,84.66925545368665,7.545542377820464,48.75705659649064,grapes
81.0,54,86,33.11598533280542,89.96680995196621,6.91789075816007,20.21126747,muskmelon
23.0,43,25,14.28353359335873,30.99432759119096,5.3259836558673,147.46238955879306,kidneybeans
140.0,47,57,19.26268285599332,78.55619136169072,7.847732342860788,185.0556629298076,rice
0.0,66,27,20.43300687363312,82.91783934079317,7.255310583582316,123.15288586485318,jute
15.0,16,10,29.026314912451127,76.80063365654905,7.0891741556774965,90.46655432453554,blackgram
60.0,57,24,18.66116213,61.55327249,6.1212940410000005,75.03247667,maize
0.0,63,15,15.959439162248527,19.27879182871622,8.622851924476405,211.20588556416217,pigeonpeas
10.0,79,20,24.98287462,66.895409,6.379881442,38.21370568,lentil
140.0,62,59,43.67549305,89.23302301854922,7.204523401950731,20.21126747,papaya
80.0,23,22,23.09742037821631,86.18429431726824,7.429793606580804,90.55860875994344,cotton
0.0,59,16,13.661549405273377,77.00791862858502,3.504752314,20.21126747,pigeonpeas
18.0,30,29,26.762749300000007,92.86056895,6.4200187170000005,224.5903664,coconut
0.0,24,30,10.07080966047864,99.58398752528818,6.54693502566184,99.17745775109827,pomegranate
140.0,108,30,22.0117455650549,95.11633454953416,6.1432775563450965,192.2119531491732,jute
91.0,19,60,33.084704498980344,99.98187601,6.426175503999941,109.62760106664138,papaya
109.0,36,18,25.40059227,76.53237965,7.524707577,62.51388670000001,cotton
25.0,53,49,31.342947766825013,92.84619222023306,6.403167350861832,20.21126747,papaya
111.0,26,24,43.67549305,96.91587993474576,6.307873763399932,142.10406925458767,orange
56.0,21,31,25.30238026125187,75.32985528257193,7.499787479793581,120.57058213012752,cotton
102.0,52,9,25.94046729042487,87.26772463336393,5.143947696473548,59.499810934091,cotton
140.0,62,15,21.838753988883333,73.95646863515869,9.93509073,48.12149526838454,cotton
29.0,35,28,28.347161100000005,53.53903102,6.9674177660000005,90.40260445,mango
29.0,52,24,43.67549305,83.64372891890622,7.61520018774324,111.1190244177402,orange
83.0,9,45,25.85483596,89.13163965,6.049609892,46.85176955,watermelon
72.0,18,21,8.825674745,83.36619768706467,8.815385697960355,90.11729759818296,orange
140.0,5,13,19.837888010843105,90.21696018620136,6.250559981880023,128.6866245844805,cotton
24.0,17,39,28.36845180815675,62.65725757349838,3.504752314,20.21126747,maize
0.0,76,10,16.423940182048042,34.08078309101377,6.04154634950287,29.483093189638254,kidneybeans
117.0,5,54,28.85462650802358,83.5324806692409,5.158298956526484,89.32617395709957,watermelon
109.0,12,48,29.45771748,92.12534736,6.708743843,20.76212031,muskmelon
58.0,27,31,19.315719350480407,99.98187601,6.958431428887425,153.53721239766966,jute
63.0,5,34,26.9760523391274,87.30526290577187,4.554531909669534,23.5274227106164,muskmelon
45.0,69,76,29.07351925639416,71.09943802113736,6.196692313998286,41.0998842726722,banana
45.0,38,7,23.645612349508024,83.49366780985262,3.504752314,20.21126747,mothbeans
21.0,5,60,27.81848832014868,97.0344060471277,7.1975507522531394,110.99718824741258,pomegranate
41.0,48,22,27.59812015244732,89.00940940613752,8.142244794548152,20.21126747,mungbean
139.0,56,33,24.453479857221065,40.75582582143004,6.259170844463204,213.52487827110008,coffee
22.0,57,33,43.67549305,91.85979695457016,6.438862809104404,67.03620091764496,papaya
38.0,31,16,32.58873162632978,76.53597804147131,9.559903041785535,58.433408099569206,maize
40.0,49,73,21.66209436757645,14.25803981,9.665015394173714,29.831835614553007,chickpea
0.0,145,185,22.908016246185603,88.80312470494518,4.000352906406006,105.78217334173638,apple
20.0,25,23,27.58514709319994,96.65235428317176,3.504752314,20.21126747,mothbeans
58.0,5,14,27.165194471548894,80.51174105532229,4.862022081176584,132.93635324664118,coconut
37.0,139,205,25.425109145655885,99.98187601,5.808005373976756,101.63729734271575,apple
26.0,35,31,33.44619894,53.05980465,5.339556562,98.05089394,mango
70.0,43,40,24.35564134,88.80391021,6.176860192,169.11680280000004,jute
87.0,48,25,18.65396672,61.37879671,6.656730007999999,93.62039175,maize
46.0,77,29,25.313495812174533,99.98187601,7.993596839112453,76.50817264224403,jute
44.0,75,22,30.0328403,64.14800537,7.574561547,71.21006868,blackgram
113.0,28,48,28.87726019,92.48839665,6.170520517999999,24.44267592,muskmelon
32.0,20,35,26.52166434,98.38227669,5.588655387,144.6261698,coconut
82.0,19,63,8.825674745,14.25803981,9.441099596112965,78.81657737270712,chickpea
44.0,80,32,31.38804695587993,83.68481173358785,7.399435941125722,62.360038324136525,mungbean
30.0,75,25,30.33276599,42.35249879,6.446091759,149.299952,pigeonpeas
96.0,74,36,8.825674745,71.75220529047053,5.704809967533336,200.50899302099185,rice
2.0,89,25,32.31098486192267,39.580336400056304,4.330546876595848,268.8780142212429,pigeonpeas
59.0,97,32,33.995437248863496,46.30436470450263,5.184084736724972,20.21126747,lentil
57.0,65,26,36.41014207752043,65.09476292844235,9.808062016511675,54.16551258891063,lentil
83.0,11,53,29.54097171,92.91778307,6.163921247999999,21.9653077,muskmelon
28.0,66,23,21.53989176,24.25386207,5.99616119,120.6913038,kidneybeans
87.0,5,22,23.941259247994665,14.25803981,3.504752314,47.75130261594341,mothbeans
48.0,62,15,25.36586097,66.6379724,7.538631462000001,65.81655892,blackgram
93.0,25,36,21.85276421630848,60.291935658772864,7.810545775498843,90.17794873253304,coffee
6.0,91,104,26.8275007890462,23.470046615846368,5.853822038136789,124.93425610846766,chickpea
26.0,77,30,37.90638649829182,55.27196017511392,4.122636262292479,31.82343476640888,pigeonpeas
0.0,43,32,8.825674745,99.98187601,4.314789609840463,157.8835733525671,pigeonpeas
31.0,64,40,37.8120602700466,76.50860869081149,8.834268922227812,81.57283996659149,mango
24.0,39,15,28.918649573932832,77.89155231125278,6.84272047042166,32.25689346708652,mungbean
102.0,28,54,25.15623099,80.27525115,6.862157042000001,55.49541453,watermelon
40.0,58,15,29.46416042,87.60890009,6.978400282000001,43.15411472,mungbean
114.0,8,52,29.34081108,94.5513539,6.419083092,28.22908103,muskmelon
36.0,94,54,43.67549305,89.71147116089499,6.411857135125285,20.21126747,papaya
20.0,97,198,43.67549305,87.77209822156208,4.612977776499826,68.50940258167265,grapes
119.0,28,51,17.812630847284048,86.26244734513408,7.508704329024436,298.5601175,rice
97.0,145,186,25.504129422260924,89.17138401571907,5.948574305399628,113.77981098730368,apple
19.0,20,14,8.825674745,90.11829727893137,5.911439264061156,105.14879374439488,orange
78.0,80,57,26.962437658028563,95.46666848957658,7.660714343145682,298.5601175,papaya
88.0,117,198,41.023167715909565,79.80162155040404,6.943859270608404,77.61860885549417,grapes
89.0,48,6,31.647609443228934,76.38629299055374,7.775216185942217,60.97510750543618,blackgram
48.0,63,23,22.081634837148783,85.41670597445129,6.457820675645772,162.84913111847894,jute
92.0,5,46,27.08491444852085,86.95172857028918,5.980538252892328,20.21126747,muskmelon
7.0,15,29,20.90956255423382,76.9636892534634,6.161115810828959,116.2802379512644,pomegranate
45.0,31,40,43.67549305,80.45513736546619,5.895902349223546,254.6090773640788,papaya
82.0,5,53,28.03605691781067,99.98187601,6.673283355931812,32.49928373923306,muskmelon
45.0,5,16,43.67549305,87.98128054705482,6.3826855323822524,135.57194777681272,orange
62.0,42,36,22.78133816,82.06719137,6.430010215,248.7183228,rice
0.0,63,17,22.49693673584776,14.25803981,3.504752314,114.7987739945794,pigeonpeas
38.0,49,28,26.614540913686223,60.716561709521685,6.680302268650808,20.21126747,maize
122.0,34,61,30.804289760313804,98.57748563836292,6.150596547300276,44.2413343934263,muskmelon
55.0,29,42,25.96460796471909,77.72420969857471,5.957056788486035,40.94490512974867,watermelon
87.0,86,46,25.94479332014064,95.49076224373138,5.065598154380571,86.62820492384118,banana
71.0,21,50,17.91601597264225,96.89501417868432,7.483912368187287,118.25572655931435,pomegranate
0.0,77,10,26.09742669011984,87.58816185243519,9.728963024922226,244.12638433836912,pigeonpeas
83.0,12,53,24.863351366258435,88.76677931141879,8.431236446380677,71.95551839981374,watermelon
40.0,7,49,26.276399824014447,57.20487257332667,3.504752314,106.96425345783511,mango
140.0,14,57,25.59642129953753,94.72223463579404,6.043489671569021,27.34216027338825,muskmelon
80.0,40,42,25.60797703736332,92.43961327564048,7.441185518103669,103.40324995001016,pomegranate
23.0,63,20,25.26974862728241,38.01622756603718,8.663377550767915,80.91908190523465,mango
6.0,76,184,12.518266767397373,76.34292022671853,4.679524966493615,89.152974348067,grapes
28.0,30,15,30.981588661033097,85.65890367321161,5.626955020918064,43.17156199355596,mungbean
76.0,145,204,8.825674745,82.7698990879868,6.513698543167172,81.8079936922376,grapes
8.0,46,39,43.67549305,24.45812699172779,4.961918463631745,90.17794873253304,pigeonpeas
68.0,43,35,42.67189974970707,35.43843205086283,9.93509073,45.695013700056016,mothbeans
80.0,47,41,15.7828249044652,84.49967146881269,9.70528660850072,298.5601175,rice
34.0,15,34,36.62286628706073,84.06425590853398,6.848109650805824,286.0234052414923,coconut
134.0,52,18,23.9643129,76.59175937,7.994679507000001,76.13090645,cotton
39.0,26,47,18.688351657337847,99.98187601,4.200524011425976,101.39986310764908,pomegranate
62.0,85,21,8.825674745,94.01130764762674,6.367697592578743,273.8331705356228,pigeonpeas
31.0,70,38,29.46331223749228,74.10532158284279,5.4810531816211485,82.4836368405077,rice
84.0,79,15,14.75605029346649,82.2195198703314,7.538450302577716,48.37429859535566,maize
28.0,75,21,24.7741949,50.54621094,6.007508163,114.2821387,pigeonpeas
113.0,62,26,31.172729130946934,99.98187601,4.127091847866755,252.50834961442192,pigeonpeas
0.0,72,33,18.15606716992037,26.03923139260612,6.156961776169136,129.78841403920865,kidneybeans
28.0,129,45,25.16458024004157,82.018584826602,5.656277758548331,179.32022818905838,jute
105.0,11,29,18.123662346663053,84.91819449200777,6.629430547414178,278.7895243033696,coffee
138.0,103,39,25.49158911727429,67.45132558240216,6.724821769434846,138.11313573407256,banana
60.0,44,23,24.7947077,70.04556743,5.722579819,76.72860067,maize
45.0,89,205,22.67966100972057,87.75735516573745,5.924537052492458,115.50809854549072,apple
82.0,9,28,17.22686110422501,38.91660635480254,6.09724750306211,20.21126747,maize
81.0,18,50,26.44019475,80.91934337,6.507110986,47.81847573,watermelon
11.0,70,76,22.7898794453341,14.25803981,3.588656699936926,89.66095992698088,chickpea
94.0,5,46,20.87200516904635,92.91751009955932,5.5877316275701325,61.69604453582418,watermelon
67.0,78,16,36.690807446992025,72.77972185474543,5.342567655604448,49.37391107294382,lentil
75.0,65,31,29.39314815160126,77.17755323701367,3.504752314,237.14209133384648,rice
104.0,17,18,21.50643839208816,72.27095887323796,9.93509073,83.12603084913498,cotton
4.0,40,26,27.58258929,48.56916221,6.720041791,95.8445641,mango
82.0,23,20,27.515609973184063,35.720767483946325,8.83304404902605,102.9750227690999,mango
53.0,55,55,33.32315744,91.25271223,6.709668804,234.496633,papaya
26.0,5,12,43.67549305,90.53461706854992,8.460193480857779,94.57088693977154,orange
106.0,49,33,25.81032144183445,58.61175177344701,5.852740590854123,81.78003219635936,cotton
4.0,108,11,35.22282612054139,71.02217600491288,3.504752314,104.98823463568824,mothbeans
25.0,64,20,33.15122581,32.45974539,4.807776748999999,105.03802749999998,pigeonpeas
45.0,41,16,8.825674745,15.814637419315137,5.569832331726935,107.49742376698784,kidneybeans
0.0,35,22,25.275036080774928,99.98187601,7.969084442748315,49.222883414146985,mungbean
22.0,26,38,22.92052307,85.12912161,6.988035315,110.2437841,pomegranate
0.0,66,19,21.39445429942937,59.45861075165424,7.20957169194381,65.41762406519123,lentil
129.0,38,10,26.648261902362307,82.46737638940708,6.403167350861832,20.21126747,cotton
0.0,70,22,18.96394590868056,46.7187257772456,4.139191197065599,97.906464095246,mango
45.0,42,18,34.168808839371856,21.89806892822953,5.614232409241262,20.21126747,kidneybeans
5.0,62,24,8.825674745,18.94159168658638,5.150506535161237,298.5601175,kidneybeans
8.0,59,18,29.50523036,35.72032498,6.216814453,187.8961851,pigeonpeas
60.0,23,37,29.76045173270948,88.68794401876963,4.770856188712138,53.98680376595949,maize
11.0,5,28,33.134605866842335,80.72684466555593,4.02090200287489,20.21126747,coconut
124.0,65,35,30.605212049480105,99.98187601,8.65882512991977,230.57912530019243,rice
53.0,65,24,17.04848462641203,19.12944179490416,6.657425729619259,192.97168024941965,kidneybeans
0.0,5,38,19.68174190547273,96.1384386142257,3.504752314,96.79294411171271,pomegranate
0.0,88,24,43.67549305,57.95014874069014,3.929619566172063,42.862387608892746,lentil
116.0,52,19,22.94276687,75.37170612,6.114525877,67.08022574,cotton
95.0,38,22,19.84939404,61.24500053,5.730617109,100.7689246,maize
140.0,46,38,19.90729690879312,35.243336650673754,4.229737998284067,20.21126747,coffee
112.0,87,48,25.49158911727429,77.39706290000002,6.403167350861832,99.46950465,banana
30.0,83,8,16.21394440466869,33.28950177072977,5.336244333473276,130.5505255429275,kidneybeans
47.0,42,37,26.06606731417414,81.708836823503,6.668685689096358,24.68443986472394,mungbean
20.0,8,12,25.2990432,94.96419851,7.260416405,117.9733424,orange
30.0,5,17,17.104748944843866,81.09952377632155,5.599649388339663,75.9383657431822,maize
56.0,76,62,43.67549305,98.37970349679765,6.479700880173533,20.21126747,papaya
42.0,59,6,8.825674745,58.95958715780411,6.598759335444259,78.06667457785522,lentil
66.0,145,204,21.260830552565825,86.39734355324057,3.522028969119107,73.92773211469074,apple
18.0,31,37,15.693043289668893,56.03961545954729,6.468534092858106,98.32275557690198,mango
33.0,42,13,34.30899304018132,79.98811965470597,4.979857229474201,298.5601175,pigeonpeas
140.0,5,5,12.00018965147956,89.28764860678082,9.752916061023084,102.6664003148312,orange
47.0,70,14,12.432736252897968,55.677345456140856,6.684881042867502,31.4532549960638,lentil
56.0,58,49,37.13165026,94.60761797,6.69215564,172.47880619999995,papaya
105.0,5,50,27.48278550777612,97.08863232450112,8.065235609172666,20.21126747,muskmelon
29.0,59,37,33.819830932666086,89.70226330646636,4.569793160676447,87.70160148095853,coconut
43.0,71,29,25.62276335374658,61.315432185087865,7.545149241193895,55.1347698837272,lentil
47.0,102,37,27.793425456815065,60.44706186919166,6.07171923417112,70.58346462630598,blackgram
60.0,76,63,35.721107838974426,82.55475417267574,9.93509073,298.5601175,rice
35.0,55,22,30.88883074,52.62696801,8.634929739,55.51932414,mothbeans
95.0,63,33,26.52513932406112,77.11615604042754,8.056260128788509,260.1609680445099,rice
126.0,86,54,21.85349471549068,76.09729379208883,5.156050263659439,127.52104727901884,banana
101.0,57,41,27.897760184329783,80.3697101890105,6.403167350861832,298.5601175,rice
40.0,5,12,38.261190282738085,93.45273788481308,5.476180112698354,109.9111552375534,orange
3.0,38,16,43.67549305,45.86322247095056,3.504752314,20.21126747,pigeonpeas
45.0,73,79,17.25769499,18.74943955,7.840339388999999,94.00287214,chickpea
41.0,5,15,43.67549305,91.0561075579924,8.895286261094562,99.82572435634918,orange
127.0,58,18,25.49158911727429,58.913189697468,4.181251593732263,20.21126747,maize
0.0,45,35,43.67549305,90.13247921134707,6.715148398190913,298.5601175,papaya
35.0,5,39,25.27024858163888,93.74174154419076,5.285258898904681,30.994327423041057,coconut
34.0,39,30,10.152137319943536,58.63008949434119,4.251054324054534,38.00066799558415,lentil
140.0,5,55,22.86681523421856,77.65201335133608,8.676416732902654,79.74933250126614,watermelon
18.0,73,87,16.37330908964315,14.25803981,3.504752314,74.02482542958886,chickpea
96.0,19,38,33.605256694464686,92.6990947504855,6.73647567389282,20.98251100015168,muskmelon
45.0,144,198,21.11478672,90.31528693,5.559363609,104.5086618,apple
55.0,56,59,43.67549305,95.25635650956738,6.66723271194768,20.21126747,papaya
9.0,16,39,18.41164435,91.11927248,6.101198974,105.1834976,pomegranate
81.0,34,27,28.78637109827837,96.71267281225953,6.962362654419591,104.7326597195188,orange
0.0,76,19,35.083023278391146,45.4069457841951,4.767825431277504,90.17794873253304,mango
114.0,27,35,22.09812734996031,67.87792873141204,7.821660888326398,90.17794873253304,coffee
9.0,35,20,27.41503453,80.98004661,6.91380932,40.53173216,mungbean
103.0,66,89,19.000736275667524,21.58963937325599,9.025744321423929,75.94099569860114,chickpea
45.0,122,205,22.34147721525799,75.42314479448792,7.315888951239938,74.74242642028312,grapes
0.0,145,201,8.825674745,83.52624854447002,6.621588367120234,67.15587567650998,grapes
0.0,22,27,26.06987200276997,48.66417631163881,5.803670688152426,92.62005650325776,mango
33.0,81,191,19.40566683661893,89.76742351885765,4.365062042521418,171.44344626816903,apple
0.0,84,37,19.091656635438746,19.71977981933009,6.082228689591822,49.244452483014136,kidneybeans
0.0,105,10,26.62960684374158,66.58873057451709,4.094240226322992,27.78427515861118,lentil
74.0,5,31,42.88782118196914,68.1531246622767,6.622823700743553,93.49053867737813,mango
58.0,131,190,27.35850675486448,81.64128502671586,6.498197548585537,104.78727410678572,apple
0.0,57,73,16.721544919041072,26.02087859325001,9.93509073,67.52185547332161,chickpea
19.0,39,17,29.2808618,81.8009244,6.890156495,44.47427436,mungbean
24.0,42,23,28.22471276,82.35916228,6.428054409,44.01206619,mungbean
36.0,39,35,31.00690601141925,73.23419345143037,7.916050852996264,76.62010265363699,mango
0.0,29,23,8.825674745,92.16358903058062,6.209826805447964,125.3955407817537,orange
106.0,89,16,27.51397208045831,73.75799304523494,9.39013066288027,59.90438369819207,blackgram
48.0,19,11,27.121777774596257,54.7148059618928,7.001395732805306,20.21126747,maize
5.0,8,27,25.831106272782,89.9969242941312,8.138086368807054,168.90488932503493,coconut
37.0,5,34,25.79490531,93.84150618,5.779032666,152.42387119999995,coconut
35.0,57,83,19.48316794,17.44534641,7.476800943,80.4986291,chickpea
59.0,69,80,19.07937684,17.86754927,8.165359297,69.40619137,chickpea
40.0,17,59,20.55979298833932,81.58430202834379,9.93509073,130.72238849081072,rice
117.0,38,19,28.613067286448626,64.05668881364195,7.065814015612513,145.75031506469293,cotton
140.0,92,47,25.49158911727429,85.68433235943662,6.351700112995244,79.41669653818938,banana
0.0,100,61,12.535801085112077,15.164427406713418,9.93509073,85.02519680144061,chickpea
140.0,30,52,25.49158911727429,70.75346897917072,6.823843400903099,51.82085936412936,watermelon
140.0,140,189,8.825674745,73.95705306924621,8.594718841575567,90.17794873253304,grapes
38.0,145,200,24.619929507967363,99.98187601,5.696563222326028,123.92507098573252,apple
30.0,76,10,10.03632756115648,18.01532356165708,6.403167350861832,116.43037515322148,kidneybeans
0.0,23,13,34.74071580760089,79.89371570482301,6.638806249008399,53.21434487216338,mungbean
111.0,23,30,23.50533515304207,87.5766199160378,9.93509073,98.30566221595078,cotton
0.0,137,205,22.345772377592567,85.27946547777603,6.6033712520731225,65.61039375484097,grapes
102.0,65,29,23.235181237654952,73.91750110786123,8.280597286170227,20.21126747,maize
97.0,5,29,19.516820382349984,92.03440240850736,5.346858994644981,206.2745235024396,rice
86.0,66,44,25.111988296398163,83.13963528527482,4.91680150032885,298.5601175,jute
20.0,72,15,36.00415838,56.01334416,7.313517308,134.8596466,pigeonpeas
26.0,141,205,23.81405191040196,92.37964194248472,5.420284967559146,133.23094445411337,apple
39.0,38,33,28.475573195971272,76.11291667994156,7.685021345046206,46.51393972220433,mungbean
94.0,53,40,20.27774362,82.89408619,5.718627177999999,241.9741949,rice
57.0,39,16,26.42212451714663,54.42331937801547,6.204348304679607,73.18292336189808,lentil
57.0,5,43,31.406106348807707,86.10055170769289,6.272772695604923,116.81873712706782,pomegranate
4.0,26,48,14.127899319014094,92.70025796727457,5.586951896523401,99.45886524692256,pomegranate
31.0,26,53,28.280858171505912,73.44673375556437,7.241244076812978,243.0784964413081,jute
0.0,145,181,27.44199961216109,99.98187601,5.0367429513647295,101.2300885030323,apple
103.0,55,43,19.0536011804285,87.34817738370982,5.281723468782206,100.5731856894866,maize
48.0,55,27,34.32176537231042,74.69345026717133,5.526887705276232,184.9482633133884,rice
0.0,80,195,21.86796926927539,85.67499606326726,6.8504340021784,111.22699297514468,apple
29.0,132,204,23.08950736,90.22507299,6.0967531,108.2166601,apple
90.0,5,40,43.67549305,63.9013084710274,3.504752314,93.55776697690688,mango
0.0,5,37,24.99175024413607,78.33124200154589,4.433281394149752,20.21126747,coconut
32.0,43,26,24.968834654717234,22.783969801869592,5.808482727195426,143.57334965201832,kidneybeans
36.0,105,58,25.73837385866984,89.79240986006592,6.388684956117944,20.21126747,papaya
102.0,36,56,20.09931697051359,89.35795153101162,9.93509073,177.81533480753623,rice
0.0,11,37,11.844284012254622,46.41957082185322,3.504752314,68.48266881646958,mango
37.0,38,41,24.1429224244334,99.98187601,5.904143438626836,90.17794873253304,coconut
131.0,85,47,25.49656051769736,79.9454300956041,3.504752314,241.11187810316932,rice
43.0,82,23,27.70684309315655,31.757759396484616,8.285181103380218,210.82406685885977,maize
45.0,64,31,31.02232633832513,30.89641952646169,7.337215841877516,67.17703235023103,mothbeans
58.0,61,15,30.94908189,64.23364112,7.402891666,62.78730907,blackgram
39.0,64,52,28.91842453,94.63676767,6.678695788,63.68794608,papaya
0.0,58,20,8.825674745,64.59602213764532,8.764377411707498,38.00388722879228,lentil
112.0,14,43,21.79687785577136,67.777602049879,7.593019539203808,230.22735855476867,jute
45.0,138,188,22.947148680404982,88.6710599135088,4.0681696838729575,116.9367178547804,apple
67.0,125,191,8.825674745,87.0301358906817,5.808090542646962,77.09464484512259,grapes
52.0,36,41,29.267820228621247,88.27929885118483,6.03900808852584,88.31363331049636,pomegranate
45.0,59,46,34.28879307,93.61082872,6.721130542999999,127.2509777,papaya
28.0,35,22,29.53037621,86.73346018,7.156563094,59.87232071,mungbean
61.0,41,20,22.08573083038425,64.17015441046256,9.685553618903333,72.34717256353997,cotton
73.0,55,50,19.701949810115227,68.0677568669102,6.857488907499916,131.82285471021183,jute
27.0,21,35,28.58655895656634,75.99175247292044,7.229668463285765,30.847979282707648,mungbean
7.0,72,23,32.418350631488536,83.51167067969045,4.440009457314645,78.99849990896146,mungbean
137.0,22,65,28.94579693307723,86.30893230868953,6.70541879764465,20.21126747,muskmelon
0.0,49,78,23.50264612530792,22.33387792135318,7.295033588585194,140.49386423810648,chickpea
60.0,55,45,21.40865769,83.32931909999998,5.935745417000001,287.5766935000001,rice
45.0,81,5,22.664238521753624,79.99631196280384,3.504752314,146.07524808318252,maize
48.0,69,24,23.999731337837755,74.81924764015228,6.403167350861832,41.81519784905775,blackgram
13.0,121,196,22.20700989,93.50574163,6.443382913,120.1593771,apple
82.0,56,82,21.89019632065652,14.25803981,6.262109028788484,78.28764279417243,chickpea
37.0,137,199,22.63946441,90.18451645,5.697945522,90.17794873253304,apple
62.0,17,22,22.67549572964554,73.14190841638344,3.504752314,107.06119962606196,rice
74.0,78,5,27.079567314845114,66.91344122814823,8.235062120931607,121.30250133309394,cotton
3.0,7,22,36.09822246180073,58.2724671509623,7.136451056649806,57.65528553252637,lentil
80.0,43,43,23.78756036,74.36794079,6.014572075,172.64426540000005,jute
19.0,5,43,26.733333564023635,52.67854347130911,8.626826518908189,123.50669132197734,mango
0.0,95,17,14.201040626056011,17.065394874308133,4.407780509886476,104.8252313614881,kidneybeans
48.0,28,17,15.88677296558257,43.7545000608127,3.915288006213925,20.21126747,mothbeans
3.0,56,17,28.19912143,53.50567601,8.709291687999999,52.13580529,mothbeans
0.0,5,46,25.24342658038569,71.90394859521867,6.482215606823431,108.73762351167908,pomegranate
54.0,84,27,25.49158911727429,71.74874354282422,4.507144635670589,63.64526149330092,blackgram
33.0,47,17,24.86803974,48.27531965,8.621514073,63.9187654,mothbeans
75.0,67,6,31.578484208229145,64.72393836207141,7.5737759053112095,108.51178682865688,maize
20.0,65,24,27.756221574670743,73.17340475962288,8.41921014053397,78.78205933541787,mungbean
90.0,5,38,37.26476876732104,51.49131980618103,5.84314429827794,76.32086326432487,mango
0.0,41,38,28.716514031745973,58.01915278036251,9.93509073,65.305180709917,lentil
73.0,21,31,31.133052469385223,84.30260766171908,8.077549609027972,194.2366217015289,rice
89.0,58,37,16.196128124144547,32.81651013352622,6.169448429509299,72.70876614072665,kidneybeans
104.0,5,53,27.53404958193749,95.55288006772086,5.904324650796528,27.42339363446817,muskmelon
111.0,53,19,23.96436009,78.02763149,6.419536555,84.63148859,cotton
0.0,67,17,24.322417464250723,83.42712051056967,7.301756573868671,21.30764277874532,mungbean
49.0,54,50,25.62446619,93.18240298,6.762522087000001,97.26336657,papaya
9.0,42,78,21.331377319881213,14.968705954531476,7.789957938650849,89.04128749269773,chickpea
30.0,34,5,8.825674745,86.9964166005513,6.359437725673288,99.75650697010786,orange
24.0,120,194,22.039871591983022,93.84055182552672,7.041558672823276,63.335604966001206,apple
128.0,26,20,36.75778314215463,62.122717739721,8.580985509112526,254.2584719414376,coffee
110.0,48,44,25.13151087153372,78.6579570352942,7.152224789598346,99.34449186035192,jute
31.0,65,5,12.085658465601458,80.24991390102164,9.538255148979538,71.19511730337112,lentil
99.0,26,14,43.67549305,90.93743380997162,8.353283083996153,87.41949943439178,orange
99.0,16,25,11.265729379035443,83.09888492011011,9.93509073,298.5601175,rice
22.0,32,7,8.825674745,88.9823671184249,8.492137084412727,68.36583859485529,orange
0.0,52,31,43.67549305,93.78801457469656,6.081601197672491,134.82052844653106,pigeonpeas
60.0,31,40,28.58791463780003,45.92757492898331,6.458468806711685,221.1035223426784,jute
9.0,21,32,32.26935342,53.56092806,5.870116071,95.94035356,mango
33.0,74,23,28.754912943331927,88.48757233924026,7.007692493150656,20.21126747,mungbean
88.0,48,17,12.968085382253818,91.93398016723148,6.765818012783662,90.17794873253304,orange
69.0,42,44,16.35610265620541,89.332817796217,6.116791063455205,298.5601175,rice
96.0,46,59,25.235602559005592,72.10537114244104,6.056473832503661,30.52862278843209,watermelon
0.0,45,58,19.349345101574457,90.76786443045827,6.474939640615089,100.19825389294591,pomegranate
21.0,63,17,25.08966129,68.17543102,6.559681838,41.45486619,lentil
28.0,120,205,20.514613789954577,95.53110334409465,5.781667045592621,136.63845314394135,apple
104.0,54,39,22.13927858566068,81.2920460602761,9.93509073,298.5601175,rice
120.0,115,52,31.47248409811018,79.40316385472559,6.149507120088218,122.8027431717607,banana
19.0,114,199,43.67549305,81.17150470364379,6.706708010386537,59.497160987894326,grapes
140.0,7,37,24.56128074053303,99.98187601,5.478044748072196,40.910897579303445,watermelon
34.0,54,24,31.2119298,41.55934359,5.026003659,68.80141783,mothbeans
36.0,67,77,25.49158911727429,19.56381041,7.152811172000001,79.26357665,chickpea
0.0,26,16,29.88657952685815,87.15230810372135,6.406344350527793,44.90367494258244,mungbean
67.0,43,38,25.21622704,70.88259632,7.299304715,195.8645552,jute
31.0,25,38,24.96273236,92.40501423,6.4973666770000005,109.4169192,pomegranate
6.0,48,24,28.6362812,84.61431076,6.790736339,48.48319335,mungbean
53.0,41,71,28.13625789208104,97.71730820202998,6.407914534451112,26.832176439668057,muskmelon
0.0,33,45,43.67549305,96.74062675423968,6.3393588794232665,90.17794873253304,papaya
136.0,36,24,22.74446976,80.41198458,7.59781958,90.07326633,cotton
45.0,51,24,23.50297882,61.32026065,5.584171461,64.77791424,maize
140.0,61,7,27.80862202274313,84.10505442160678,9.93509073,38.99972802334047,cotton
100.0,5,17,20.93722422863061,76.30711708735636,5.038811134352867,71.26371377690482,cotton
110.0,25,54,28.91105641,90.78413842,6.425930938,23.44398467,muskmelon
50.0,66,25,10.786749553213395,49.7110460978396,5.535533895377635,62.474641121189975,maize
0.0,40,50,37.20355466573092,99.98187601,8.085300517833984,117.33861287810709,pomegranate
59.0,5,16,25.49158911727429,88.42961046849322,4.623606107797212,20.21126747,mothbeans
56.0,5,34,25.56970023098777,44.95260848915815,9.93509073,157.23327484435714,mothbeans
111.0,50,21,28.266529062662787,64.04454549761397,7.436315015731166,218.5465251336485,coffee
15.0,5,16,24.051385828243284,35.1653854492163,8.23063978575102,113.78498502385744,mothbeans
39.0,5,5,43.67549305,99.98187601,9.425596719998005,44.91953774158189,orange
69.0,55,35,28.770780889996765,62.5713674532884,6.547697308575749,62.874011090712536,blackgram
140.0,40,29,21.16522665016407,74.93181303791087,5.165045850892958,298.5601175,rice
116.0,47,12,43.67549305,83.05239580531979,6.079851554883272,101.52001755804964,orange
81.0,5,45,43.67549305,92.93369228506624,6.539685672201239,69.00325817289743,papaya
43.0,90,6,30.73692483426213,52.54460117531913,7.506032367106031,23.56400299525166,mothbeans
34.0,51,18,28.56566136400183,49.85607983692819,8.748504624044047,99.52208180663736,blackgram
0.0,99,6,19.6686197058431,64.14668297551167,8.476517081788248,28.85996730921705,lentil
88.0,52,39,23.92887902,88.07112278,6.880204617,154.6608736,jute
100.0,48,61,38.99165043114094,99.98187601,8.070712334569233,124.50735793985942,papaya
92.0,44,39,21.89573271336648,83.71647113373592,7.48338948524015,48.56124391368933,mungbean
39.0,145,205,8.825674745,75.61393880713983,8.164404515146547,74.44918819066585,grapes
98.0,26,49,27.29035669,90.53330091,6.130160472999999,23.49535234,muskmelon
1.0,79,26,33.08082202263377,50.6697285242376,6.741909570305646,37.57711008525688,maize
140.0,46,29,15.874999152687476,76.10409862011674,4.705839004076166,102.00419907314988,banana
133.0,47,24,24.40228894,79.19732001,7.231324765,90.8022356,cotton
40.0,23,25,26.128846633653204,85.61674325436005,7.615344060077788,84.42063725513616,mungbean
3.0,28,39,27.72189538664481,87.96277551808302,5.762220225169538,116.36787614111404,coconut
88.0,107,33,20.15490837472439,78.53070601659189,8.38878703615337,117.55387110755368,banana
0.0,38,40,8.825674745,78.67138167096479,6.116005810707988,49.05453334627271,lentil
140.0,24,25,23.1016132713416,79.22322451481776,7.727659992049175,298.5601175,rice
90.0,39,37,24.81441246,81.68688879,6.86106911,190.7886386,jute
40.0,37,39,27.07666331971511,87.64751837036147,6.260443733974596,37.73197777943689,muskmelon
118.0,60,29,28.050766176063533,76.85312365697577,7.755040031603397,142.99482287572098,jute
0.0,101,104,15.315266961660658,25.02995639739566,5.256701186137143,85.0409962879712,chickpea
140.0,5,39,28.230168022037184,93.94534379417544,5.758874225693306,43.07536818707423,muskmelon
117.0,26,30,27.92374437,67.96910852,7.079850922,115.2325531,coffee
11.0,51,25,23.89416275663648,80.7489886641365,8.984513440665793,116.4792345066421,pomegranate
0.0,31,31,23.44929494566336,99.98187601,5.348400326148969,108.52472953030885,pomegranate
140.0,5,33,24.534002168289923,98.30242828195696,5.943471573316101,21.50301914680766,muskmelon
45.0,53,44,24.88692811,71.91711523,7.319735475,150.2498675,jute
140.0,5,46,22.272563181414807,94.5089591656731,6.726322542944849,45.81092638402123,watermelon
39.0,140,203,21.11903604,80.63399198,6.349875906,69.27779761,grapes
45.0,54,30,28.79821988304315,80.27109623223154,6.493229416261036,114.22346957249108,rice
117.0,86,48,28.6956201,82.54195839,6.225225238999999,116.1616839,banana
0.0,5,5,25.3592522697894,92.12616458124384,5.727824328560682,110.56906507830725,orange
140.0,76,73,26.40493600544257,79.7291429255308,6.848744012665668,73.25042505378259,banana
11.0,51,9,30.657779150467007,15.532270838329609,3.504752314,102.37670014297493,pigeonpeas
1.0,15,9,29.98364695,94.55239717,7.53350946,115.3560318,orange
133.0,21,48,22.839553450738453,88.63836426097502,7.648270606216727,60.75998868062328,watermelon
14.0,29,32,35.63627319,48.97047762,6.942520105,97.51952041,mango
0.0,75,18,38.617526496473616,83.71306610163369,3.504752314,54.46560394971115,lentil
82.0,41,54,28.41143940753615,82.89009338619809,6.955158001009854,140.91423222320336,jute
0.0,124,15,17.528238646747035,99.98187601,9.489888935522822,20.21126747,pigeonpeas
28.0,70,21,25.39038396,60.4989659,7.437373666,39.18374505,lentil
35.0,136,195,21.13873089223042,81.78963649282676,8.28215193068192,54.26442407989558,grapes
86.0,59,24,19.13243083301079,99.98187601,8.147821463385265,76.92199705765842,jute
36.0,44,21,25.12528913,51.33189406,4.516154055,38.48678973,mothbeans
140.0,24,69,25.03769903041044,66.77994508727531,4.974795116183313,39.67180156972462,watermelon
26.0,107,20,23.68454904372012,63.02826032473702,6.452188287483379,43.68391932639214,lentil
89.0,46,33,16.782685869685103,81.98445577393208,8.406497511940865,298.5601175,rice
91.0,9,33,20.30956944643524,45.13449475081535,5.341126027444575,95.28003523184869,blackgram
10.0,5,5,22.46684591796101,94.51593978494576,9.254356738364176,104.29866090549837,orange
59.0,84,45,28.530855089611705,99.98187601,6.250021071928037,49.48722740969575,watermelon
58.0,8,31,25.49158911727429,91.6783568497159,7.1469054382932296,108.02759347996331,coconut
105.0,78,30,23.561838596138024,71.9863590208399,4.919943429497894,111.12356251899072,maize
138.0,114,16,18.17443474006405,95.04361938856336,6.742084838727666,183.1285905573037,maize
43.0,25,37,8.825674745,95.77091498736772,5.658208176742408,298.5601175,papaya
13.0,63,84,17.9512344166646,14.25803981,8.283708255737347,72.35658545802784,chickpea
10.0,5,26,8.825674745,92.59363137288253,6.395353141043566,95.66568424549745,orange
4.0,145,197,21.945320851012973,94.50470145244392,7.900746123880274,126.35137178281782,apple
4.0,144,202,25.49158911727429,81.86669462556189,8.068425089944,60.31015088189899,grapes
99.0,92,47,28.127950899999995,77.48247073,6.3239336470000005,103.5045395,banana
93.0,93,15,13.786477856849393,19.263570357330345,6.095819737413794,88.95128695303018,kidneybeans
137.0,41,26,21.47304588459929,92.228537082129,9.062579580048263,36.44024804581153,cotton
80.0,45,42,23.1426498,74.99739774,7.380396262,151.9035477,jute
16.0,44,38,35.80371438010382,98.35638781371787,7.393466780854467,107.503813213596,pomegranate
0.0,18,35,27.46258251272776,84.89094475772649,7.042194259927461,35.2547240261835,mungbean
20.0,53,17,40.25768231961143,26.051159563624378,7.538498740423258,164.1400434560255,pigeonpeas
25.0,26,37,33.36836064777896,49.61885718655972,8.967589567717896,84.31152974814383,mango
36.0,65,80,18.2872007,16.67921616,6.051091339,74.87445574,chickpea
106.0,85,53,27.1994597,78.80860679999998,5.91505509,99.72430835,banana
108.0,36,19,22.78249615,77.51235009,7.238566893,64.61444234,cotton
32.0,145,189,8.825674745,74.14200753143804,4.921516378589264,76.37777841208167,grapes
109.0,23,25,25.11711046,68.48030408,7.00733163,90.17794873253304,coffee
20.0,45,17,28.17458662,83.69659318,6.770955317,37.2464655,mungbean
38.0,15,30,28.91862016,48.13974548,5.075504537,97.01331604,mango
17.0,9,23,35.58211516108552,48.42291183737508,3.504752314,94.57814563903868,mango
0.0,43,49,41.54504389061787,91.97317939658858,6.275874901101642,298.5601175,papaya
69.0,145,205,43.67549305,75.63548740544444,6.156390359509949,88.50670224539078,grapes
6.0,78,7,27.89697894348863,74.7345821270791,6.7986471904934245,20.21126747,mungbean
35.0,68,45,42.93605359,90.09448142,6.612429546,234.8466111,papaya
0.0,5,14,21.653586233210955,89.73466134284034,7.832914866724836,129.3516949496381,orange
136.0,110,50,24.89061730324085,88.05398088589098,6.381401608929388,95.79874339362924,banana
52.0,32,14,29.86781660832008,45.43642728341041,3.504752314,41.49624589405594,mothbeans
43.0,25,21,37.61585730710164,33.65348210674028,3.504752314,30.261353921125743,mothbeans
22.0,80,86,21.81340130224429,20.144569203934807,6.403167350861832,120.62537426548911,chickpea
119.0,72,55,25.99069521,83.33983116,6.220643671,112.0777152,banana
39.0,80,42,28.745872574436067,25.44934590762944,3.504752314,20.21126747,pigeonpeas
87.0,11,29,27.83387292475864,94.01965675720608,7.390108872913911,22.479652141009343,muskmelon
92.0,86,59,36.08471954536421,83.9267226460038,6.20436031702397,87.7545810296034,banana
140.0,86,31,32.79304205455185,66.08801798002372,6.82658869990306,82.51374922853186,banana
0.0,145,183,22.64388633622917,90.5563597568653,4.90394284588846,118.05248620157644,apple
8.0,145,204,43.67549305,82.3817458400312,6.183079810421816,64.60008294952044,grapes
82.0,24,26,24.31274458,53.57285558,6.089443602999999,184.4103931,coffee
39.0,71,7,13.53064505900083,74.14455514220515,6.5945457216087,87.88910784850214,lentil
72.0,5,39,25.03021968993549,94.0869894385871,7.015572568985631,255.783875851666,coconut
102.0,24,54,27.72338349,90.93897939,6.698468621,22.81863447,muskmelon
39.0,80,48,8.825674745,92.18270898422264,5.705400057065988,20.21126747,papaya
0.0,143,205,20.71722803190716,89.69477057906529,4.347040458358903,74.50537480489089,apple
0.0,116,11,27.61289436021149,87.77557827681603,6.336310360618586,23.37113253639145,mungbean
28.0,68,41,9.390759109074557,62.39022229861627,5.929808986455784,20.21126747,pigeonpeas
102.0,5,44,29.98447577263116,93.55261728608748,6.086639017797179,49.08562817423107,watermelon
5.0,62,23,27.9348279,66.45457122,4.722222454,145.3728801,pigeonpeas
55.0,37,37,25.49158911727429,93.66245492187772,6.447401836925579,20.21126747,papaya
76.0,110,16,15.993462651607924,22.64868254508253,4.418587027475617,20.21126747,kidneybeans
45.0,39,19,10.28744178135428,92.63225853519222,4.668427347130398,96.0055530988047,orange
64.0,58,88,19.18411112584084,14.25803981,3.504752314,119.34464641152051,chickpea
35.0,26,33,22.31638014415091,51.649622847442,9.254473549925349,98.37932955808388,mango
68.0,15,59,31.64315050962688,95.22864352114355,6.163289794341962,36.69862730357518,muskmelon
19.0,45,39,25.49158911727429,64.79573553750544,6.143480427809197,63.45385895405983,lentil
60.0,24,42,8.825674745,99.41663697476336,3.984941619330199,133.20090808963258,pomegranate
38.0,29,16,37.86220354990672,38.36351769612237,7.039668412886188,110.3929791243051,mango
7.0,28,5,23.7067767704064,71.42301289643397,9.089146906474024,20.21126747,lentil
0.0,94,19,15.365943401967534,22.30439118714805,6.250950622949528,175.71804904827928,kidneybeans
109.0,127,205,23.97453362334185,97.52400452669796,7.091423116182261,146.7842672224456,apple
45.0,59,41,21.94766735,80.97384195,6.012632591,213.3560921,rice
77.0,48,36,25.86705009,84.09985284,7.36008498,154.83908469999997,jute
14.0,22,9,17.24944623,91.13772765,6.543191814,112.50905159999998,orange
0.0,18,5,33.13145012982825,95.43590037831537,3.504752314,122.0559139721952,orange
92.0,7,45,26.70607759,81.14149505,6.944640222,51.51033554,watermelon
31.0,48,45,40.78881819,92.90951393,6.563134737,132.7923586,papaya
29.0,97,97,15.128075416379971,14.25803981,6.330160461260208,54.63161127361438,chickpea
0.0,15,15,23.035134245981173,87.33582625268406,6.286835501435506,115.23801264209328,orange
25.0,5,29,29.14599752973245,99.98187601,3.504752314,237.1420107417604,coconut
57.0,20,35,24.060244295328083,95.96746846026404,5.247299329857117,298.5601175,coconut
68.0,5,43,30.694591386535777,96.55623984041006,5.818927547325128,27.461467999926988,muskmelon
0.0,78,27,26.200557679740832,75.91084971498279,6.4571537264538845,44.002763374532485,lentil
140.0,49,34,25.49158911727429,50.50735134887037,6.111109688761196,74.67257483716737,coffee
66.0,80,114,13.136292813948792,22.527858191949505,9.93509073,77.90779911728994,chickpea
66.0,23,21,36.211786819904674,35.18396650908301,6.403167350861832,82.75830948894419,mango
7.0,54,45,22.369047282766584,71.87906136604981,9.93509073,158.19450805667793,rice
27.0,40,24,27.84026517,89.99615558,7.063022095,52.84626009,mungbean
68.0,80,35,14.558162243403412,59.54919348326956,6.68271901566428,39.54568521241025,lentil
20.0,64,20,13.44696878864264,54.30326546016938,7.198311948747432,25.034509819338897,mothbeans
45.0,14,42,29.69487143743887,74.11377806824663,6.897913855189064,88.54702797541849,watermelon
88.0,5,5,23.82247806242732,57.71831418491576,4.893055608527837,114.5681417813688,mango
0.0,59,5,8.825674745,93.52232672725482,7.0707258704426135,83.9616912759384,orange
26.0,38,8,23.43518997939588,54.609490717404185,6.651434652726696,20.21126747,mothbeans
51.0,6,37,32.834729765008376,80.79026777389491,8.035247386368829,128.76578074462657,rice
82.0,30,12,27.18706282693964,71.8975065324862,4.95737479937474,97.85942944628312,cotton
41.0,48,49,25.41675664748391,87.06651870403604,6.400690577256444,57.8167936091848,watermelon
27.0,119,205,19.37712011957317,85.69567274590071,5.718794864060048,69.14047875078788,grapes
25.0,18,26,34.29941590240999,58.66578371181252,4.986089670583737,104.07163838648832,mango
94.0,26,27,26.36629861,52.25738495,7.456460375,177.31761609999995,coffee
32.0,56,21,27.38538997,88.66663953,6.702772465,58.29933073,mungbean
0.0,145,205,19.40682725992115,91.6757445634692,6.331118145052843,99.27364442585773,apple
0.0,18,39,43.67549305,45.310012304730286,5.675770876567067,93.25929425060107,mango
1.0,80,7,35.540937030180686,47.51399973527229,6.243610300903411,99.47311236991445,lentil
140.0,49,24,21.78710674408212,58.99550476902074,5.631958339332473,74.04993751934428,cotton
33.0,53,5,30.255812405577384,47.688579236949785,6.423369331736999,124.88641343424136,kidneybeans
137.0,36,38,37.85150489770929,65.21105807953406,3.504752314,204.95676319795453,coffee
53.0,35,45,31.28460382993484,99.98187601,6.283323266628944,138.18755268373127,jute
55.0,40,25,33.395507649295254,86.06998490826109,6.913538505143647,102.05185601130616,mothbeans
22.0,49,22,28.23494706,61.5620517,3.71105919,72.66666443,mothbeans
81.0,31,10,43.67549305,91.398314535505,6.96763965665768,114.73061344552649,orange
0.0,27,20,31.336505053505626,85.7038558140477,4.633714379143168,62.46483572924728,coconut
111.0,92,19,11.419955524332536,85.41115738207287,9.93509073,100.51952777826634,rice
40.0,68,17,34.1262979,65.14877461,7.733149554,70.40795007,blackgram
92.0,63,67,8.825674745,93.9332121942286,6.194819404619624,149.00214155195013,papaya
89.0,79,11,26.712855143724525,81.64553580349462,6.95697162109818,194.66839221346487,jute
49.0,39,34,24.2674323834184,27.28804015935043,6.093697779607762,101.48831348782966,kidneybeans
71.0,90,69,8.825674745,20.19758794161969,9.6928244078053,81.1389850467779,chickpea
99.0,15,27,27.41711238,56.63636248,6.086922359,127.92461000000002,coffee
93.0,5,34,35.09028151421803,91.01192455148312,7.60188706088231,20.21126747,muskmelon
140.0,12,35,24.04783191821457,72.12935524984167,5.807588641643518,25.50902632060152,watermelon
140.0,5,21,24.992525550906183,74.75430085166232,6.403167350861832,85.27153145450553,coffee
54.0,8,37,32.26202085855462,87.65750493423639,6.8926417833415945,39.41174503027021,muskmelon
79.0,43,19,20.8712447159856,83.76410893658043,8.109881210200017,63.66347128490743,maize
11.0,6,25,28.69164799,96.65248672,6.403167350861832,178.9635457,coconut
76.0,38,49,21.48315289824437,78.87739172012955,6.052528305436794,25.373831911973703,watermelon
70.0,135,191,24.554476516924645,92.29942004775138,6.483133913237313,119.1335328643114,apple
121.0,28,56,26.39447344736137,91.7171781524565,7.432396448987782,25.62608655219663,muskmelon
1.0,14,34,27.561655653375645,99.33790811610496,8.756973860748928,157.6699967643537,coconut
4.0,134,200,28.57828803,80.95628959,5.840256272,73.34232097,grapes
0.0,123,15,43.67549305,46.330560487539984,4.921857964933956,24.732557513953367,mothbeans
0.0,60,35,15.057332001491542,55.50546447535576,3.877911955221184,21.192514509328728,lentil
90.0,39,58,24.70902429239137,78.68182413641824,5.598119334252944,125.76119365507246,jute
0.0,30,49,21.171885171099664,99.98187601,9.93509073,111.82379969752344,pomegranate
48.0,15,63,25.2488710534478,90.82954316478114,5.444477057237666,54.06814036887264,watermelon
85.0,33,44,22.41752161345693,99.98187601,5.246441942215454,193.1629983323218,jute
49.0,123,205,26.8493621018728,84.13914162994983,5.394751284768319,66.73119289006046,grapes
99.0,83,39,24.6871743911542,72.19751982700126,6.073056124475885,145.2472520494725,coffee
34.0,66,17,18.81097271,21.27833035,5.889614577000001,125.084915,kidneybeans
92.0,5,53,28.52372731851757,99.98187601,6.158430795688938,93.36690697479318,watermelon
74.0,58,18,20.03728219,56.35606753,6.727303282,109.024141,maize
37.0,23,12,31.52675982,90.50621806,6.395258356,113.1169398,orange
43.0,49,25,31.92388963603665,80.54552189228224,8.550758211420757,66.08854546668516,pigeonpeas
0.0,86,6,33.99518437605661,62.44926501788558,7.897805160504257,27.48322155108872,mothbeans
89.0,46,45,27.328263537623897,91.17394521912244,6.12345665921689,25.037284506839743,muskmelon
49.0,70,17,43.67549305,24.2296862738644,9.93509073,127.87898033682738,mothbeans
0.0,70,96,23.70534646708473,14.25803981,3.504752314,85.43731665103569,chickpea
32.0,82,34,43.67549305,78.18871390409502,7.7847629469743,43.29390509795722,blackgram
140.0,48,23,23.01295680513557,92.178706321002,3.833279457763047,39.381733475372336,cotton
39.0,110,18,32.75832482113664,78.79959635599786,4.293032377032673,20.21126747,lentil
40.0,66,44,20.767082105107534,74.73430350830375,4.790493021841431,98.1993050362145,pomegranate
50.0,25,5,43.67549305,83.4844975051848,7.194659597325249,99.89932011598266,orange
72.0,5,25,25.219247574813348,98.54603979981448,4.741444237275987,135.21941104341585,coconut
13.0,56,39,11.020096939175795,88.59999789596682,5.82373261186781,298.5601175,pigeonpeas
114.0,64,16,31.14871527512916,92.93893433517326,8.095769722498037,89.56619585248015,mungbean
77.0,36,37,26.88444878,81.46033732,6.136131869,194.5766559,rice
69.0,50,41,25.49158911727429,70.5562020256407,3.504752314,106.13933760945436,mango
44.0,100,193,22.941307630154288,97.91568982979403,4.979037125825441,143.58709237447275,apple
20.0,11,42,43.67549305,85.7411985907716,6.670115792518506,298.5601175,papaya
71.0,5,64,28.436316155579696,99.09805933316925,7.537717002225416,73.22782627157949,watermelon
101.0,31,32,36.47885567050328,67.27431629769679,9.256132723987996,126.2708548848862,mothbeans
0.0,131,191,20.178180178676453,97.08310958864372,5.113087858782251,106.41892507415017,apple
0.0,58,7,30.94438248453753,90.06079294745811,8.18267010628388,32.197510863037,mungbean
21.0,5,34,31.8974195647672,99.98187601,7.262946764120171,181.4123434558713,coconut
0.0,5,26,12.2119287319806,88.58695665494294,7.626140735217572,120.92403466997231,orange
46.0,22,32,29.97409632122624,67.25357889419521,4.945624634493612,74.59854981009681,mango
82.0,89,44,32.562797832473834,85.00972851903681,3.6171069365528585,189.90820293222785,rice
7.0,96,77,17.56345902631901,14.25803981,8.269786970247097,51.384577638330725,chickpea
58.0,83,19,30.645569184610267,14.25803981,8.362446192874547,298.5601175,pigeonpeas
20.0,64,11,34.55140560568108,71.85128241887666,9.64945337841495,59.19913433179539,lentil
43.0,5,23,43.67549305,86.2857851418903,4.969941353930029,106.28100414869508,orange
27.0,72,23,19.92889503,21.79992115,5.961934481,64.02640797,kidneybeans
65.0,72,16,43.431308775750566,80.92027388287732,6.917045172444997,71.00781313664469,blackgram
85.0,38,41,21.58711777,82.7883708,6.2490506560000005,276.65524589999995,rice
140.0,84,36,24.1404064443293,52.605425517013735,7.296378986143214,148.15848966310222,coffee
0.0,106,54,25.49158911727429,89.92673556737962,5.652417425498696,100.92893961495275,banana
28.0,5,8,30.112180394743213,19.21780156439111,6.652457762158671,181.2746795623229,kidneybeans
55.0,67,84,26.79975091350796,19.381127670028327,9.359575160074884,51.20075414989195,chickpea
0.0,21,10,34.60300366498151,57.73040017366966,6.636619415566619,101.65327591885443,mango
140.0,56,38,15.385448525536072,80.3045717543513,6.917606010885536,97.70314957120934,cotton
18.0,36,23,24.01825377,53.76623369,7.214078621,35.03404425,mothbeans
82.0,23,54,12.360050090041064,85.07611357222338,5.397604170705417,298.5601175,rice
41.0,21,16,8.825674745,89.29124966480803,5.616271418083997,90.17794873253304,orange
14.0,107,38,29.48347943173368,22.41965460281865,6.238469782228931,20.21126747,kidneybeans
75.0,59,14,28.67532207531048,99.98187601,6.096402416945342,49.38146118897532,mungbean
28.0,78,19,18.791502764758743,17.861612204054847,5.7120103792328365,46.60464598771696,kidneybeans
36.0,145,205,21.533178216327148,93.90632161078992,5.977008362260679,62.356631351507886,apple
0.0,20,27,40.01719092726593,31.50880969478161,5.86412973897813,84.05186761840247,kidneybeans
140.0,58,5,17.993087227543008,99.98187601,7.012024169285256,64.55731865250189,cotton
0.0,80,41,8.825674745,68.72289099673758,3.504752314,236.86219988559367,pigeonpeas
140.0,46,31,19.53297313428183,82.62307185535182,9.93509073,45.12508952379646,coffee
19.0,5,22,9.886972071571549,95.43952972016778,9.306958310672526,122.58053841851272,orange
86.0,36,24,26.54986394,72.89187265,5.787268394,73.33636055,maize
14.0,5,33,29.68559557807969,86.92680832213031,6.601495646784015,109.5648004840479,pomegranate
115.0,22,37,16.93993680120426,85.68937567313004,8.760773840388067,20.21126747,rice
0.0,5,53,25.74439009879032,97.96487203771416,4.5954512462961805,35.60093466335296,watermelon
0.0,36,33,21.102299201484865,36.81831142007698,9.492626389574816,100.68112659095812,mango
132.0,19,53,27.00193155725488,84.07304990587035,9.549409350668496,32.67394849217946,watermelon
66.0,67,32,37.101863325797005,61.21579813310275,6.224349875541389,30.498042717076373,lentil
86.0,58,51,28.56993755199221,72.45768382286397,7.073033432664835,112.42433447569849,jute
0.0,59,21,11.55804281275042,16.59697166533747,5.568579333562919,20.21126747,kidneybeans
36.0,50,41,26.078878575598413,96.11019382226804,6.151524722705142,42.13186771763304,mungbean
3.0,83,35,39.486828068394566,26.769447745854944,9.93509073,20.21126747,mothbeans
68.0,50,19,14.056627319442478,72.22700913280576,4.914736930151621,79.50730404086275,maize
45.0,31,9,25.466103331446963,68.46204626444326,9.93509073,53.79243269387136,mothbeans
118.0,55,8,27.606519799447128,89.90222689251299,4.063116913170436,63.71754788882444,cotton
29.0,80,205,19.56845692243564,91.67195419179602,6.1192981741859125,108.64732675982587,apple
17.0,65,5,8.825674745,65.25109521050501,7.106797288383608,72.07791256622446,lentil
66.0,61,23,27.006477386613344,94.55360893329328,6.357028361495791,82.32322961810357,mungbean
51.0,20,17,24.967891587188703,40.01521948258983,7.088293418823537,298.5601175,coffee
0.0,75,88,15.963994610732048,23.61248621465701,3.5742634025538305,64.46290873420507,chickpea
9.0,83,25,17.020738341350782,29.341224204921065,4.63631520425309,74.90576817250974,kidneybeans
19.0,122,202,23.34467359,90.37981478,5.811975094,112.8954016,apple
94.0,37,41,24.7634518,87.06071115,6.4635387070000005,179.1630865,jute
52.0,70,16,33.66855394,66.60416867,7.534811832999999,67.32520551,blackgram
66.0,78,47,12.585501988121509,65.51970226626955,5.870499912473726,136.24813304228033,jute
0.0,74,22,26.88182823018166,84.99111539887265,6.832324738045439,20.21126747,mungbean
39.0,32,28,24.255898248898784,80.06336162669055,6.739791199723543,24.848083779992347,mungbean
73.0,95,30,37.28173244404407,51.301204313871054,8.533908738152823,87.0872839150035,blackgram
46.0,21,15,28.6925921882688,67.58204292118553,7.770963063463364,148.9820601873285,coffee
0.0,58,48,23.00287409700459,95.57436119653909,5.044279032564647,99.22613966951376,pomegranate
20.0,39,31,43.67549305,58.108385327563575,9.93509073,33.781971025003216,blackgram
45.0,18,52,28.04943594,90.83130708,6.562832807,20.76223014,muskmelon
101.0,11,51,25.50736962,84.24340241,6.792035575,44.2068997,watermelon
60.0,15,21,14.20402000291964,50.32827963067332,8.594802782495274,20.21126747,maize
15.0,44,39,18.28347448094799,57.35873645784808,8.221248331641375,206.19860072190733,jute
10.0,5,5,21.21306973,91.35349216,7.817846496,112.9834361,orange
124.0,20,90,17.345857046754226,95.1998178892365,7.738032844534866,42.71226050579794,watermelon
126.0,57,28,38.35456100205768,89.44560465490437,5.230928893780841,90.17537466238517,maize
84.0,5,38,30.13682805754556,92.9527875509002,6.680930288026941,33.63625174234814,muskmelon
57.0,110,23,43.67549305,85.89396646020472,6.198942991713228,20.21126747,lentil
0.0,17,30,35.47478322,47.97230503,6.279133738,97.79072474,mango
119.0,58,54,28.697914351361216,84.000888991147,8.534377149680944,181.88238765839867,jute
43.0,145,179,43.67549305,83.41333991832768,4.359938240169255,62.03613981019621,grapes
0.0,18,20,43.67549305,85.82130461249545,6.09684702650706,141.006713805727,orange
24.0,145,205,30.234218351044905,78.78243841275328,6.92015826007135,74.65651167972304,grapes
33.0,37,19,27.92678579,86.5543196,7.183189922,43.4826194,mungbean
2.0,52,15,29.198299381541,28.71549478776837,9.734035278132753,89.4020015370192,pigeonpeas
32.0,50,26,22.263449395262384,56.58714162014029,7.705779483424337,90.1310671213852,lentil
51.0,36,63,30.401160325767545,77.80536555467083,5.435333276715774,34.040869026766856,watermelon
10.0,72,28,41.03927066587579,84.57151369898068,7.482546653913959,23.66682354249504,lentil
67.0,17,13,24.426169510792484,38.94384084957898,6.75723902451009,86.13692741641152,mango
72.0,96,59,8.825674745,87.32533177561866,7.562101959234793,67.80378200309238,papaya
44.0,23,16,31.315334035262254,79.03761045522606,5.651439621948451,105.08549376679856,maize
45.0,78,21,26.23435558680572,99.98187601,5.559350750260092,144.8602320126749,pigeonpeas
119.0,52,34,24.91970118220129,43.08456254680685,6.7385366627102,163.92326588878035,coffee
2.0,30,30,26.00175125,94.79998418,6.331051715,209.540094,coconut
0.0,16,12,25.71114915204344,50.54443937137693,3.720055815681389,152.7501157960706,pigeonpeas
44.0,145,205,23.2519287605225,91.21674480682329,5.652627569716541,68.64681472752204,apple
0.0,60,11,21.29042875444113,29.61262421675181,5.97706187984549,138.66446355390437,kidneybeans
12.0,105,13,28.379097704963293,61.22578826396582,5.6033808930189,55.93630835609561,blackgram
0.0,78,49,31.740681757867367,46.84110786915951,7.498642324170956,116.61183896325676,jute
24.0,61,17,22.6371424,65.44544859,6.233269045,38.30411077,lentil
0.0,61,8,43.67549305,99.89112399237806,5.959817456487476,134.82382257319782,orange
9.0,5,38,29.07091157035485,83.43149988875537,6.556890183223552,59.89401322301197,mungbean
44.0,5,51,32.93663167925018,89.09621518669782,6.355922013405185,51.54884961410792,watermelon
58.0,37,40,33.08823914857239,44.498966276569135,6.910160453605135,91.93805482375927,mango
50.0,5,44,24.80135862014016,99.98187601,9.497713607280346,105.37241014543072,pomegranate
108.0,16,34,26.640709409932786,99.98187601,7.388139915685253,85.91822575476164,papaya
72.0,16,27,26.12546842060585,42.01676498975007,7.676283357948541,86.29531388438716,mango
79.0,69,53,24.456203705233705,70.8884606052764,5.940064829714324,105.72454312191364,banana
39.0,122,205,25.117137475409024,92.58929641916,6.226588125368684,107.20033566458932,apple
69.0,10,24,20.43446773837313,76.33019799109715,8.348672759155548,100.95124749403924,jute
83.0,95,50,26.51682337,77.79913575,5.50947065,108.8547508,banana
0.0,26,33,23.260347831674608,43.67070212517114,4.059327998301377,92.3167113023398,mango
45.0,60,17,25.32023717,81.79475917,7.4250413160000015,83.46532547,cotton
0.0,139,198,22.94203891222856,89.39124550533126,5.629172650444037,146.68159720861394,apple
105.0,18,50,31.61404562393912,93.26287541786836,6.989672847318558,33.96098721905611,muskmelon
89.0,42,13,20.60624970358393,78.66236513971073,6.404083734931168,94.10904699335224,cotton
0.0,142,9,17.21342515081398,25.3405549312438,5.5737439231550825,255.6285906128789,kidneybeans
112.0,12,35,31.155159920190787,90.37992939438462,7.0001782327054025,33.89312227471882,muskmelon
57.0,56,26,25.49158911727429,55.07098119872415,8.19169556807981,170.77041444939326,coffee
39.0,52,21,23.214190348768323,99.98187601,6.864821476991812,162.97987594808947,jute
0.0,65,32,13.875286528479364,28.57255631008811,5.245788519386177,20.21126747,kidneybeans
71.0,85,5,23.806472520693585,26.03911410308601,5.641470427888286,20.21126747,kidneybeans
0.0,45,30,33.68115348855119,43.68176436472905,4.831569465122443,92.16449633016752,mango
140.0,110,55,23.80209147011008,81.60644208495015,7.836363149996639,100.37502837552724,banana
47.0,93,14,33.662047720197336,99.98187601,4.441434133807748,298.5601175,pigeonpeas
110.0,89,51,25.983388678316977,82.04744232751526,9.93509073,298.5601175,rice
94.0,29,16,8.825674745,65.49332917104472,6.58284273772641,175.507266119129,maize
64.0,86,27,30.04245092120001,93.78069777488696,5.854773551050059,59.15542021029049,mungbean
140.0,8,47,24.910148120017524,93.4382371311171,6.235560074102114,20.21126747,muskmelon
2.0,58,32,26.24045868711485,14.910086475980371,9.1636038505154,141.76297738546987,pigeonpeas
0.0,94,12,24.678373883658853,81.71010679154128,5.17476841996875,64.61796900161725,blackgram
140.0,5,60,25.69334691972676,87.09793056206492,6.439540062148062,24.91135669889651,muskmelon
140.0,8,34,23.45890444348698,63.58787462197508,6.539583980130612,48.22355122519004,watermelon
38.0,24,33,28.28905147,97.00396405,5.973853124,142.9403233,coconut
40.0,28,38,28.55709812834908,87.63409074430795,6.154376242640508,161.24265749049178,jute
0.0,21,11,25.49158911727429,97.46978312649512,7.849257496096569,69.81345839322341,orange
22.0,55,24,28.56800579,57.30636014,8.66077954,64.53027638,mothbeans
79.0,47,26,26.16693090364388,79.85174801378813,3.504752314,268.75601874380374,rice
122.0,22,52,26.488852255673702,93.9226745240776,6.653758466450389,29.05761404967901,muskmelon
45.0,75,25,21.88097071022945,99.98187601,6.403167350861832,90.17794873253304,jute
140.0,14,47,23.268647826976284,74.66661587822655,5.496450189070243,138.35438688003967,coffee
29.0,36,49,24.64982839532554,96.57337446168208,4.591159705526339,23.36113979104776,muskmelon
110.0,22,47,29.03157242,91.82172592,6.243673725,24.93861254,muskmelon
140.0,7,30,26.5547608821126,91.26318370539742,6.477518986815791,31.50515195108369,muskmelon
103.0,5,19,18.042210502999488,48.48077008004706,8.772296761245611,27.79930991728168,coffee
89.0,7,28,20.852437536711005,81.26151866149942,6.077142159786523,298.5601175,rice
34.0,11,10,31.75048899,94.59551226,7.36220835,115.1989301,orange
78.0,43,62,25.42471216718588,75.57545730241846,4.582108804327845,76.83387270004042,watermelon
0.0,61,50,24.02083793269382,95.36253068041158,6.479804278205572,89.86326043647158,pomegranate
52.0,22,29,8.825674745,27.50994684336278,6.021969469858759,206.3348197105471,kidneybeans
103.0,142,185,23.52305190703955,92.91993951056642,3.979298785309808,107.96005012452449,apple
79.0,57,54,25.2649936806312,88.25579770898116,6.676033951516508,227.3982299380121,papaya
8.0,72,17,20.57341244,19.7520218,5.711439256,87.87869161,kidneybeans
0.0,145,200,19.470193968032216,86.75019561005871,5.100776051473553,155.1271215046879,apple
12.0,68,57,43.67549305,89.94372906539672,6.403167350861832,298.5601175,papaya
84.0,61,38,28.690930105192304,89.37588292670509,6.4145084166385296,165.155643476304,jute
84.0,35,31,29.550245118729777,44.73029592482654,9.054966486055829,43.74007881110704,coffee
121.0,38,90,18.44176119965864,21.57454909406146,3.504752314,80.31232652975281,chickpea
140.0,104,59,29.607287831726364,82.9779718319623,6.178334515219965,123.76516470080412,banana
95.0,75,50,28.08166093,75.26429821,5.623615687000001,118.2761894,banana
64.0,145,169,43.67549305,84.01659801837515,4.95808506202869,65.69632980600903,grapes
73.0,24,27,22.966255740243817,84.09940599172637,6.067083697308088,43.95353960796521,cotton
55.0,48,30,18.17693056885617,59.34705914932608,6.232240250769667,91.11508947680956,mango
78.0,19,11,38.777641390053375,70.96416328929918,6.20088045900586,24.634481400175297,lentil
47.0,5,17,39.65642629518344,73.74811601207631,5.4563354778838535,173.02378307004918,coconut
74.0,43,23,25.95263264,61.89082199,6.325235159,99.57981207,maize
37.0,78,79,19.95264829,14.82633099,7.786366322,88.6810311,chickpea
89.0,58,38,22.158283251942844,84.24015445204087,5.203602379018294,52.00957179540669,watermelon
92.0,5,53,32.839219112040986,94.07043350228,6.4173801474462,48.75402409389852,muskmelon
74.0,33,47,42.53935501529538,98.14045869908192,6.492028198578243,298.5601175,papaya
122.0,89,18,25.74227153863912,78.01971726348707,4.920322791945654,194.309268305364,maize
91.0,50,42,25.59574959237344,37.60041422993851,7.097775095737634,35.620392750239176,coffee
25.0,24,37,39.87618705614687,74.03356148475947,9.93509073,44.28932320329371,mothbeans
57.0,58,77,18.72649425,17.58406365,7.978996755,81.20176515,chickpea
140.0,14,37,21.736593770738573,85.63710453236872,6.789151249584775,46.868296881826936,watermelon
0.0,42,31,37.43031896534512,54.22389484705612,5.254858874226322,105.352674999133,mango
23.0,67,60,20.37407706849932,94.26354915183352,6.983718021009657,298.5601175,papaya
5.0,118,35,32.98864764454251,72.46885088248598,7.078087744662721,62.91840262811756,blackgram
29.0,36,25,28.28511547,88.4393979,7.130278657000001,48.56690235,mungbean
98.0,27,18,15.266106280073435,28.53340941019475,6.188751877979265,103.02749550121132,maize
74.0,132,200,19.626439505669342,90.02933372100124,4.605987020644788,187.7090233546488,apple
94.0,116,40,25.49158911727429,82.07963974121796,5.21546373849838,68.67938418696534,banana
97.0,88,46,8.825674745,94.82385561853047,6.67144378690834,207.6729662964808,papaya
37.0,72,26,43.206873984844165,94.25367734852252,7.343717571293965,298.5601175,papaya
34.0,50,52,43.67549305,86.22558353087587,6.895551944666289,223.746345565332,papaya
14.0,6,21,22.77717401349462,78.80729404484353,6.218047750307731,23.841192924657747,coffee
11.0,5,31,23.660077213602086,86.32019235657542,5.994859052876866,20.21126747,coconut
0.0,83,28,24.828559224363545,76.49922921821526,5.689842399589115,66.21503540728838,banana
20.0,81,61,43.67549305,92.66870342441564,7.2753596318904545,238.0871315534212,papaya
140.0,5,42,23.21151508848411,73.20767689685427,6.133224528515918,70.77766139873857,watermelon
28.0,29,46,33.14324638528363,90.61131748581948,7.952569969286018,111.4751719418001,pomegranate
34.0,24,20,29.832448409330937,99.98187601,9.93509073,111.7091443308932,mothbeans
0.0,41,22,35.33408314337038,20.92069934059095,9.22313441218138,46.60830270970911,pigeonpeas
16.0,76,5,31.674544894187115,85.7506438947085,9.93509073,71.61305352536047,pigeonpeas
0.0,6,15,17.137256972068485,92.56136815991468,6.631401372490324,108.250862888194,pomegranate
44.0,60,55,34.2804607,90.55561637,6.825371185,98.54047745,papaya
80.0,5,20,21.837308534402112,30.17658195593676,3.883304110568593,88.2793188585702,mango
140.0,5,26,27.49225545720158,37.63329049927535,7.6071528140432605,150.0992682424637,coffee
0.0,102,57,25.49791776324449,92.79375754192924,7.037168600116631,188.1672609514252,papaya
69.0,142,205,17.451815061543336,89.54003047474943,5.696489129754414,82.8322337322065,apple
112.0,56,58,25.49158911727429,89.76734919031621,8.02995954608892,75.18697500251594,watermelon
11.0,44,73,20.780195399416936,20.463133069375147,8.373934211124954,105.81505529343336,chickpea
12.0,19,24,11.849482340588375,88.19326987624042,7.550713050787476,117.24470792328464,pomegranate
10.0,18,35,27.79797651,99.64573002,6.381975465,181.6942283,coconut
30.0,64,20,33.8642935,61.57072498,6.573531614,68.02199825,blackgram
45.0,11,40,25.49158911727429,94.8708669492306,3.504752314,110.52641323479766,pomegranate
8.0,145,201,43.67549305,74.79024337585216,5.560455908277912,68.45262582814802,grapes
110.0,34,45,27.02312531599817,99.98187601,6.821632623273104,142.13852169180737,jute
79.0,42,37,24.87300744,82.84022551,6.587918707999999,295.6094492000001,rice
45.0,5,16,31.183769935112583,91.99960751871156,6.403167350861832,61.47695919947628,mungbean
69.0,84,202,8.825674745,84.66140082535507,5.128131669778414,57.13448558275529,grapes
0.0,56,14,23.5160832949404,51.74848410411372,7.496782851636463,156.14376214199376,maize
12.0,37,30,31.09779147,47.41196659,4.546466109,90.28624348,mango
36.0,128,204,25.23542319,80.68700527,5.695792761,67.03840888,grapes
94.0,33,39,21.91428969474128,83.39520797173242,3.504752314,214.36668326987456,rice
16.0,145,194,20.51118982396553,89.54917944854364,6.212020036394026,84.55333220518084,apple
105.0,53,31,18.68198997688325,62.683308034289,7.970949067330045,47.0000540835042,maize
107.0,29,20,26.2587205575068,47.4744381903346,6.132723301388924,101.24998439156018,maize
137.0,53,6,18.863112858203223,81.12687716618241,6.469574470638679,158.28217283789576,coffee
107.0,5,52,26.6634609,89.98405233,6.8814257460000015,57.40847165,watermelon
45.0,5,52,24.5536754707744,91.76479886826296,6.336033042564298,38.230020216529695,watermelon
14.0,82,9,22.23079047451499,31.86557843485593,3.973245963307528,20.21126747,pigeonpeas
83.0,24,41,27.49745464427865,85.30769093751009,6.793490541423704,298.5601175,rice
8.0,50,8,32.3975814003075,90.19334737252112,4.1393757821617285,130.1302216930072,orange
11.0,63,15,24.060569272757323,82.93499702729372,5.200901897147554,93.12766531607411,maize
2.0,40,27,29.73770045,47.54885174,5.954626604,90.09586854,mango
0.0,5,5,26.86111216479034,99.98187601,8.962965968944099,129.91047233084657,orange
45.0,35,38,25.742530138579376,44.64406439275277,9.672195194696656,97.2948663453438,mango
29.0,69,12,20.25927488191968,14.25803981,3.504752314,47.43847967426729,mothbeans
11.0,10,45,22.63045168,88.45577158,6.397995609,109.0357597,pomegranate
73.0,9,49,27.357882573198747,75.89952962397686,5.435458214736674,132.2021730691452,banana
44.0,38,13,8.825674745,91.61342996128892,6.045964125805083,93.9229195390326,orange
35.0,41,18,28.70562673,81.59200689,6.705008503999999,59.87065439,mungbean
39.0,138,203,21.19339319,82.33098331,6.399433771,74.62834921,grapes
97.0,76,5,8.825674745,64.6799156670053,6.29664760079199,67.86192763056818,blackgram
5.0,68,20,19.04380471,33.10695144,6.12166671,155.3705624,pigeonpeas
0.0,77,19,14.646914324829428,66.78708829279987,6.457230120734777,65.01726700828166,blackgram
16.0,93,194,8.825674745,85.21823107884187,5.729712054043568,80.98889316849888,grapes
28.0,48,5,29.67727027333136,14.25803981,3.855986842965127,68.0023149366435,pigeonpeas
0.0,68,27,25.49158911727429,55.71918843008704,9.251891929364175,78.05482851974259,mango
94.0,59,28,22.23056753964961,64.18908476696097,7.425487220768245,68.82471031961545,blackgram
0.0,5,21,23.244114482237663,34.58881082451356,6.622118169164614,93.0598436242528,mango
47.0,5,77,13.835525631564993,22.77807996974908,8.152094750062362,109.60865768255236,chickpea
30.0,37,15,27.45940375122001,50.498909361959264,7.38054589000762,23.09362187589938,maize
43.0,99,14,20.980536114957367,63.505592091143264,6.3915433297247874,95.86613683739677,maize
32.0,32,59,21.804185320558474,85.7778222969563,5.397410693722614,47.200053751556496,watermelon
102.0,14,52,26.79489868,89.64815231,6.51075991,57.74091817,watermelon
0.0,58,28,31.72895366018897,63.07411843805544,6.701480303870786,64.05243394762844,blackgram
98.0,79,50,25.34119774,84.47321314,6.435917308,91.06493353,banana
140.0,68,6,24.642146242774857,80.96246093456512,4.197377268536263,74.53687468987695,cotton
9.0,37,35,43.67549305,89.63878306281077,6.9173538950895415,244.96469765983272,papaya
138.0,34,57,36.526475926644366,68.42400657646309,6.052548400822455,119.14453743639083,jute
56.0,8,36,13.924195197271136,76.39078327444307,6.174439435928652,97.06951597132522,pomegranate
117.0,34,43,24.30676340626833,74.11328645833814,7.423394072847339,78.62881700776487,cotton
135.0,50,30,26.21193043541921,66.05365043376537,8.52504590915402,106.16236998080132,blackgram
82.0,58,12,22.880668602719645,88.9457605165975,6.014240826676031,46.597262520494574,maize
119.0,25,51,26.47330219,80.92254421,6.283818329,53.65742581,watermelon
76.0,21,20,40.60842997834309,45.35120761308033,3.688850340389201,87.67871821772924,mango
63.0,68,17,33.146675587829094,74.87187608212112,5.967116213040912,70.11832479697995,lentil
16.0,30,47,26.956361116807823,85.07656463366955,5.7630121649549775,112.64438618882863,jute
27.0,71,190,43.67549305,78.14628209499173,5.913203156531056,76.8768098137459,grapes
56.0,59,55,37.03551903,91.79430166,6.551892637999999,188.5181422,papaya
12.0,108,197,25.49158911727429,79.88823238032016,4.189620618664893,85.33982638162003,grapes
140.0,43,67,28.006224811622467,82.44165482813929,6.34262799798985,20.55619592737765,muskmelon
0.0,84,199,35.084457643657224,88.07618008482426,4.974914337288151,70.94473365397413,grapes
0.0,80,7,25.70444543761129,64.86940430272024,7.0032503269961,55.14088785231292,lentil
40.0,5,15,8.825674745,96.4675231885318,6.455216858975234,108.53789320627786,orange
0.0,14,10,29.10640902947681,96.12024453732916,8.40710475519313,27.08130595697845,mungbean
31.0,134,205,23.031930625364947,94.40503892937242,5.167604700395593,116.11260391651636,apple
22.0,101,30,8.825674745,74.56567400998077,7.064810222254497,298.5601175,rice
31.0,101,78,18.54644404996758,14.25803981,9.438086854121844,47.99884522750156,chickpea
41.0,5,25,19.42548382175316,40.85199148066155,6.465124186063775,85.36971596107779,mango
6.0,139,199,25.67385024,81.6212135,6.29099842,74.10919422,grapes
38.0,5,41,23.093142247019188,85.4033179383489,5.0092761074640295,124.90221336821408,pomegranate
135.0,56,41,22.81435323599389,61.21282046442279,5.618030962258697,203.40644525389723,coffee
120.0,40,33,24.23850608,54.30329632,6.73410539,115.1564012,coffee
38.0,21,25,42.08971345974886,63.71811903517827,9.93509073,114.55963154015518,maize
100.0,25,58,19.394983403948224,99.98187601,6.271211519911177,37.29934217162301,watermelon
136.0,13,41,32.16277861488228,99.49022571694806,6.684901146551633,20.21126747,papaya
3.0,21,55,16.676067566900755,88.59520009119265,8.934261085633857,224.5328147736972,rice
104.0,22,9,29.2509792792768,65.57976670786572,5.539930618239315,152.22377416653725,maize
73.0,5,37,13.7424012057436,76.66847511363645,5.351587971266901,110.19135409885386,pomegranate
72.0,21,52,27.56242177341974,81.34882321351218,6.5761914446649525,20.21126747,muskmelon
25.0,5,25,27.96361828727328,44.56940590559582,7.033312093907141,85.10508872510394,mango
13.0,30,37,20.86474944,91.61793636,6.277148771,106.8685636,pomegranate
7.0,49,20,25.49158911727429,17.934973145199685,6.110103818429024,168.4937288574675,kidneybeans
88.0,17,12,27.25337267624379,79.30354132285073,6.403167350861832,20.21126747,cotton
99.0,56,17,24.10859207,73.13112261,6.234330356,71.07562236,maize
140.0,42,51,17.022429247761018,70.19018458368225,9.93509073,177.96354033715232,rice
14.0,31,8,25.49158911727429,86.11160135975372,6.794054169326213,139.4506265508306,orange
59.0,69,20,29.97001281999832,87.4493314536239,5.422096680919799,74.40673669685265,maize
0.0,29,33,25.693760894713947,57.84017633227084,6.537788886213653,41.37294497429793,lentil
62.0,130,205,43.67549305,81.6800177323843,5.544995367999587,79.57479455237771,grapes
140.0,51,21,21.68949635093585,76.9893443613931,8.203962521722202,98.3732519190525,coffee
40.0,70,20,31.80130272,45.03186173,5.623490042999999,147.03614419999997,pigeonpeas
43.0,33,51,36.7412520069053,93.29640632922884,5.058071239425985,20.21126747,muskmelon
47.0,66,36,36.52543098683565,95.49117003546594,6.479942314115746,20.21126747,papaya
31.0,8,39,24.697590774164137,99.98187601,7.976985270214863,112.2066342417674,pomegranate
41.0,106,78,26.80462159500868,83.61701342562196,7.047468081042327,114.50892349063464,papaya
84.0,5,34,24.37905876760372,92.8907655767159,6.138324843185041,24.58763903543009,muskmelon
140.0,11,25,27.09406157089259,63.92906003815759,9.41667035330411,216.2867325642874,coffee
0.0,145,205,8.825674745,76.96523337700319,6.403167350861832,68.05549583965711,grapes
90.0,46,42,23.97898217,81.45061596,7.50283396,250.0832336,rice
93.0,69,18,19.61405390788509,81.7444086639426,8.412060032540733,29.67096529727192,cotton
40.0,16,35,31.89356292,49.02450149,6.4841522000000005,89.59371481,mango
121.0,91,50,25.30172683392703,87.8115008241935,5.228372802049575,135.5879880615162,banana
0.0,77,23,27.71712359057208,81.43603318410112,9.93509073,20.21126747,lentil
54.0,49,5,17.424674900455898,48.34918751406624,5.829369733247756,67.73933672088528,lentil
64.0,47,53,25.49158911727429,79.40063067875582,5.796446664224823,107.30086094261304,banana
0.0,43,26,33.65400932450346,56.61872177188356,6.517822077513179,104.621006985548,mango
45.0,45,32,23.624838858294176,40.173721260152575,3.504752314,99.82956183411534,mango
28.0,51,14,10.58313671752543,62.37957160224408,4.60423340863962,20.21126747,pigeonpeas
0.0,25,5,32.97797695022728,89.85244541028946,8.986149376516062,125.91635773907794,orange
82.0,13,52,27.11535046,94.86907886,6.442810053,26.51924782,muskmelon
140.0,11,55,28.031603462452964,96.83120202277192,6.484050483381027,69.62515422467149,watermelon
55.0,55,51,25.66079669211948,84.42557116279876,5.627014012269108,97.89451940779853,banana
17.0,35,52,43.67549305,91.86438019962884,6.740637072670155,74.72358041036924,papaya
66.0,7,43,19.009059486099066,93.93879230064294,5.870471511631998,98.8717666145727,pomegranate
60.0,90,30,36.21821216986987,99.98187601,3.504752314,20.21126747,pigeonpeas
40.0,31,35,42.61454211406074,56.00598552061217,8.74968981041543,92.00211076380326,mango
39.0,70,88,18.896829307935704,24.92700782800853,9.93509073,104.4101216960067,chickpea
45.0,74,52,25.49158911727429,90.07558447420676,6.281052962900972,90.66117739018765,banana
5.0,56,24,24.80710166,45.01110015,5.023115055,188.4928637,pigeonpeas
0.0,51,49,8.825674745,90.62763947803651,6.985935349322313,139.61300949646224,papaya
55.0,5,22,23.016878192194937,88.29708722636062,6.5885689794640045,33.06324851717132,mungbean
91.0,12,46,24.64458469,85.49938185,6.343942518,48.31219031,watermelon
0.0,89,69,18.84911565466177,15.322197821952123,9.93509073,105.03237753543326,chickpea
86.0,23,53,20.579349686350465,88.31388687754928,6.300307362207887,57.46616850414887,watermelon
110.0,21,54,26.73690828,87.82430156,6.747537642,47.46447019,watermelon
51.0,5,44,12.856133736863349,94.67474766830551,6.441568672252766,253.2711081061768,papaya
91.0,94,46,29.36792366,76.24900101,6.149934034,92.82840911,banana
86.0,68,14,32.71116335487461,32.36272149580316,9.93509073,49.2296156182255,mothbeans
78.0,32,73,13.75115148865612,20.49477972730412,9.69016518337507,73.31825557181229,chickpea
60.0,5,15,26.796557266768108,88.22485283780375,5.759430225883778,20.21126747,coconut
36.0,29,13,20.68185224,90.91510525,7.829507245,109.7513927,orange
61.0,66,19,35.65638817399338,63.0910372441427,7.472340861625375,52.45096307797723,blackgram
93.0,30,47,30.71316525551741,82.273721149774,5.158726147410627,298.5601175,rice
27.0,71,24,31.46417866,48.17631461,6.403167350861832,165.40535400000005,pigeonpeas
54.0,96,17,43.67549305,66.24469378257324,6.403167350861832,74.06730897711837,blackgram
35.0,5,37,34.544313856178285,90.18952903211068,6.031646879952435,225.11496255740155,coconut
39.0,61,32,8.825674745,58.727713241290886,7.158281815728023,236.9818644092021,pigeonpeas
73.0,125,199,25.481072369156628,83.34214428286343,7.114814214028463,69.42680401464708,grapes
106.0,80,20,29.55713101926204,92.25310881157564,7.217456591661143,35.09208117680903,mungbean
58.0,50,56,32.79738752664764,55.358326853050485,6.403167350861832,191.08409431814988,jute
98.0,48,65,23.644969702378823,81.93844930376353,5.373221235974936,28.35054864261213,watermelon
24.0,76,17,26.45024919872252,82.58251127554931,6.780846511837424,39.0573840530329,mungbean
42.0,73,25,34.03679184,67.21113844,6.501869314,73.23573601,blackgram
0.0,107,205,36.59267503844768,83.14382620528177,4.557940351928611,66.57138012870276,grapes
14.0,16,43,20.8428258455607,87.12188988864123,6.403167350861832,86.78812454721951,pomegranate
10.0,78,13,37.48005920804779,54.46300574936918,8.000141971798843,71.63609725677692,blackgram
9.0,29,20,31.00228540874395,80.14170705400161,8.429490239312166,47.76748167824647,mungbean
96.0,25,52,30.10735261524473,72.12682136704437,6.873528675322283,37.06130701735377,watermelon
0.0,5,40,25.715392017433977,79.45126296625946,7.434028932852244,95.66208092711828,pomegranate
33.0,67,16,23.52735196104001,74.4672912325928,7.894534681052908,59.64132618308989,cotton
86.0,5,20,30.11006285200952,99.98187601,7.396187461373788,187.95556665658137,coffee
20.0,7,45,18.90592319,89.24126808,6.077886012,112.4750941,pomegranate
0.0,61,26,19.018347402328736,94.72514839812436,6.867159269186087,84.63601531440692,pomegranate
0.0,5,34,19.41810391022023,85.52430021933583,6.2534098811103735,111.60402696595976,pomegranate
18.0,57,24,42.20433020068772,21.634492585480167,6.403167350861832,61.63057203226834,mothbeans
33.0,96,21,16.70420936761936,82.27464691003433,6.65369709647686,34.66473516562327,lentil
0.0,63,26,12.083821247068604,25.15785595546522,5.1311839141693145,204.19051045617087,kidneybeans
8.0,145,205,10.18858086314704,79.84550731470871,6.691316868289514,61.08900630672933,grapes
31.0,20,30,32.17752026,54.01352682,6.207495815,91.88766069,mango
36.0,41,31,21.660013677672417,99.98187601,6.581725075907589,104.33863163700754,pomegranate
52.0,59,21,32.457475472598354,58.991383647028606,3.504752314,86.02050636688662,mothbeans
0.0,44,23,30.10878785072253,59.80032171075118,5.853317056280312,69.34501821142993,maize
0.0,69,44,41.76086197199607,93.94906587048754,7.264455447419421,231.25355619209608,papaya
111.0,44,65,33.92749733561742,98.45294928150906,6.243601505894976,20.21126747,muskmelon
14.0,56,42,33.786463843435925,47.09299979245124,9.265980130328265,86.10295909785445,mango
82.0,11,18,30.893510637013737,99.98187601,7.294351666038689,194.0234891515035,coffee
0.0,67,22,29.82112112,69.4073209,6.5937983870000005,51.56461082,lentil
100.0,48,17,23.7805123,83.03878838,7.827877817999999,66.26555904,cotton
30.0,46,46,34.98011483604089,64.99949056336504,7.440100120106322,186.20990453825567,jute
0.0,68,9,31.79157300429109,73.54945267288805,4.934234464347508,45.548222514312,lentil
30.0,86,23,21.41093544765183,54.8862141890523,7.565161173688831,36.948811911939416,lentil
34.0,5,5,37.42000362639161,47.43041004217488,9.93509073,101.56144253952372,mothbeans
113.0,72,31,23.391905059781813,96.77821587258812,7.278843804298335,162.99270184695558,papaya
38.0,55,32,29.2927076044812,68.48754546542672,6.826845498354602,38.46414583115973,blackgram
32.0,80,16,26.812002661320008,80.58256145034197,6.403167350861832,43.36447283384964,lentil
87.0,73,23,24.6171957884525,70.90736872840172,8.305151424753614,151.50347075290864,maize
0.0,11,38,25.49158911727429,60.10043570173976,8.168812775414477,92.29997914308274,mango
89.0,49,40,21.141983654513904,79.90907970226463,6.951882001927549,90.17794873253304,pomegranate
83.0,72,26,36.70167198487691,14.25803981,9.93509073,59.982749184620566,mothbeans
83.0,35,33,16.593759650161772,66.7651839737297,4.505948836920478,104.61721225179346,pomegranate
0.0,105,32,11.787385232902986,52.532555282552,5.330654993304198,20.21126747,pigeonpeas
20.0,122,204,11.7976469,80.86325389,6.487369687,65.06962486,grapes
47.0,116,197,19.31452521402861,86.06047817850153,3.602116219245702,105.7077339918384,apple
89.0,38,65,24.12783955997688,65.54695389491317,5.716498845537376,52.1683989638928,banana
45.0,58,62,25.57077238802005,84.8132127605587,6.674329746127652,24.546622540555084,muskmelon
34.0,5,20,28.99665651991064,21.95068695034898,5.086437986664196,298.5601175,coffee
122.0,86,44,43.67549305,89.49290245039232,6.989927046213889,104.9865481704461,papaya
23.0,142,197,39.06555518,82.03812973,6.000573725,69.30772897,grapes
0.0,27,55,8.825674745,91.28908602949438,5.713867878610674,20.21126747,papaya
90.0,85,34,33.09096201734667,99.98187601,5.881054637570791,63.788621602410885,maize
27.0,145,205,8.825674745,84.11727605942268,5.211665735304328,63.61746044410414,grapes
96.0,16,29,15.900192103301112,55.70931697398386,7.47795601555572,82.81203276997567,coffee
86.0,79,45,27.81251452,82.69285419,5.80766417,99.20961514,banana
24.0,18,21,33.66990353545054,67.37420446112272,9.93509073,41.62681779043,lentil
47.0,79,78,17.48395377,14.76014523,6.609696734,65.11365631,chickpea
47.0,35,43,43.67549305,96.19250260459368,7.716938757637274,162.4960532830791,papaya
14.0,25,40,20.07386547,90.97819712,6.407872061,103.7084055,pomegranate
98.0,43,19,24.60329048461918,91.20743973658712,4.997444730011281,298.5601175,coconut
122.0,48,16,24.65425757,75.6350708,6.307585854,61.82980133,cotton
46.0,89,62,8.825674745,98.7150472174064,7.0981708142855,211.5294877310828,papaya
16.0,145,199,26.91624843,80.76838926,5.953966361,69.30927185,grapes
24.0,53,17,28.95451232,89.07866095,6.421271178,57.65901369,mungbean
0.0,72,43,43.67549305,95.31835387787568,6.833826793375298,221.99110135786552,papaya
70.0,68,55,42.84609252,94.63548176,6.691202286,78.80996390000001,papaya
89.0,25,54,24.69368934,85.56967628,6.353107392999999,90.17794873253304,watermelon
50.0,100,198,24.21349995213254,94.50490569686616,6.270488014080439,122.92117341236202,apple
9.0,62,96,16.97845238910566,22.9294365436678,4.896535545939658,122.48073364314104,chickpea
9.0,35,29,33.04669749340181,30.445714340565324,5.548695805659615,20.21126747,kidneybeans
61.0,5,43,26.460411679178776,76.85128523446845,7.587269868471318,20.21126747,watermelon
0.0,76,33,38.8243055446368,14.25803981,5.189347388239139,79.87909550724098,kidneybeans
56.0,135,23,12.076420399980236,61.35763596476893,7.418428132369572,21.11036669650748,blackgram
33.0,36,26,14.503114927075249,52.37321275330676,4.490098053270135,91.94692398877284,blackgram
72.0,37,18,16.79821107774057,17.16116540982561,5.929219780893542,133.40179418362126,kidneybeans
40.0,32,73,24.311670421969744,66.87930052977401,8.145058951347824,103.0053979984761,mango
27.0,59,20,28.00937423,52.60950014,4.397698806,36.01203025,mothbeans
45.0,17,20,27.228116115721807,86.05760668979467,6.688380273141163,33.57197516455412,maize
15.0,5,41,37.6066483463253,46.8723876523666,7.059024590568994,73.49243229575104,mango
12.0,65,23,8.825674745,43.40484698054216,4.763896765104503,32.147108018507524,pigeonpeas
27.0,82,11,29.41306186692548,74.46859298947238,7.990230006808208,21.49280997272142,lentil
75.0,22,58,39.94552133489118,99.98187601,7.68397302912386,124.42814475832586,pomegranate
17.0,56,36,8.825674745,27.246786224165884,5.999504721214442,108.00154501536134,kidneybeans
56.0,41,38,26.50383263145386,63.21400843635352,9.516940311217418,145.36439206098072,jute
34.0,76,80,20.65691793,15.84572566,7.985417393,65.23811143,chickpea
23.0,59,25,27.826262300000003,88.73100226,6.403167350861832,56.68833819,mungbean
140.0,66,37,33.40502041660718,65.6748123978085,8.599399960625373,99.7716990387294,blackgram
52.0,37,80,20.961745422013884,14.25803981,7.695200458707404,28.484781183861244,chickpea
44.0,60,18,16.89270855818938,71.76349118339117,9.93509073,49.25074811607384,lentil
125.0,28,52,25.13518709097201,58.52840193780511,7.311413179935552,56.84279891318724,watermelon
41.0,5,8,30.119613380962846,54.08772268067085,3.504752314,105.37220222066064,mango
95.0,21,35,27.27661035365289,87.67199313222743,6.3986410364043245,47.93945838671792,watermelon
139.0,30,60,19.55769426068642,60.26678208996335,6.403167350861832,108.03007495229669,jute
52.0,37,31,27.29305745058907,42.82863960431668,7.611377926994036,93.94740241916465,coffee
81.0,30,31,24.65090184,51.93952357,7.027585558999999,135.1386537,coffee
52.0,55,52,25.49158911727429,86.33443047297106,7.188598232612889,24.632643394043004,muskmelon
0.0,65,17,42.06882121076902,63.40328274706244,7.868802915461925,46.00647798274797,blackgram
0.0,43,42,13.103365990412398,99.98187601,4.521118326473502,31.06510985124785,coconut
11.0,32,54,32.29888938416206,92.68361006336568,7.484991333614312,26.12400256870076,muskmelon
47.0,52,35,33.658547615535895,14.25803981,4.033720266023948,298.5601175,pigeonpeas
12.0,145,204,23.72182238126757,89.91853363609904,6.198755114338251,116.69691804136386,apple
45.0,31,37,30.083111890244755,67.6524859788432,6.8084151706560165,90.17794873253304,coffee
93.0,56,36,24.01497622,82.05687182,6.98435366,185.2773389,rice
0.0,5,46,20.56071916151945,76.05347366327281,7.286752989523775,119.6205642428864,pomegranate
32.0,141,203,21.25941052,92.84416234,5.821347769,109.06584709999998,apple
17.0,145,169,20.98237718589321,99.20101810315164,5.769157789410789,143.22293860476552,apple
140.0,101,5,29.95584410128871,74.49262259028399,9.38193384674965,61.41187795912278,cotton
12.0,61,19,19.33162606,24.13995025,5.655726817000001,68.51253427,kidneybeans
63.0,85,46,16.620626889023264,90.56684428180384,6.878763536695619,32.16632592326803,papaya
13.0,61,19,29.30987033006343,60.24848884208966,3.504752314,94.94801317398398,lentil
36.0,56,20,25.4123765,49.66474269,7.437078236,31.87416982,mothbeans
48.0,51,53,35.36520510188316,95.27490418944971,6.7749701438424585,185.00718675552253,papaya
91.0,49,33,26.175557607396364,79.01433216748488,7.650147805255431,59.99333813451533,maize
59.0,50,101,14.536093238693796,14.25803981,4.933242266665429,57.18100368659064,chickpea
24.0,54,23,28.041558593665115,90.91894718808663,6.959853595501499,50.93213948995211,mungbean
99.0,112,58,22.69761584346878,89.8278595293367,6.742594943518717,82.38638565904506,banana
36.0,43,24,27.09400578,43.65305437,3.510404312,41.53749535,mothbeans
14.0,42,68,16.834557163348283,15.07159660104427,7.904901635755687,82.74583011375744,chickpea
134.0,57,14,26.50396734974825,76.8708034843428,9.93509073,46.81229863752456,cotton
119.0,30,49,25.35794749,80.45846265,6.903020221,47.72078245,watermelon
140.0,50,33,27.975399924871084,99.98187601,5.099941127368214,224.70428598724465,jute
45.0,103,10,9.91021314105252,55.70739572311513,3.504752314,34.60601792710433,lentil
128.0,59,14,20.967047279692665,73.42257297333465,8.955184188818865,68.21774649557781,cotton
44.0,64,54,29.80744318,91.38048469,6.74274935,232.7046126,papaya
109.0,5,75,22.5308044874464,80.56902650073259,6.231847536641501,34.348228014268585,watermelon
27.0,24,41,24.32770134,90.88292835,6.610251186,110.4606459,pomegranate
28.0,46,30,29.01182831519959,79.57426938291012,7.381775365267453,24.42630178332493,maize
7.0,110,60,20.88922637836123,23.417129769938057,9.93509073,90.17794873253304,chickpea
53.0,37,54,28.878522430076025,99.98187601,6.874075631607201,20.21126747,muskmelon
99.0,57,38,24.80624984,82.09281674,6.356295567999999,156.3616174,jute
125.0,5,57,24.47185890997956,67.48067668944391,6.636166946406307,66.93278663881249,watermelon
66.0,44,20,19.0781471,69.02298571,6.740000687999999,80.72515943,maize
0.0,44,25,17.37432569445089,55.8365832002268,8.77518009987455,101.34803041230344,mango
116.0,5,32,43.67549305,92.52791502090297,6.727666460107797,20.21126747,papaya
35.0,69,23,16.78791503,24.96881755,5.578410206,75.45328039,kidneybeans
0.0,40,22,22.78004102566823,32.64514445406711,5.363078293530419,210.85307371548825,kidneybeans
33.0,59,27,42.01717090800237,55.76313228986184,7.4324620340151455,63.69838814411671,lentil
0.0,53,17,14.666558769090116,99.98187601,6.425767903611517,125.19351257622544,orange
100.0,34,37,21.83885037387732,88.5559520079877,7.211351606184391,63.50459808215837,watermelon
105.0,83,26,31.87843473854365,99.50914754045218,6.867019678296556,76.31778055733501,banana
61.0,32,55,28.24701011831337,88.97215464810022,5.361089834470915,20.21126747,muskmelon
45.0,44,32,21.16675331619389,66.76060792190171,7.707060879788855,48.900406866708295,cotton
30.0,44,16,29.73013036,82.89166381,6.442335592999999,50.91511275,mungbean
0.0,14,33,25.49158911727429,59.948293497439465,4.083059504100594,102.28883223310548,mango
16.0,33,90,14.214766780758364,22.6558140960649,5.9799883005355365,53.13073848783253,chickpea
0.0,82,35,26.284188248915225,94.26625247710452,6.383569732163042,53.22019720355381,mungbean
17.0,57,21,19.88394011,20.31564139,5.789214288999999,60.91974792,kidneybeans
72.0,56,13,21.04835377548114,90.16749404539546,8.841698708202173,91.69603519997248,cotton
0.0,124,205,22.74786558449052,84.23929608621917,6.580219878296078,102.11927706574409,apple
131.0,49,22,25.49848236,79.9751579,7.306918817000001,67.05961949,cotton
80.0,5,40,15.441769162877332,74.86058012562083,4.757190813013707,220.38816334087363,rice
140.0,72,79,18.4051266076508,20.91943584642673,9.239628763936892,73.14530832263442,chickpea
0.0,30,5,36.8756850062026,93.25874017910252,7.92437090045545,109.05773368568478,orange
76.0,71,106,20.12618451767987,14.775246036674783,4.591973751835658,53.92691792551669,chickpea
40.0,121,199,26.18159716,81.03886263,6.315586313,66.05911698,grapes
26.0,126,195,21.41363812,92.99124545,5.878568981,118.3979065,apple
10.0,5,50,38.43129701862963,55.54322990170565,6.765223693731222,115.30219667327052,mango
64.0,13,36,33.789462314109294,99.98187601,3.91724834345025,195.23304841315908,coconut
0.0,42,23,27.79199694206432,91.86117241729212,6.807947176560272,70.89708442618631,mungbean
97.0,20,18,28.057608145772807,72.9478001374408,5.786664439654952,50.29252512990408,cotton
61.0,10,38,32.8933367128021,52.26967675940064,5.346541908954717,83.77826634273453,mango
23.0,45,21,31.46511256,51.79939437,8.985348193,74.44330654,mothbeans
39.0,70,15,20.76774783,63.90164154,6.366355781,47.9271552,lentil
50.0,25,5,40.856594956134806,95.75122410357748,8.55553746894727,90.17794873253304,orange
76.0,40,43,25.15745531,83.11713476,5.070175667,231.3843163,rice
33.0,77,15,23.89736406,66.32102048,7.802212437,40.74536757,lentil
59.0,70,84,17.3348681,18.74926979,7.550808267000001,82.61734721,chickpea
16.0,77,22,31.48469278,35.6395615,6.574209678,100.546816,pigeonpeas
9.0,140,200,24.52968355334834,95.4217534328475,8.622595127689788,109.08046205675792,apple
54.0,16,56,26.348893864859576,90.13318671170488,6.46279640315173,22.08486253179653,muskmelon
45.0,87,49,43.67549305,92.57617190746004,6.382140450491781,20.21126747,papaya
10.0,82,18,34.68657965266982,60.19092221078276,5.819071589258868,76.24152033450731,blackgram
83.0,5,34,21.629570225185287,99.98187601,6.255967987021255,257.9345976348342,coconut
0.0,124,205,8.825674745,85.97631872929878,3.5425091154762707,65.14984639514817,grapes
0.0,32,15,43.67549305,94.00871563494658,5.070168970897878,129.46456639304537,orange
12.0,39,21,28.99319096,62.85948245,8.183844843,70.4713043,mothbeans
13.0,85,6,35.35321277778421,75.02248033336251,5.398340291552371,33.622161156468344,blackgram
100.0,111,5,18.316461689331486,40.664218779268055,8.706688715372449,56.99846144413709,maize
72.0,42,43,26.56767277,80.90424543,6.352771037,181.2915605,jute
105.0,60,23,23.53371386,77.21705554,6.207652157,87.54004943,cotton
10.0,59,22,28.60901145,86.99495766,7.1556850160000005,36.94616965,mungbean
15.0,99,6,19.73723461616449,29.887758911208365,6.8568566405076,145.5735812558463,kidneybeans
67.0,5,43,30.33029219119892,94.06321724927128,6.413270663618273,26.67010845992501,muskmelon
109.0,58,28,20.605411260089863,84.36608901022242,4.594660575130284,278.4981173138796,rice
65.0,5,71,27.155260371260788,67.24100175847244,6.939988018864476,55.0130378668475,watermelon
0.0,37,16,20.994481006630657,93.72714459516116,6.439994990339517,117.81183574695002,orange
26.0,83,5,36.346421998869886,52.13242434682066,6.400589907240299,90.17794873253304,pigeonpeas
68.0,41,16,21.77689322,57.80840636,6.158830619,102.0861694,maize
0.0,47,27,8.825674745,60.23524860069459,5.427797268863486,58.10903293962559,blackgram
69.0,64,47,40.21199348,94.50766912,6.993473247000001,186.6762324,papaya
91.0,50,40,20.82477109,84.1341879,6.462391607000001,230.22422230000004,rice
28.0,29,24,43.67549305,54.0917289693359,6.403167350861832,112.45213815603384,mango
33.0,82,5,12.861400017077433,55.98594101848661,6.4516775046014905,64.93308494609732,blackgram
11.0,18,42,21.57936934,94.88267728,5.938528744,102.8593382,pomegranate
1.0,82,13,29.48689524924327,75.62808112908287,6.926118778115819,60.52141422275607,mungbean
84.0,24,29,24.26075699077706,52.88117259123685,4.541824760197146,79.17709473516048,maize
111.0,50,15,25.16820129,80.30351815,7.884550475,84.62419032,cotton
34.0,87,13,33.58810453961791,68.48191102369317,6.3768762773672965,20.21126747,lentil
85.0,58,41,21.77046169,80.31964408,7.038096361,226.6555374,rice
33.0,65,5,25.49158911727429,79.47165136366972,6.0214279574705465,25.221981139278004,mungbean
38.0,32,14,18.506673240327583,26.08771287058274,4.711990339738239,101.2456855071081,kidneybeans
20.0,56,45,14.17309692500034,94.2209304798677,6.324509154945786,298.5601175,papaya
0.0,36,37,23.45353757176058,99.98187601,7.074105075985143,107.45063437635984,pomegranate
140.0,96,46,18.748790800316115,80.18828479757778,7.254615315630413,165.40338134968647,banana
14.0,32,5,8.825674745,87.70495562750274,6.320562705822679,97.98687309735126,orange
74.0,22,39,22.95183207775064,99.98187601,8.15668992309809,40.2150179409056,watermelon
43.0,68,5,31.225824281747645,73.33196781492737,5.027263118613597,81.59182516300969,blackgram
81.0,5,46,22.09432567372845,81.94829602836417,9.13567035184002,229.91485123535665,rice
45.0,98,73,25.49158911727429,14.25803981,9.93509073,38.99677475825976,chickpea
23.0,62,85,18.97424756,19.5161216,8.490127142,80.7108745,chickpea
29.0,67,21,29.79181107,63.38789228,6.621323612,63.02169909,blackgram
18.0,71,76,17.739964208276813,21.85569494797342,9.44442229831225,112.92241977303917,chickpea
134.0,54,36,25.0502227947422,85.62667250664663,7.983954075453064,67.33034251470242,watermelon
77.0,51,44,23.25583402,82.7015932,7.124333547000001,166.2160846,jute
61.0,5,19,42.32140845570798,99.98187601,9.76322788460115,119.76090974171834,orange
85.0,44,25,25.133644333889603,86.01600380701483,7.565893351209611,136.3544302871834,jute
83.0,58,28,8.825674745,22.139486714101665,5.48794574466927,31.9424741076634,kidneybeans
82.0,5,47,25.49158911727429,99.7581536866005,5.968328808600076,20.21126747,muskmelon
0.0,69,5,33.60527641412851,63.52978037081884,9.93509073,204.8573230909232,pigeonpeas
103.0,5,48,23.52566967178316,90.98721537900862,6.471644091896921,28.08319777392452,muskmelon
0.0,30,45,22.52794188135831,99.98187601,8.284616046426336,161.97001198096024,coconut
26.0,102,82,20.329380967154258,20.975977461232933,8.69564703501754,48.97261542494064,chickpea
136.0,20,67,23.24140565633096,86.04364675444879,6.677383562100792,29.66521225733591,muskmelon
29.0,41,21,31.49398069,62.84916863,8.86979671,64.56807592,mothbeans
77.0,5,62,25.49158911727429,88.25126627093722,4.348443249943042,46.354543944174736,watermelon
121.0,50,62,22.082442528141133,83.63918923779535,7.345454667397083,46.1238431648612,watermelon
70.0,47,17,24.612911800000006,70.4162444,6.600827017,104.1626147,maize
54.0,74,43,39.468063595197066,60.25973699463088,7.984995584922554,108.42963235310688,maize
0.0,5,47,16.538385900635696,85.99547879080039,5.658398443286051,115.34659155693572,pomegranate
109.0,6,65,23.29616003716516,96.59989612491437,6.406072910748894,61.66430765080333,watermelon
83.0,5,53,26.880421553406936,82.75706669664537,9.153634913393864,68.63325098559599,watermelon
87.0,15,37,21.4333997503918,95.51862656242244,6.287681938975525,106.49828790825462,pomegranate
3.0,32,5,8.825674745,89.3710773497471,6.503296215933271,96.97915496283672,orange
70.0,65,52,30.42012134,93.12659793,6.583528529,75.95295,papaya
38.0,6,25,25.54963273,96.92786777,6.156259104,191.2996157,coconut
100.0,21,17,35.94450989941311,66.578791757658,5.472139633822575,66.22840675006,blackgram
8.0,60,18,31.21629982,46.01868196,3.808429173,53.1205277,mothbeans
0.0,35,24,26.66724885638792,30.443963502377525,3.504752314,45.81714550481925,mothbeans
49.0,114,54,27.406342965851422,79.41902477583196,6.480289128621353,101.25543596975156,banana
99.0,23,5,22.28222862847286,57.27277760649768,6.672642444673784,219.44532233663045,coffee
52.0,5,34,25.385525779755067,82.40878151222455,7.245505220172795,253.28275067427364,jute
0.0,16,5,8.825674745,86.92325879574379,5.443126458956276,95.4388792986698,orange
0.0,91,14,13.22006807507124,37.121121765080645,5.466950754750593,157.49450175682523,kidneybeans
3.0,9,45,23.89162561,89.61850203,6.535244251,104.617522,pomegranate
51.0,30,19,33.1648032723577,83.31300978582577,9.4808036552219,53.15926848546278,lentil
3.0,24,73,15.485677990774766,26.10633478316841,9.93509073,70.26140834212859,chickpea
107.0,72,45,28.14938935,81.54448882,5.790768046,91.40508414,banana
24.0,38,5,34.574731854297134,98.98137468462868,9.93509073,101.90629682910097,orange
44.0,56,5,42.87845294613324,98.39749899995422,5.446313948899067,112.18299467852516,orange
109.0,59,17,26.97613538866457,64.24091894015538,5.531483948305061,67.64778574162372,blackgram
47.0,51,74,21.07523841031514,20.889430552839524,8.516510042885931,100.23022424474084,chickpea
32.0,5,40,29.76245058873122,78.92696809694526,7.319413138629525,213.85430832843795,jute
114.0,78,28,34.64835117736191,99.98187601,5.650136578309967,112.23377730410532,pomegranate
0.0,45,8,8.825674745,65.35212975681803,5.417438272162072,59.66484271858593,lentil
31.0,145,205,33.2567892602752,83.65366107711036,6.525328004983157,60.83615037663426,grapes
0.0,18,14,29.77149434,92.00719952,7.207991261,114.41617859999998,orange
69.0,43,75,11.320103408469732,14.25803981,9.93509073,79.59401552448654,chickpea
84.0,27,36,23.74654938949945,86.74726818577713,6.8918201228997225,80.34387470374213,watermelon
86.0,31,5,23.398337372703185,86.12421644844235,6.057058766660895,157.57952830601909,maize
108.0,8,59,25.73067831029098,69.0260828516096,6.595915917787961,57.13371920183503,watermelon
59.0,58,17,28.546224,66.31394098,7.368318809,62.83469851,blackgram
71.0,32,28,8.825674745,89.83307695815766,7.369147422212455,106.95569149451686,orange
29.0,76,5,19.130084747470985,78.02790517012505,6.403167350861832,55.33073924745424,blackgram
106.0,49,24,23.03887865,76.47039772,6.983395572999999,90.17794873253304,cotton
25.0,47,87,22.09906723769308,14.25803981,9.93509073,73.45579097666143,chickpea
25.0,17,40,18.91251245,87.74938524,6.608023872,111.28005159999998,pomegranate
16.0,34,21,32.110751144761174,74.19478539635682,6.552936797287319,57.93637721950183,mothbeans
63.0,37,33,29.086049296295343,75.54344476452654,6.387594191250697,157.63752876768658,jute
28.0,7,9,34.591784600000004,92.13229786,6.730757538,115.5650287,orange
7.0,22,41,31.430815937391145,87.53928574899356,7.038587583647548,146.6500731669225,coconut
0.0,21,39,33.77512997717905,57.453815120002034,9.93509073,62.9838011671486,lentil
59.0,5,27,28.466494045675525,80.45334196360935,8.383790882569881,20.21126747,coconut
40.0,18,43,19.38603815,86.79058496,5.767372539,109.91309840000002,pomegranate
140.0,40,46,30.48158373709828,72.4476991439659,6.3206694938224,82.9074979591879,banana
34.0,42,84,17.834124358859153,25.83718954429927,7.990809947687119,73.31639984826221,chickpea
64.0,38,44,26.15292579952402,95.89897155949782,5.679102487784709,137.75189774351367,jute
7.0,43,18,37.42274441452128,55.06840669201057,7.227200051942276,57.69466192823672,blackgram
116.0,45,23,24.49672603966773,45.28669386448656,6.808759867663048,48.33328738002679,blackgram
31.0,13,33,27.63834933,95.48763389,5.85971872,205.5463111,coconut
106.0,32,41,33.41217916365445,86.70981163165939,9.78814982750574,298.5601175,rice
82.0,75,55,27.34585147,78.48738349999998,6.281069505,92.15524332,banana
133.0,80,51,24.7509761505192,67.15439453338772,5.99196145771661,130.28936452588405,banana
37.0,102,58,43.67549305,92.7407541857879,6.522072971433193,20.21126747,papaya
65.0,78,6,23.41268450004947,63.76761958912169,6.186840502204,99.78697591047543,blackgram
60.0,43,44,21.01944696,82.95221726,7.416245107000001,298.40184710000005,rice
39.0,71,5,25.25343730695955,59.610033557391525,5.740985505635527,33.89630237496146,lentil
25.0,74,49,37.78388014013183,86.22469866492243,7.164919681453657,20.21126747,rice
50.0,21,10,16.36518455342561,98.98620803356911,9.93509073,101.31950037926237,orange
9.0,66,13,38.64468581392697,70.3029256758544,7.422156311906043,90.17794873253304,blackgram
10.0,9,7,30.71074553980075,91.63388820837238,7.014328020697367,20.21126747,mungbean
85.0,115,27,37.44485790007311,91.79991144848958,6.550395493437941,286.95259417279374,papaya
102.0,15,51,25.301705094067103,90.33402489044768,6.5895957653792365,31.17378595116873,muskmelon
0.0,20,39,12.304975197060866,99.98187601,8.188575890491022,105.8966127455421,pomegranate
8.0,142,185,25.958325252411523,91.9080196745888,7.005589443896472,149.54659827218458,apple
0.0,133,199,12.48017817075181,83.80673354518511,6.333095252772126,63.13794588356407,grapes
8.0,110,201,35.39050149322432,81.7407577568627,4.929242819496455,53.02946411398674,grapes
0.0,34,12,26.579863644155346,91.54576778142405,8.94820089753587,118.93469258407366,orange
140.0,82,16,27.92629254028387,97.02338137021198,6.305949866394534,96.9680213003482,cotton
140.0,36,31,30.654548173784782,90.12634791517054,5.594964448104813,32.01976171249888,muskmelon
8.0,45,18,27.93034941,85.42058715,7.011030515,43.25095608,mungbean
116.0,61,29,20.591925712344,77.41063949204353,7.178461388639028,94.2808138398518,cotton
22.0,75,27,37.543721205497874,41.18998101500585,3.504752314,20.21126747,mothbeans
66.0,125,193,27.28273996237415,91.12627769530272,8.224268080808688,73.56530825018652,apple
5.0,76,19,8.825674745,78.23289200972175,5.807965318383445,64.72162454782344,lentil
69.0,5,18,23.882030868466035,51.94607665430247,6.907352310083989,245.68004598132472,coffee
140.0,19,36,26.792601092064924,85.29961870472698,6.403167350861832,39.872472486419625,muskmelon
140.0,75,71,30.615440543217307,80.89383992931019,6.092411563094804,90.17794873253304,banana
120.0,57,56,39.62037418301792,87.12571812639999,7.366772479517457,20.21126747,papaya
1.0,35,28,30.86042043312571,65.92012044927543,6.319728216961724,62.67795973909943,mungbean
62.0,59,55,8.825674745,94.91309504171484,6.717833826456633,275.8693187015068,papaya
80.0,90,47,26.59743595,79.35898915,6.21084479,107.3944717,banana
32.0,53,17,29.96578749246289,14.25803981,8.611933934192276,70.0017876237346,mothbeans
39.0,132,196,35.83089092,83.32560104,5.778594403,73.67984885,grapes
77.0,35,40,13.832342908272032,72.18552628845184,6.23118362817898,210.07859960403724,rice
48.0,25,22,33.987710151060384,51.228688376094176,3.504752314,119.86149641115848,mango
31.0,76,82,20.8248451,17.85057083,7.599279991,79.20509212,chickpea
42.0,104,186,43.67549305,76.86344900428118,5.980457531497356,77.21519665944992,grapes
0.0,70,11,8.825674745,45.31975074322932,7.308657191505188,228.5176714667009,pigeonpeas
46.0,130,205,21.10775349024922,91.07301752444856,7.14330654433584,100.28457937597209,apple
2.0,56,23,26.65333029,59.79023382,7.550090941,36.91852635,mothbeans
88.0,17,52,29.90415889,90.75284363,6.646962425,25.37828397,muskmelon
0.0,84,13,8.825674745,99.98187601,9.205994293618543,90.17794873253304,pigeonpeas
15.0,145,202,43.67549305,81.97550423466139,5.823017053039068,72.91278868924462,grapes
95.0,19,51,20.06698517562201,91.90390378791916,7.116931941774064,124.981466341571,jute
108.0,89,53,29.55054817,78.06762846,5.808497603999999,99.34482238,banana
68.0,44,53,26.41039806236636,64.36088625678424,8.069074043409126,22.370762999977927,coffee
1.0,28,31,17.882299960217463,47.0798025276428,3.504752314,136.12606437623035,pigeonpeas
89.0,58,35,23.98651719,82.09053379,6.096838784,167.0576456,jute
16.0,35,31,32.27652024,50.19368841,5.316875978000001,95.99487068,mango
24.0,145,205,20.58345249580931,80.60993853656015,5.834364739871602,65.18019206651455,grapes
30.0,65,82,20.71424384,15.27824066,7.103798069,76.77888672,chickpea
40.0,50,12,8.825674745,86.50152905988718,7.121530041454768,87.3555171230919,orange
30.0,138,200,24.752195274491505,96.79616671391835,6.968299433433376,147.785329177018,apple
0.0,53,45,30.19845347536658,99.07869693881943,7.342335693658844,107.7728534283783,coconut
0.0,89,89,20.194895178517257,24.488633995288925,7.247463937807772,68.20398091809943,chickpea
59.0,18,54,12.4186493699297,93.79119325344546,5.532204675162877,109.96412672095202,pomegranate
103.0,48,47,29.062147817662044,67.91207586124523,4.510509760297508,110.94220466861807,banana
0.0,5,28,21.20384232265587,77.11877906413953,3.504752314,100.46985091423169,pomegranate
100.0,145,197,43.67549305,88.40993913933383,5.409479544620536,80.53633559740706,grapes
140.0,128,51,33.38839145542043,76.53384088141244,5.583284338535357,135.61932691471367,banana
19.0,57,46,38.802664708197895,94.96748316894715,6.207941268842489,298.5601175,papaya
19.0,36,22,25.44689075,58.55363573,6.16496284,57.04826619,mothbeans
0.0,43,29,21.382714219813447,91.1716248913516,4.266994246028078,93.90572240229451,pomegranate
69.0,41,18,29.2611831288568,93.96623523535902,7.565671700862574,106.78189898824894,cotton
15.0,145,184,19.33845137394444,90.86418396907264,6.439184851695205,93.8701390355509,apple
19.0,46,85,21.896376003835748,14.25803981,3.504752314,95.39956184624312,chickpea
96.0,37,30,20.63743331420058,45.22021724799206,6.125838397067167,251.8798881737316,coffee
140.0,84,66,21.235886996225297,70.70435023576692,6.198472476347304,198.63610581364412,banana
11.0,71,24,21.14011423,22.7182355,5.6066203460000015,141.6056722,kidneybeans
64.0,77,14,25.727414226149023,70.96936441016749,5.974320192966884,88.24153106462158,maize
31.0,68,45,42.92325255,90.07600528,6.938313356,196.2408242,papaya
113.0,21,33,26.02241444,55.83288958,7.277422737999999,176.90209240000004,coffee
21.0,94,41,35.50515996043384,55.49119710491502,5.75864082124031,56.75075537033211,blackgram
110.0,145,196,25.49158911727429,91.46897717183448,6.205237415588441,103.79667744193628,apple
68.0,42,45,19.82082056629296,75.17106501482635,8.439835114508126,91.11582065552574,mango
122.0,5,14,29.698583349107253,34.04728548733382,7.853659447522496,243.86967558528323,coffee
6.0,70,24,26.64717536047701,38.9660684697525,3.634535611935336,82.18380654078418,pigeonpeas
101.0,10,47,25.5421695,83.31883376,6.936997681,57.57343233,watermelon
67.0,25,24,24.06348473005264,94.7423884923266,4.249268455117488,90.17794873253304,coconut
93.0,118,30,8.825674745,23.65275085017953,5.587732525353777,20.21126747,kidneybeans
29.0,140,195,23.64082979,90.95257927,5.560521058,116.7431319,apple
118.0,42,38,15.0898917262993,83.46990138561502,7.942761904592564,298.5601175,rice
118.0,40,35,26.35034208,58.50650238,7.460174812000001,121.5586297,coffee
3.0,145,201,23.13513425156993,88.9335151914011,6.098376664765552,93.6454336510888,apple
27.0,80,15,19.07096165,21.21092266,5.7883869510000014,86.21917578,kidneybeans
13.0,52,23,8.825674745,37.67721045257375,3.504752314,234.582352410447,pigeonpeas
22.0,145,205,21.167892936639955,83.78664465266701,6.258830791392634,67.61664764468733,grapes
13.0,145,205,43.67549305,85.12733668681688,6.693678390964988,51.053393912719,grapes
3.0,33,39,23.97813655569708,99.98187601,5.304378349078106,186.99135403457848,coconut
4.0,5,9,8.825674745,96.1032390027465,9.111157266355498,107.85387724550084,orange
5.0,40,28,19.985651640146266,62.70082969886937,9.333877971793314,72.85767887946405,blackgram
61.0,41,42,35.3831324826611,91.12885389824734,6.403167350861832,35.713502470986874,muskmelon
32.0,45,50,43.67549305,88.76189992418857,6.284685328379314,244.5894597761628,papaya
41.0,132,205,8.825674745,79.09015996843488,6.727552189293766,59.81835910853356,grapes
25.0,16,36,27.40770381968724,90.80462690168343,7.17988550178387,187.45456775817632,coconut
108.0,100,205,8.825674745,80.33803994623474,3.8440094023109816,94.45008251066947,grapes
36.0,93,18,28.36581936220757,98.35312378026596,5.103165111271535,273.6097064827893,coconut
15.0,6,41,19.0087067,88.83768149,6.8973684770000006,108.6793978,pomegranate
0.0,52,48,43.67549305,57.666304418561,4.662790865100323,94.97714491271664,mango
22.0,76,46,8.825674745,99.98187601,6.970783717952772,20.21126747,papaya
5.0,13,37,22.34375696,89.7870345,5.648243648999999,90.17794873253304,pomegranate
0.0,73,21,41.745691290485496,49.895863371743296,9.93509073,163.30629394945666,pigeonpeas
37.0,5,45,26.94548663988073,88.13977561862875,6.701203645023713,68.17718078782669,watermelon
109.0,107,205,30.73282086268226,85.5936195816017,5.703243824402561,64.99824280118753,grapes
140.0,5,64,31.06137400839133,99.98187601,6.175923873103499,31.712298589980502,watermelon
9.0,68,46,32.7268248304861,95.53155381581192,6.928024049379523,20.21126747,papaya
30.0,61,12,27.290575203346744,61.78474247162723,9.93509073,106.27418503672178,mothbeans
1.0,30,10,11.89925671,91.34663797,7.291405641,103.5771468,orange
38.0,141,198,13.05809741,80.28297993,5.757009965,70.75633584,grapes
113.0,30,50,25.49158911727429,83.9862443,6.277484042999999,43.87712348,watermelon
113.0,37,20,25.03300222,79.04368718,7.393441155,97.10087029,cotton
105.0,42,17,21.058244345587227,92.27995292630472,7.153556884018831,53.72949802472152,cotton
7.0,73,25,27.52185591,63.13215259,7.28805662,45.20841071,lentil
82.0,15,31,34.38435669591544,49.4564463216504,7.913898621905689,79.81111632230096,mango
140.0,5,14,26.12718843740076,48.380605502101744,5.376489178930717,28.32393751417836,cotton
58.0,65,22,21.159187100668387,85.26629717854088,6.057235492741105,20.21126747,mungbean
23.0,64,27,29.26314373284089,69.51089006831104,6.890286731871506,74.00323600884772,mungbean
74.0,34,26,31.28946583800069,78.40331957268987,3.504752314,298.5601175,rice
69.0,88,47,8.825674745,97.61036054988224,5.881782011249201,20.21126747,papaya
0.0,109,203,24.14964196659158,93.04695039158226,5.500636317902012,132.72350394481694,apple
11.0,28,16,26.08298884252604,33.17769548595007,3.504752314,87.56104620560708,mothbeans
102.0,49,21,24.69315538,84.84422454,6.253343655,89.799462,cotton
104.0,85,45,20.5671858277638,80.32451485093266,6.34203556402471,131.18206421136847,banana
49.0,68,22,28.56840626,61.53278622,7.127064207,63.49726331,blackgram
6.0,32,32,43.67549305,59.15282967057789,8.181386943716129,102.50477635491356,mango
100.0,21,77,31.07073903354292,99.98187601,6.406238466743347,20.21126747,muskmelon
43.0,64,47,38.58954491,91.58076549,6.8256647820000005,102.2708231,papaya
61.0,27,28,25.57390803877058,99.98187601,5.549678379567368,182.60676412717083,coconut
0.0,63,25,24.49338510003073,50.47796484616193,5.809996046399537,59.63034215596597,lentil
4.0,19,42,23.83185873,87.84034604,6.306605528,111.2232716,pomegranate
15.0,98,205,23.22421689680716,92.81257859829486,5.099883603818273,107.45046980834856,apple
9.0,60,21,29.94413861,67.31323084,7.52178027,40.37113729,lentil
0.0,64,22,28.69072325938876,54.73440206434325,4.200190656308701,105.64149803456284,mango
112.0,25,51,25.04746944,85.5667282,6.932537231,56.72496677,watermelon
74.0,53,93,16.11822436914493,14.25803981,5.664669034400125,62.45566025713291,chickpea
73.0,45,45,8.825674745,90.45636987952422,7.172874127409766,298.5601175,papaya
48.0,37,41,23.58159597513113,75.44876057593663,4.551560824603283,224.601265759543,jute
0.0,81,14,27.74509676713345,92.3631176233938,6.381040132372172,58.922684869814745,mungbean
71.0,23,34,25.504997264598195,92.01922935867997,7.331951506989121,203.7576893226401,jute
45.0,11,23,27.381459279496525,82.15575548405869,5.72353920633135,20.21126747,mungbean
8.0,26,26,25.54759871,91.64194826,5.702484758,212.867626,coconut
108.0,40,33,27.24673333513872,84.68795116692901,6.784794909390899,20.21126747,muskmelon
0.0,31,16,30.9054065732331,76.96289210158692,3.504752314,20.21126747,mothbeans
2.0,72,18,26.57597546,60.97876599,7.836719564,50.89110726,lentil
116.0,35,11,26.75157174814795,88.33368478573753,6.710723327475197,131.4897402111538,cotton
0.0,45,5,32.94302042625784,29.101323812206065,5.913248022088521,20.21126747,pigeonpeas
53.0,7,32,13.669288970179892,86.24765050557998,9.657581318199265,105.26014371564492,pomegranate
100.0,33,63,8.825674745,95.40555971160336,6.742744850868027,209.8446147008884,papaya
95.0,50,32,32.731080400423906,83.82384661856773,9.33140648425104,20.21126747,mothbeans
0.0,85,23,29.911682920700564,81.86199357206992,8.44876996277457,20.21126747,mungbean
71.0,5,31,24.415057950386217,80.95778514047987,8.142837978929247,119.518993422188,coffee
109.0,101,34,28.32047497196402,86.34547505523682,5.965228361534743,99.9744225123733,banana
14.0,5,20,14.441931721621287,80.72938802889675,7.675717381476613,105.83108812991664,pomegranate
0.0,46,5,8.825674745,88.28746731916809,8.369826505487923,122.22863247699168,orange
8.0,13,21,8.825674745,91.04775815178478,9.876376571131338,90.17794873253304,orange
22.0,47,35,30.40681443691908,81.68545797651397,6.51400949598547,46.33784884970987,mungbean
105.0,5,20,23.316732909820185,24.830403214536688,7.52508557511002,180.12063576527146,coffee
96.0,46,22,20.58314011,69.00128641,6.499936446,66.29390357,maize
52.0,52,14,23.226135336199874,60.01053229032341,9.93509073,49.81139884754383,lentil
72.0,51,40,23.20683504,74.09956958,7.422318499,199.4766779,jute
1.0,66,33,23.66506152993759,99.98187601,8.595409172277575,109.07634154927771,pomegranate
15.0,36,27,27.78912455,53.96886679,5.6437102160000014,91.01152997,mango
75.0,56,44,25.2746335,73.7459581,6.109478059,168.0432282,jute
10.0,78,69,19.63047909526082,14.25803981,5.125751446113354,89.6788598623429,chickpea
122.0,33,13,30.460249178931043,58.31800467032569,8.441660806484752,298.5601175,coffee
0.0,106,76,16.57126914974733,14.25803981,6.867356670556658,69.9239040296251,chickpea
57.0,76,19,23.83660362597268,88.74139784259289,7.034247475207258,23.08415781683449,mungbean
65.0,36,40,29.025912603885487,83.9884434603589,5.526379816258075,57.17472435716031,watermelon
39.0,28,34,32.195451143084526,39.1285410140559,9.93509073,71.33215959207128,mango
120.0,23,42,19.1806555248144,72.55115599643719,8.388737579463458,116.95096529738444,coffee
59.0,5,10,42.2678439666966,63.73079104472627,8.349747346563952,126.52419305677174,pigeonpeas
67.0,68,49,35.26824831,92.38282957,6.821774589,149.8488208,papaya
0.0,63,61,21.614608603061548,17.800782872524866,4.3991450214655154,58.04965149376473,chickpea
34.0,71,79,17.927806,15.85622899,7.728998197,74.63872762,chickpea
67.0,30,58,32.12648713714606,92.12231171534968,6.9329155301054985,20.21126747,muskmelon
67.0,60,38,24.79853023,78.53037059,7.16214284,162.2847429,jute
13.0,80,34,43.67549305,93.8921253301697,6.189436836926467,298.5601175,papaya
99.0,5,51,20.96307245734445,92.26282683382362,6.86662351931375,89.79132959372174,watermelon
0.0,8,27,34.93181838775236,93.44909317771403,7.753274370982421,244.20651825638492,coconut
91.0,41,23,31.51417978480473,55.94707918871569,7.252848370913657,205.43030832853444,coffee
29.0,44,20,30.04132304,63.56222995,8.620107545,31.83192392,mothbeans
0.0,84,45,31.70432544969782,62.21406751663917,6.413294950648012,80.48442316978817,blackgram
0.0,21,5,9.893741133441075,99.00984350772823,7.02136910934108,98.12066266181029,orange
43.0,16,47,28.80779807143631,98.8832501689246,6.403167350861832,34.030624177047855,muskmelon
84.0,81,64,9.94409403352951,99.98187601,6.7037387057645565,65.53028309940132,papaya
75.0,5,50,28.00090258042536,72.60610920636047,7.87425233407315,89.8288156213992,watermelon
0.0,52,38,34.1400879769954,14.25803981,3.504752314,48.654435636005736,mothbeans
9.0,8,40,22.48720144,89.9224883,6.553509673,111.6631582,pomegranate
48.0,5,23,34.30684102978867,95.0712397672707,6.893678269205211,118.65516155395488,pomegranate
89.0,28,39,9.36949317046994,39.98700300596947,7.319839875560757,20.492437258834016,maize
89.0,32,16,24.08983394545808,68.11654998879555,5.107077881354378,41.57169925053296,mothbeans
140.0,28,72,27.957433642553628,92.43706540543847,7.0398482331879695,21.477092208622377,muskmelon
114.0,72,28,29.4473998453014,36.54657363600459,3.504752314,107.94548963869978,mango
106.0,35,25,23.09173823797151,99.1315851249608,6.612900540974527,229.1745297862281,coffee
124.0,115,62,38.49456130866323,74.55648566725121,5.399159642224486,95.64942989756256,banana
87.0,35,25,21.44526922,63.1621551,6.178056304,65.88951188,maize
44.0,41,17,33.049834594656765,78.1505556997919,6.80054407482604,74.74184633157085,mungbean
127.0,85,49,16.785331823876714,81.99793275543834,4.9201468352911535,145.2730921309558,banana
30.0,5,19,38.069415621609146,68.02373834224592,3.504752314,89.87084181004347,mango
30.0,78,18,20.68050890410221,61.20394312859269,6.701420190681194,71.65917851332843,blackgram
42.0,19,58,43.67549305,81.12763326754724,6.358345102979601,20.21126747,papaya
0.0,113,8,31.17364175733081,48.3828248513651,7.000061543932673,45.234963436526456,mothbeans
87.0,122,191,43.67549305,80.24784205507537,5.009070132958703,64.18286555083546,grapes
21.0,38,21,29.75538903,86.45193297,6.637677489,37.54602719,mungbean
74.0,16,71,23.084847413264537,98.69594239934004,6.403167350861832,90.17794873253304,watermelon
111.0,15,54,27.7058373,92.91185695,6.194090172,22.06207161,muskmelon
96.0,70,27,21.077692480177674,76.97027365577787,7.436553985390338,145.29377404423008,coffee
45.0,73,36,21.558477054763788,55.494001251694186,6.903267738751689,72.75766855413005,blackgram
67.0,62,50,43.67549305,87.88697876655262,5.771543879355346,109.63124634452126,papaya
70.0,73,205,20.09286569941052,99.98187601,7.711090699566422,114.97156304023488,apple
83.0,119,188,26.18538440973863,86.54254319669568,6.116092176405799,75.67724665279181,grapes
39.0,62,29,40.18724081367539,64.0584530372248,8.118353429389895,55.92177978294799,blackgram
75.0,63,10,12.685235041232447,55.54171578045579,3.842033185309198,52.323334735620406,maize
24.0,128,196,22.75088787,90.69489172,5.521466996,110.4317855,apple
64.0,82,39,30.88113653823379,94.94595685538953,6.886530097754775,20.21126747,papaya
29.0,128,198,22.44075021,92.70785115,5.685062404,121.4977331,apple
102.0,5,55,28.47373336963382,80.55870086633473,7.631405102507255,53.070297781600345,watermelon
140.0,39,50,26.44271790725332,83.17045333918725,7.097875718534957,20.21126747,coffee
45.0,61,16,24.09793426057192,14.25803981,6.484889886339163,22.74528611247796,mothbeans
22.0,86,5,8.825674745,89.23184482392557,9.421979744465023,113.4972635384218,orange
140.0,35,28,25.233311681811056,99.98187601,8.185941027573575,63.95505670892018,coffee
20.0,73,22,16.03768615,22.33195853,5.976312537999999,130.3900798,kidneybeans
84.0,5,50,25.734918875583134,95.64255456314184,6.047783958293017,66.7855402275784,watermelon
79.0,5,43,21.31820593350808,47.48180189613614,4.3300509850921065,104.43967410699308,mango
79.0,14,24,14.034986302298186,28.106452414569816,5.283590139657833,141.64303700970206,kidneybeans
45.0,21,43,28.05641070146445,90.99919772892468,5.541142001349456,21.824683304934915,muskmelon
95.0,35,19,26.963672277347385,88.357971464216,6.571185037825208,157.69022329567753,cotton
2.0,30,52,28.464848787163803,71.78374568159428,6.613472796082936,100.76899686009278,pomegranate
115.0,20,46,24.611913634115897,96.2711484616756,6.44841666666072,32.23442552669565,muskmelon
10.0,58,15,28.721282184709963,83.76132856681308,6.4168382181671495,20.21126747,mungbean
109.0,5,69,21.59752288620448,81.34230742158128,8.137973907991082,71.78049750473025,watermelon
14.0,75,32,22.318875384642507,99.98187601,5.885076532679561,102.48761969268986,coconut
94.0,5,34,19.86062371251242,85.91271079543621,8.264476156787506,298.5601175,rice
64.0,98,8,25.49158911727429,96.95908965762908,6.82004871264174,151.81239257121905,maize
25.0,145,205,43.67549305,86.24665536907563,6.436928041659826,77.75149382078864,grapes
140.0,35,41,26.551483363030435,79.98020390895849,5.885361585900316,68.23894842431082,watermelon
0.0,5,11,27.292867067604654,47.19590445001669,5.071635139225506,116.03894013316878,mango
55.0,122,182,21.968694584512946,96.27427692278695,5.689381334117563,125.98962283381366,apple
9.0,67,37,25.0245331040303,82.70510756493033,5.355041988358464,100.51339995000204,jute
37.0,52,47,43.08022702,93.90305729,6.54277684,211.8529059,papaya
0.0,35,33,24.3302993499778,99.98187601,8.992461194713208,111.8491116338419,pomegranate
94.0,6,31,28.513972339488493,78.36239605357949,5.571804112809272,83.9453137054243,watermelon
25.0,63,20,15.78601387,21.14544088,5.502999119,95.17028129,kidneybeans
105.0,12,47,29.737832250077982,97.04301097849611,6.326670777538325,34.80467462181192,muskmelon
91.0,7,53,25.13735887,89.28272716,6.457216535,43.52897517,watermelon
87.0,15,42,14.938210090392374,83.20125037415669,5.618580940076469,298.5601175,rice
37.0,25,29,32.58263483643661,73.76737878095797,5.239770218288967,83.20475358422314,mungbean
98.0,18,82,12.479953445876813,24.444540274621875,5.352155506482406,56.75995042102822,chickpea
16.0,75,21,18.50692825,23.61670065,5.679224346,87.05132890000002,kidneybeans
0.0,72,10,43.67549305,93.3344990544404,7.277211889543858,87.31334993887491,pigeonpeas
11.0,22,45,36.82172922384267,89.37027598049085,8.002562963320273,37.09997947046482,blackgram
83.0,87,17,8.825674745,61.59078722450715,4.4472275891706285,60.06823642020194,maize
10.0,45,33,22.404165071278182,99.98187601,6.176969666239341,195.4659818611321,coconut
9.0,137,204,24.97867491772276,99.98187601,5.264342632155261,120.75565195947432,apple
139.0,33,27,14.976304828444206,40.42136872892674,3.831088287067188,138.39702618539704,maize
39.0,14,29,31.70995954958996,60.00985776767923,9.93509073,106.5748535584854,mango
52.0,43,37,38.32001514098672,83.35625514675912,4.72147188573174,20.21126747,coconut
86.0,27,71,16.433702467196564,21.730694000991427,9.93509073,109.32872545500624,chickpea
37.0,42,37,8.825674745,14.25803981,3.504752314,20.21126747,pigeonpeas
48.0,5,42,29.383982040629377,80.46315499285456,6.7037540131749855,29.352974577310068,muskmelon
112.0,28,22,12.238058042194904,80.78703440303632,5.838816337159932,201.1946537870217,coffee
85.0,11,44,30.25240381198328,83.1669551358453,9.93509073,211.37008888382908,rice
18.0,5,32,14.164078669339151,83.99236063084045,8.448955565831499,101.36044561036016,pomegranate
0.0,70,35,40.530796992343554,25.022405727722564,5.414796530153081,20.21126747,kidneybeans
1.0,17,6,10.78689755,91.38411917,6.8198271,117.5293447,orange
61.0,36,79,43.67549305,82.96725292905586,6.900482008889544,298.5601175,papaya
72.0,40,38,20.41447029,82.20802629,7.592490617,90.17794873253304,rice
40.0,126,201,11.36300891,80.03100049,6.116982944,71.18289431,grapes
64.0,63,49,22.1181914968829,87.3677576213211,9.57350552897167,177.13959878045702,jute
0.0,145,205,42.15140064263718,79.95505255188355,7.474025817580236,65.00556295781843,grapes
51.0,145,198,24.264462366630934,90.51553777913612,5.584791195261793,120.830508196197,apple
100.0,24,28,25.59535262,57.72920846,7.101661011,195.7733251,coffee
29.0,144,204,22.43324518,92.48667725,5.800448951,119.1025189,apple
80.0,8,16,35.568884195251634,99.98187601,9.93509073,20.21126747,mothbeans
60.0,38,17,18.41932981,64.23580251,6.474476516,76.41312437,maize
29.0,72,24,23.17409556,36.67847052,6.962386495,162.5931264,pigeonpeas
12.0,77,5,34.254168675715434,14.25803981,6.191827266844085,78.46072331040429,kidneybeans
0.0,93,28,33.068654975895704,34.73303176497636,3.504752314,20.21126747,mothbeans
0.0,56,17,30.40878006121357,39.575922185468215,8.890486216636027,113.13269629352796,mango
63.0,58,47,26.83054058,90.75379971,6.864143752,144.66564440000005,papaya
0.0,5,29,43.67549305,90.1066898759588,3.8731318323724375,147.50280965354352,orange
0.0,93,23,32.28602248591689,17.76410469900678,3.504752314,76.53822929099438,mothbeans
33.0,12,59,25.118754535162395,84.39469830841628,7.2987699613464,107.67926098466468,pomegranate
0.0,25,31,23.045743281140524,59.92206665766159,9.93509073,27.734131132263983,mothbeans
0.0,65,8,39.52653529048799,77.13488397155606,9.93509073,46.972525880849496,lentil
109.0,67,10,24.45056961090702,90.44241943005665,4.418880599417253,105.08919209318864,cotton
88.0,55,59,28.91764135110194,61.70948415026269,5.672641959463412,132.33146271014385,banana
86.0,23,31,23.23562832202369,38.13894066010566,4.252524737802236,79.20319143696808,maize
22.0,7,44,29.33141917894884,94.67829881082132,5.06769804432042,298.5601175,coconut
99.0,5,47,24.13078816,84.84494575,6.649086972,51.19470197,watermelon
74.0,13,36,25.474879178463507,85.67688971997308,7.10579837209831,191.8357532348951,rice
140.0,52,60,31.62780505131707,94.23907769609534,6.544098789559172,23.91099686889944,muskmelon
118.0,67,43,17.219737732030005,93.20775906622328,6.5248312005537406,24.003993108735017,papaya
140.0,32,37,26.32819076693865,75.45272187906616,3.504752314,224.56471740704345,rice
120.0,5,49,25.49158911727429,78.6950371126614,6.914911209038658,58.84947680652952,watermelon
3.0,51,41,37.89974763305325,86.12469144516903,8.707625072702747,107.5891229582069,pomegranate
24.0,12,38,22.89636134414112,93.8789241554115,7.167333836133416,298.5601175,coconut
107.0,30,50,28.36214060177021,85.18326757176514,5.186183642189791,20.21126747,muskmelon
83.0,8,26,29.54317243527392,90.17591079844613,7.29173299157115,160.03434628646133,coconut
0.0,5,45,25.6419579126842,99.98187601,7.53758674480057,100.95786345422296,pomegranate
30.0,68,22,23.10957231210351,74.95291821654853,3.504752314,60.796753359822446,cotton
86.0,135,63,35.83809119412529,68.90595605158626,8.04463126355161,58.08915422233835,banana
92.0,7,48,26.27520631,86.63249555,6.956508826,54.38748495,watermelon
45.0,60,14,8.825674745,40.830931937539845,5.548708097245702,193.5766105329106,kidneybeans
84.0,94,22,28.56183905300134,60.48164597830806,9.93509073,48.356807905849855,blackgram
6.0,5,25,32.1894658415048,81.53104837586376,5.611733695914083,95.6873412806505,pomegranate
49.0,54,97,14.716715682877169,27.863357484011207,5.925396835926846,100.85022708646414,chickpea
79.0,47,24,16.040748579610607,89.1892088065357,3.56921651277275,193.0913555153328,rice
34.0,77,29,23.5269679126001,83.56183738752831,3.504752314,212.27195032849352,rice
0.0,65,28,43.67549305,64.88869399759827,6.393801885256456,55.59590620816977,blackgram
83.0,129,37,23.32928075888445,78.89164269812079,5.836077724958286,140.87603695790096,banana
26.0,53,11,8.825674745,93.68434841963202,7.94848557576566,148.89204767309565,orange
1.0,97,14,20.303836735889902,14.25803981,5.531830130532497,122.01954124234256,kidneybeans
10.0,5,5,16.035149721279318,93.85512165204678,6.166246678864948,67.96094216313071,orange
8.0,55,21,30.513921057163405,62.361640224167765,4.094240781975087,256.3093899487974,coffee
2.0,39,15,28.07219563,82.9116472,6.478557136,49.61865305,mungbean
86.0,37,62,24.17897219895815,79.54309333898593,5.398733172541805,36.3017654075512,watermelon
73.0,43,42,26.58361011,78.00774772,6.310699968,154.8238864,jute
27.0,64,15,20.16080524,24.84207559,5.514927264,138.2362122,kidneybeans
87.0,17,44,28.19223140924472,88.53389710146386,7.354192309228002,79.20948956543216,mungbean
8.0,7,10,28.2620488,91.98317355,6.929216014,105.2132259,orange
30.0,34,8,18.591065319056543,44.42166778477053,7.542296028744286,90.41880524555926,mango
107.0,25,56,29.3267734854454,77.33650722292747,4.672856906825128,31.24991026454947,jute
0.0,27,20,16.32621708205798,54.16704295152956,6.808485579882519,96.5529232804456,mango
118.0,33,67,22.13526130101168,93.71290146386848,5.801220044283688,20.21126747,muskmelon
37.0,59,44,24.65315618693303,99.98187601,8.528213749560146,129.77275782644045,jute
82.0,63,55,29.974306474424072,92.2419383399716,3.864566354644166,298.5601175,rice
75.0,54,36,26.29465461,84.56919326,7.023936392,257.4914906,rice
127.0,30,33,25.62730729087021,80.33798280527337,7.486013351987955,38.33673041671735,watermelon
0.0,5,23,12.640631120734096,99.98187601,5.729493726413755,112.49923457622045,orange
29.0,5,47,22.06780919499686,99.98187601,7.1017963865574725,110.52119200733684,pomegranate
78.0,46,42,23.09499564,78.45959697,7.095413294,155.3851533,jute
0.0,101,179,18.55702783612621,88.89935666562663,6.045776116985663,124.36099850456452,apple
119.0,19,55,25.18780042,83.44621709,6.818261382999999,46.87420883,watermelon
47.0,101,5,34.13135917531295,15.102911583800536,5.466056138456841,76.53919529609459,kidneybeans
0.0,32,34,25.576986472049143,56.59164388462013,4.16958070464329,104.36636187314647,mango
93.0,22,52,26.58740671,81.32563243,6.932739726,41.87540028,watermelon
93.0,43,34,26.860442580494112,86.18392095868654,6.732572180888189,25.031569833299105,muskmelon
22.0,8,43,24.5826785048205,86.338996601312,7.013975044057227,115.18937922840696,pomegranate
43.0,112,205,23.494749538333267,94.02844015435367,5.475839705657061,140.36524028794912,apple
0.0,144,179,24.299633604480366,95.03067245241,6.60146675587346,96.5375400447515,apple
73.0,56,28,34.345279993132245,71.03114986226967,7.445893276927911,55.74345347598662,blackgram
90.0,97,60,27.517849452665867,77.98705520588491,5.792247477074554,88.45541670041439,banana
140.0,66,16,33.06118879237051,93.67073423956136,6.477685229388866,79.98657101623847,cotton
119.0,29,24,20.81946133292768,58.541595410579056,7.167964916580218,242.6077717286008,coffee
140.0,25,32,24.85249977241862,82.75696093751549,5.585037882282236,56.370524685361175,watermelon
109.0,31,27,23.05951896,50.40609436,6.973839707000001,164.4971875,coffee
126.0,11,40,19.16592517346369,85.3273887384328,5.840577897673689,121.19498762587192,banana
91.0,24,55,26.27061608,83.09194521,6.259086582999999,46.76837499,watermelon
53.0,5,48,19.722775293525007,88.8876242377343,7.9378185899215055,95.12635108577106,pomegranate
90.0,5,46,20.53224390114508,83.87862017388572,6.733046633325221,40.6220389058484,watermelon
38.0,5,35,20.5866101204352,33.65258272361963,7.330783624692398,87.09498911889266,mango
38.0,135,203,41.36106301,82.79782954,6.444373116,69.92107482,grapes
37.0,71,16,26.28663931,68.51966729,7.324863481,90.17794873253304,lentil
2.0,140,197,22.69780133,92.82223419,5.53456749,105.0508234,apple
0.0,85,48,25.01701560529017,82.8911122794621,3.8763347919151054,298.3521175828081,rice
112.0,21,30,26.836278548562564,57.20917742547071,6.421398252346824,178.98855299343322,coffee
58.0,33,57,20.07239901764537,85.07082136378791,8.160861753003381,55.01583717542174,watermelon
140.0,53,12,24.39424253973102,84.40166169967576,4.843934530924476,68.35147204011122,cotton
45.0,59,46,21.1049489484371,14.25803981,6.210567596150865,79.12639760971828,chickpea
4.0,77,5,25.23086027157205,35.128454995772735,5.686368041539339,146.1840616911473,kidneybeans
70.0,101,51,16.51232593861316,74.47779051015647,7.670961124975872,132.49167206875072,maize
0.0,49,5,9.00178712088749,86.39151384428266,5.053564163254975,139.52409241714273,orange
0.0,31,17,23.930205912802563,72.63083002144114,6.726743239060702,117.85653291588308,coconut
82.0,22,45,26.22338015,85.34866045,6.512196212,54.60159289,watermelon
29.0,50,50,33.01647669742751,93.19300524601128,7.110719842577743,62.0781818848355,papaya
0.0,69,82,19.216174612524053,17.83045696807011,8.000760596285065,90.17794873253304,chickpea
23.0,56,79,20.474630226018856,18.04030168421492,6.006657344047842,94.14991838478346,chickpea
68.0,9,25,24.702165058770845,28.243493214091508,8.258813471879678,168.8001673538536,coffee
117.0,32,34,26.2724184,52.12739421,6.758792552,127.1752928,coffee
68.0,33,5,29.316284165253485,91.08518773880331,9.14027783020573,74.21101950964636,orange
24.0,51,36,27.10691265940118,87.8929805639898,4.508672890696702,298.5601175,coffee
0.0,103,13,31.37219647209444,14.25803981,5.263483993017639,201.89874213317992,kidneybeans
38.0,21,35,20.33691147,89.38003827,5.841367187,110.9653137,pomegranate
12.0,66,20,27.41434987,63.41785982,7.336117221,44.43177543,lentil
21.0,145,199,8.825674745,83.75139023114167,6.808689295420346,75.492701570194,grapes
101.0,41,23,10.81809731234451,74.72779153214414,6.330049399099327,20.21126747,maize
110.0,56,59,29.34419573421057,95.00160354391446,6.647368133608703,23.444407400810487,muskmelon
0.0,80,50,34.2413823723234,72.95840401747901,7.291811454283096,192.1759753885442,jute
44.0,72,35,30.012887812153416,48.13343446137584,4.8046636616296645,260.0870799319865,coffee
0.0,136,205,22.359809351690373,97.7241031706506,5.901914060468228,90.42208296924396,apple
20.0,70,19,28.90189057926917,42.25509716024262,3.504752314,20.21126747,pigeonpeas
0.0,145,205,8.825674745,80.30346139701479,7.677544171707644,65.08281851217234,grapes
140.0,71,16,43.67549305,75.08232157966246,3.504752314,255.2472283715787,rice
21.0,5,53,18.13495910993825,89.39738195180828,7.001140379401959,107.6639616862676,pomegranate
66.0,102,33,23.705637200179645,62.87195284017002,9.93509073,55.70718149992689,blackgram
86.0,46,71,22.693434589358475,18.85209094804087,6.965813991156147,118.8806829408123,chickpea
0.0,80,23,43.67549305,24.05497280353596,3.504752314,20.21126747,mothbeans
0.0,5,17,17.551490506060304,52.63838154995038,4.2768767117696935,88.15833400066352,mango
109.0,34,26,15.723664142240986,71.3628523522511,6.2186630885976015,20.21126747,maize
63.0,74,11,37.252661884224594,67.79086810534338,5.397747212897624,33.99496581609565,blackgram
0.0,83,32,39.11184954649326,57.91473645158929,3.870393838924671,62.83120396593888,blackgram
0.0,37,32,35.58992888503303,51.32724660985346,3.504752314,89.78531132572614,mango
57.0,8,36,26.2541388881762,94.76687008042494,5.3181843817827765,38.02566424419184,muskmelon
33.0,66,20,18.549872187517924,29.397652242860232,6.227400951160096,83.1578626084406,kidneybeans
2.0,78,23,21.31852148,66.43934593,7.320514721,45.42616802,lentil
94.0,75,74,20.82400088988016,26.213614998467328,9.93509073,38.26877005100686,chickpea
4.0,49,31,25.57463027163428,31.22502259990136,3.504752314,20.21126747,mothbeans
95.0,52,36,26.22916897,83.83625819,5.543360237999999,286.5083725,rice
0.0,99,96,23.73561767735287,14.436137012432471,7.260365297735489,77.05402006736726,chickpea
73.0,89,13,10.252315829968058,68.77700855702051,8.387187002065193,40.35077057163439,lentil
98.0,22,47,29.07265321,91.91533173,6.341400922,28.83568362,muskmelon
88.0,52,30,28.822863769308945,83.91680635120572,4.125090584036808,20.21126747,cotton
0.0,34,28,28.314680903850096,83.3952146712468,7.033022913769508,90.17794873253304,mungbean
103.0,50,7,36.4354777530604,50.48758435293283,5.047233633514082,69.12385040081088,blackgram
0.0,90,8,25.49158911727429,34.591836392262664,6.312835211288692,121.43398207484488,kidneybeans
45.0,33,6,28.17936165398609,78.20266849885249,8.885121595659665,20.21126747,cotton
17.0,81,43,10.090193988148233,83.51526343762839,6.777767320098803,20.21126747,papaya
58.0,55,40,25.21573188765389,94.47346814432088,5.452868629747605,145.648930462703,jute
140.0,5,51,26.27144887097588,90.64295907077197,6.38369877978132,69.03312704096754,watermelon
9.0,125,198,35.536361139431826,81.14749566738773,4.928359505151693,53.98862775911462,grapes
47.0,23,26,29.103571746298915,48.437182254095575,9.070716095449711,82.3147125034889,maize
26.0,53,26,28.93246492426932,99.98187601,6.403167350861832,107.65829890688948,jute
23.0,57,19,32.83963757,67.99803573,7.251000789,73.40452716,blackgram
91.0,41,37,24.48556447,83.20630007,6.132570522999999,192.2316221,jute
107.0,80,57,24.20874330996441,80.48763315676781,7.371620701811079,157.7208907089067,rice
93.0,31,44,31.649716509005376,69.37244426782996,9.93509073,99.81077023580504,mango
55.0,11,36,28.59959678545223,89.36757933874811,7.387267429524347,21.77868501927053,muskmelon
140.0,19,48,27.80690666193565,99.98187601,7.11030117122614,42.236302480230805,watermelon
87.0,92,28,25.271586720177623,48.89452614213599,5.381296002016456,20.21126747,coffee
108.0,70,41,27.74214441405946,68.93848641484749,7.723158929648231,121.72211199628993,banana
64.0,53,38,26.24347471,78.51063754,6.855362875,183.4065252,jute
0.0,59,5,8.825674745,95.36635952093688,8.795082743804,121.9778737863292,orange
29.0,21,45,23.40981539,93.13277,6.749260456,105.2240743,pomegranate
0.0,75,30,28.80918912566905,96.36622273262968,5.006135490858368,31.68123420636189,mungbean
76.0,97,205,23.446709079520968,85.1373602990595,5.810388947909448,79.39890452172034,apple
63.0,98,66,8.825674745,84.2590058987214,6.673277850943453,96.88731793890057,papaya
42.0,53,48,23.11407669,94.31994776,6.758479569,231.5153161,papaya
110.0,35,28,32.26986023743334,65.51515815667793,7.986786553260869,257.493218982005,coffee
92.0,43,14,23.25933359555249,53.13533924987982,5.9913938127244935,51.71584627632074,maize
66.0,111,205,8.825674745,82.20911114120129,6.37629713395645,76.87808823902981,grapes
130.0,16,24,29.836307345812155,91.62536417012912,7.134137762405823,23.622746273833435,muskmelon
0.0,45,75,20.809801121599484,14.25803981,8.434816301645684,101.76156058491831,chickpea
131.0,5,7,17.822082722492937,40.87719860669368,5.661332331066572,298.5601175,coffee
39.0,37,15,28.9973145,83.78911515,6.821747052,59.84499208,mungbean
86.0,58,66,24.308652037448446,18.2316888732515,8.19331627174475,107.4902933306748,chickpea
97.0,18,25,28.722499595582484,90.83730592531732,4.257969343731013,66.42435453607605,cotton
3.0,27,44,24.56811204,92.03009222,6.591302797000001,90.17794873253304,pomegranate
39.0,8,41,28.37639521110759,86.2090671478925,5.945587896650666,168.68843840391617,rice
43.0,116,49,28.825993055291608,53.904470402254354,5.37701404691845,150.15449246208277,banana
91.0,62,6,24.452153515522724,83.54429499982304,6.137325374900699,94.95919578444703,cotton
123.0,101,31,23.279006070777648,86.33136264782807,9.93509073,298.5601175,rice
0.0,126,32,39.4515579461843,75.45319925650357,7.235995105871868,20.21126747,lentil
30.0,94,16,23.610104281049143,33.94093186701264,5.297880461810052,161.69744105902254,kidneybeans
0.0,45,93,18.33274028186,14.25803981,7.8582728922102625,84.7903017062454,chickpea
7.0,135,194,27.33224554668784,80.89047434362895,4.850471137557697,75.31036749925536,grapes
102.0,45,16,23.65629976,77.52425987,6.403167350861832,74.8984994,cotton
2.0,123,198,39.64851881,82.21079946,6.253034534,70.39906054,grapes
139.0,98,11,24.89107954928261,84.6925931737086,7.720691243811509,149.84090856100667,cotton
116.0,26,67,23.150523428778328,75.44667469088638,8.378645579150177,68.52639357952012,watermelon
111.0,64,9,43.44835185421723,34.86248744737043,6.38915239640278,163.9866319872799,maize
44.0,76,58,10.75899202636444,14.83363087881344,9.82311442524765,41.957882137342615,chickpea
45.0,95,9,43.67549305,62.59680588449914,9.93509073,54.37284237075305,lentil
39.0,5,7,10.205399752676172,95.20487275786311,5.042126435743874,120.6304648268313,orange
71.0,48,62,22.09834287627425,94.1119058067142,5.7549227880436185,43.08590887298861,watermelon
42.0,79,6,29.118641100992697,64.59126111218686,7.196505424491003,35.85062210901065,mungbean
88.0,15,27,26.0101358196239,99.98187601,4.713271753107855,20.21126747,muskmelon
53.0,74,14,28.64634825834923,82.03931148484082,6.764433491661364,82.05229525186868,mungbean
30.0,7,15,33.23453301,91.06053924,7.825531916,115.7659902,orange
6.0,36,22,24.21610338,59.79236306,8.869532817,42.24783476,mothbeans
3.0,21,16,43.67549305,93.8574891596609,3.504752314,120.56165972573858,orange
43.0,17,12,32.80095506277554,80.49886834058134,5.686570875789847,20.71215933655926,mungbean
88.0,29,42,15.718271766410687,49.07521366065348,4.669735646920924,159.98110708760663,coffee
106.0,63,12,27.29317082286718,84.77676147122135,8.293679215506872,73.27562323229255,lentil
30.0,72,68,19.717117333688613,14.25803981,7.063046727354213,84.22918039235174,chickpea
45.0,38,60,26.02472556790527,89.63533705439447,7.374489457016229,26.920981199852296,muskmelon
13.0,13,8,35.80854587589869,42.5215954203651,3.776819309157169,211.2600606163918,pigeonpeas
71.0,13,38,20.92592028982599,41.66510020385986,4.475359790532929,77.26394342045131,mango
109.0,101,43,29.25837004580192,71.78735477142162,4.822134412872968,113.6362552217029,banana
133.0,145,199,8.825674745,84.40181479412328,5.956335509189667,69.33950336200347,grapes
0.0,113,11,18.89894006603909,82.95430987182013,6.156982716178415,20.21126747,lentil
54.0,40,25,26.9958707048586,88.12377199396795,6.461510639044592,85.61711687208776,cotton
26.0,5,24,27.19079082594238,98.8425569346642,5.763536899296604,189.0001491969326,coconut
39.0,29,29,26.50908611,94.48414544,6.143662699,199.8778403,coconut
32.0,21,53,8.825674745,89.42164085941741,8.821864047316026,110.22959863703343,rice
71.0,101,45,29.28890615492812,87.33835113628362,6.396045781235729,115.5976361582712,banana
0.0,57,30,29.50767130589581,55.06641685246461,6.555412219174368,72.44569069878776,blackgram
38.0,39,42,43.67549305,81.10505040527508,6.806730961010047,214.1839926523205,papaya
40.0,22,6,24.53610067,91.90997228,6.488221135,115.9787989,orange
29.0,98,79,24.83275422194928,17.702548062707997,8.268909421200998,75.9332533977049,chickpea
76.0,30,91,25.84652395244779,28.896477038953527,5.069428903053228,54.92316659969551,chickpea
66.0,42,49,23.67089843111549,81.59013277254122,5.963006748337367,298.5601175,rice
54.0,66,52,36.56769731,93.79503425,6.867554147000001,104.4218596,papaya
54.0,88,83,18.032593585365216,18.70328043998135,7.810350778721819,82.02239761406922,chickpea
71.0,71,34,40.17879162769497,48.55856436659166,6.7166407003884885,63.13627515321261,blackgram
42.0,49,15,25.49158911727429,41.00686698127587,3.504752314,116.34700320459912,mango
84.0,5,33,21.99479761479288,86.14516838447616,4.193770535093753,71.3569604695237,watermelon
0.0,145,190,8.825674745,79.52196305750238,5.872779617639655,72.37630188203643,grapes
0.0,67,5,26.105384953190743,20.362066968884463,4.401890127543493,20.21126747,kidneybeans
0.0,22,19,17.58724014616271,93.4455841904338,9.718302604889292,124.87581978647523,orange
78.0,38,45,26.19317685755023,82.51649974661254,4.106719741943108,298.5601175,rice
94.0,39,18,23.89114571,57.48775781,5.893093135,102.8301942,maize
72.0,75,18,10.047504277002709,25.88709266751951,5.507462188966265,281.407197800974,kidneybeans
35.0,52,49,29.92293900228024,99.98187601,7.707186099941509,113.32630401695914,coconut
140.0,38,29,13.177141097080938,86.0989450648751,5.495600949786924,261.8370119194919,coffee
65.0,38,36,30.03248109201689,40.52898178288439,6.660755278120742,80.75131224847311,mango
72.0,104,88,15.448330982891566,28.001642478227577,9.93509073,123.8320330202587,chickpea
6.0,72,15,22.99451999,66.70897237,7.670178119,54.49044154,lentil
7.0,5,40,34.38785840428845,99.98187601,7.353794410439804,113.5346848543692,pomegranate
38.0,28,35,21.06158286398612,68.27886501253528,9.93509073,26.33816758122488,mothbeans
20.0,27,41,20.51343484,92.51675903,5.700088663,110.5764023,pomegranate
78.0,35,9,27.723042278407203,35.39626500081288,9.93509073,20.21126747,mothbeans
41.0,109,205,20.98051471259926,83.28271854421729,5.833048727289323,63.307369109518326,apple
103.0,5,34,33.48381381874674,95.03996383295224,6.503999312889484,34.244617718129895,muskmelon
17.0,77,24,20.76952209,18.93146941,5.568456899,109.0193712,kidneybeans
39.0,78,15,21.35499456,62.60136323,5.925391795,41.78219834,lentil
81.0,75,29,19.114134211027228,22.56293839722629,6.119218800494632,246.41981274067268,kidneybeans
121.0,35,40,27.92028078630968,99.98187601,5.361879031517434,161.9846127887517,jute
80.0,15,28,23.11438731,68.00096043,6.703270635,161.8944624,coffee
59.0,63,18,31.65531175,60.13263713,6.52669158,66.69096751,blackgram
76.0,58,26,25.96182835416799,51.7587144964554,7.29327398529712,82.33696746844556,maize
50.0,54,44,29.6895541139178,78.84565802620415,6.531189077801541,137.129039457963,banana
60.0,51,36,22.69657794,82.81088865,6.028321557999999,256.9964761,rice
79.0,28,36,31.10219002440405,77.10736269934912,8.303391460009365,159.92815448688384,coffee
26.0,41,94,20.32407809719433,20.49406782990309,6.538085972824385,136.12487922310913,chickpea
45.0,104,54,18.276221151507848,88.45282147331547,5.003218870067773,143.77405678799295,banana
60.0,84,190,24.637207099695623,95.32809715516083,5.731792156090271,105.52566016995516,apple
105.0,67,52,19.940047416004617,85.31759065407873,4.765952258824413,262.10655478640774,rice
66.0,72,22,25.49158911727429,59.49857264113446,6.579835474476591,50.99086889211775,blackgram
0.0,52,22,27.10760883650093,89.80873523849152,7.159113371122888,31.46776982020762,mungbean
21.0,32,20,34.65693401185421,59.622266148444645,6.083563910713314,61.88115422986863,lentil
4.0,55,54,19.21856041804252,95.1765120933742,8.276586427156854,108.31764577474571,pomegranate
0.0,64,27,24.194473803237543,46.54711980021129,5.458963572711969,94.92708555812038,mango
74.0,89,15,43.67549305,28.043168195432727,6.540820692680361,205.5102420448748,kidneybeans
15.0,28,32,28.84270971,99.64328526,6.2185718739999984,224.4016682,coconut
106.0,74,13,18.55200061184997,77.0654840222837,5.040290031785268,82.2360133052355,cotton
74.0,73,37,27.76146471564797,91.83846458385304,6.182450063061503,81.61583278429836,banana
85.0,109,201,22.07562204967928,98.51638678636982,7.372607082303283,114.20177070730416,apple
77.0,99,205,43.67549305,80.65293306409852,5.253655244704908,72.59605809442265,grapes
0.0,145,205,28.80094693879495,94.0749926224604,5.81458497332441,84.77294818120751,apple
21.0,6,41,24.88244467,89.39686219,7.086947687,107.1951707,pomegranate
4.0,20,25,28.93270187,47.94053996,5.664587011,99.9834242,mango
5.0,142,191,20.15474643463036,94.78791139004194,6.7440276954462925,164.55564353531707,apple
16.0,70,20,24.80467592,40.1242747,5.6093956,121.5639121,pigeonpeas
22.0,23,44,20.13037175,89.31505137,6.1438746910000015,107.3416913,pomegranate
28.0,77,28,13.82671812613667,69.95911345275549,9.93509073,55.718734763795325,pigeonpeas
57.0,38,19,8.825674745,91.83238622365062,4.7323894244382485,146.40858991389598,orange
27.0,15,47,23.87240687790955,46.41125743920895,6.585074850748714,181.12541210644352,jute
45.0,5,65,29.28909397742496,76.62755921961985,6.164949134578445,98.8835713216764,jute
24.0,41,46,17.776557163351168,93.45284293167016,7.513731263904631,184.4238306793023,jute
0.0,52,11,29.13383988522049,72.42715751040379,6.600785928989001,117.15325611287444,mothbeans
85.0,49,54,23.60476185284165,95.2463288357087,7.227521031081002,172.55383946119028,jute
17.0,26,7,28.73735598554271,99.98187601,7.651508562297966,52.28290429444068,mungbean
22.0,123,205,32.44577836,83.88504863,6.403167350861832,68.73932528,grapes
129.0,16,47,24.07753680731861,91.52122577502828,6.435154460218967,209.9462157320786,jute
129.0,6,43,31.38792909305144,93.95008048300716,7.063622292514505,22.284242615179583,muskmelon
132.0,52,19,24.16402322,76.7433897,6.436691764,61.94626051,cotton
16.0,23,27,21.864039264460303,91.12007106944124,4.459955798458783,298.5601175,coconut
29.0,75,89,25.49158911727429,14.25803981,9.785043303352907,64.40761625568871,chickpea
45.0,39,18,24.54795322,75.39752705,7.766259768999999,63.88079866,cotton
53.0,33,23,25.02521813385447,90.30784975650748,5.924236876496456,244.3462100756741,coconut
8.0,127,196,27.02766138,83.17093908,5.833302165,70.95666003,grapes
106.0,21,35,25.627355,57.04151119,7.4285236339999985,188.5506536,coffee
79.0,81,52,21.80525264032637,87.0609868139491,5.735137074515283,175.54416831829542,banana
48.0,31,49,14.300303630943583,92.550369278306,6.812849011642126,81.53633841206607,papaya
103.0,40,30,27.30901814,55.196224,6.3483162570000005,141.48316440000005,coffee
140.0,96,26,22.03106945292987,66.28762955798553,6.849516690254224,152.7748197758963,cotton
0.0,145,184,42.96214726526998,85.98184018714163,5.368473674946855,74.3809554915023,grapes
64.0,123,27,32.488204397264575,15.66658453003803,5.726427851667186,20.21126747,kidneybeans
0.0,103,29,8.825674745,69.52924460053043,5.933572694293807,48.26008604917912,lentil
0.0,109,12,31.805392891161297,75.72842003640123,6.299910627613602,49.74701131075557,mungbean
60.0,59,20,42.41051608962245,73.46914950373959,4.2444568185384846,178.7376455658857,maize
15.0,106,7,43.67549305,17.41666934700485,9.883543180337846,81.11267280403021,pigeonpeas
84.0,27,29,23.32293161,53.00366334,7.167092586,168.26442869999997,coffee
104.0,80,54,27.09062164,81.33506906,5.879119455,110.1331182,banana
19.0,55,20,27.43329405,87.80507732,7.18530147,90.17794873253304,mungbean
87.0,64,35,21.819540203413123,70.5160194067939,5.529166934225296,139.60883799131102,coffee
97.0,19,5,39.99527904100534,85.74663515403417,3.504752314,78.77696487572585,mothbeans
73.0,35,38,24.88921174,81.97927117,5.005306977,185.9461429,rice
45.0,60,21,38.01376015133289,68.25182980783335,3.504752314,96.08806654882036,mothbeans
85.0,96,66,20.27650612769193,74.71995613057045,4.931235100409171,154.37690173474243,banana
134.0,5,41,25.574784806030152,74.9470417777689,6.1128923271115125,142.29997211922475,cotton
0.0,65,19,25.49158911727429,37.36535911778488,8.161280165313748,97.60073470770398,pigeonpeas
97.0,72,20,33.67952666080311,79.29407904528402,3.930443931952068,149.84345040875058,rice
5.0,48,16,30.10020683894635,75.38357152838148,5.828963681664318,32.682883529532745,lentil
103.0,82,19,35.23800044624156,14.25803981,6.6683591557266455,20.21126747,pigeonpeas
66.0,66,54,8.825674745,94.9867303906637,7.198874085603106,175.46104375529802,papaya
0.0,83,34,27.565799227936377,78.99253838574978,6.303754838089105,45.29796479635323,mungbean
125.0,59,61,22.96221222539248,91.14800785926668,7.616028915248282,237.5687029402936,jute
0.0,79,6,25.49158911727429,14.25803981,6.337604846740532,205.8395116859556,kidneybeans
45.0,106,31,35.34860371109091,51.3026282135159,7.490957547326052,89.59684721314903,blackgram
53.0,54,68,14.959386922612568,99.98187601,5.99468330486131,198.3426847838401,jute
31.0,83,183,24.273237160755595,82.85462811511114,5.410052179147462,127.86645137519042,apple
140.0,5,53,25.201258176366064,81.1361644003368,6.403167350861832,48.61460775684415,watermelon
50.0,5,12,30.306132717596743,74.48704173073119,6.144476553223661,83.61526417563752,mungbean
114.0,98,64,34.006728852602066,68.07357805642262,5.074878401936761,117.02245472094631,banana
17.0,92,197,22.824344032760425,79.00313779864072,4.251998389125076,70.89833477034146,grapes
45.0,100,76,18.49376374168009,14.25803981,8.292040604756439,70.88104033042316,chickpea
96.0,5,66,31.40653999453615,90.71928076752933,6.111143289102524,25.898585249800064,muskmelon
121.0,47,16,23.60564038,79.29573149,7.7232401510000015,72.49800885,cotton
28.0,58,81,17.47500984,16.54314829,6.18042747,93.35034262,chickpea
20.0,7,9,29.47741671,91.57802915,7.1291369410000005,111.1727497,orange
82.0,38,5,29.366450297287457,98.28628730627976,7.584429638078651,40.92173700457933,mungbean
0.0,79,51,41.64907101640687,86.59774344641355,7.325680706110155,298.5601175,papaya
23.0,8,96,27.76225410288062,14.25803981,8.608439290422503,125.02547657311104,chickpea
106.0,46,20,23.43821725,78.63388824,6.2006719760000015,81.15072105,cotton
100.0,53,41,32.21518786606984,91.8050329933386,6.461030662247247,142.26471355952,banana
60.0,26,31,16.37211296563819,79.06413438723423,8.350970862031753,202.02787135537133,rice
86.0,6,53,25.92030221,83.47202566,6.921847887999999,42.10681516,watermelon
124.0,5,43,30.11504914793332,88.89394940873521,6.45892804473702,31.298291502571395,muskmelon
16.0,8,9,24.60297538,91.28408653,7.601189842999999,111.2948115,orange
0.0,140,205,25.49158911727429,80.01538878835878,7.458986622518495,64.83277753061894,grapes
79.0,45,43,25.71901283,79.15532398,7.171054239,187.1735424,jute
65.0,9,53,27.15492608677696,92.9845192113978,6.508228650281985,45.92732080589508,watermelon
29.0,145,203,28.38389134631217,87.35005211700806,8.26716699133089,73.06956458682778,apple
17.0,9,26,29.67544816119253,99.98187601,9.225227637561003,99.92385890554117,pomegranate
34.0,5,21,15.119772122603642,14.25803981,4.589977790006939,77.8587598199704,kidneybeans
24.0,56,85,18.19903647,17.41333199,6.545888558,80.6405403,chickpea
100.0,14,30,18.37845092936266,85.45323926037855,3.504752314,230.79882540439365,rice
135.0,97,59,8.825674745,85.99328971423493,6.504115316595555,219.9269251018884,papaya
70.0,53,73,27.19646721385209,18.616319088506952,3.504752314,82.25102133199985,chickpea
81.0,40,45,25.7629429,80.76238215,6.427726565,174.5071843,jute
43.0,41,41,12.911789684749293,47.4452459482371,5.366099416938759,70.3431187488393,maize
72.0,22,28,26.989518008276832,90.57557830860476,7.21817642415367,165.08440324289546,coffee
100.0,46,18,24.18586246,76.04203958,6.4316895060000006,69.08056728,cotton
16.0,14,30,29.70931288,96.30484325,6.37466756,209.84539930000005,coconut
81.0,69,19,21.36752982486644,72.15166894101938,3.504752314,150.4931118144142,pigeonpeas
39.0,78,23,8.825674745,71.16342820120353,5.239743635481838,75.33206373704296,lentil
87.0,38,31,31.54416739790895,80.64051846096194,7.854379521332323,298.5601175,rice
36.0,85,7,19.46839053369678,90.4545599966386,8.727275982117206,52.53383752821014,lentil
126.0,17,26,24.893874377442035,80.23475508739662,4.7055259367721245,298.5601175,coffee
59.0,62,83,18.57665902,19.22008229,8.104396057999999,72.94940441,chickpea
0.0,5,31,19.83292480658266,91.74043621787816,9.747125956913358,104.00200153661012,orange
40.0,44,51,25.49158911727429,99.02770965365008,8.804472633943668,115.8399035070425,pomegranate
59.0,57,52,43.67549305,99.98187601,6.655217368602976,173.46573199634074,papaya
0.0,44,16,8.825674745,72.10735090041436,5.68114508865164,31.97738059607027,lentil
77.0,70,49,27.92728917282077,81.59084684744501,7.554708247248822,220.3404623941827,rice
2.0,79,15,21.53577883,65.47227704,7.505283615,35.75107592,lentil
104.0,42,52,35.491345003166046,44.14260797944647,8.488749527054864,225.5410652008033,coffee
53.0,34,38,28.7812551692937,99.98187601,6.384147305738769,195.77727397119688,jute
44.0,145,187,24.522061017903788,98.74428710032385,4.77526130952757,47.52281388857397,apple
61.0,41,17,25.1420613,65.26185135,6.021902237000001,76.68456006,maize
9.0,30,5,8.825674745,91.44615123831512,4.019807783891135,97.39731315983752,orange
52.0,48,12,8.825674745,29.29105309295852,5.318406140064766,20.21126747,kidneybeans
37.0,5,17,26.52494838048484,76.89193903154722,6.428559458845613,40.972436557992026,mungbean
46.0,7,17,38.389672261485096,98.60387859057164,7.433381587293132,121.6947950442513,orange
44.0,71,10,38.701284693476666,63.76657452223319,8.749276752105692,47.7015803121142,mothbeans
69.0,37,42,23.05804872,83.37011772,7.073453503,90.17794873253304,rice
35.0,145,190,8.825674745,79.00664082150254,6.299785293449191,73.20618439143064,grapes
1.0,68,37,8.825674745,85.85862691059847,7.360940287369262,181.0113137744148,papaya
131.0,5,14,30.24202552843192,84.16897295751531,6.697030468826564,99.6646576992799,coffee
93.0,83,46,29.38254012,83.50423735,5.765308943,109.2486647,banana
69.0,145,189,25.49158911727429,92.3410921081441,5.275297951969819,133.28681669342205,apple
109.0,14,48,27.568294073236828,96.43700617971557,5.495690168847963,20.21126747,muskmelon
8.0,64,33,43.67549305,96.47380706721036,6.928718306803008,298.5601175,papaya
49.0,109,62,25.49158911727429,14.25803981,6.403167350861832,67.33689217681717,chickpea
63.0,69,82,18.51599266593388,22.769597619608533,9.93509073,70.7521813620859,chickpea
92.0,22,5,26.359795988511948,93.34361205084748,5.195207189060776,81.00424963432083,maize
66.0,48,9,17.16580808171306,63.02485606901601,6.107331300671942,101.2919777108325,maize
107.0,59,39,24.83929236214837,62.43055679541496,3.607169340141017,83.12304638600536,jute
26.0,27,10,28.06903173,92.91487288,6.079998496,114.1339416,orange
39.0,70,52,26.26559543,90.79668055,6.65149129,59.49373381,papaya
111.0,84,33,16.957144080430353,76.74460320356059,3.68497908003475,298.5601175,rice
22.0,73,33,43.67549305,17.324192743524517,3.504752314,20.21126747,pigeonpeas
74.0,36,28,17.486819182003316,99.98187601,7.766311591065298,158.56371121029335,coconut
42.0,88,60,39.94994135080616,75.463526677958,5.191519826423491,230.4551883471404,rice
59.0,62,49,43.36051537,93.35191636,6.941496806,114.778071,papaya
11.0,38,26,34.48939155987711,99.98187601,4.774509229826129,203.55556800777515,jute
73.0,73,39,26.462360884604163,74.14544318883445,4.013865206426803,144.22248718285132,banana
0.0,145,199,24.26690582878779,94.1159239625063,5.196610545008454,100.26836982592418,apple
39.0,26,12,18.36095646242468,29.49207559336618,6.63525560753086,161.04615209109258,maize
100.0,65,5,19.713388223777205,33.130786714841,4.516214458040358,135.97133096773342,maize
30.0,35,5,33.21501594017798,77.984329451492,7.110405144377373,53.72633006637366,mungbean
0.0,57,6,8.825674745,14.25803981,5.00268864178879,172.59583008655557,pigeonpeas
65.0,14,25,29.323496940889903,68.61239500726488,9.792703367666888,199.0941348444368,coffee
46.0,104,14,38.09161589004094,77.87256428810097,9.93509073,29.981073791976947,lentil
30.0,39,44,43.67549305,89.63322646995626,6.1928006352224445,201.3001708431133,papaya
32.0,60,83,19.69141713,19.44225438,8.829273328,91.76071648,chickpea
140.0,5,64,25.80454722472708,91.151039514596,6.435698972178077,20.21126747,muskmelon
32.0,50,17,40.18966365486663,51.57665596003681,3.504752314,20.21126747,mothbeans
31.0,13,20,8.825674745,79.88276919639911,6.663801734459666,285.9638602838577,pigeonpeas
43.0,68,17,23.527100466561585,20.75070352816269,5.893446244606149,39.914654664889625,kidneybeans
59.0,61,83,22.654669829705785,23.224509355178988,9.93509073,96.3821165462588,chickpea
0.0,77,11,25.839527003605024,78.91224250691039,9.60009810195963,44.53786609656902,lentil
138.0,5,23,29.60562203210431,69.85677323450771,5.835954612897222,123.65675869253052,cotton
79.0,51,16,25.33797709,68.49835977,6.586244581,96.46380213,maize
121.0,20,28,33.87939531540677,37.49317944061925,9.93509073,73.56069685422173,mothbeans
0.0,40,24,27.32899711718036,70.30063009771978,7.356856118208572,103.910354591041,lentil
40.0,143,201,24.97256132,82.72828653,6.476757723,66.70016285,grapes
112.0,54,15,25.46228792,81.56641891,6.1754923060000015,76.88582484,cotton
72.0,23,37,29.58126168160245,84.994779178348,3.504752314,298.5601175,rice
62.0,55,35,23.2579933423167,90.49995462578671,7.604471015986519,234.24199089330992,rice
84.0,46,34,21.65990634689309,45.21136929153631,7.651421984357423,183.33006595639773,jute
98.0,44,28,29.40075864286765,94.27561022289473,6.492646054720714,31.297722839375865,mungbean
32.0,72,5,32.45873148388583,58.29270951402583,5.647390761909011,68.68651231401344,blackgram
72.0,55,44,24.23770658500317,77.13881807899061,5.730615043129674,143.96603320631175,rice
60.0,66,11,26.101223945842484,60.15974981172593,5.301261661306391,85.60929989932114,maize
55.0,38,49,23.08074599080484,84.17648976620414,4.559039336846402,298.5601175,rice
45.0,32,48,27.59792285367168,57.171048276328925,3.504752314,33.388080818212465,mothbeans
0.0,54,43,17.993136926054827,70.04070037174066,8.834110521014113,80.66449295222324,blackgram
18.0,47,16,25.09376187760712,86.21356129546896,6.403167350861832,26.63008282423903,mungbean
29.0,43,53,33.581012714749505,86.61705775503974,3.7445989391655736,139.27383714445847,rice
15.0,72,18,9.158624930947743,14.25803981,5.704221316571655,58.9562101608021,kidneybeans
0.0,108,43,12.1026998561857,57.47732234766004,6.608381719226276,55.82791810060972,lentil
127.0,96,39,29.80731780718288,54.76172543775657,6.185522427627268,145.69427122382154,banana
5.0,15,38,18.26233221,88.16779129,5.709380472,108.0756727,pomegranate
32.0,18,13,13.8377282,91.74780462,6.044167236,107.9873218,orange
10.0,101,183,28.98753530424871,83.12962392175231,5.468982558499612,69.70697681545414,grapes
26.0,132,181,8.825674745,80.35663752838215,7.320471860644553,78.98630028891017,grapes
97.0,24,8,26.130997246374744,74.80170259928896,9.875491294967093,81.82032655876066,cotton
94.0,94,23,21.16499508781449,86.55096571187414,4.417097209346039,47.89512169191072,maize
25.0,76,24,15.33042636,24.91506728,5.56503533,135.3315583,kidneybeans
91.0,25,26,24.53460016,66.99765375,7.482414225,180.5059257,coffee
0.0,39,15,27.39390284175568,79.43517262775674,6.283760245658419,38.87404401606089,mungbean
69.0,34,13,18.686783880795787,95.15654302850126,6.887620465372417,100.1678893483601,orange
75.0,38,39,23.44676801,84.79352417,6.215109715,283.9338466,rice
36.0,43,22,27.82684262,87.16679147,6.3898821660000005,58.37249772,mungbean
31.0,55,22,22.91350245,21.33953114,5.873171894,109.225556,kidneybeans
16.0,95,40,23.44541918548571,14.25803981,6.279245639845892,139.9055056981092,kidneybeans
25.0,129,195,17.98667801,81.17712085,5.777271492000001,72.37127689,grapes
115.0,44,43,20.70836807225172,54.57108087996332,4.693905684113757,38.90370283246817,coffee
43.0,9,69,15.878556811400635,18.811475667482163,9.93509073,70.48121728655062,chickpea
1.0,53,30,31.6182665388932,93.90518818195991,6.907206817156975,287.39969501381336,coconut
74.0,45,27,29.72553580675114,70.76825351410264,6.328363004804499,71.60400656479548,banana
14.0,30,22,17.332420347518788,64.93242216389439,9.891267382750184,39.33525581923779,lentil
55.0,145,193,17.52655830962065,80.06189317942635,5.384907115094994,76.6041445019834,grapes
35.0,11,41,12.552876697818744,82.13099947044985,6.143145507777608,294.5359783515661,rice
108.0,10,23,21.67044266404219,65.34281845360219,6.206320871302246,64.5958561296475,maize
0.0,19,30,16.773924768788486,37.81843672987063,6.235031408761294,78.37650692220154,mango
0.0,13,30,17.666853691285787,99.98187601,6.31001962685523,99.497257346078,pomegranate
70.0,5,42,24.107504375035766,86.53871358015488,9.091717113867182,103.8005193700502,pomegranate
36.0,145,205,24.74437450322408,98.09798702324692,6.453992706420177,96.19031108949976,apple
0.0,145,205,20.53050451121864,89.80359128382653,5.592036295763908,106.735580774026,apple
28.0,48,15,25.16125354,55.25435777,9.254089438,40.89732789,mothbeans
115.0,111,5,8.825674745,73.8546199272205,4.577441905502785,61.31356911110908,lentil
40.0,31,33,13.435573796767311,48.18953814326372,4.90582922854759,20.21126747,maize
140.0,22,7,38.14844520859335,99.98187601,4.780596069487335,100.68062811236842,maize
26.0,87,31,28.86721769496846,95.04724862777417,5.524341486271803,285.8180090700649,coconut
118.0,24,52,27.50322279630165,86.86857484924947,8.113796241304184,63.175798854095305,watermelon
140.0,43,60,25.943524286480702,44.75009015240975,7.01036150775812,270.8799294469072,jute
136.0,27,47,24.486113977263145,73.49628045729864,4.753913164227958,90.17794873253304,rice
30.0,24,20,35.739234214908535,94.59507422980867,6.403167350861832,49.66901854637425,mungbean
18.0,49,28,19.13635585957532,74.28719625222719,3.504752314,20.21126747,mothbeans
140.0,15,19,16.98039523268344,77.46582761160768,3.938285431539565,80.63989823207521,maize
27.0,55,28,16.395915478965307,84.29648984990553,7.399368088459661,118.24019524713808,pomegranate
37.0,50,23,29.65296893,88.48587386,6.5304707,56.01913159,mungbean
0.0,47,29,33.59764712938024,84.55219011860979,6.246999567114342,75.10130562844644,coconut
31.0,48,17,28.88078945,86.94206817,6.594739424,53.79732545,mungbean
0.0,89,28,24.1552786149333,69.78261588515404,6.820810125017797,68.6906578846143,blackgram
18.0,12,35,26.13958446,96.38580769,6.338720873,131.3387935,coconut
34.0,5,41,26.936936685652533,92.72310215101729,5.703659227385654,32.86771429762266,muskmelon
0.0,5,40,20.904139127781885,90.82390384217928,7.363275662935948,104.186425888404,pomegranate
16.0,37,44,43.67549305,95.18504088566554,6.70420928896675,298.5601175,papaya
44.0,5,25,25.300419945209768,41.24615536180354,8.279093978578542,62.91252278410607,mothbeans
40.0,136,14,23.48608451148476,14.25803981,6.041548285690775,84.37527529880603,kidneybeans
0.0,84,6,28.62907597334199,14.25803981,5.547279768878585,109.85054942080085,kidneybeans
45.0,79,25,9.82080396951075,71.67565020977678,5.977142163931783,40.2631905796721,lentil
42.0,39,31,25.71298167195979,49.0827774649067,9.93509073,91.75179944940628,mango
36.0,37,48,27.6521261191535,76.029468673959,5.623641227225131,31.93799055159917,mungbean
45.0,68,19,29.39982732,64.25510719,7.1084501210000015,67.47677295,blackgram
40.0,82,6,32.99473859752412,61.83018277460773,7.124791540317923,54.57870033162637,lentil
113.0,41,20,25.0017188,80.53965818,7.256877571,90.17794873253304,cotton
44.0,13,21,19.13649230852901,95.17354750179592,6.766939759700583,141.71525417375398,coconut
85.0,67,36,43.67549305,75.26079647481772,8.169495702312695,20.21126747,lentil
129.0,63,34,33.7446225362435,50.625647693711926,5.652039816858857,47.3858891047482,coffee
51.0,39,15,28.268100897081425,87.48263638554161,9.93509073,201.4741983312523,jute
0.0,77,9,32.51354626963489,83.33220586098717,6.544207866224123,65.87338243496602,mungbean
0.0,36,24,31.10750912458814,99.98187601,7.137331169239388,171.15185075172815,coconut
0.0,41,29,37.58052151303552,25.58774079254428,6.255354369628415,298.5601175,kidneybeans
12.0,93,75,17.880688896636336,14.25803981,3.504752314,162.41190666976513,chickpea
137.0,93,36,19.75886943029017,78.71079768246375,5.960529497402113,131.1281164449012,banana
60.0,29,45,26.83484052935409,62.56367216769444,6.733750877043334,203.59884083619824,jute
0.0,60,59,10.208598593196951,18.12628216819924,6.659277513021619,71.93169287985518,chickpea
19.0,100,16,8.825674745,61.37207565280278,8.212023946454632,42.37271167306119,lentil
86.0,55,21,21.54156232,59.64024162,6.803931519,109.7515385,maize
24.0,38,5,28.69289066258516,41.11317222534349,9.93509073,110.7474625196648,mango
101.0,65,12,25.255581177045727,82.78195462565006,4.568664469525658,20.21126747,cotton
80.0,18,31,24.02952505,58.84880599,7.303033217,134.6803969,coffee
0.0,76,41,25.41676667864879,20.2305474178942,3.504752314,65.59384969035324,mothbeans
44.0,23,26,34.4043445743246,64.01775913604548,6.687591925098671,54.22852389149505,blackgram
132.0,16,31,20.879321526906164,78.81241215211327,8.777886729267939,90.17794873253304,cotton
39.0,90,33,16.94133146714611,92.5722253566254,5.675387637789481,20.21126747,cotton
58.0,145,195,43.67549305,78.748987099473,4.315683272001211,67.94810331186592,grapes
17.0,77,42,23.144162205811504,80.32345437350078,9.93509073,286.44735004973506,rice
0.0,49,22,19.13879597026059,59.40818161428104,7.171786081589511,20.21126747,mothbeans
64.0,44,32,18.1065242481393,69.27063135877826,8.156060717869446,90.39836886934684,coffee
92.0,21,48,25.81692236,82.043255,6.377427122,54.82963379,watermelon
49.0,60,34,31.073743121247126,86.47023456773725,9.556386792409029,132.4788495593594,rice
19.0,5,29,29.214453516282685,42.30462873649959,3.504752314,100.59575495424384,mango
0.0,14,29,22.31638796596343,70.13408243291838,6.546707030123447,61.25028397130184,pigeonpeas
140.0,26,13,35.50767458010932,59.53205431080338,6.403167350861832,125.21201921051818,maize
27.0,19,7,34.98279231587474,80.21526029818638,8.11906928229368,80.27925588021905,mungbean
27.0,86,5,11.75283038697976,61.96065703702491,4.059266979172431,35.356296611384145,lentil
105.0,68,23,39.865100513713806,99.98187601,4.333450871388437,170.42495569146612,pigeonpeas
133.0,20,69,29.07406602679969,81.32984923537197,6.637443765418205,58.1031376541282,watermelon
80.0,5,30,34.02385313778556,68.19081185362465,4.1428255134393215,20.21126747,maize
58.0,6,48,23.0581028008934,65.49425860577216,7.470623757117157,116.18788512121628,coffee
110.0,82,13,23.738130810014635,98.23387941433448,7.994630977922774,63.22413500471156,cotton
88.0,99,18,20.353199834928084,63.60831856257649,4.181057098252322,20.21126747,maize
8.0,133,195,20.46657776,80.97598029,6.456079585,71.29813872,grapes
3.0,56,18,22.726255616532136,85.40847751929454,6.2795455364967,49.84828942164324,blackgram
35.0,72,59,23.73602247152232,88.67729034560546,6.041138553533882,93.84486332101594,banana
140.0,60,6,22.78940782675106,80.47569037645563,3.537998059568953,20.21126747,cotton
81.0,53,28,30.4855542497907,50.57580393761565,9.93509073,38.07114709806986,lentil
76.0,5,62,34.17313539731993,83.52839770932451,6.239882455441711,122.52306481298184,pomegranate
112.0,26,25,17.38320427625265,89.44540161997752,6.439956053301338,90.17794873253304,cotton
33.0,10,25,25.45095261762636,75.56872207704082,6.169777221708926,51.983980717089615,mungbean
87.0,25,57,29.540278834748104,86.82839750581128,7.209188995957882,20.21126747,muskmelon
94.0,5,38,35.268548387145565,88.95937226414652,4.893485679598857,40.82340651103648,muskmelon
89.0,85,55,26.671983500000003,76.48541655,6.275384607,91.73358569,banana
0.0,14,50,17.763250045274543,99.34146418304869,5.292263413236407,130.42239702840791,pomegranate
138.0,58,32,26.23397265801118,44.4648545463254,7.388882964778733,163.38765141133004,coffee
37.0,62,17,25.68576704,69.84354028,7.121254928,74.62068748,blackgram
0.0,11,14,25.44557169570279,96.94928538541252,7.335953997364861,100.75787603293064,orange
52.0,68,78,17.48504075,16.96070581,6.89655198,86.05078037,chickpea
1.0,88,35,32.18062912429542,99.98187601,5.075409427208236,101.07942041891708,pigeonpeas
20.0,5,32,22.20467280200988,65.8031289822361,5.088446986731332,107.2106883530524,mango
35.0,80,83,22.66305694591249,14.25803981,4.262723763077664,88.5237071817979,chickpea
0.0,62,30,36.71360947919783,95.8866229769348,4.9845840804338994,112.15059522562888,pomegranate
78.0,39,38,19.786426150339125,97.99713917846536,3.504752314,20.21126747,cotton
74.0,91,50,26.685745057000343,58.256548452789815,6.506480122578502,79.74661117244263,coffee
41.0,52,42,20.00991836251609,99.98187601,5.528562016296839,102.75706228254052,jute
0.0,66,9,27.100370793970384,88.12200149952946,6.604101336785011,49.16914143820983,mungbean
59.0,55,19,31.74379487,62.51007687,7.332375138,68.97097538,blackgram
129.0,5,50,30.244948096209185,86.00710652207884,6.716105545942947,30.41074675480824,watermelon
84.0,40,42,26.2830571,73.35763537,6.704273839,186.6898282,jute
4.0,114,7,28.02725632789154,23.050746610212325,6.238368791945041,128.92187776878063,kidneybeans
127.0,19,23,8.825674745,80.21282831722428,5.354332398140112,39.33503681777445,maize
45.0,23,29,34.18076258226129,54.85563023046345,6.228628478487186,104.86851329469224,mango
29.0,5,43,31.52667510410124,92.02916999535276,6.486734870662858,259.7493119576566,coconut
94.0,68,13,20.59988663583983,71.55542760622819,3.504752314,45.95911265736412,cotton
140.0,88,35,28.826925463160848,80.61499945080789,7.672957458814645,128.24247771137323,rice
25.0,40,31,33.35717423926651,42.23106365320712,6.403167350861832,104.34522883733425,mango
51.0,11,25,30.386273270637066,63.62010493536848,9.93509073,83.78473666841695,mango
95.0,7,45,27.30008597,90.80015308,6.031665834,25.09484511,muskmelon
0.0,9,5,8.825674745,23.41733976394848,5.053921157941874,109.42719262310924,kidneybeans
21.0,22,49,25.739049203684928,82.43560566807884,4.150558879964577,113.79290452496876,pomegranate
89.0,47,38,25.52468965,72.24850829,6.002524871,151.8869972,jute
0.0,47,13,26.064844306118022,77.62998572311396,6.874016642049086,68.17119703494478,mungbean
10.0,79,18,21.0643684,55.46985938,5.624731337999999,184.6226709,pigeonpeas
29.0,68,23,24.1638445,19.27907819,5.82738029,116.7324324,kidneybeans
74.0,41,48,24.716938377538227,91.716099225609,7.883251591201002,191.28309189090965,rice
83.0,59,46,11.1834953484217,85.79569211171099,7.8468146559437075,298.5601175,rice
15.0,14,8,10.01081312,90.22399223,6.22094286,119.3941064,orange
3.0,19,55,15.525506577845928,89.38515475602316,4.768156988898827,153.9018511205054,rice
106.0,39,13,26.208787746805456,75.24627618240015,5.2656588780635465,50.08896785515725,cotton
97.0,68,34,21.518871009350224,77.80763526079551,6.042584003442512,201.4175744249635,rice
23.0,5,24,32.832454600136906,38.286398935612496,6.037573507652772,40.95971939986004,maize
0.0,42,16,24.57663140518395,99.98187601,5.242528707906822,298.5601175,coconut
17.0,47,45,24.30407900147057,88.0089455541632,6.1911698082210185,98.49959397301365,coconut
25.0,76,12,34.6513878887866,64.79697818530893,3.504752314,20.21126747,mothbeans
61.0,5,40,29.103192485837617,84.19492944522699,6.805994626191265,20.21126747,muskmelon
116.0,38,34,23.29250318,50.04557009,6.020947179,183.468585,coffee
21.0,38,48,32.612572184930855,94.55894003774524,8.40592027374456,125.610193300301,pomegranate
83.0,79,55,25.14748006,83.34688193,5.565028635,98.66679427,banana
38.0,145,184,8.825674745,91.08686160825852,6.449661278831887,67.08626462005542,grapes
69.0,52,10,13.206167591599083,41.22271553691411,3.504752314,81.70845270717705,mothbeans
10.0,87,19,25.49158911727429,79.10974787737442,3.504752314,68.9267784856603,mothbeans
55.0,45,8,31.806474525670787,96.74219255277224,6.74453974782864,105.0003342941026,orange
100.0,94,60,17.617910063525485,84.35517348971612,6.29863066030163,138.4976361353703,banana
68.0,58,38,23.22397386,83.03322691,6.336253525,221.2091958,rice
0.0,5,23,29.67141485498057,79.32984940072143,6.403167350861832,107.94368235001116,pomegranate
30.0,25,31,26.31270635,98.62048026,5.804965067,208.1181381,coconut
117.0,5,33,23.42562250868312,94.77656199523152,8.440723855390901,64.15078376748542,cotton
56.0,67,78,17.57445618,16.71826572,8.255450758,77.81891424,chickpea
0.0,14,26,18.38878988902984,46.56414439333958,5.3905202942130295,105.4399686754494,mango
50.0,52,51,24.557741314001905,49.242175213580055,9.495355911181663,161.4679497810155,jute
1.0,69,20,33.41934861079624,62.60697043865546,6.882315237947756,83.38828773904936,blackgram
0.0,30,25,42.25311488648671,14.25803981,3.504752314,115.9992481392153,mothbeans
40.0,144,196,22.71750705,92.25479855,5.987262638,107.0289866,apple
12.0,29,40,19.68291173,89.75272999,6.594037135,111.2818551,pomegranate
120.0,96,63,30.9073898756628,74.65173075479497,5.867301777202742,121.88679166993326,banana
10.0,75,16,24.86514502735457,99.98187601,5.911449933758433,20.21126747,mungbean
4.0,5,21,30.46928023798673,16.612446190842636,6.193174126323151,149.01811702474532,kidneybeans
0.0,145,202,25.17110460920907,84.95192277227345,5.636150941150321,60.0535616426213,grapes
23.0,9,39,40.37487244807634,32.96778342389388,8.309900913675834,94.38033777203285,mango
0.0,9,35,27.802538587378283,56.9053676102955,5.585106451755784,90.5139806118286,mango
31.0,15,17,10.043366347005538,24.449903991516955,5.8457513666426015,243.2978001083767,kidneybeans
57.0,56,97,16.277510939236,14.25803981,3.5825273676076166,122.69302231449645,chickpea
104.0,27,31,23.1180738785605,73.13631552980631,5.129065591474927,126.54690639186632,cotton
110.0,33,5,27.538370840391725,79.7239252576851,6.289490001149341,37.63901058893887,cotton
9.0,49,16,30.88482722,41.36561835,7.661537347999999,55.053805,mothbeans
14.0,23,24,20.252562411130985,96.7128094565698,8.946077996330942,20.21126747,mothbeans
129.0,83,69,31.254739629945284,86.2324198444042,7.136409423071527,104.63055727646592,banana
0.0,114,69,19.83729546591905,14.25803981,3.504752314,84.44091919951951,chickpea
25.0,55,26,20.15420389117729,48.93229789776561,4.457671735581116,92.37259593149344,maize
74.0,22,47,13.2907839710341,83.8158252297873,7.04939029253783,90.17794873253304,papaya
132.0,64,64,24.778118717932472,14.25803981,5.318966131732196,108.08699668874914,coffee
4.0,41,20,28.14720892,83.8001509,6.647965508,37.44800463,mungbean
11.0,51,15,13.904588404308711,58.0574429406813,3.504752314,48.522645142357625,mothbeans
87.0,5,28,33.3553550785081,92.86666199710098,7.064849129058556,20.21126747,muskmelon
0.0,115,200,8.825674745,80.70351989974674,6.606949717858552,80.33716988050915,grapes
82.0,23,49,26.81383586,87.21986949,6.873283991,51.70497792,watermelon
76.0,46,44,25.820549891506005,53.61124632609748,6.5598159249354655,90.34046878676398,mango
113.0,23,40,27.340356522430564,90.50413549712134,6.303478353342557,59.49143486273621,watermelon
16.0,5,15,16.898399271394027,91.4113105369102,6.460147923267293,100.26362307958026,orange
96.0,40,39,29.966662639099656,65.00367820594953,4.475492112013745,108.34858310893948,banana
14.0,75,7,40.616405345530126,79.08718384106632,8.066289832842891,69.7007142084244,blackgram
83.0,21,5,28.0891961808774,95.24657142901366,7.296201562217284,40.44646645361689,mungbean
0.0,70,32,43.67549305,37.27355308250923,7.860306552247814,48.12100598389998,pigeonpeas
46.0,38,92,25.49158911727429,14.25803981,7.089700751597483,103.878926333086,chickpea
94.0,82,43,24.178253710746315,79.90614275917054,8.044096740224333,298.5601175,rice
34.0,60,36,22.58983993633204,84.83444296122654,6.7660140141641305,118.10871799199955,jute
29.0,66,18,30.58911570704189,71.12306930439567,6.670494701251951,66.1312783990118,blackgram
39.0,127,202,15.3246651,81.67215994,6.477768039,71.60102999,grapes
0.0,23,20,27.98135269385799,34.799501798606144,6.055718019874855,151.88350573283898,kidneybeans
0.0,59,9,27.69853533120294,43.6548346711345,3.504752314,20.21126747,pigeonpeas
0.0,145,178,43.67549305,82.6193891812149,5.267906570851786,66.44851480247057,grapes
58.0,41,20,23.82567200749186,88.75137948257017,5.67915110975268,287.4032882857813,coconut
140.0,29,19,23.47797190258102,83.54543526424645,5.853549238418233,88.23099070771858,cotton
7.0,21,35,25.49158911727429,94.65830608,5.764812076,131.24514140000002,coconut
30.0,84,22,27.099486369285,74.34806260150144,9.93509073,47.58912711455032,lentil
90.0,7,59,31.01948434152682,74.37928504415424,6.630619452598622,47.13769135037454,watermelon
116.0,23,25,23.4123707,52.26994674,6.869720196,139.3670753,coffee
64.0,35,23,23.02038334,61.89472002,5.680361037999999,63.03843397,maize
0.0,120,191,8.825674745,81.72759477780282,5.924191279848657,71.72446735710648,grapes
8.0,23,44,18.47412402,89.68919664,7.130837931,108.4758509,pomegranate
4.0,61,21,24.84063998,60.09116626,6.75020529,48.77790371,lentil
0.0,98,7,26.347617660290663,22.44941068963117,9.93509073,127.31258419958316,mothbeans
2.0,120,203,23.12652652,94.71203306,5.893492998999999,108.62118329999998,apple
32.0,141,204,8.825674745,82.89753705,5.536645599,67.235765,grapes
29.0,54,16,27.78031515,54.65030015,8.153022903,32.05025323,mothbeans
0.0,38,42,20.168716359830537,99.69706120194384,5.310633370546798,100.90464726492397,pomegranate
30.0,32,22,8.825674745,55.04439857736138,9.025572861452844,27.37260385387688,lentil
27.0,63,39,28.67879050340459,43.00230926516471,7.468248288202938,58.568693540073646,blackgram
6.0,5,51,25.072827622156616,91.17029926087852,8.37190610618783,113.27227113220926,pomegranate
0.0,49,7,16.898488918380927,80.07891869359972,5.132025272550056,127.89513949819258,pigeonpeas
69.0,96,60,35.86530742342513,85.04646278214149,7.502130748262749,20.21126747,papaya
22.0,36,19,34.289365050339484,93.97067524587244,6.761374567927499,122.40170302952512,orange
46.0,85,5,35.10043160769262,90.58622483668483,9.285458498807571,167.88514182553388,maize
63.0,61,52,8.825674745,94.58327332703948,6.360825409061961,252.3294250731026,papaya
18.0,117,77,11.487920559115874,14.25803981,4.427735824878276,25.894004832566672,chickpea
128.0,33,50,27.27288785657996,86.59122424556853,9.92459195847715,71.26144632452065,rice
117.0,40,30,24.392303391666463,90.12369053389789,8.119572749270004,102.0633007087122,cotton
32.0,16,23,13.044292695686106,75.83392187480158,9.93509073,108.86981562279804,cotton
85.0,24,43,28.06661780044718,82.61218615999823,7.705904257630275,205.01233058096025,coffee
55.0,5,58,26.21363409124894,93.04609449258302,6.167055107317292,63.98831784672924,watermelon
57.0,5,5,8.825674745,92.90927053542204,9.075809502050912,71.957608717222,orange
81.0,5,33,26.73058190051752,97.1392008364717,8.052733723000108,254.44647378129008,coconut
0.0,144,191,8.825674745,82.27664522452147,3.872305925383984,67.31853715509028,grapes
72.0,67,45,18.55142703705061,75.73451807024654,6.960711606763137,71.5855611402221,banana
80.0,57,20,8.825674745,59.33399872091261,4.377394698115279,66.14025173838006,lentil
16.0,18,26,28.43647052,91.81320717,5.568365926,145.54144130000003,coconut
35.0,60,112,17.419209833289944,14.900146061342552,9.93509073,90.17794873253304,chickpea
0.0,61,19,22.80463733929328,29.736770464623955,9.068435227860006,62.037377675114186,mothbeans
27.0,83,18,15.91670060253402,53.53894918876572,5.305311887283351,65.7089060887078,blackgram
0.0,19,49,29.84418406896097,88.90438748431619,9.93509073,109.14471598894552,pomegranate
0.0,71,45,25.58252002282084,99.98187601,6.813222192475899,298.5601175,papaya
83.0,29,52,25.76402693,87.5931128,6.704688865,46.05122728,watermelon
140.0,70,48,17.274241803659198,37.2242817543618,6.4574854817288365,253.3564211015316,coffee
15.0,51,25,26.17960541524761,66.33448080431236,3.504752314,24.338497531456905,mothbeans
0.0,28,14,28.48303770378346,86.83466974766155,3.6443259217027664,148.8235309968038,orange
0.0,38,26,25.778456533395364,98.43042888299094,6.437973366436809,112.0189357212042,pomegranate
0.0,35,8,8.825674745,93.03653919093968,5.240357564097191,89.07447472654513,orange
71.0,68,12,16.472939824073276,88.87391871842647,9.872937963952952,215.0085191041901,rice
0.0,68,29,23.472252210798327,88.95421016907679,5.882025601913794,109.2030287578618,pomegranate
81.0,51,23,43.67549305,28.66164964426385,5.18071851925516,37.74276212139367,pigeonpeas
24.0,54,48,15.112526685431437,61.2553485877209,6.3878554812264845,105.86730928058056,jute
0.0,36,35,15.619957691304592,14.25803981,6.395511294078377,129.73456218824649,kidneybeans
26.0,121,201,25.49158911727429,90.02575116,6.162034371,112.3126628,apple
0.0,69,5,26.29863813714216,14.25803981,5.651464973039916,246.65168280451047,pigeonpeas
110.0,89,46,18.296067480062035,93.62234120980396,5.549168388983011,114.4969902297484,banana
77.0,10,62,29.264903644480864,71.36209531934261,6.602912332908367,78.27230175119286,watermelon
38.0,61,26,23.954698082163308,54.62576294623251,7.926307520702646,90.17794873253304,lentil
29.0,34,26,33.88004781,54.39416048,6.2739536760000005,89.29147581,mango
46.0,120,204,43.67549305,78.1539684958373,5.061524498751714,68.73380795855377,grapes
21.0,135,198,25.49158911727429,94.92048112,5.7650151260000015,105.0241329,apple
0.0,5,58,36.54730745204029,53.52774559973184,4.762646486780964,98.98290085076862,mango
0.0,120,205,23.543504273307057,95.58924086414832,5.663286685001955,57.21550653778005,apple
13.0,7,43,18.20230419,91.12282162,7.013481515,109.66239740000002,pomegranate
12.0,31,24,21.62097546360048,41.80670610733145,7.404345292406874,89.57565519654737,mango
15.0,43,23,12.626619658306312,58.55635519531437,7.1882423900060335,118.27308577843354,maize
140.0,66,23,20.571842054810737,53.92517789300796,7.729067556460096,91.07738237944288,cotton
104.0,53,9,21.56854784261766,36.57191433566683,8.698371594263453,51.890219476309774,maize
0.0,45,28,27.37959858878988,86.18663681057626,5.333845226594066,48.73102291830583,mungbean
66.0,54,36,28.62236150629574,73.1758858786876,7.3361197314287026,178.3414980728435,coffee
0.0,36,5,13.806069822503073,99.23062403175368,6.245334170608693,147.70403726830986,orange
26.0,142,196,27.98417832824059,84.396215937302,4.961477973040264,67.15382534598646,grapes
140.0,5,26,34.442523668381604,57.53433032464782,3.504752314,90.17794873253304,mango
18.0,67,51,8.825674745,83.86079644295482,7.026658356164699,90.17794873253304,papaya
140.0,51,5,22.720979930705628,64.19733431211203,8.467347802955675,96.01975412732654,cotton
56.0,66,29,35.17174262319943,75.16416738819375,5.43161456636486,41.634494316999366,lentil
39.0,145,196,43.67549305,90.1002970564644,5.5670111693475866,75.55701796698482,grapes
12.0,145,201,12.261844021557344,83.06191636746492,4.921171047608708,69.92180959449972,grapes
40.0,39,16,29.540062948283445,89.69247546865914,5.859010426558577,54.06843149912288,mungbean
108.0,35,25,25.49158911727429,61.10935084,6.971963169,161.5279095,coffee
91.0,75,55,27.48612983,76.11239849,6.212369363,109.2768851,banana
8.0,38,32,29.75150773,46.73723302,4.981816523,91.405983,mango
85.0,36,80,14.723530106124551,23.97670926477377,9.93509073,70.35121495206026,chickpea
0.0,33,12,25.49158911727429,90.3137854979008,3.504752314,62.6681743481998,mothbeans
50.0,79,33,21.36179518811428,64.5547016995419,5.811335711427491,293.55743708673685,jute
52.0,70,39,26.66108620142296,46.0893362891026,5.078268485217868,93.26449334612768,mango
76.0,40,33,29.70597309672729,23.47804944767901,5.46163819140992,240.22303976491548,coffee
15.0,11,31,31.73232774466044,54.656445613676205,5.068636201356959,119.20380374236188,mango
140.0,20,16,21.614820597896014,75.61866330925824,5.0944142797386265,68.52485155763509,cotton
140.0,6,56,25.66345170522483,94.44201676205311,5.890410212853404,20.21126747,muskmelon
126.0,5,64,21.800339062447968,98.85495115429646,8.314629362657882,54.90113970278699,watermelon
113.0,18,14,29.91214149058269,73.25145256399871,9.426313866983644,69.49577417243061,cotton
140.0,7,42,21.89966266334169,84.95409840300522,6.726415953816796,107.48160167575548,banana
50.0,58,23,27.81326852,62.50460464,7.596802025,69.75555541,blackgram
28.0,19,41,26.25986609372261,98.73201915983614,5.033129290634534,106.95149251151356,pomegranate
0.0,142,201,24.6915912877956,90.81383448136108,6.320124209992899,111.52636229253712,apple
31.0,52,20,29.2231756458582,80.20636315502773,8.32311114299505,143.53341346718744,coffee
0.0,5,13,32.01573548096633,89.00692959834602,5.938217804702364,298.5601175,coconut
34.0,87,10,32.96356636107217,70.70768820039035,7.412291932851432,20.21126747,mungbean
97.0,27,65,26.03982073037405,90.65062101245675,5.360900436605542,78.46993977324873,watermelon
27.0,65,18,20.10993761,23.22323766,5.59503163,73.36386477,kidneybeans
50.0,11,34,33.58878638571663,42.048318335549496,4.042117947736637,85.4058449192799,mango
120.0,5,23,27.293667352506617,81.36958600174238,6.383108353120101,44.145931248895096,watermelon
79.0,15,37,31.280742900129272,43.081236947861576,7.141209383112752,155.81212039512369,coffee
84.0,25,52,24.37190239,81.2514818,6.12532356,44.20899581,watermelon
90.0,78,38,27.53378542996556,73.36024085998501,5.82449117264279,232.6772092437783,rice
36.0,36,6,8.825674745,89.32634774842505,7.063068968758472,127.35147356120704,orange
37.0,73,26,25.73274365322069,17.185284484980482,5.643085577959475,20.21126747,kidneybeans
140.0,64,7,24.3378722866248,58.19454352955653,7.747885138208992,20.21126747,cotton
101.0,66,44,28.66341765412727,87.62414621596764,6.209640199517023,78.81258760178022,banana
92.0,28,52,17.104641859257654,90.67523169141732,6.905818530842504,164.70833460151357,jute
84.0,5,91,16.946482599884753,21.27302539138644,9.032788453968315,105.6136885391935,chickpea
25.0,31,81,18.9028329786505,14.25803981,8.30516929254967,81.86641880088628,chickpea
63.0,5,34,29.1401144198194,53.354600583643,3.504752314,90.17794873253304,mango
80.0,48,5,26.434632112221404,73.35624459820039,5.806946059502184,121.266840094621,maize
53.0,47,54,13.013780572194204,99.98187601,5.467855079366071,117.90824318536022,pomegranate
113.0,33,34,26.00373964,62.144510200000006,6.559817161000002,153.477776,coffee
51.0,70,185,43.67549305,89.8235122925609,5.627424342889394,84.77557755368828,grapes
7.0,145,197,8.825674745,78.76110934677223,7.490970612100978,62.67938801095603,grapes
5.0,136,195,22.35628673,91.92360477,6.264202804,107.7697413,apple
0.0,42,43,27.5323732098575,96.69421515332,7.197864149448689,175.61299048357878,coconut
30.0,17,31,31.20478173,54.49960506,6.804437106,94.62954663,mango
123.0,93,59,28.46034310985664,99.98187601,7.187193116273551,169.86659480713752,banana
29.0,102,47,27.45575249584089,85.48836540394669,6.852081844438818,116.58993281806536,banana
4.0,109,205,21.99637763768801,94.74653915465164,5.419325012596231,129.48949967406972,apple
0.0,17,37,34.76057927434412,32.37954066705902,6.403167350861832,203.17518807827412,kidneybeans
44.0,32,16,35.649365874145886,85.18653991082245,8.130600928020737,112.18490774720505,orange
0.0,32,39,28.96022652674653,50.10490613508898,5.074551805759543,117.68435660320472,mango
32.0,66,17,34.9466155,65.26774011,7.162357641,70.1415139,blackgram
0.0,73,33,20.43774447790654,84.31544275455282,3.504752314,20.21126747,mothbeans
26.0,15,16,31.97879246873436,65.23038059438747,8.428071512880049,80.94262669378634,mothbeans
31.0,72,17,28.69180475,49.47225353,5.833031707999999,96.36222901,pigeonpeas
45.0,92,24,27.49513552907436,14.25803981,4.914140813769548,224.44347172872983,pigeonpeas
140.0,19,27,25.49158911727429,83.6994236565199,5.670674659786896,49.74082656187329,jute
45.0,33,13,20.568864152168345,28.597712163006943,3.504752314,101.78174950010708,mothbeans
18.0,66,22,25.87990287,67.55109024,6.347379185,47.89645224,lentil
5.0,63,18,23.034619784493643,77.80128241139772,6.241585590980885,73.73017254180928,blackgram
4.0,5,37,25.67586043389333,99.79937147847848,6.298883719944161,173.24727047628107,coconut
15.0,38,5,25.08303998058637,98.37153328211656,6.787022226598524,135.834014509047,orange
47.0,5,45,26.690667354508733,94.31980835762106,5.273808539879165,32.524442309072015,muskmelon
3.0,68,16,18.31910448,34.69776639,4.964887857,107.4721605,pigeonpeas
87.0,7,45,21.78343956891966,72.92085867745195,6.403167350861832,120.26255605681985,pomegranate
21.0,116,32,43.67549305,43.66279288346254,9.097815185670353,22.643758839697497,maize
0.0,27,10,22.54618759839422,98.51975287640684,9.196570475226752,92.98182944929908,orange
86.0,39,43,26.14576648,71.23690851,6.432051512,193.1007598,jute
0.0,5,9,43.67549305,89.35699002703022,8.693655997199595,97.55088043207918,orange
46.0,53,5,40.734183174317394,65.1362251818534,8.770031827862566,55.43113256148744,blackgram
70.0,31,50,29.853516006567222,72.33826355234642,5.634829731747914,164.7939938022264,jute
0.0,5,29,22.36868836693103,73.33351803099217,4.8992087467113485,20.21126747,coconut
45.0,5,33,26.18505026805436,64.83889899633435,7.092783242438534,115.80904525583372,coffee
0.0,63,26,23.922754471821776,29.950443365921256,3.504752314,20.21126747,mothbeans
103.0,72,51,26.12643374,81.81365007,6.099478745,104.4812858,banana
0.0,7,26,26.213409170312904,93.84348373136592,6.762610896433456,58.56520839188491,coconut
0.0,93,23,23.537137394203533,97.06152586300736,9.122787491075478,130.0441714433995,jute
0.0,38,29,26.16759188181118,99.98187601,7.873699008169028,40.059259583966266,mungbean
44.0,145,205,43.2956478358504,75.97256641112438,5.113385282354921,75.51601977819459,grapes
20.0,54,46,23.906605641377272,99.98187601,6.443152760651671,106.8769838630734,jute
65.0,111,58,21.460592391748275,84.02064935816819,6.588746933579943,105.66682733283952,banana
8.0,124,199,10.28414245518158,76.08591016128238,6.604999883122436,62.52890993901975,grapes
77.0,29,38,29.10592066992216,97.93419388914548,6.350912579334277,298.5601175,coconut
0.0,45,36,22.58843840271061,18.32160280520344,3.504752314,65.7202701507096,pigeonpeas
38.0,145,199,24.88933266443729,95.82189063396385,6.293895133630127,64.86853937678383,apple
11.0,29,23,32.65244509295891,64.36238358699967,8.43662187656035,138.06878933823734,maize
83.0,57,47,18.36550958492901,92.76690812311176,7.903225249649804,119.5945143113862,pomegranate
20.0,23,11,31.8520694,90.12220323,6.403167350861832,109.9455062,orange
6.0,64,23,23.33565221,67.40460704,7.065264073,36.18678721,lentil
0.0,71,16,15.296008592658348,68.73536626512117,6.357618017610257,56.4992024242443,lentil
26.0,82,52,43.67549305,88.30559624869869,7.018821045788012,155.68942611795978,papaya
5.0,85,30,27.423722920163502,22.78724744169352,5.96622354902429,226.0493869041751,kidneybeans
45.0,5,58,28.884369591649072,99.1614575831662,6.256634671270065,27.03427221508082,muskmelon
69.0,88,51,31.34296452079085,86.34915165949627,6.444914643624214,74.58419983668622,banana
138.0,60,15,22.229518221756955,72.95143398508246,7.435837759144407,44.619941015328834,cotton
23.0,126,20,13.190091453620008,99.98187601,5.042558223406241,98.52477016651444,pigeonpeas
45.0,28,43,26.56576222063712,96.21705777677464,6.183043273336274,20.21126747,papaya
100.0,56,39,28.34758922073881,94.91902428000304,7.070463977549753,123.09116665599268,pomegranate
22.0,145,205,24.797752918268063,99.98187601,5.730664563429303,65.02497578864399,apple
125.0,65,28,26.12887505813324,81.93820398341317,4.742705064507627,111.04810654804386,maize
0.0,14,42,31.30063656607349,44.141165165041855,5.966117851603083,80.23185160366077,mango
137.0,88,22,29.38450734178864,64.20614277292614,5.083228867560724,127.4549260322268,banana
50.0,115,9,25.51726468295075,79.30313409132516,6.801459894908684,64.88790613265975,maize
0.0,103,36,17.25354473234659,25.31687008236744,5.26127568281596,203.4952161151523,kidneybeans
55.0,14,43,21.66548992219024,77.9021769521868,5.425886616053454,298.5601175,rice
107.0,33,15,23.85600053792901,52.44530429933533,9.08951188382814,76.42985940090325,coffee
0.0,46,27,22.02371443272084,99.98187601,5.686327292726772,92.28406415624086,pomegranate
57.0,25,16,43.67549305,99.98187601,3.504752314,128.8981232514712,mothbeans
0.0,30,62,30.27529224128518,81.82899259832823,9.93509073,88.23263291798997,pomegranate
0.0,49,12,18.15494461250401,71.14634185599361,8.398260674852263,76.90340172693288,lentil
48.0,120,205,22.04240355056597,99.07485369889208,5.620594362808235,92.8325886019951,apple
97.0,80,33,16.499754346674294,82.05357981288373,5.666250744131791,72.44033044786354,maize
125.0,41,42,28.667698349123537,81.61369862728499,3.504752314,298.5601175,rice
80.0,30,25,26.24092174,65.64381357,7.487266991,148.37712019999995,coffee
51.0,97,205,43.67549305,79.36653517611376,4.304780534289547,58.30383294295773,grapes
86.0,5,38,29.95106124904268,86.5680756426911,6.403167350861832,20.21126747,watermelon
103.0,93,47,25.59598064517694,84.45867773729724,7.087077445476154,115.55555082002908,banana
51.0,40,30,43.67549305,47.34047373795997,3.504752314,70.23563500356671,mango
109.0,23,87,16.378579282972243,22.92599483229332,8.021653176461166,79.83843778615523,chickpea
13.0,22,5,25.49158911727429,90.50096668,7.764040111,100.1737964,orange
82.0,58,34,22.35063043408796,30.10567247043432,7.019720039174965,198.10550888635632,coffee
69.0,59,18,35.70946071990572,77.69136134173918,7.636294460538063,65.09221233012045,blackgram
29.0,46,10,27.79589589934261,86.54177044231707,5.705200815600519,45.30824942909158,mungbean
83.0,20,52,35.24786410911461,88.82093776594938,8.026241971162872,298.5601175,rice
5.0,24,21,27.58616781419858,56.74650834699231,6.403167350861832,117.51128601690408,mango
45.0,45,16,29.93964907,54.61813464,4.626212446,45.43669946,mothbeans
0.0,32,5,14.039901087177752,24.89286111813032,5.782061267773525,254.61310861076697,pigeonpeas
0.0,64,28,27.3419638644408,99.98187601,5.3938443332154815,225.42896645834497,coconut
0.0,39,31,38.59618071024829,81.72977469254583,8.487558127928246,61.3300075847686,blackgram
18.0,26,19,21.14177774202074,50.456703883365336,4.020021723496346,110.59673374597428,mothbeans
54.0,65,75,21.8657532715416,24.78443301092623,9.298245309756094,106.73483615816068,chickpea
35.0,57,25,27.0956288,42.26206161,8.340398059,71.12710390000002,mothbeans
22.0,145,205,8.825674745,83.1087302332548,5.903618580066984,68.11571735232219,grapes
0.0,41,14,27.254855406740266,87.77382256938964,6.8104476102602325,39.25290200677321,mungbean
27.0,43,23,31.70447482,56.85420099,5.875333778,44.94317432,mothbeans
82.0,77,46,28.9470467,82.1888998,5.901100841,95.83016448,banana
19.0,24,15,20.48954522,93.72485075,7.137136973,111.83919509999998,orange
0.0,73,25,9.022764082737645,99.98187601,6.967363740816888,20.21126747,papaya
107.0,51,22,24.86560781,78.22080815,5.983075895,79.56866268,cotton
87.0,46,42,25.83191647149744,72.2722796046392,6.9986388654350495,24.391423065082,watermelon
37.0,36,26,32.89300162,52.61323969,4.650536197,94.49161372,mango
108.0,138,43,26.95736286727375,74.95393362860123,8.015966967185847,73.96641438330204,banana
60.0,9,6,18.7616833946579,24.290745305124307,5.82844910747186,137.19808145603483,kidneybeans
47.0,8,47,22.94103358234637,98.92317370180726,6.116296103528726,25.24866765274084,muskmelon
111.0,14,15,43.67549305,94.48963260782132,6.732858708755459,106.3520263495067,orange
93.0,44,51,23.96492706167377,82.30642132655414,7.056863363836422,57.58488316453652,watermelon
95.0,88,189,8.825674745,82.70559782618874,6.403167350861832,78.30921799246671,grapes
30.0,79,22,18.28766124,69.48515056,6.254216611,48.60449438,lentil
82.0,7,45,23.37745887187296,88.11417718802493,6.099386046504806,25.063588900864804,muskmelon
140.0,73,26,20.39648468237617,79.89977851751965,6.513900364428484,76.96420760127924,cotton
75.0,23,37,28.95158261908236,74.21579917593284,6.381172931881871,72.06213507175684,watermelon
140.0,15,28,26.624863934974936,48.95268941185896,6.187017035878107,47.54595193325256,watermelon
14.0,48,21,25.49158911727429,84.80084105,6.991242362,53.43228915,mungbean
128.0,28,37,31.021068555136804,84.43098293724368,4.581517550634247,183.0136806462966,coffee
92.0,76,30,19.094349510873705,92.6027514349668,8.088038959638284,111.59350634677344,maize
22.0,69,5,28.2662664359924,74.29110691983786,4.800473200967874,34.286534806993544,mungbean
67.0,58,13,28.43992746178231,46.26651079757072,7.883706586162877,97.06376113167782,mango
69.0,93,21,25.170795400438976,86.4744443924446,7.060683124641691,96.87940834574984,maize
16.0,6,30,33.75959531382482,99.98187601,5.302237607389158,148.28125976700255,coconut
74.0,29,26,36.05687155861797,49.90637636636278,3.504752314,73.964350145064,mango
99.0,79,48,43.67549305,92.1915047655372,6.530728687976547,121.36592830395456,papaya
10.0,75,17,18.43966037,68.05394959,7.732194787999999,39.00992137,lentil
130.0,21,22,28.54547895514453,66.96932170057633,4.795577617385691,50.69342477857875,cotton
65.0,114,203,14.005374995275176,75.76057423934498,6.403167350861832,86.08578377624107,grapes
0.0,117,185,43.67549305,85.6017370502597,6.67166700245642,81.17092473875189,grapes
78.0,42,42,20.13017482,81.60487287,7.628472891,262.7173405,rice
6.0,104,24,20.45557444001808,81.1200874117136,6.887361773635084,87.6796415295189,blackgram
120.0,34,40,30.58274247031305,38.0459111271384,5.847065898964314,216.0028387241406,jute
0.0,33,28,38.11099096527546,61.09233422725335,9.216469173069385,75.39161977344277,blackgram
0.0,145,205,27.306814603854995,88.04869418782714,5.003735737462123,108.9225966636047,apple
17.0,5,42,38.02295497335016,86.85150475101925,6.956186349767517,177.36337482925134,coconut
122.0,88,15,21.669970321963422,82.73651421159038,3.504752314,54.049122633085176,cotton
0.0,16,50,21.465901287267368,95.62081005771212,4.687189845843611,106.69253218082842,pomegranate
37.0,64,21,30.51668414065817,28.14884800695179,9.93509073,134.37534228174874,mothbeans
12.0,53,11,17.859799472278212,72.56947932313074,7.427726097711624,37.81914323850295,lentil
36.0,50,23,22.07497861104152,69.20212544958757,7.118230267173597,38.05771938433405,lentil
38.0,15,27,33.7462686,48.50387598,6.777788126,92.26439205,mango
39.0,42,20,29.3499706,61.25353851,8.055908857999999,40.82840673,mothbeans
77.0,34,101,20.92837466505808,19.41161788753298,9.028590822929822,35.18109070641368,chickpea
0.0,48,37,27.59653850733998,81.35887466359122,5.877732397132938,193.71541430509268,coconut
32.0,79,22,27.60195453,63.46170674,5.91645379,54.37814199,lentil
46.0,19,49,22.66085915837994,99.98187601,6.683829450329584,123.53007624068422,pomegranate
0.0,87,21,35.22486913891889,22.918116527730284,5.66533566187484,249.35389146822,kidneybeans
34.0,45,48,42.45393581964088,92.0845080931433,6.792566774962479,298.5601175,papaya
70.0,42,9,39.786713595319455,94.42234566190024,8.634765999853169,85.95845636735619,maize
53.0,70,27,33.14712606366045,14.25803981,5.66690364003416,93.46738902292223,kidneybeans
82.0,66,71,8.825674745,83.33589685398974,7.114795969861586,20.21126747,papaya
123.0,24,21,24.84519839460585,70.21127078700266,5.21633765101469,164.89974151292571,coffee
0.0,83,18,29.030176235068435,93.15180164707768,6.624404741297866,55.15398519669695,mungbean
140.0,109,26,23.059716555733367,76.07052177869221,5.718784640720173,95.97504823728312,maize
53.0,135,204,25.179225200007053,99.1834614225894,5.414199360415066,121.9648544965132,apple
123.0,5,20,25.759744458744684,79.43972218983103,4.169782874652331,57.37716558138291,cotton
0.0,100,15,29.16996835279875,77.8821269993871,7.704688073381152,28.500957287093417,mungbean
102.0,139,72,23.404150619368124,72.45779187399916,6.662848335620233,134.5496433358927,banana
140.0,71,23,21.96833400795501,99.98187601,7.022286721801069,187.76189661852143,jute
109.0,5,48,19.43378172982788,60.69000618544619,5.400770660506348,88.60303691295715,maize
0.0,30,7,9.40823724174014,94.92754523380518,6.521148227203079,90.17794873253304,orange
40.0,5,29,28.48444906,97.76865458,5.820978791,160.389421,coconut
52.0,108,32,18.838598169483006,26.61566662549119,5.783555952898978,20.21126747,kidneybeans
17.0,57,20,28.50677929,45.20094476,3.793575185,66.1761456,mothbeans
140.0,77,51,30.230146999848607,79.09969340647169,5.425282574993556,84.49060190572415,banana
16.0,80,10,19.892467809123563,14.25803981,6.135035867777232,139.9879909358411,kidneybeans
56.0,65,35,21.15150463525352,99.98187601,6.267621103911861,197.5146396859257,jute
52.0,39,21,22.597067373474623,35.72265546652248,3.672781467060328,84.01504766347678,mango
0.0,31,36,36.02123795836239,37.1845941500311,6.282221395229707,95.24609342291906,mango
0.0,33,32,23.54231981004368,47.70005657041765,4.566547684721289,20.21126747,mothbeans
64.0,18,25,23.760888157203745,89.73645850209815,8.75581826792627,96.6933778017089,mungbean
27.0,62,24,28.63005477,66.770943,7.353876754,62.2737345,blackgram
108.0,26,52,28.82629037,94.26765349,6.201797639,26.23838511,muskmelon
94.0,54,17,23.39128187,61.74427165,5.871647806,107.3198135,maize
88.0,9,16,28.672739776871577,75.8956319696629,5.851620328181151,102.64319842668148,mungbean
27.0,43,24,36.54035814400953,63.836704776185066,6.60451123621673,65.61473213733045,blackgram
7.0,20,12,16.53460397,94.76759975,6.475275337,110.0447896,orange
45.0,35,36,27.00748667971825,94.67469212830429,5.068178259156231,20.21126747,coconut
31.0,13,22,23.35410053990396,57.0542019359096,9.93509073,74.45151052062454,mothbeans
33.0,5,21,30.298421786445708,98.0480160444246,5.018538167600919,298.5601175,coconut
62.0,107,52,22.976190745298005,82.62113766434318,7.252313960480724,193.4591322155267,banana
22.0,8,33,28.43572863,95.8840407,5.665785202,203.9283708,coconut
47.0,52,45,32.98733456958561,62.30629949074313,9.93509073,273.8034223668106,jute
40.0,45,20,29.37687468,57.69622912,6.878498176,38.34303462,mothbeans
140.0,25,22,24.947513281508503,85.60161020458898,6.839694065602756,20.21126747,maize
0.0,80,26,21.36213926042557,34.70247089788313,4.787107291417061,114.75457484383914,kidneybeans
31.0,20,26,25.56567803,97.61361544,6.443168642000001,199.7936345,coconut
29.0,8,28,21.73454206456016,80.63996569559446,6.5622974048857925,298.5601175,rice
69.0,86,23,29.8991179332651,83.5699023194103,6.221999958224816,28.74960827724568,muskmelon
0.0,67,16,33.597209008680906,61.25636452411429,6.815704725630193,54.36339464252074,blackgram
13.0,69,19,20.468392739133098,79.50542991346721,8.15399522000861,60.92960657599947,blackgram
71.0,15,56,29.389710407651183,92.45471802629496,4.457654484848002,20.21126747,watermelon
56.0,70,16,26.25421198757212,16.662733455684776,6.707393779320154,23.527978176399373,kidneybeans
127.0,74,65,23.55944314329262,59.26773482979358,6.373096991918348,84.82519634233563,banana
10.0,5,42,20.24104904,91.08706822,6.887005997,109.2537734,pomegranate
116.0,98,45,24.917516696229423,67.74670748204299,5.978932266730625,130.98217542661834,rice
79.0,59,17,20.37999665,63.73849998,6.644205485,108.5054416,maize
91.0,51,66,37.81388861589961,83.39082870779893,6.309442271877562,20.21126747,papaya
47.0,119,200,43.67549305,77.98859522135105,6.193487244044558,80.45780171699052,grapes
25.0,48,21,28.438097,83.48991368,6.267684328,52.55469976,mungbean
137.0,25,49,25.461138076096805,94.59699429882038,6.797320854804135,82.17988637023129,watermelon
34.0,59,23,28.56212158,83.24855855,6.935804256,56.48265193,mungbean
25.0,70,16,19.63474332,18.90705639,5.759237003,106.3598183,kidneybeans
9.0,93,91,14.95171329076691,14.25803981,6.326065353245839,59.561522899705096,chickpea
140.0,5,49,24.68461626227741,87.51978965277084,6.659960295808871,70.00156150796894,watermelon
111.0,79,53,28.31193338,75.77363772,6.165001277999999,119.695765,banana
68.0,97,73,17.889258204065378,14.25803981,8.908080336040115,82.12606369399488,chickpea
120.0,87,52,28.0764455,76.05522115,5.905494703,118.99235729999998,banana
0.0,128,192,25.165919146879364,88.37417641211408,6.050541097946176,93.61535811468936,apple
0.0,137,20,24.068264528430625,17.38487165380554,6.7432628059028135,287.5117882586123,pigeonpeas
0.0,66,27,43.67549305,33.086421772974546,3.504752314,90.17794873253304,mango
115.0,8,45,26.829190405178554,92.3601807996773,5.924813755640313,29.388110368589928,muskmelon
0.0,5,8,37.165144080643145,40.660104338766686,9.93509073,174.2347136082828,mothbeans
133.0,36,19,28.71293624065438,65.11811457852272,6.776967298132945,86.13485594754857,cotton
0.0,63,18,36.83616323083228,70.333338299245,9.93509073,67.36840942874296,mothbeans
21.0,90,33,33.5026567149815,95.55729689557695,7.218027549342789,90.17794873253304,papaya
93.0,50,19,24.48209053842139,95.02944151937844,6.0502584040831735,102.7697675417624,mungbean
33.0,45,30,25.012439248317804,95.20075213265932,7.418296402213114,247.32360234593384,jute
30.0,53,55,43.67549305,99.98187601,7.063767016271453,287.9807945008454,papaya
40.0,5,14,27.980580834773644,42.911113622057016,3.957369352796549,72.33904203878393,mango
111.0,88,18,18.791306127753696,95.28291125578554,8.822771633636947,100.77280260768748,cotton
22.0,67,78,17.16606398,14.42457525,6.204090835,72.32667516,chickpea
11.0,6,5,38.82466356610001,59.27767129276306,7.611428429726693,56.14515217237294,blackgram
0.0,43,14,25.62767814994433,28.305401424626247,5.847728052207126,71.49807087429839,kidneybeans
133.0,13,48,22.86366171808262,84.80628316117156,6.779625567814563,74.19651912135384,watermelon
25.0,21,18,43.67549305,87.93983518810577,7.524674236423731,121.3828631465756,orange
49.0,109,80,12.67123126263522,23.78076189238676,7.100174108269895,62.06504757030741,chickpea
34.0,10,14,34.05296914,92.05811721,6.725600855,116.8020848,orange
118.0,64,24,26.88238506072756,69.39606247353085,5.615888701324992,117.07944706041889,maize
82.0,78,46,25.05802193,84.97323747,5.738678895,110.4408803,banana
21.0,56,89,15.71399219171338,14.25803981,4.778712222933158,60.53954005897384,chickpea
0.0,67,24,32.51277979203836,99.98187601,6.658409275157775,82.59664450254108,mungbean
79.0,35,49,35.79428335355125,86.64442915558165,5.225258242001621,20.21126747,papaya
72.0,32,64,20.681451922496297,93.60577581475148,5.8195003545520425,46.68767198786524,watermelon
140.0,39,23,21.634383460420445,85.58810382261977,4.196021482350192,95.0439023094019,cotton
140.0,27,22,34.86508074701418,64.6046333605848,8.355910348600652,271.13384295840285,coffee
28.0,122,197,19.89363946,82.73366439,5.856575335,69.66256816,grapes
11.0,78,11,8.825674745,28.813654499694973,4.923834234860979,170.93700605805435,kidneybeans
34.0,114,11,29.733153509252347,57.16269918949683,3.504752314,70.17718808951001,pigeonpeas
0.0,45,29,25.49158911727429,79.25377929277582,6.671309433853094,187.4956953715705,coconut
108.0,49,11,19.306989132534383,76.41796407001146,8.997796090883432,106.95997456435488,cotton
0.0,67,25,21.07841490522741,14.25803981,3.504752314,20.21126747,pigeonpeas
140.0,25,32,36.08660999987186,58.13374514130838,8.130549992003976,191.48011770544252,coffee
62.0,75,20,8.825674745,44.65816096166378,6.344648463946042,90.12198833863052,maize
1.0,63,33,29.7288586936249,68.4144349591348,8.654788374469117,169.5420780838245,jute
68.0,23,38,27.7949043287536,99.94425160386945,7.012184156757057,20.21126747,muskmelon
7.0,23,35,19.75088482,88.71691157,7.054313822999999,102.5538035,pomegranate
125.0,57,33,23.95538727040564,93.63525297446202,5.38747437547412,93.91809968431986,banana
140.0,83,21,33.04269204260185,41.84260384434076,7.207836152493069,56.960126750982056,coffee
90.0,51,23,25.5239513202321,74.76437267125019,9.060265893816783,94.24883496692637,cotton
131.0,100,57,29.331466664524022,76.77819671145397,7.572115318656926,120.35962186379354,banana
8.0,145,205,19.440480592670408,99.98187601,6.529066657598285,117.4781960776066,apple
78.0,35,44,26.54348085,84.67353597,7.072655622,183.6222657,rice
133.0,30,65,24.043836753777214,79.89370225919639,6.933131934939781,23.76871096999434,watermelon
0.0,122,205,25.49158911727429,89.44342722544147,6.631929027904539,126.61200289553663,apple
97.0,10,43,32.21651002426826,91.28022731058184,4.67281808603458,20.21126747,muskmelon
9.0,31,31,25.61613107216702,96.47462699384285,5.990843582131884,70.19063297330237,coconut
0.0,79,10,8.825674745,99.98187601,7.504570775482724,230.8821917605099,pigeonpeas
59.0,65,44,26.32458333635699,99.98187601,7.978643977023592,175.70601072296617,jute
13.0,16,8,34.74004942,93.12316972,6.949838549,100.1967854,orange
45.0,5,29,32.61209733369384,90.00827544535109,5.526612530219322,112.66032616724952,pomegranate
0.0,78,29,36.89907650154772,30.535788569485373,6.186850625538921,85.87448398545942,kidneybeans
10.0,90,27,27.38340450502074,49.12524006696063,4.12792616707406,59.78988138620013,lentil
101.0,5,40,27.427759315747466,60.83737779817201,5.883059024468413,151.80548293652663,coffee
36.0,26,26,30.17294105,51.0845903,6.814630246,95.23444287,mango
54.0,128,202,16.420459390134962,99.98187601,6.4948698318935865,128.59516450619017,apple
68.0,41,30,12.38928079395787,90.26698765956785,3.6832247374583287,111.79650312522442,pomegranate
7.0,77,15,14.31071216834358,75.33777673158086,7.360229981371939,72.88594115560751,blackgram
0.0,70,18,20.729990575910755,70.68053476555295,9.93509073,64.10805764533598,mothbeans
114.0,57,32,24.33091780928102,83.12578010745347,9.93509073,298.5601175,rice
11.0,47,36,29.027810597106576,34.49144047401963,9.93509073,101.6587694243912,mango
3.0,49,12,10.1603232947048,67.54695237086862,7.069281516841727,82.63266979473293,blackgram
85.0,14,33,24.68137949932042,55.24620050499875,6.952289198854301,145.16743728973523,coffee
65.0,46,45,21.4831543934744,97.7674829007828,7.154311518261707,149.53124824558924,jute
100.0,56,40,26.38905406,83.31240346,7.433313409,176.1516409,jute
77.0,52,51,30.20549755179988,90.97820609234604,7.079372819332026,223.35768772105592,papaya
31.0,5,9,8.825674745,99.947563096337,4.0624998424962335,110.85575561699876,orange
140.0,29,28,32.3959786623788,79.76676893481996,9.01643110992525,89.58295361665645,watermelon
57.0,73,85,18.49311205,14.72115044,7.358099622,91.94595352,chickpea
27.0,5,41,32.34959022154848,99.49409696435676,7.129187913212513,90.17794873253304,coconut
105.0,23,51,31.503286094827686,69.68891218224158,6.368150546181144,165.6744059112425,jute
125.0,6,7,21.363290091575845,79.59614926707607,7.391371936515379,123.2035160918258,maize
43.0,35,15,31.53299804688478,73.90177199258878,6.3174954700725925,40.29742829655661,mungbean
35.0,54,24,26.98587365336032,85.84845889815092,6.927512291961611,31.869337267660004,mungbean
13.0,28,33,28.130115000000004,95.64807631,5.686972967000001,151.0761899,coconut
140.0,62,9,24.539215503290187,80.38573268594178,8.988795933401127,66.55628599336472,cotton
0.0,145,185,24.4570185607142,96.41368165500177,3.9002884961965134,79.5748351952313,apple
117.0,45,18,8.825674745,36.318171019330336,5.790864903479248,86.93314194584084,maize
111.0,75,30,15.178669879786955,99.98187601,6.786944574823531,179.22518912397925,jute
114.0,40,23,25.53676123,81.13668716,6.7539780610000015,95.4262599,cotton
137.0,69,43,24.483933549114703,84.85042865192759,6.087322331379259,150.31695622928416,banana
17.0,5,26,21.580806318492307,87.19136779251285,9.93509073,104.17520771422444,orange
30.0,30,35,25.00872392,95.59224018,6.001936419,165.8092179,coconut
34.0,61,49,28.12971499,93.3210737,6.502675132,117.8201907,papaya
73.0,79,57,18.54406178392449,77.69813697254763,7.70431798882191,142.86698987674586,banana
101.0,33,53,27.707694362497147,92.4604883770404,6.062634745611238,41.0375748119628,muskmelon
118.0,44,23,22.08458267,82.82904143,6.6916904760000016,67.06459777,cotton
12.0,77,26,40.03872323148683,14.25803981,6.352915324045072,99.32043288162993,pigeonpeas
0.0,59,28,43.67549305,68.77745337966182,7.1041502502159455,31.323851720885408,lentil
0.0,87,6,19.61154310549676,31.11141157350102,4.102961912784632,103.89873397100058,mango
108.0,54,62,26.64890364831984,99.98187601,5.486165746268652,102.32890863665332,banana
36.0,38,15,28.36363858,87.59810657,6.3206620120000006,57.99524359,mungbean
71.0,39,36,22.519191310447862,98.6279493009886,6.386960611624892,104.70841553283807,pomegranate
0.0,116,205,16.03742701703959,92.02171293131534,5.279086799671779,113.5090470412603,apple
140.0,27,25,27.660302401421223,52.18256564515856,6.917409237676871,256.19867216655786,coffee
140.0,28,52,32.972323254355075,90.89505073514508,7.297690369441016,298.5601175,papaya
0.0,8,5,8.825674745,84.78252275117033,7.657130711370233,108.5116434656555,orange
64.0,13,31,28.793792409398744,77.22814621901752,8.432687848947548,70.57478832516577,lentil
118.0,45,23,23.37044424,77.43198948,7.977651226,71.67870701,cotton
33.0,5,27,38.80258840643143,57.096729364976255,6.9221760952045255,97.34521020019125,mango
60.0,54,19,18.74826712,62.49878458,6.417820493,90.17794873253304,maize
55.0,52,26,29.557068622448828,79.45328449872352,5.517796895346763,20.21126747,mothbeans
112.0,90,51,24.82743746449612,94.34441977670464,6.091521974653213,77.89823103537995,banana
70.0,18,12,27.283297914740057,78.20854489199864,6.358608480008402,90.17794873253304,mungbean
91.0,145,195,22.38621289934798,92.51914833974617,6.94797663064714,88.58852561174092,apple
95.0,56,41,31.441300122494265,78.33503256613218,6.28981925996047,272.1290859328175,coffee
2.0,11,6,32.467720475445965,85.015487556163,7.457199110725014,137.3371636507078,orange
127.0,47,27,26.713831808835327,45.05919952659874,7.539856462997037,99.8893658269058,coffee
39.0,58,85,17.88776475,15.40589717,5.9969320370000005,68.54932919,chickpea
85.0,54,74,18.133659949986075,14.25803981,6.303109286275776,75.59977405675838,chickpea
96.0,70,18,32.41571957422052,89.54323590733598,7.576219606167356,117.50170741297735,cotton
126.0,42,43,25.49158911727429,62.77493549645452,5.991480862919904,196.01593679773487,jute
70.0,5,43,32.33678164879335,72.93526892673015,5.840590316654457,134.73900184686607,pomegranate
120.0,7,48,25.62462045900474,62.788526105132135,5.706801867588355,160.9442283529453,jute
34.0,65,47,23.48546973,93.71043692,6.833768535,191.7760562,papaya
39.0,113,187,8.825674745,80.79061629660039,5.808932107915369,48.66863528360987,grapes
0.0,105,190,43.67549305,74.46525348798168,5.984037259679202,70.3926102419219,grapes
29.0,43,24,37.70564683516257,73.55768640554992,7.455120133168239,59.1320179706938,lentil
121.0,16,55,22.581401453291324,75.99714677082956,6.365321731306677,20.21126747,watermelon
49.0,65,23,11.823311428846186,35.4651447616669,6.265755064071301,20.21126747,kidneybeans
92.0,60,26,29.313590751006327,70.2091539629923,6.126617154604551,60.15171318392096,mungbean
6.0,68,18,24.388717,62.50453062,6.711341147000001,47.26052494,lentil
140.0,62,21,23.882375405086595,79.4295701883085,7.428134550446786,75.7731341887615,cotton
96.0,55,44,22.136682500192983,84.76069391007388,4.770716172754897,263.7456724025186,rice
23.0,45,23,28.77653519,86.69133979,6.983130466,56.12443206,mungbean
0.0,85,76,25.980698788943595,21.608082629518663,9.256504843508678,91.49007211018048,chickpea
5.0,25,6,30.72119881,94.01331956,6.0113021810000005,106.8118019,orange
0.0,39,49,21.234952503144484,38.91362244253553,4.543031925827354,92.44249703808092,mango
42.0,44,17,33.28617119679191,43.69440978421493,7.172293165905879,20.21126747,mothbeans
0.0,46,68,19.19862114856494,26.43113948303666,3.504752314,83.33250369005958,chickpea
14.0,121,203,9.724457611,83.74765639,6.1586894060000015,74.46411148,grapes
3.0,49,22,25.51059444932471,73.14843436902297,8.112991078798713,29.049317600194136,lentil
24.0,27,34,28.87862994,95.11320315,6.203376525,145.0583117,coconut
55.0,121,205,23.25741497246365,83.07921651579564,6.625656380735625,68.01666154276255,grapes
0.0,86,65,16.921199229619653,14.25803981,6.505642355917479,67.26959450185112,chickpea
12.0,96,21,42.223191421514734,68.97851849096864,5.261015797917341,65.7749434583914,blackgram
96.0,13,55,29.5275305,94.57459443,6.700337732,21.13545688,muskmelon
0.0,68,25,30.333285178236256,85.84501852989064,6.291078281941003,92.08952565050303,mungbean
107.0,58,15,23.73868041,75.77503808,7.55606399,76.63669195,cotton
9.0,48,22,27.77076285,87.09979549,6.402926221,49.50812624,mungbean
56.0,44,72,18.238296924886463,20.75394904397994,4.708552934090287,96.2463696571518,chickpea
116.0,5,34,24.1823187686358,57.99138302220812,6.342572369052852,124.37622092389886,coffee
53.0,39,15,29.10055404964392,76.2400370476199,8.19731154475345,188.52638867021804,jute
94.0,25,45,20.62172099159551,76.29688521496772,8.080782931191582,248.0610940303497,jute
41.0,49,5,43.67549305,94.42310166948285,4.826394500430848,133.08765304083818,orange
68.0,78,23,31.900106381161628,94.94332937506444,9.93509073,90.17794873253304,mothbeans
40.0,92,24,43.67549305,81.61498739058732,9.93509073,298.5601175,pigeonpeas
10.0,70,8,25.22151591960221,17.04789629492328,6.380910946379806,231.26285614131447,kidneybeans
140.0,28,26,35.761451391499335,88.82936779830754,5.781255296043341,114.04942301288602,maize
85.0,27,45,26.0713757,88.7285657,6.467095849,57.79652846,watermelon
18.0,51,29,21.14592819489889,52.480479659515176,8.70543721864407,109.86515578905954,mango
94.0,59,39,15.997732392615829,76.44877299114899,9.93509073,208.3288454430854,rice
74.0,44,47,15.17579414077077,94.35677539484152,6.186238464684521,225.5396557399436,jute
8.0,35,45,24.247188397534643,87.15603587637555,6.818197749443687,183.777151779378,rice
48.0,78,14,11.517069952614342,55.79506461726531,8.704940914935413,165.89334710721312,pigeonpeas
26.0,11,11,13.70319166,90.95589386,7.609348255,106.2944879,orange
126.0,81,41,18.91192296533594,59.75151657012451,7.311274187285727,94.38108071120216,jute
115.0,5,33,21.89479702484085,90.39233489013964,5.641981571912776,20.21126747,watermelon
123.0,33,36,26.95116692859656,58.12544388689922,7.032172108176656,66.00131141319142,watermelon
0.0,113,74,15.53279693085116,14.25803981,3.504752314,109.53057171376577,chickpea
67.0,123,68,27.17903228783344,89.14134488543951,5.130002590863661,155.5167584965738,banana
0.0,71,25,8.825674745,65.78514127782967,8.38244395452766,267.27680917511793,pigeonpeas
45.0,24,43,19.74647212084822,81.64617043842962,6.301562533394105,35.80333571758407,watermelon
57.0,61,5,20.0756251009869,20.088514070869625,5.921536624949814,20.21126747,kidneybeans
0.0,87,5,30.16624793396519,51.39358215168932,6.478393113369847,93.97961159708407,blackgram
0.0,51,46,15.934578264602372,99.98187601,6.492081121432102,107.76020519049104,pomegranate
140.0,53,5,32.96323027818007,99.01476363697736,6.301333988579725,110.42062256267198,maize
117.0,86,53,25.19640218,83.55829874,5.703381727999999,115.8586081,banana
140.0,39,25,12.731078156334478,77.54924001972995,8.085457690694241,20.21126747,cotton
78.0,60,15,29.5499765436738,65.92494635024765,7.029146156848175,65.33295592714889,blackgram
26.0,15,6,17.22034507,94.78797376,6.912033409,108.0054343,orange
74.0,36,17,13.33903632054498,58.81798955727321,4.225719581085443,79.36549165378995,maize
0.0,51,25,20.6004366899082,66.58095286170777,3.6448270842871975,27.954405099728653,lentil
0.0,88,42,23.34743190305157,91.36882905965432,6.585341018911091,36.37129618909114,mothbeans
65.0,63,50,25.49158911727429,91.3256535,6.524459342,79.27201575,papaya
76.0,100,5,29.019013240686967,23.890463846415603,5.1469903033548325,96.37658674904308,kidneybeans
3.0,145,205,32.92963367574544,84.08311954679606,5.5990737915498014,67.25630688135875,grapes
57.0,53,5,12.776076496090436,96.60090899385776,6.825469281485974,83.11519036611297,orange
32.0,5,30,26.34377247670142,99.98187601,3.906063584362408,20.21126747,mothbeans
64.0,84,46,24.205528105441665,90.2587275416044,7.440887898022583,72.5039528523152,banana
28.0,69,16,29.77013109,66.29327012,6.547361617999999,35.69674138,lentil
0.0,45,14,27.76104982033216,80.15442235507467,9.078546729893723,53.22375665986336,mungbean
120.0,16,51,27.99901833,91.64193051,6.403167350861832,23.28618248,muskmelon
0.0,76,22,30.5718152640612,52.86154359661988,3.719371167979821,97.67990899484803,mango
107.0,44,27,34.789057108909695,30.48193051677386,7.248698223911013,48.91546005140364,mothbeans
0.0,102,31,31.50862416316302,17.218273611924495,5.0265458674217705,100.4891400296884,kidneybeans
23.0,133,205,8.825674745,83.14048020933224,6.251801215932301,57.25529635999236,grapes
45.0,70,84,20.6543203,16.60820843,6.231049027999999,74.6631118,chickpea
103.0,22,34,27.988842398974285,79.27697869946113,8.964814353286712,138.5162966193914,coffee
140.0,46,14,21.02956951593353,84.23487707021677,4.6790124568623295,118.99380588488772,maize
60.0,72,43,8.825674745,98.04022432209402,7.197002658724699,73.95306245539727,papaya
78.0,56,19,17.09984628758803,82.4339349380048,7.042821519117055,146.13108462938771,maize
36.0,58,25,28.66024187,59.3189118,8.399135957999999,36.92629678,mothbeans
36.0,23,43,42.5774333165768,44.39161839564431,5.349446604902762,116.12627267600304,mango
111.0,87,48,26.3985515,81.36028902,5.571401169,98.16752001,banana
64.0,22,20,21.014059077039565,93.5981853467101,4.808798197623506,271.26897456543446,coconut
20.0,61,21,27.61695543945779,77.91522323975428,6.945263409978077,64.62886658684988,mungbean
0.0,145,181,43.67549305,85.1395360832433,6.584831948654915,59.11559427642869,grapes
37.0,69,9,43.67549305,38.874167119953896,3.504752314,236.24586788376467,pigeonpeas
75.0,38,5,24.368500923744016,89.18140246716813,5.505501915506502,52.04383455597157,mungbean
82.0,95,52,32.90224394452968,73.83595872766293,6.7822557261114325,114.27888085313276,banana
38.0,5,16,43.67549305,92.72526587501478,6.403167350861832,120.1236330428863,orange
69.0,104,202,20.310662541258868,99.98187601,7.128418226795967,146.61276474153246,apple
72.0,63,38,37.960473578075934,42.22729260744481,9.93509073,96.84395465075568,mango
0.0,62,25,43.47982093543331,57.405026470139696,8.946685871465009,88.87265782048998,blackgram
86.0,19,74,28.86136371868396,89.91412407217946,6.435678352512901,32.45600158369464,muskmelon
37.0,100,36,11.622374795102694,76.09774864247238,4.462957486617238,46.75541925270048,lentil
65.0,96,5,25.281797015683686,75.48678725116952,8.10441384722907,43.48261967374791,blackgram
55.0,61,35,9.97075858208811,22.997895781218634,5.148950372716604,138.27150178180085,kidneybeans
134.0,42,49,27.324280825111988,69.13621442844686,7.130057377526451,132.1404193055977,rice
66.0,88,82,16.18841820338607,25.543724756109377,9.93509073,101.08552680100176,chickpea
9.0,76,10,18.146697387447976,26.075142839023368,5.567805453678763,104.09318448764208,kidneybeans
40.0,78,20,19.18572809,20.83398341,5.669236258,90.17794873253304,kidneybeans
56.0,97,25,8.825674745,65.59113528903306,6.4062785724751095,77.3275790702163,maize
140.0,39,26,32.27602379314545,59.31905591985225,8.987113357018469,223.76652523825027,jute
4.0,145,205,34.064968652253604,85.91022086041365,6.05794549460402,68.63836351242794,grapes
45.0,78,7,10.09200410294687,14.25803981,3.504752314,195.68676704313265,pigeonpeas
11.0,55,64,19.4351980637296,72.06512370990862,5.483368925409023,152.618170600606,banana
76.0,44,45,25.4879684,84.48235878,6.740947635,168.7848886,jute
67.0,53,40,23.859840657662595,76.71537334247647,6.26930112198066,243.58686787585492,jute
54.0,145,205,24.881929491941936,97.23366215853284,6.17264650093022,128.89053189169678,apple
27.0,80,8,24.427095575889457,99.98187601,5.44481106025259,20.21126747,mungbean
76.0,47,42,20.08369642,83.29114712,5.739175027000001,263.6372176,rice
98.0,43,35,25.40785911,76.44048625,7.319952206,188.6372826,jute
86.0,94,205,40.39391541688594,86.16590718332087,5.047482084832374,68.82621967013955,grapes
45.0,40,22,43.67549305,59.22731767961457,5.875781774967733,103.05887482898032,mango
7.0,46,20,25.09387977545639,93.02491221446007,6.403167350861832,117.80968173056326,orange
48.0,23,55,28.56589777764085,93.11938888729414,5.945642820315229,34.16242972906437,muskmelon
0.0,50,39,8.825674745,60.54646653973855,9.93509073,70.15712619261274,lentil
132.0,77,7,21.54863264505081,59.57240568150017,9.93509073,54.797713324014495,cotton
83.0,52,10,22.39362353194743,77.6574771894544,8.261130474679668,69.62396283608703,cotton
0.0,102,53,8.825674745,96.19000156894612,6.544916899584221,285.1459513017104,papaya
0.0,74,17,23.33375853,64.50515776,7.240988401,47.01510708,lentil
110.0,41,56,26.6459952160506,97.83704476421092,5.020910925192464,24.17772688838244,muskmelon
0.0,63,8,23.675803154898738,94.8282223675256,4.729593738283462,55.44393204960106,mungbean
36.0,25,45,25.49158911727429,93.95561324735208,7.158661493772868,72.7231372048776,maize
104.0,31,11,24.00187887244403,79.00457221880065,5.438754688886891,59.56153476213776,mungbean
0.0,94,24,28.76368071664953,54.66288827682936,5.061039682548643,47.66091204633887,lentil
6.0,94,18,27.21559470404689,78.08301581357836,5.31909887448215,36.213722752289264,mungbean
85.0,95,47,25.94019018,78.3422098,6.211833161,119.84797,banana
45.0,88,27,34.92836879430179,39.13561095754186,4.15736532373309,94.260470398575,pigeonpeas
116.0,43,33,31.92211492173756,49.55384230359174,9.93509073,68.67342838292345,mothbeans
33.0,23,45,20.00218987,85.83618191,7.116538883,112.337046,pomegranate
45.0,38,39,17.60340804473901,91.10500521712407,8.231320478604218,126.9048618256823,pomegranate
58.0,63,41,24.40754650569944,53.09574151381605,6.352131243246039,67.37633909734062,coffee
72.0,60,25,18.52510753,69.0276233,5.773454729,88.10234397,maize
89.0,9,56,23.573331678818267,79.81484394641267,8.595262591938756,158.73059230782565,jute
67.0,36,5,8.825674745,55.11302820417464,6.359302649633516,106.47546056735544,maize
38.0,59,45,37.76194232270044,66.63005051744426,8.855238667508342,149.34158985309773,pigeonpeas
29.0,6,26,24.4568980077938,94.67212628940314,8.241166543677656,62.33356463871588,mungbean
20.0,5,35,36.738085011256366,99.09584069609596,6.938906558259721,226.43569803612743,coconut
93.0,5,41,23.51093176139492,91.31986611930566,6.170477259778065,71.99300136038678,watermelon
110.0,78,50,25.93730186,78.89864446,5.915568968,98.21747528,banana
45.0,63,16,35.58449811127349,48.16122423349238,6.403167350861832,56.21062849503303,blackgram
73.0,25,33,25.409372423145346,37.67779757277271,5.7916374273388165,72.54479213902837,mothbeans
0.0,5,26,25.85257250723786,99.98187601,5.8394770427903975,178.5459445367484,coconut
35.0,142,203,21.17089176,90.23730166,5.895319002000001,123.6495149,apple
17.0,5,33,19.169349071036223,74.07849569797295,6.253767908125246,116.4490341120963,pomegranate
72.0,74,25,37.241550222956526,58.63197212655393,7.50755229023108,61.75368509763089,blackgram
81.0,24,48,29.01715547415732,86.71515948961995,5.425111364845987,34.47732371078187,muskmelon
43.0,61,20,26.87187036,61.61367264,6.804253866,63.51822045,blackgram
90.0,33,57,25.88247087662176,94.60044631323288,6.051205440686311,63.04783358520088,watermelon
70.0,56,43,8.825674745,29.698611491624067,4.021433653513133,298.5601175,pigeonpeas
134.0,8,24,36.85392277236723,60.80069285379438,5.525254677670636,95.93411878548729,mango
24.0,67,48,21.30285026066157,89.80805382935891,6.449986335337,252.8192170415564,jute
73.0,83,27,8.825674745,63.465015212367966,8.19672159165026,42.282153674013344,lentil
25.0,120,11,43.67549305,64.97034049240634,8.488372615174178,38.71960413521374,pigeonpeas
64.0,5,44,33.603436506277234,44.84741359682206,6.268091095307407,99.17901275426262,mango
100.0,98,52,25.623270703890302,83.76101388733586,5.302849534863501,109.71082814274725,banana
14.0,27,24,23.62249710870314,32.52991558801387,4.494451890003407,20.21126747,mothbeans
0.0,51,45,8.996711451204005,87.69812401897656,9.93509073,298.5601175,rice
140.0,13,63,32.296899341246174,96.97051163796216,6.74250054926309,44.94165402064069,muskmelon
35.0,5,38,33.67970096790372,84.58887225619162,7.0314314863823375,90.17794873253304,rice
105.0,69,42,25.65713074386673,84.05903629971911,6.186704053930366,54.5473299839334,rice
28.0,8,6,38.62496462277734,85.31668513878748,5.814521046763541,126.72122929814384,orange
100.0,5,34,28.92712574645724,90.7995138797604,7.252134270571112,20.21126747,watermelon
0.0,126,197,38.3382516676401,78.0513784787008,7.115193311859383,80.20577088985539,grapes
51.0,5,5,8.825674745,94.35455594202185,9.116060312108267,79.90070890432763,orange
113.0,21,29,27.432144708305064,91.13362068395575,4.400254249840732,227.82073902913623,coconut
124.0,83,86,27.09641865667983,20.07086686573158,5.108337668354886,103.88623250215096,chickpea
9.0,137,200,21.12152071,90.6878768,5.636687393,102.8017203,apple
40.0,132,202,24.57558351,80.70695797,5.9718130060000005,69.706113,grapes
22.0,49,18,31.376592216363186,96.3357002038154,3.504752314,60.44652845764011,mothbeans
19.0,26,29,26.93141945,98.80313612,5.67154928,166.5712879,coconut
78.0,72,19,22.8959061971281,76.6196776041199,7.523597678411409,75.41861255254159,cotton
140.0,53,17,27.49791476679223,53.557072059619045,9.391793987272326,84.77464528046208,blackgram
124.0,37,38,26.53432487691724,97.22177093678208,8.39278954650839,107.26854672287853,banana
92.0,60,23,18.66746724,71.516474,5.721667141,69.93293255,maize
76.0,5,43,43.67549305,81.83219058917632,5.39559528150217,107.43056758819168,pomegranate
30.0,59,42,8.825674745,96.11749157610949,6.460668807368342,20.21126747,papaya
140.0,121,50,35.25160909952508,88.36764756457158,6.514231143094825,61.85741003023441,banana
62.0,56,35,25.97825807,81.65769588,6.235357637999999,163.3488091,jute
0.0,70,11,32.75824164569926,80.87466588436479,7.003205357994593,61.25187417250044,mungbean
45.0,132,195,27.484669337253184,94.4030374761061,5.991940876936298,138.05876619927903,apple
72.0,37,49,8.825674745,83.70117524850737,6.265585401110491,216.05254390576812,papaya
0.0,5,5,8.825674745,91.6140975164782,9.17484754968412,86.72220331751916,orange
0.0,118,13,39.20419435170958,47.73029185779493,8.279371783971007,44.44980013446452,lentil
79.0,69,14,23.17010052794417,74.77256962396102,8.001459447796071,65.40295869113122,blackgram
97.0,61,24,14.543186157063484,74.06450212629603,6.732246230289646,111.7377686242985,coffee
0.0,36,26,34.13072188,51.25786185,5.101206389,96.38808001,mango
59.0,107,8,16.467931571327306,76.65540021531751,6.2658165128223295,58.51820238029874,lentil
0.0,67,189,43.67549305,78.65431225756285,4.430225326176744,97.6364811687967,grapes
45.0,141,205,43.67549305,80.57200212045069,6.8871298133050365,67.63217732679159,grapes
55.0,131,203,17.06817145799772,87.60151058482447,6.926980311164139,113.28245824802976,apple
112.0,45,12,21.089656655382708,56.255928921657,5.970221300569481,124.5110385008193,maize
37.0,71,55,22.08619406768566,79.30928714425637,9.93509073,192.2217987110486,rice
42.0,58,25,27.45853567,62.90020977,6.513620917999999,69.46020927,blackgram
18.0,23,8,21.49118657,93.43949693,6.41354791,101.4819888,orange
53.0,5,34,30.43084883568412,86.25877096392722,6.016959840300169,25.14625003702756,muskmelon
87.0,17,47,35.209778354814404,90.30338688005968,7.556441287005289,59.66388338233989,jute
45.0,20,19,20.232224701289923,47.62895807985284,8.241692763216216,127.20203664111936,coffee
29.0,78,25,19.95991719,59.33157782,5.982854522999999,195.787103,pigeonpeas
0.0,74,10,10.3346155391675,62.69123085969496,5.222882939066407,61.51199265502334,lentil
82.0,48,46,23.250224014722296,70.93548903478597,6.293321518128266,107.38971341844308,jute
33.0,137,192,16.511523357415616,73.55578544146557,5.635776216983088,90.26714216474764,grapes
18.0,145,205,8.825674745,74.9245972985395,7.321010172673289,73.588419879692,grapes
32.0,78,22,23.97081395,62.35557553,7.007037515,53.40906048,lentil
0.0,27,26,22.196963614635607,68.55858459549125,6.771140438564674,90.17794873253304,mango
51.0,26,13,32.12654769441026,79.88276919639911,5.668325841071181,45.48727059982576,mungbean
