Taluka,Latitude,Longitude,Year,Month,Temperature_C,Humidity_pct,Rain_mm_per_day
Ajra,16.1546,74.1739,1997,1,21.26,56.13,0.07
Ajra,16.1546,74.1739,1997,2,23.01,37.76,0.0
Ajra,16.1546,74.1739,1997,3,27.27,43.13,0.19
Ajra,16.1546,74.1739,1997,4,27.32,51.27,0.61
Ajra,16.1546,74.1739,1997,5,28.08,55.56,0.21
Ajra,16.1546,74.1739,1997,6,24.64,81.99,14.76
Ajra,16.1546,74.1739,1997,7,23.25,91.46,17.21
Ajra,16.1546,74.1739,1997,8,22.73,92.35,16.16
Ajra,16.1546,74.1739,1997,9,22.62,88.44,1.33
Ajra,16.1546,74.1739,1997,10,24.03,80.08,1.7
Ajra,16.1546,74.1739,1997,11,23.55,79.21,1.41
Ajra,16.1546,74.1739,1997,12,22.31,72.95,1.26
Ajra,16.1546,74.1739,1997,13,24.18,69.39,4.61
Ajra,16.1546,74.1739,1998,1,22.63,56.8,0.0
Ajra,16.1546,74.1739,1998,2,23.86,48.35,0.01
Ajra,16.1546,74.1739,1998,3,26.69,48.74,0.0
Ajra,16.1546,74.1739,1998,4,30.29,46.03,0.12
Ajra,16.1546,74.1739,1998,5,28.68,64.21,2.48
Ajra,16.1546,74.1739,1998,6,25.17,81.73,15.62
Ajra,16.1546,74.1739,1998,7,23.41,91.19,10.5
Ajra,16.1546,74.1739,1998,8,23.47,91.54,10.29
Ajra,16.1546,74.1739,1998,9,23.21,91.11,7.39
Ajra,16.1546,74.1739,1998,10,22.57,88.64,2.98
Ajra,16.1546,74.1739,1998,11,20.89,79.97,1.38
Ajra,16.1546,74.1739,1998,12,19.66,61.49,0.05
Ajra,16.1546,74.1739,1998,13,24.21,70.96,4.25
Ajra,16.1546,74.1739,1999,1,21.05,47.38,0.0
Ajra,16.1546,74.1739,1999,2,25.7,38.1,0.05
Ajra,16.1546,74.1739,1999,3,28.12,40.23,0.0
Ajra,16.1546,74.1739,1999,4,28.42,54.79,0.01
Ajra,16.1546,74.1739,1999,5,25.88,72.05,4.22
Ajra,16.1546,74.1739,1999,6,23.63,87.04,13.91
Ajra,16.1546,74.1739,1999,7,22.99,91.52,17.06
Ajra,16.1546,74.1739,1999,8,22.68,90.01,3.62
Ajra,16.1546,74.1739,1999,9,22.74,88.36,3.08
Ajra,16.1546,74.1739,1999,10,23.12,83.02,4.13
Ajra,16.1546,74.1739,1999,11,22.03,65.89,0.05
Ajra,16.1546,74.1739,1999,12,21.58,49.84,0.0
Ajra,16.1546,74.1739,1999,13,23.98,67.52,3.87
Ajra,16.1546,74.1739,2000,1,23.37,38.34,0.02
Ajra,16.1546,74.1739,2000,2,23.41,52.99,0.09
Ajra,16.1546,74.1739,2000,3,26.57,42.04,0.0
Ajra,16.1546,74.1739,2000,4,28.59,55.29,0.61
Ajra,16.1546,74.1739,2000,5,26.39,70.38,3.84
Ajra,16.1546,74.1739,2000,6,23.72,87.8,9.81
Ajra,16.1546,74.1739,2000,7,22.65,90.53,12.67
Ajra,16.1546,74.1739,2000,8,22.7,90.0,7.95
Ajra,16.1546,74.1739,2000,9,23.41,87.47,4.87
Ajra,16.1546,74.1739,2000,10,23.31,80.61,2.67
Ajra,16.1546,74.1739,2000,11,22.06,66.76,0.26
Ajra,16.1546,74.1739,2000,12,21.22,45.08,0.19
Ajra,16.1546,74.1739,2000,13,23.95,67.28,3.6
Ajra,16.1546,74.1739,2001,1,23.32,43.82,0.06
Ajra,16.1546,74.1739,2001,2,24.99,36.16,0.0
Ajra,16.1546,74.1739,2001,3,25.79,48.62,0.0
Ajra,16.1546,74.1739,2001,4,28.69,51.96,0.61
Ajra,16.1546,74.1739,2001,5,27.27,64.28,2.0
Ajra,16.1546,74.1739,2001,6,24.04,83.31,7.04
Ajra,16.1546,74.1739,2001,7,23.12,88.35,10.13
Ajra,16.1546,74.1739,2001,8,22.66,90.61,7.17
Ajra,16.1546,74.1739,2001,9,23.19,86.76,2.7
Ajra,16.1546,74.1739,2001,10,22.7,81.77,2.49
Ajra,16.1546,74.1739,2001,11,22.9,68.51,0.55
Ajra,16.1546,74.1739,2001,12,21.98,51.52,0.03
Ajra,16.1546,74.1739,2001,13,24.21,66.48,2.75
Ajra,16.1546,74.1739,2002,1,22.11,50.36,0.01
Ajra,16.1546,74.1739,2002,2,25.35,42.05,0.01
Ajra,16.1546,74.1739,2002,3,27.8,44.38,0.01
Ajra,16.1546,74.1739,2002,4,29.74,49.32,0.31
Ajra,16.1546,74.1739,2002,5,27.65,67.41,1.31
Ajra,16.1546,74.1739,2002,6,24.54,85.93,13.34
Ajra,16.1546,74.1739,2002,7,23.54,87.51,4.6
Ajra,16.1546,74.1739,2002,8,22.88,89.61,9.23
Ajra,16.1546,74.1739,2002,9,23.13,85.01,1.51
Ajra,16.1546,74.1739,2002,10,24.0,79.39,4.09
Ajra,16.1546,74.1739,2002,11,23.26,62.73,0.1
Ajra,16.1546,74.1739,2002,12,22.44,48.73,0.0
Ajra,16.1546,74.1739,2002,13,24.69,66.18,2.89
Ajra,16.1546,74.1739,2003,1,23.61,47.0,0.0
Ajra,16.1546,74.1739,2003,2,25.76,44.94,0.07
Ajra,16.1546,74.1739,2003,3,27.61,45.33,0.41
Ajra,16.1546,74.1739,2003,4,29.2,49.41,1.04
Ajra,16.1546,74.1739,2003,5,28.82,57.99,0.41
Ajra,16.1546,74.1739,2003,6,25.43,80.01,10.15
Ajra,16.1546,74.1739,2003,7,23.6,90.68,9.18
Ajra,16.1546,74.1739,2003,8,23.36,89.49,5.15
Ajra,16.1546,74.1739,2003,9,23.24,86.59,2.28
Ajra,16.1546,74.1739,2003,10,23.57,80.05,2.99
Ajra,16.1546,74.1739,2003,11,23.21,63.62,0.08
Ajra,16.1546,74.1739,2003,12,22.21,46.73,0.05
Ajra,16.1546,74.1739,2003,13,24.96,65.27,2.66
Ajra,16.1546,74.1739,2004,1,22.46,49.78,0.0
Ajra,16.1546,74.1739,2004,2,24.97,38.88,0.01
Ajra,16.1546,74.1739,2004,3,28.49,44.57,0.02
Ajra,16.1546,74.1739,2004,4,28.86,51.26,0.53
Ajra,16.1546,74.1739,2004,5,26.19,73.64,4.96
Ajra,16.1546,74.1739,2004,6,23.76,88.45,11.07
Ajra,16.1546,74.1739,2004,7,23.24,89.39,7.65
Ajra,16.1546,74.1739,2004,8,22.73,90.63,9.84
Ajra,16.1546,74.1739,2004,9,23.0,88.15,3.61
Ajra,16.1546,74.1739,2004,10,22.98,79.36,1.43
Ajra,16.1546,74.1739,2004,11,22.68,62.59,0.64
Ajra,16.1546,74.1739,2004,12,21.65,45.18,0.0
Ajra,16.1546,74.1739,2004,13,24.24,66.91,3.32
Ajra,16.1546,74.1739,2005,1,23.06,46.51,0.03
Ajra,16.1546,74.1739,2005,2,24.9,43.37,0.0
Ajra,16.1546,74.1739,2005,3,26.95,45.19,0.02
Ajra,16.1546,74.1739,2005,4,28.22,53.87,1.52
Ajra,16.1546,74.1739,2005,5,28.01,61.08,1.45
Ajra,16.1546,74.1739,2005,6,24.79,85.11,14.3
Ajra,16.1546,74.1739,2005,7,23.41,92.55,18.87
Ajra,16.1546,74.1739,2005,8,22.9,92.27,10.1
Ajra,16.1546,74.1739,2005,9,23.04,91.79,10.86
Ajra,16.1546,74.1739,2005,10,22.77,85.32,3.72
Ajra,16.1546,74.1739,2005,11,19.45,75.43,0.07
Ajra,16.1546,74.1739,2005,12,20.33,62.01,0.0
Ajra,16.1546,74.1739,2005,13,23.98,69.68,5.1
Ajra,16.1546,74.1739,2006,1,22.14,44.72,0.0
Ajra,16.1546,74.1739,2006,2,24.89,36.77,0.0
Ajra,16.1546,74.1739,2006,3,26.06,52.03,0.7
Ajra,16.1546,74.1739,2006,4,28.46,50.58,0.13
Ajra,16.1546,74.1739,2006,5,27.69,64.73,8.4
Ajra,16.1546,74.1739,2006,6,23.87,89.53,12.89
Ajra,16.1546,74.1739,2006,7,22.98,91.4,11.95
Ajra,16.1546,74.1739,2006,8,22.46,92.02,11.45
Ajra,16.1546,74.1739,2006,9,23.28,90.2,7.5
Ajra,16.1546,74.1739,2006,10,23.12,84.02,4.55
Ajra,16.1546,74.1739,2006,11,22.05,82.45,1.25
Ajra,16.1546,74.1739,2006,12,20.53,63.64,0.0
Ajra,16.1546,74.1739,2006,13,23.95,70.36,4.94
Ajra,16.1546,74.1739,2007,1,22.47,47.13,0.0
Ajra,16.1546,74.1739,2007,2,23.95,49.86,0.0
Ajra,16.1546,74.1739,2007,3,27.66,46.13,0.01
Ajra,16.1546,74.1739,2007,4,29.18,51.9,0.84
Ajra,16.1546,74.1739,2007,5,27.47,66.22,2.25
Ajra,16.1546,74.1739,2007,6,24.62,86.42,20.77
Ajra,16.1546,74.1739,2007,7,23.47,91.78,13.52
Ajra,16.1546,74.1739,2007,8,22.96,92.36,14.44
Ajra,16.1546,74.1739,2007,9,23.07,91.48,10.06
Ajra,16.1546,74.1739,2007,10,22.59,83.57,1.44
Ajra,16.1546,74.1739,2007,11,20.31,74.53,1.31
Ajra,16.1546,74.1739,2007,12,21.37,64.37,0.02
Ajra,16.1546,74.1739,2007,13,24.09,70.59,5.4
Ajra,16.1546,74.1739,2008,1,21.61,48.04,0.0
Ajra,16.1546,74.1739,2008,2,23.45,49.14,0.41
Ajra,16.1546,74.1739,2008,3,25.95,52.5,2.41
Ajra,16.1546,74.1739,2008,4,27.31,58.26,0.99
Ajra,16.1546,74.1739,2008,5,27.0,65.38,1.83
Ajra,16.1546,74.1739,2008,6,24.1,86.41,9.76
Ajra,16.1546,74.1739,2008,7,23.58,87.95,7.5
Ajra,16.1546,74.1739,2008,8,22.95,90.97,13.13
Ajra,16.1546,74.1739,2008,9,22.8,89.82,7.8
Ajra,16.1546,74.1739,2008,10,22.93,79.48,1.34
Ajra,16.1546,74.1739,2008,11,22.45,67.13,0.69
Ajra,16.1546,74.1739,2008,12,21.87,57.71,0.21
Ajra,16.1546,74.1739,2008,13,23.83,69.44,3.85
Ajra,16.1546,74.1739,2009,1,23.1,45.02,0.0
Ajra,16.1546,74.1739,2009,2,25.69,41.3,0.0
Ajra,16.1546,74.1739,2009,3,28.04,42.9,0.19
Ajra,16.1546,74.1739,2009,4,29.18,50.87,0.39
Ajra,16.1546,74.1739,2009,5,27.85,62.74,1.24
Ajra,16.1546,74.1739,2009,6,24.55,83.07,7.88
Ajra,16.1546,74.1739,2009,7,23.17,91.63,20.49
Ajra,16.1546,74.1739,2009,8,23.25,90.17,5.67
Ajra,16.1546,74.1739,2009,9,23.52,89.67,8.49
Ajra,16.1546,74.1739,2009,10,22.56,82.41,5.35
Ajra,16.1546,74.1739,2009,11,21.8,81.87,2.86
Ajra,16.1546,74.1739,2009,12,21.31,71.69,0.29
Ajra,16.1546,74.1739,2009,13,24.49,69.6,4.43
Ajra,16.1546,74.1739,2010,1,22.18,63.61,0.45
Ajra,16.1546,74.1739,2010,2,24.96,49.45,0.0
Ajra,16.1546,74.1739,2010,3,28.37,43.02,0.0
Ajra,16.1546,74.1739,2010,4,28.97,52.5,0.56
Ajra,16.1546,74.1739,2010,5,28.69,62.69,0.86
Ajra,16.1546,74.1739,2010,6,25.01,83.25,12.93
Ajra,16.1546,74.1739,2010,7,23.24,91.25,18.07
Ajra,16.1546,74.1739,2010,8,23.12,91.97,10.38
Ajra,16.1546,74.1739,2010,9,23.24,90.38,8.22
Ajra,16.1546,74.1739,2010,10,23.03,87.59,4.09
Ajra,16.1546,74.1739,2010,11,22.37,87.0,3.2
Ajra,16.1546,74.1739,2010,12,19.7,74.18,0.04
Ajra,16.1546,74.1739,2010,13,24.4,73.21,4.93
Ajra,16.1546,74.1739,2011,1,21.07,53.13,0.0
Ajra,16.1546,74.1739,2011,2,23.2,50.79,0.03
Ajra,16.1546,74.1739,2011,3,27.66,41.93,0.0
Ajra,16.1546,74.1739,2011,4,27.59,54.98,0.99
Ajra,16.1546,74.1739,2011,5,27.59,62.73,1.48
Ajra,16.1546,74.1739,2011,6,24.39,84.69,8.18
Ajra,16.1546,74.1739,2011,7,23.18,89.72,14.2
Ajra,16.1546,74.1739,2011,8,22.9,91.55,12.99
Ajra,16.1546,74.1739,2011,9,22.75,90.33,6.65
Ajra,16.1546,74.1739,2011,10,23.31,84.38,3.26
Ajra,16.1546,74.1739,2011,11,22.15,67.64,0.28
Ajra,16.1546,74.1739,2011,12,22.23,51.28,0.0
Ajra,16.1546,74.1739,2011,13,24.01,68.68,4.04
Ajra,16.1546,74.1739,2012,1,22.17,48.81,0.0
Ajra,16.1546,74.1739,2012,2,25.05,35.77,0.0
Ajra,16.1546,74.1739,2012,3,26.73,39.9,0.0
Ajra,16.1546,74.1739,2012,4,28.18,55.3,1.39
Ajra,16.1546,74.1739,2012,5,28.06,59.22,0.44
Ajra,16.1546,74.1739,2012,6,24.63,80.62,10.96
Ajra,16.1546,74.1739,2012,7,23.35,89.66,9.96
Ajra,16.1546,74.1739,2012,8,23.09,90.67,8.94
Ajra,16.1546,74.1739,2012,9,23.0,89.01,4.54
Ajra,16.1546,74.1739,2012,10,23.25,76.94,2.18
Ajra,16.1546,74.1739,2012,11,22.55,70.9,0.85
Ajra,16.1546,74.1739,2012,12,22.71,56.15,0.0
Ajra,16.1546,74.1739,2012,13,24.39,66.16,3.28
Ajra,16.1546,74.1739,2013,1,23.32,45.76,0.01
Ajra,16.1546,74.1739,2013,2,25.36,45.02,0.18
Ajra,16.1546,74.1739,2013,3,27.52,42.94,0.05
Ajra,16.1546,74.1739,2013,4,27.94,53.15,0.5
Ajra,16.1546,74.1739,2013,5,27.52,65.4,1.93
Ajra,16.1546,74.1739,2013,6,24.13,87.08,11.18
Ajra,16.1546,74.1739,2013,7,22.92,92.33,17.91
Ajra,16.1546,74.1739,2013,8,22.73,90.74,5.61
Ajra,16.1546,74.1739,2013,9,22.92,90.35,7.71
Ajra,16.1546,74.1739,2013,10,22.83,86.63,2.72
Ajra,16.1546,74.1739,2013,11,21.76,73.37,0.04
Ajra,16.1546,74.1739,2013,12,20.85,55.27,0.0
Ajra,16.1546,74.1739,2013,13,24.14,69.12,4.01
Ajra,16.1546,74.1739,2014,1,22.72,52.99,0.0
Ajra,16.1546,74.1739,2014,2,23.79,49.97,0.04
Ajra,16.1546,74.1739,2014,3,26.78,45.05,0.32
Ajra,16.1546,74.1739,2014,4,29.04,47.71,0.46
Ajra,16.1546,74.1739,2014,5,27.71,63.82,3.29
Ajra,16.1546,74.1739,2014,6,25.31,81.91,5.86
Ajra,16.1546,74.1739,2014,7,23.64,89.1,16.99
Ajra,16.1546,74.1739,2014,8,23.2,91.11,12.97
Ajra,16.1546,74.1739,2014,9,23.22,89.27,3.89
Ajra,16.1546,74.1739,2014,10,23.2,81.96,4.73
Ajra,16.1546,74.1739,2014,11,21.47,72.15,1.0
Ajra,16.1546,74.1739,2014,12,21.02,64.86,0.53
Ajra,16.1546,74.1739,2014,13,24.26,69.28,4.22
Ajra,16.1546,74.1739,2015,1,21.19,52.66,0.01
Ajra,16.1546,74.1739,2015,2,24.07,42.01,0.36
Ajra,16.1546,74.1739,2015,3,26.21,53.34,0.68
Ajra,16.1546,74.1739,2015,4,27.96,53.85,0.99
Ajra,16.1546,74.1739,2015,5,27.85,65.82,2.17
Ajra,16.1546,74.1739,2015,6,24.42,84.37,11.54
Ajra,16.1546,74.1739,2015,7,23.76,88.02,6.87
Ajra,16.1546,74.1739,2015,8,23.51,88.95,6.11
Ajra,16.1546,74.1739,2015,9,23.48,86.53,3.68
Ajra,16.1546,74.1739,2015,10,24.43,77.71,2.16
Ajra,16.1546,74.1739,2015,11,24.02,67.75,0.39
Ajra,16.1546,74.1739,2015,12,23.73,52.78,0.04
Ajra,16.1546,74.1739,2015,13,24.55,67.97,2.92
Ajra,16.1546,74.1739,2016,1,22.98,44.76,0.0
Ajra,16.1546,74.1739,2016,2,25.61,47.93,0.0
Ajra,16.1546,74.1739,2016,3,28.15,44.99,0.27
Ajra,16.1546,74.1739,2016,4,29.36,50.47,0.39
Ajra,16.1546,74.1739,2016,5,28.64,61.36,0.87
Ajra,16.1546,74.1739,2016,6,24.54,84.27,14.05
Ajra,16.1546,74.1739,2016,7,23.03,93.08,22.03
Ajra,16.1546,74.1739,2016,8,22.84,91.84,13.25
Ajra,16.1546,74.1739,2016,9,22.32,90.71,5.03
Ajra,16.1546,74.1739,2016,10,21.84,80.94,1.7
Ajra,16.1546,74.1739,2016,11,20.89,61.5,0.54
Ajra,16.1546,74.1739,2016,12,22.05,47.04,0.01
Ajra,16.1546,74.1739,2016,13,24.35,66.62,4.87
Ajra,16.1546,74.1739,2017,1,22.76,42.06,0.0
Ajra,16.1546,74.1739,2017,2,25.12,37.27,0.0
Ajra,16.1546,74.1739,2017,3,26.62,46.91,0.02
Ajra,16.1546,74.1739,2017,4,29.02,49.68,0.23
Ajra,16.1546,74.1739,2017,5,28.32,62.68,2.24
Ajra,16.1546,74.1739,2017,6,24.64,84.23,8.43
Ajra,16.1546,74.1739,2017,7,23.6,89.45,11.6
Ajra,16.1546,74.1739,2017,8,23.32,89.64,7.52
Ajra,16.1546,74.1739,2017,9,23.64,89.47,10.39
Ajra,16.1546,74.1739,2017,10,23.12,86.2,3.97
Ajra,16.1546,74.1739,2017,11,20.88,74.78,0.05
Ajra,16.1546,74.1739,2017,12,20.95,61.96,0.2
Ajra,16.1546,74.1739,2017,13,24.32,68.04,3.74
Ajra,16.1546,74.1739,2018,1,22.14,45.4,0.01
Ajra,16.1546,74.1739,2018,2,24.81,32.23,0.02
Ajra,16.1546,74.1739,2018,3,27.3,43.81,0.26
Ajra,16.1546,74.1739,2018,4,29.3,46.87,0.46
Ajra,16.1546,74.1739,2018,5,27.48,67.57,3.1
Ajra,16.1546,74.1739,2018,6,24.23,88.79,15.59
Ajra,16.1546,74.1739,2018,7,23.05,92.0,14.61
Ajra,16.1546,74.1739,2018,8,22.65,90.98,7.74
Ajra,16.1546,74.1739,2018,9,22.85,86.92,4.47
Ajra,16.1546,74.1739,2018,10,23.44,74.66,1.66
Ajra,16.1546,74.1739,2018,11,22.98,62.6,0.54
Ajra,16.1546,74.1739,2018,12,22.12,54.0,0.11
Ajra,16.1546,74.1739,2018,13,24.35,65.7,4.07
Ajra,16.1546,74.1739,2019,1,22.03,38.27,0.0
Ajra,16.1546,74.1739,2019,2,24.92,39.54,0.0
Ajra,16.1546,74.1739,2019,3,27.02,43.47,0.41
Ajra,16.1546,74.1739,2019,4,29.31,49.26,0.64
Ajra,16.1546,74.1739,2019,5,29.02,54.93,0.12
Ajra,16.1546,74.1739,2019,6,26.06,77.58,12.43
Ajra,16.1546,74.1739,2019,7,23.68,92.48,21.24
Ajra,16.1546,74.1739,2019,8,23.23,92.57,27.77
Ajra,16.1546,74.1739,2019,9,23.09,91.87,11.24
Ajra,16.1546,74.1739,2019,10,23.01,90.02,10.82
Ajra,16.1546,74.1739,2019,11,21.8,84.74,0.49
Ajra,16.1546,74.1739,2019,12,21.76,79.67,0.07
Ajra,16.1546,74.1739,2019,13,24.57,69.71,7.17
Ajra,16.1546,74.1739,2020,1,21.84,66.95,0.01
Ajra,16.1546,74.1739,2020,2,24.55,47.71,0.05
Ajra,16.1546,74.1739,2020,3,26.78,50.67,0.46
Ajra,16.1546,74.1739,2020,4,29.06,52.73,1.24
Ajra,16.1546,74.1739,2020,5,29.32,60.04,1.43
Ajra,16.1546,74.1739,2020,6,24.3,87.06,14.58
Ajra,16.1546,74.1739,2020,7,23.36,91.56,17.3
Ajra,16.1546,74.1739,2020,8,23.24,93.36,20.69
Ajra,16.1546,74.1739,2020,9,23.18,91.59,12.58
Ajra,16.1546,74.1739,2020,10,22.99,89.6,8.15
Ajra,16.1546,74.1739,2020,11,21.75,84.11,0.01
Ajra,16.1546,74.1739,2020,12,20.94,73.57,0.08
Ajra,16.1546,74.1739,2020,13,24.27,74.17,6.41
Ajra,16.1546,74.1739,2021,1,23.19,67.05,0.31
Ajra,16.1546,74.1739,2021,2,24.06,49.67,0.33
Ajra,16.1546,74.1739,2021,3,28.19,41.48,0.08
Ajra,16.1546,74.1739,2021,4,28.69,53.1,1.3
Ajra,16.1546,74.1739,2021,5,26.5,76.04,8.13
Ajra,16.1546,74.1739,2021,6,23.94,88.62,16.71
Ajra,16.1546,74.1739,2021,7,23.26,92.69,22.96
Ajra,16.1546,74.1739,2021,8,23.0,89.87,4.64
Ajra,16.1546,74.1739,2021,9,23.03,91.07,7.56
Ajra,16.1546,74.1739,2021,10,23.51,86.48,4.25
Ajra,16.1546,74.1739,2021,11,22.79,84.29,2.97
Ajra,16.1546,74.1739,2021,12,20.76,78.96,2.05
Ajra,16.1546,74.1739,2021,13,24.24,75.1,5.97
Ajra,16.1546,74.1739,2022,1,20.35,67.74,0.01
Ajra,16.1546,74.1739,2022,2,23.58,51.8,0.0
Ajra,16.1546,74.1739,2022,3,27.77,47.38,0.4
Ajra,16.1546,74.1739,2022,4,28.39,57.45,1.73
Ajra,16.1546,74.1739,2022,5,27.19,69.35,2.24
Ajra,16.1546,74.1739,2022,6,24.56,83.03,10.23
Ajra,16.1546,74.1739,2022,7,23.26,91.5,16.92
Ajra,16.1546,74.1739,2022,8,22.91,91.55,11.85
Ajra,16.1546,74.1739,2022,9,22.89,91.08,8.51
Ajra,16.1546,74.1739,2022,10,22.4,85.91,5.17
Ajra,16.1546,74.1739,2022,11,21.12,80.58,0.07
Ajra,16.1546,74.1739,2022,12,22.38,69.25,0.13
Ajra,16.1546,74.1739,2022,13,23.9,74.02,4.81
Ajra,16.1546,74.1739,2023,1,22.23,51.61,0.0
Ajra,16.1546,74.1739,2023,2,25.68,27.31,0.0
Ajra,16.1546,74.1739,2023,3,26.39,40.72,0.0
Ajra,16.1546,74.1739,2023,4,28.4,48.68,0.45
Ajra,16.1546,74.1739,2023,5,28.42,59.16,1.19
Ajra,16.1546,74.1739,2023,6,26.27,75.17,5.94
Ajra,16.1546,74.1739,2023,7,23.49,91.21,23.71
Ajra,16.1546,74.1739,2023,8,23.32,89.35,3.68
Ajra,16.1546,74.1739,2023,9,23.38,90.08,8.18
Ajra,16.1546,74.1739,2023,10,23.8,79.58,1.39
Ajra,16.1546,74.1739,2023,11,23.55,76.82,1.13
Ajra,16.1546,74.1739,2023,12,23.11,58.28,0.03
Ajra,16.1546,74.1739,2023,13,24.82,65.9,3.84
Bavda,16.5834,73.92,1997,1,23.22,55.63,0.08
Bavda,16.5834,73.92,1997,2,24.65,43.8,0.0
Bavda,16.5834,73.92,1997,3,28.65,50.66,0.08
Bavda,16.5834,73.92,1997,4,28.75,54.67,0.28
Bavda,16.5834,73.92,1997,5,29.69,57.93,0.08
Bavda,16.5834,73.92,1997,6,26.46,83.22,22.04
Bavda,16.5834,73.92,1997,7,25.13,91.55,26.22
Bavda,16.5834,73.92,1997,8,24.49,92.84,23.03
Bavda,16.5834,73.92,1997,9,24.48,88.64,3.13
Bavda,16.5834,73.92,1997,10,25.5,82.38,1.23
Bavda,16.5834,73.92,1997,11,25.87,76.01,0.95
Bavda,16.5834,73.92,1997,12,23.76,73.32,2.24
Bavda,16.5834,73.92,1997,13,25.89,71.06,6.67
Bavda,16.5834,73.92,1998,1,24.13,57.66,0.0
Bavda,16.5834,73.92,1998,2,25.46,49.91,0.02
Bavda,16.5834,73.92,1998,3,27.58,53.6,0.0
Bavda,16.5834,73.92,1998,4,31.21,52.27,0.01
Bavda,16.5834,73.92,1998,5,30.95,61.69,1.1
Bavda,16.5834,73.92,1998,6,27.34,80.3,25.0
Bavda,16.5834,73.92,1998,7,25.21,91.96,19.34
Bavda,16.5834,73.92,1998,8,25.25,92.5,17.87
Bavda,16.5834,73.92,1998,9,25.02,91.46,12.67
Bavda,16.5834,73.92,1998,10,24.52,88.19,3.68
Bavda,16.5834,73.92,1998,11,22.89,79.35,1.55
Bavda,16.5834,73.92,1998,12,21.37,62.88,0.03
Bavda,16.5834,73.92,1998,13,25.91,71.95,6.79
Bavda,16.5834,73.92,1999,1,22.73,51.54,0.0
Bavda,16.5834,73.92,1999,2,27.59,43.37,0.03
Bavda,16.5834,73.92,1999,3,29.36,47.23,0.0
Bavda,16.5834,73.92,1999,4,29.33,60.43,0.0
Bavda,16.5834,73.92,1999,5,27.59,74.1,6.51
Bavda,16.5834,73.92,1999,6,25.47,88.21,22.41
Bavda,16.5834,73.92,1999,7,24.84,92.13,24.24
Bavda,16.5834,73.92,1999,8,24.41,90.57,4.86
Bavda,16.5834,73.92,1999,9,24.37,90.28,5.88
Bavda,16.5834,73.92,1999,10,24.9,83.0,3.33
Bavda,16.5834,73.92,1999,11,23.7,65.33,0.02
Bavda,16.5834,73.92,1999,12,23.9,48.99,0.0
Bavda,16.5834,73.92,1999,13,25.67,69.74,5.64
Bavda,16.5834,73.92,2000,1,25.74,39.01,0.01
Bavda,16.5834,73.92,2000,2,24.73,54.17,0.04
Bavda,16.5834,73.92,2000,3,27.49,49.35,0.0
Bavda,16.5834,73.92,2000,4,29.82,59.36,0.29
Bavda,16.5834,73.92,2000,5,28.19,71.13,4.43
Bavda,16.5834,73.92,2000,6,25.54,88.81,15.28
Bavda,16.5834,73.92,2000,7,24.48,91.0,20.18
Bavda,16.5834,73.92,2000,8,24.47,91.27,14.99
Bavda,16.5834,73.92,2000,9,25.04,88.87,4.0
Bavda,16.5834,73.92,2000,10,24.99,83.46,3.4
Bavda,16.5834,73.92,2000,11,23.83,68.93,0.26
Bavda,16.5834,73.92,2000,12,23.38,46.33,0.48
Bavda,16.5834,73.92,2000,13,25.64,69.31,5.31
Bavda,16.5834,73.92,2001,1,24.99,49.07,0.1
Bavda,16.5834,73.92,2001,2,26.35,42.69,0.0
Bavda,16.5834,73.92,2001,3,26.78,54.58,0.0
Bavda,16.5834,73.92,2001,4,29.99,55.04,0.53
Bavda,16.5834,73.92,2001,5,28.84,67.27,3.48
Bavda,16.5834,73.92,2001,6,25.84,85.2,12.06
Bavda,16.5834,73.92,2001,7,24.8,90.65,14.16
Bavda,16.5834,73.92,2001,8,24.33,92.13,13.42
Bavda,16.5834,73.92,2001,9,24.64,90.09,5.63
Bavda,16.5834,73.92,2001,10,24.43,83.43,2.38
Bavda,16.5834,73.92,2001,11,24.38,69.69,0.23
Bavda,16.5834,73.92,2001,12,24.36,50.42,0.01
Bavda,16.5834,73.92,2001,13,25.8,69.34,4.37
Bavda,16.5834,73.92,2002,1,23.93,49.18,0.0
Bavda,16.5834,73.92,2002,2,27.22,46.92,0.0
Bavda,16.5834,73.92,2002,3,29.06,50.33,0.01
Bavda,16.5834,73.92,2002,4,30.9,52.59,0.09
Bavda,16.5834,73.92,2002,5,29.42,67.88,1.75
Bavda,16.5834,73.92,2002,6,26.48,85.69,23.07
Bavda,16.5834,73.92,2002,7,25.25,89.09,7.63
Bavda,16.5834,73.92,2002,8,24.48,91.38,15.1
Bavda,16.5834,73.92,2002,9,24.51,88.22,3.04
Bavda,16.5834,73.92,2002,10,25.57,80.96,4.39
Bavda,16.5834,73.92,2002,11,24.54,66.51,0.38
Bavda,16.5834,73.92,2002,12,24.14,52.6,0.02
Bavda,16.5834,73.92,2002,13,26.28,68.57,4.64
Bavda,16.5834,73.92,2003,1,25.77,48.95,0.0
Bavda,16.5834,73.92,2003,2,27.07,48.59,0.02
Bavda,16.5834,73.92,2003,3,28.79,49.01,0.12
Bavda,16.5834,73.92,2003,4,30.79,51.42,0.48
Bavda,16.5834,73.92,2003,5,30.34,60.08,0.13
Bavda,16.5834,73.92,2003,6,27.41,80.43,16.91
Bavda,16.5834,73.92,2003,7,25.32,92.33,17.07
Bavda,16.5834,73.92,2003,8,25.01,90.59,8.07
Bavda,16.5834,73.92,2003,9,24.73,89.52,3.77
Bavda,16.5834,73.92,2003,10,25.21,81.66,1.98
Bavda,16.5834,73.92,2003,11,25.25,64.64,0.16
Bavda,16.5834,73.92,2003,12,24.58,46.71,0.01
Bavda,16.5834,73.92,2003,13,26.68,67.1,4.08
Bavda,16.5834,73.92,2004,1,24.68,49.63,0.0
Bavda,16.5834,73.92,2004,2,26.94,44.44,0.0
Bavda,16.5834,73.92,2004,3,30.06,52.67,0.0
Bavda,16.5834,73.92,2004,4,29.95,56.23,0.25
Bavda,16.5834,73.92,2004,5,28.56,71.19,4.93
Bavda,16.5834,73.92,2004,6,25.6,88.86,20.8
Bavda,16.5834,73.92,2004,7,25.07,90.16,13.87
Bavda,16.5834,73.92,2004,8,24.4,91.81,15.0
Bavda,16.5834,73.92,2004,9,24.73,89.55,5.1
Bavda,16.5834,73.92,2004,10,24.53,80.84,1.19
Bavda,16.5834,73.92,2004,11,24.6,64.09,0.53
Bavda,16.5834,73.92,2004,12,24.02,45.13,0.0
Bavda,16.5834,73.92,2004,13,26.09,68.78,5.15
Bavda,16.5834,73.92,2005,1,24.75,47.63,0.04
Bavda,16.5834,73.92,2005,2,26.03,47.93,0.01
Bavda,16.5834,73.92,2005,3,27.92,52.12,0.01
Bavda,16.5834,73.92,2005,4,30.05,54.0,0.56
Bavda,16.5834,73.92,2005,5,29.61,63.06,1.24
Bavda,16.5834,73.92,2005,6,27.16,82.34,17.47
Bavda,16.5834,73.92,2005,7,25.31,92.21,25.41
Bavda,16.5834,73.92,2005,8,24.71,92.28,16.55
Bavda,16.5834,73.92,2005,9,24.76,92.29,14.01
Bavda,16.5834,73.92,2005,10,24.72,83.13,3.81
Bavda,16.5834,73.92,2005,11,22.03,71.16,0.02
Bavda,16.5834,73.92,2005,12,22.41,59.63,0.0
Bavda,16.5834,73.92,2005,13,25.78,69.94,6.63
Bavda,16.5834,73.92,2006,1,24.45,44.43,0.0
Bavda,16.5834,73.92,2006,2,27.35,43.41,0.0
Bavda,16.5834,73.92,2006,3,27.62,54.29,0.42
Bavda,16.5834,73.92,2006,4,29.3,56.51,0.02
Bavda,16.5834,73.92,2006,5,29.24,66.86,16.13
Bavda,16.5834,73.92,2006,6,25.74,90.25,18.76
Bavda,16.5834,73.92,2006,7,24.78,92.1,19.31
Bavda,16.5834,73.92,2006,8,24.28,92.39,18.1
Bavda,16.5834,73.92,2006,9,24.96,91.01,12.65
Bavda,16.5834,73.92,2006,10,25.27,83.22,4.65
Bavda,16.5834,73.92,2006,11,24.26,79.73,0.9
Bavda,16.5834,73.92,2006,12,23.09,59.92,0.0
Bavda,16.5834,73.92,2006,13,25.85,71.32,7.64
Bavda,16.5834,73.92,2007,1,24.67,49.58,0.0
Bavda,16.5834,73.92,2007,2,25.78,53.78,0.0
Bavda,16.5834,73.92,2007,3,28.7,50.79,0.0
Bavda,16.5834,73.92,2007,4,30.54,55.83,0.28
Bavda,16.5834,73.92,2007,5,29.29,66.74,1.73
Bavda,16.5834,73.92,2007,6,26.7,85.17,29.79
Bavda,16.5834,73.92,2007,7,25.31,91.98,17.34
Bavda,16.5834,73.92,2007,8,24.82,92.33,23.85
Bavda,16.5834,73.92,2007,9,24.95,91.59,13.91
Bavda,16.5834,73.92,2007,10,24.78,82.14,1.33
Bavda,16.5834,73.92,2007,11,22.81,72.61,0.84
Bavda,16.5834,73.92,2007,12,23.76,62.11,0.0
Bavda,16.5834,73.92,2007,13,26.01,71.31,7.44
Bavda,16.5834,73.92,2008,1,23.65,47.91,0.0
Bavda,16.5834,73.92,2008,2,25.02,48.62,0.16
Bavda,16.5834,73.92,2008,3,28.39,53.01,0.85
Bavda,16.5834,73.92,2008,4,29.54,56.24,0.33
Bavda,16.5834,73.92,2008,5,28.87,66.87,2.77
Bavda,16.5834,73.92,2008,6,26.05,87.39,14.64
Bavda,16.5834,73.92,2008,7,25.25,89.51,10.27
Bavda,16.5834,73.92,2008,8,24.61,91.71,16.58
Bavda,16.5834,73.92,2008,9,24.53,90.43,13.66
Bavda,16.5834,73.92,2008,10,24.7,79.93,0.84
Bavda,16.5834,73.92,2008,11,24.26,69.14,0.49
Bavda,16.5834,73.92,2008,12,24.16,56.98,0.35
Bavda,16.5834,73.92,2008,13,25.75,69.86,5.08
Bavda,16.5834,73.92,2009,1,25.56,47.0,0.0
Bavda,16.5834,73.92,2009,2,27.28,45.51,0.0
Bavda,16.5834,73.92,2009,3,29.36,48.76,0.08
Bavda,16.5834,73.92,2009,4,30.63,54.09,0.09
Bavda,16.5834,73.92,2009,5,29.95,61.58,0.34
Bavda,16.5834,73.92,2009,6,26.89,80.79,10.48
Bavda,16.5834,73.92,2009,7,25.03,92.33,29.72
Bavda,16.5834,73.92,2009,8,25.04,90.78,7.93
Bavda,16.5834,73.92,2009,9,25.3,90.8,11.74
Bavda,16.5834,73.92,2009,10,24.8,81.64,6.56
Bavda,16.5834,73.92,2009,11,23.78,79.29,2.94
Bavda,16.5834,73.92,2009,12,23.37,68.43,0.02
Bavda,16.5834,73.92,2009,13,26.41,70.22,5.87
Bavda,16.5834,73.92,2010,1,24.69,59.4,0.21
Bavda,16.5834,73.92,2010,2,26.41,50.93,0.0
Bavda,16.5834,73.92,2010,3,29.44,49.42,0.01
Bavda,16.5834,73.92,2010,4,30.29,56.92,0.15
Bavda,16.5834,73.92,2010,5,30.65,62.41,0.42
Bavda,16.5834,73.92,2010,6,27.05,83.93,18.7
Bavda,16.5834,73.92,2010,7,25.2,92.41,32.25
Bavda,16.5834,73.92,2010,8,24.9,92.55,14.87
Bavda,16.5834,73.92,2010,9,25.19,90.33,9.06
Bavda,16.5834,73.92,2010,10,25.15,86.44,4.92
Bavda,16.5834,73.92,2010,11,24.75,85.03,2.63
Bavda,16.5834,73.92,2010,12,21.53,73.55,0.02
Bavda,16.5834,73.92,2010,13,26.26,73.74,6.99
Bavda,16.5834,73.92,2011,1,22.93,54.86,0.0
Bavda,16.5834,73.92,2011,2,25.09,54.04,0.01
Bavda,16.5834,73.92,2011,3,28.94,48.33,0.0
Bavda,16.5834,73.92,2011,4,29.4,55.78,0.31
Bavda,16.5834,73.92,2011,5,29.47,62.96,0.98
Bavda,16.5834,73.92,2011,6,26.24,86.1,15.32
Bavda,16.5834,73.92,2011,7,25.02,91.95,28.49
Bavda,16.5834,73.92,2011,8,24.73,92.47,18.84
Bavda,16.5834,73.92,2011,9,24.6,90.58,9.85
Bavda,16.5834,73.92,2011,10,25.32,83.15,3.06
Bavda,16.5834,73.92,2011,11,24.15,67.72,0.18
Bavda,16.5834,73.92,2011,12,24.47,50.96,0.0
Bavda,16.5834,73.92,2011,13,25.87,69.98,6.47
Bavda,16.5834,73.92,2012,1,23.76,48.85,0.0
Bavda,16.5834,73.92,2012,2,26.53,39.65,0.0
Bavda,16.5834,73.92,2012,3,27.84,46.51,0.0
Bavda,16.5834,73.92,2012,4,30.1,54.82,0.39
Bavda,16.5834,73.92,2012,5,29.58,61.32,0.12
Bavda,16.5834,73.92,2012,6,26.95,80.33,15.4
Bavda,16.5834,73.92,2012,7,25.15,91.37,20.92
Bavda,16.5834,73.92,2012,8,24.95,91.71,12.63
Bavda,16.5834,73.92,2012,9,24.69,90.52,8.05
Bavda,16.5834,73.92,2012,10,24.79,80.58,4.25
Bavda,16.5834,73.92,2012,11,23.93,72.94,0.29
Bavda,16.5834,73.92,2012,12,24.16,58.12,0.0
Bavda,16.5834,73.92,2012,13,26.03,68.14,5.19
Bavda,16.5834,73.92,2013,1,24.78,48.8,0.0
Bavda,16.5834,73.92,2013,2,26.96,48.91,0.07
Bavda,16.5834,73.92,2013,3,28.99,46.89,0.01
Bavda,16.5834,73.92,2013,4,29.07,56.86,0.11
Bavda,16.5834,73.92,2013,5,29.54,64.5,1.0
Bavda,16.5834,73.92,2013,6,25.92,88.66,21.71
Bavda,16.5834,73.92,2013,7,24.62,93.31,26.29
Bavda,16.5834,73.92,2013,8,24.46,91.55,8.0
Bavda,16.5834,73.92,2013,9,24.75,90.95,9.08
Bavda,16.5834,73.92,2013,10,24.82,86.61,3.68
Bavda,16.5834,73.92,2013,11,23.65,75.03,0.02
Bavda,16.5834,73.92,2013,12,22.74,58.52,0.0
Bavda,16.5834,73.92,2013,13,25.85,70.99,5.86
Bavda,16.5834,73.92,2014,1,24.62,54.77,0.0
Bavda,16.5834,73.92,2014,2,25.6,51.09,0.01
Bavda,16.5834,73.92,2014,3,28.39,47.2,0.11
Bavda,16.5834,73.92,2014,4,30.5,50.31,0.11
Bavda,16.5834,73.92,2014,5,29.82,61.86,1.56
Bavda,16.5834,73.92,2014,6,27.82,77.98,5.86
Bavda,16.5834,73.92,2014,7,25.59,89.34,26.18
Bavda,16.5834,73.92,2014,8,24.98,91.21,16.46
Bavda,16.5834,73.92,2014,9,25.05,89.51,7.61
Bavda,16.5834,73.92,2014,10,25.39,81.57,3.54
Bavda,16.5834,73.92,2014,11,23.7,71.61,0.7
Bavda,16.5834,73.92,2014,12,23.31,60.95,0.36
Bavda,16.5834,73.92,2014,13,26.23,69.06,5.27
Bavda,16.5834,73.92,2015,1,23.42,53.19,0.01
Bavda,16.5834,73.92,2015,2,26.17,44.68,0.18
Bavda,16.5834,73.92,2015,3,27.97,55.38,0.76
Bavda,16.5834,73.92,2015,4,29.56,55.44,0.43
Bavda,16.5834,73.92,2015,5,30.31,62.22,1.05
Bavda,16.5834,73.92,2015,6,26.46,84.28,18.5
Bavda,16.5834,73.92,2015,7,25.49,89.07,8.59
Bavda,16.5834,73.92,2015,8,25.16,89.89,6.92
Bavda,16.5834,73.92,2015,9,25.11,87.75,6.26
Bavda,16.5834,73.92,2015,10,26.38,80.06,2.42
Bavda,16.5834,73.92,2015,11,25.76,69.83,0.4
Bavda,16.5834,73.92,2015,12,25.61,51.22,0.01
Bavda,16.5834,73.92,2015,13,26.45,68.72,3.8
Bavda,16.5834,73.92,2016,1,25.11,44.38,0.0
Bavda,16.5834,73.92,2016,2,26.7,51.44,0.05
Bavda,16.5834,73.92,2016,3,29.17,49.43,0.16
Bavda,16.5834,73.92,2016,4,30.18,54.83,0.15
Bavda,16.5834,73.92,2016,5,30.36,62.29,0.33
Bavda,16.5834,73.92,2016,6,26.56,85.04,22.81
Bavda,16.5834,73.92,2016,7,24.84,93.35,36.98
Bavda,16.5834,73.92,2016,8,24.65,91.92,20.04
Bavda,16.5834,73.92,2016,9,24.2,91.25,8.73
Bavda,16.5834,73.92,2016,10,23.75,82.61,2.39
Bavda,16.5834,73.92,2016,11,22.35,65.23,0.27
Bavda,16.5834,73.92,2016,12,23.69,51.52,0.0
Bavda,16.5834,73.92,2016,13,25.96,68.64,7.7
Bavda,16.5834,73.92,2017,1,24.84,43.47,0.0
Bavda,16.5834,73.92,2017,2,27.32,41.4,0.0
Bavda,16.5834,73.92,2017,3,27.8,51.62,0.01
Bavda,16.5834,73.92,2017,4,29.92,55.41,0.05
Bavda,16.5834,73.92,2017,5,30.0,63.74,2.79
Bavda,16.5834,73.92,2017,6,26.51,85.55,14.42
Bavda,16.5834,73.92,2017,7,25.29,90.95,18.78
Bavda,16.5834,73.92,2017,8,25.06,90.79,12.03
Bavda,16.5834,73.92,2017,9,25.46,90.41,16.11
Bavda,16.5834,73.92,2017,10,25.26,85.98,4.44
Bavda,16.5834,73.92,2017,11,22.88,73.83,0.01
Bavda,16.5834,73.92,2017,12,22.63,64.02,0.28
Bavda,16.5834,73.92,2017,13,26.07,69.93,5.77
Bavda,16.5834,73.92,2018,1,23.95,50.01,0.0
Bavda,16.5834,73.92,2018,2,26.99,39.36,0.0
Bavda,16.5834,73.92,2018,3,28.88,48.81,0.17
Bavda,16.5834,73.92,2018,4,30.45,51.54,0.21
Bavda,16.5834,73.92,2018,5,29.3,67.62,1.76
Bavda,16.5834,73.92,2018,6,26.25,89.32,27.12
Bavda,16.5834,73.92,2018,7,24.89,92.85,24.59
Bavda,16.5834,73.92,2018,8,24.43,91.78,12.65
Bavda,16.5834,73.92,2018,9,24.74,87.69,5.37
Bavda,16.5834,73.92,2018,10,25.46,76.86,2.08
Bavda,16.5834,73.92,2018,11,24.47,67.76,0.88
Bavda,16.5834,73.92,2018,12,23.56,56.2,0.03
Bavda,16.5834,73.92,2018,13,26.1,68.49,6.27
Bavda,16.5834,73.92,2019,1,24.11,39.31,0.0
Bavda,16.5834,73.92,2019,2,26.21,43.61,0.0
Bavda,16.5834,73.92,2019,3,27.79,50.06,0.2
Bavda,16.5834,73.92,2019,4,30.34,54.32,0.28
Bavda,16.5834,73.92,2019,5,30.21,58.77,0.02
Bavda,16.5834,73.92,2019,6,28.09,77.48,18.61
Bavda,16.5834,73.92,2019,7,25.57,92.9,34.6
Bavda,16.5834,73.92,2019,8,25.09,92.37,37.44
Bavda,16.5834,73.92,2019,9,24.98,92.37,18.03
Bavda,16.5834,73.92,2019,10,25.24,88.42,11.55
Bavda,16.5834,73.92,2019,11,24.09,81.83,0.3
Bavda,16.5834,73.92,2019,12,24.12,76.51,0.09
Bavda,16.5834,73.92,2019,13,26.31,70.82,10.18
Bavda,16.5834,73.92,2020,1,23.32,67.16,0.0
Bavda,16.5834,73.92,2020,2,26.37,50.3,0.0
Bavda,16.5834,73.92,2020,3,28.01,52.77,0.22
Bavda,16.5834,73.92,2020,4,30.83,53.5,0.8
Bavda,16.5834,73.92,2020,5,31.05,60.48,1.43
Bavda,16.5834,73.92,2020,6,26.27,88.38,23.07
Bavda,16.5834,73.92,2020,7,25.27,92.21,24.53
Bavda,16.5834,73.92,2020,8,25.07,93.31,30.73
Bavda,16.5834,73.92,2020,9,25.04,91.42,16.81
Bavda,16.5834,73.92,2020,10,25.01,89.54,9.96
Bavda,16.5834,73.92,2020,11,24.3,80.08,0.0
Bavda,16.5834,73.92,2020,12,23.28,70.61,0.07
Bavda,16.5834,73.92,2020,13,26.15,74.23,9.0
Bavda,16.5834,73.92,2021,1,25.07,66.66,0.39
Bavda,16.5834,73.92,2021,2,26.26,49.82,0.21
Bavda,16.5834,73.92,2021,3,29.87,47.81,0.03
Bavda,16.5834,73.92,2021,4,30.25,55.31,1.12
Bavda,16.5834,73.92,2021,5,28.87,72.7,10.46
Bavda,16.5834,73.92,2021,6,26.0,89.37,25.42
Bavda,16.5834,73.92,2021,7,25.2,92.59,42.33
Bavda,16.5834,73.92,2021,8,24.89,90.39,7.14
Bavda,16.5834,73.92,2021,9,24.9,91.71,11.78
Bavda,16.5834,73.92,2021,10,25.38,85.56,4.76
Bavda,16.5834,73.92,2021,11,24.8,83.42,2.95
Bavda,16.5834,73.92,2021,12,22.56,79.06,2.69
Bavda,16.5834,73.92,2021,13,26.17,75.53,9.17
Bavda,16.5834,73.92,2022,1,21.77,69.95,0.04
Bavda,16.5834,73.92,2022,2,24.47,58.59,0.0
Bavda,16.5834,73.92,2022,3,29.58,50.16,0.19
Bavda,16.5834,73.92,2022,4,30.31,57.18,1.13
Bavda,16.5834,73.92,2022,5,29.33,67.81,1.84
Bavda,16.5834,73.92,2022,6,26.53,83.21,16.96
Bavda,16.5834,73.92,2022,7,24.95,92.14,25.55
Bavda,16.5834,73.92,2022,8,24.69,91.99,19.66
Bavda,16.5834,73.92,2022,9,24.73,91.18,11.61
Bavda,16.5834,73.92,2022,10,24.32,85.3,7.33
Bavda,16.5834,73.92,2022,11,23.31,77.85,0.03
Bavda,16.5834,73.92,2022,12,24.2,68.74,0.06
Bavda,16.5834,73.92,2022,13,25.69,74.61,7.09
Bavda,16.5834,73.92,2023,1,23.64,56.08,0.0
Bavda,16.5834,73.92,2023,2,27.92,29.53,0.0
Bavda,16.5834,73.92,2023,3,28.31,43.93,0.02
Bavda,16.5834,73.92,2023,4,29.91,52.84,0.36
Bavda,16.5834,73.92,2023,5,30.12,60.22,0.86
Bavda,16.5834,73.92,2023,6,28.41,75.36,9.57
Bavda,16.5834,73.92,2023,7,25.24,92.65,37.37
Bavda,16.5834,73.92,2023,8,25.09,90.1,5.35
Bavda,16.5834,73.92,2023,9,25.29,90.66,12.39
Bavda,16.5834,73.92,2023,10,25.45,81.9,2.07
Bavda,16.5834,73.92,2023,11,24.99,79.25,1.23
Bavda,16.5834,73.92,2023,12,24.74,59.75,0.02
Bavda,16.5834,73.92,2023,13,26.58,67.93,5.82
Bhudargad,16.2492,74.0368,1997,1,24.3,60.42,0.1
Bhudargad,16.2492,74.0368,1997,2,25.19,51.55,0.0
Bhudargad,16.2492,74.0368,1997,3,28.57,57.4,0.11
Bhudargad,16.2492,74.0368,1997,4,28.89,58.81,0.36
Bhudargad,16.2492,74.0368,1997,5,29.6,61.86,0.1
Bhudargad,16.2492,74.0368,1997,6,27.06,83.21,24.93
Bhudargad,16.2492,74.0368,1997,7,25.85,90.77,29.31
Bhudargad,16.2492,74.0368,1997,8,25.27,91.61,25.29
Bhudargad,16.2492,74.0368,1997,9,25.36,86.46,2.52
Bhudargad,16.2492,74.0368,1997,10,26.61,80.42,1.49
Bhudargad,16.2492,74.0368,1997,11,27.02,74.98,1.05
Bhudargad,16.2492,74.0368,1997,12,25.18,72.83,2.03
Bhudargad,16.2492,74.0368,1997,13,26.58,72.66,7.33
Bhudargad,16.2492,74.0368,1998,1,25.53,60.18,0.0
Bhudargad,16.2492,74.0368,1998,2,26.16,55.79,0.01
Bhudargad,16.2492,74.0368,1998,3,27.76,58.82,0.0
Bhudargad,16.2492,74.0368,1998,4,30.94,57.98,0.02
Bhudargad,16.2492,74.0368,1998,5,30.46,67.54,2.05
Bhudargad,16.2492,74.0368,1998,6,27.6,82.24,27.05
Bhudargad,16.2492,74.0368,1998,7,25.88,91.06,17.47
Bhudargad,16.2492,74.0368,1998,8,25.87,91.37,17.27
Bhudargad,16.2492,74.0368,1998,9,25.8,90.04,12.43
Bhudargad,16.2492,74.0368,1998,10,25.3,87.11,3.88
Bhudargad,16.2492,74.0368,1998,11,24.25,77.99,1.63
Bhudargad,16.2492,74.0368,1998,12,23.41,63.2,0.04
Bhudargad,16.2492,74.0368,1998,13,26.58,73.72,6.84
Bhudargad,16.2492,74.0368,1999,1,24.18,55.58,0.0
Bhudargad,16.2492,74.0368,1999,2,27.85,51.04,0.02
Bhudargad,16.2492,74.0368,1999,3,29.13,54.99,0.0
Bhudargad,16.2492,74.0368,1999,4,28.95,65.29,0.0
Bhudargad,16.2492,74.0368,1999,5,27.71,76.52,7.21
Bhudargad,16.2492,74.0368,1999,6,26.16,87.79,24.34
Bhudargad,16.2492,74.0368,1999,7,25.53,90.93,27.4
Bhudargad,16.2492,74.0368,1999,8,25.14,89.39,5.32
Bhudargad,16.2492,74.0368,1999,9,25.17,88.8,5.4
Bhudargad,16.2492,74.0368,1999,10,25.87,83.0,4.07
Bhudargad,16.2492,74.0368,1999,11,25.26,67.76,0.03
Bhudargad,16.2492,74.0368,1999,12,25.41,54.6,0.0
Bhudargad,16.2492,74.0368,1999,13,26.35,72.26,6.19
Bhudargad,16.2492,74.0368,2000,1,26.44,48.25,0.01
Bhudargad,16.2492,74.0368,2000,2,25.44,58.51,0.03
Bhudargad,16.2492,74.0368,2000,3,27.61,56.22,0.0
Bhudargad,16.2492,74.0368,2000,4,29.34,65.11,0.43
Bhudargad,16.2492,74.0368,2000,5,28.22,74.07,5.38
Bhudargad,16.2492,74.0368,2000,6,26.16,88.61,18.04
Bhudargad,16.2492,74.0368,2000,7,25.17,90.15,21.43
Bhudargad,16.2492,74.0368,2000,8,25.23,90.04,13.78
Bhudargad,16.2492,74.0368,2000,9,25.59,88.56,5.08
Bhudargad,16.2492,74.0368,2000,10,25.88,83.22,3.18
Bhudargad,16.2492,74.0368,2000,11,25.38,68.61,0.28
Bhudargad,16.2492,74.0368,2000,12,24.91,51.56,0.29
Bhudargad,16.2492,74.0368,2000,13,26.28,71.92,5.69
Bhudargad,16.2492,74.0368,2001,1,25.97,54.05,0.13
Bhudargad,16.2492,74.0368,2001,2,26.77,51.35,0.0
Bhudargad,16.2492,74.0368,2001,3,27.14,58.71,0.0
Bhudargad,16.2492,74.0368,2001,4,29.77,60.1,0.52
Bhudargad,16.2492,74.0368,2001,5,28.99,69.55,3.68
Bhudargad,16.2492,74.0368,2001,6,26.4,85.37,12.89
Bhudargad,16.2492,74.0368,2001,7,25.4,90.49,16.6
Bhudargad,16.2492,74.0368,2001,8,24.96,91.22,12.57
Bhudargad,16.2492,74.0368,2001,9,25.32,88.78,4.47
Bhudargad,16.2492,74.0368,2001,10,25.36,82.76,2.57
Bhudargad,16.2492,74.0368,2001,11,25.98,69.65,0.34
Bhudargad,16.2492,74.0368,2001,12,26.0,53.55,0.02
Bhudargad,16.2492,74.0368,2001,13,26.5,71.41,4.52
Bhudargad,16.2492,74.0368,2002,1,25.06,54.44,0.0
Bhudargad,16.2492,74.0368,2002,2,27.51,53.2,0.0
Bhudargad,16.2492,74.0368,2002,3,29.07,57.03,0.01
Bhudargad,16.2492,74.0368,2002,4,30.41,59.19,0.17
Bhudargad,16.2492,74.0368,2002,5,29.42,71.27,1.86
Bhudargad,16.2492,74.0368,2002,6,27.02,86.03,24.61
Bhudargad,16.2492,74.0368,2002,7,25.98,88.02,8.09
Bhudargad,16.2492,74.0368,2002,8,25.2,90.53,15.34
Bhudargad,16.2492,74.0368,2002,9,25.3,86.81,2.92
Bhudargad,16.2492,74.0368,2002,10,26.47,81.92,4.76
Bhudargad,16.2492,74.0368,2002,11,25.89,69.47,0.25
Bhudargad,16.2492,74.0368,2002,12,25.57,56.79,0.01
Bhudargad,16.2492,74.0368,2002,13,26.9,71.33,4.85
Bhudargad,16.2492,74.0368,2003,1,26.36,55.69,0.01
Bhudargad,16.2492,74.0368,2003,2,27.44,55.74,0.02
Bhudargad,16.2492,74.0368,2003,3,28.84,55.5,0.18
Bhudargad,16.2492,74.0368,2003,4,30.43,57.61,0.62
Bhudargad,16.2492,74.0368,2003,5,30.22,63.71,0.22
Bhudargad,16.2492,74.0368,2003,6,27.8,81.83,18.56
Bhudargad,16.2492,74.0368,2003,7,26.15,90.82,18.12
Bhudargad,16.2492,74.0368,2003,8,25.89,89.01,8.87
Bhudargad,16.2492,74.0368,2003,9,25.5,88.35,3.98
Bhudargad,16.2492,74.0368,2003,10,26.16,81.34,2.58
Bhudargad,16.2492,74.0368,2003,11,26.21,67.64,0.16
Bhudargad,16.2492,74.0368,2003,12,25.6,53.31,0.01
Bhudargad,16.2492,74.0368,2003,13,27.21,70.12,4.47
Bhudargad,16.2492,74.0368,2004,1,25.48,55.35,0.0
Bhudargad,16.2492,74.0368,2004,2,27.24,52.65,0.0
Bhudargad,16.2492,74.0368,2004,3,29.8,58.47,0.01
Bhudargad,16.2492,74.0368,2004,4,29.87,60.66,0.3
Bhudargad,16.2492,74.0368,2004,5,28.69,74.27,5.96
Bhudargad,16.2492,74.0368,2004,6,26.3,88.01,19.82
Bhudargad,16.2492,74.0368,2004,7,25.85,89.01,14.32
Bhudargad,16.2492,74.0368,2004,8,25.12,90.36,15.27
Bhudargad,16.2492,74.0368,2004,9,25.37,88.72,4.88
Bhudargad,16.2492,74.0368,2004,10,25.64,80.23,1.69
Bhudargad,16.2492,74.0368,2004,11,25.99,65.72,0.84
Bhudargad,16.2492,74.0368,2004,12,25.32,50.55,0.0
Bhudargad,16.2492,74.0368,2004,13,26.72,71.22,5.27
Bhudargad,16.2492,74.0368,2005,1,25.54,54.92,0.03
Bhudargad,16.2492,74.0368,2005,2,26.44,54.59,0.01
Bhudargad,16.2492,74.0368,2005,3,27.97,58.51,0.0
Bhudargad,16.2492,74.0368,2005,4,29.71,60.81,1.11
Bhudargad,16.2492,74.0368,2005,5,29.61,66.41,1.4
Bhudargad,16.2492,74.0368,2005,6,27.41,84.53,21.52
Bhudargad,16.2492,74.0368,2005,7,25.96,91.56,28.71
Bhudargad,16.2492,74.0368,2005,8,25.4,91.12,16.05
Bhudargad,16.2492,74.0368,2005,9,25.37,91.3,15.88
Bhudargad,16.2492,74.0368,2005,10,25.74,82.65,4.3
Bhudargad,16.2492,74.0368,2005,11,23.71,70.96,0.03
Bhudargad,16.2492,74.0368,2005,12,24.12,62.26,0.0
Bhudargad,16.2492,74.0368,2005,13,26.41,72.57,7.46
Bhudargad,16.2492,74.0368,2006,1,25.72,51.3,0.0
Bhudargad,16.2492,74.0368,2006,2,27.6,51.17,0.0
Bhudargad,16.2492,74.0368,2006,3,27.7,59.35,0.71
Bhudargad,16.2492,74.0368,2006,4,29.09,61.21,0.04
Bhudargad,16.2492,74.0368,2006,5,29.02,70.69,14.97
Bhudargad,16.2492,74.0368,2006,6,26.37,89.49,20.08
Bhudargad,16.2492,74.0368,2006,7,25.52,90.74,18.36
Bhudargad,16.2492,74.0368,2006,8,25.04,90.99,18.35
Bhudargad,16.2492,74.0368,2006,9,25.65,89.92,12.45
Bhudargad,16.2492,74.0368,2006,10,26.21,82.58,6.46
Bhudargad,16.2492,74.0368,2006,11,25.63,78.83,0.9
Bhudargad,16.2492,74.0368,2006,12,24.61,62.49,0.0
Bhudargad,16.2492,74.0368,2006,13,26.5,73.34,7.75
Bhudargad,16.2492,74.0368,2007,1,25.55,56.44,0.0
Bhudargad,16.2492,74.0368,2007,2,26.28,58.2,0.0
Bhudargad,16.2492,74.0368,2007,3,28.59,57.72,0.0
Bhudargad,16.2492,74.0368,2007,4,30.17,61.69,0.47
Bhudargad,16.2492,74.0368,2007,5,29.31,69.72,2.49
Bhudargad,16.2492,74.0368,2007,6,27.04,86.63,32.88
Bhudargad,16.2492,74.0368,2007,7,25.99,90.85,20.06
Bhudargad,16.2492,74.0368,2007,8,25.53,91.01,25.04
Bhudargad,16.2492,74.0368,2007,9,25.68,90.52,15.88
Bhudargad,16.2492,74.0368,2007,10,25.77,82.4,1.84
Bhudargad,16.2492,74.0368,2007,11,24.2,72.91,1.41
Bhudargad,16.2492,74.0368,2007,12,24.8,66.16,0.01
Bhudargad,16.2492,74.0368,2007,13,26.58,73.77,8.36
Bhudargad,16.2492,74.0368,2008,1,24.65,55.49,0.0
Bhudargad,16.2492,74.0368,2008,2,25.53,56.05,0.27
Bhudargad,16.2492,74.0368,2008,3,28.19,59.48,1.47
Bhudargad,16.2492,74.0368,2008,4,29.15,62.22,0.67
Bhudargad,16.2492,74.0368,2008,5,29.02,68.97,2.41
Bhudargad,16.2492,74.0368,2008,6,26.73,86.87,17.05
Bhudargad,16.2492,74.0368,2008,7,25.96,88.87,12.05
Bhudargad,16.2492,74.0368,2008,8,25.33,90.62,20.05
Bhudargad,16.2492,74.0368,2008,9,25.33,88.89,13.87
Bhudargad,16.2492,74.0368,2008,10,25.86,79.74,1.07
Bhudargad,16.2492,74.0368,2008,11,25.72,68.83,0.46
Bhudargad,16.2492,74.0368,2008,12,25.6,60.13,0.42
Bhudargad,16.2492,74.0368,2008,13,26.42,72.22,5.82
Bhudargad,16.2492,74.0368,2009,1,26.28,53.42,0.0
Bhudargad,16.2492,74.0368,2009,2,27.49,54.15,0.0
Bhudargad,16.2492,74.0368,2009,3,29.29,55.85,0.12
Bhudargad,16.2492,74.0368,2009,4,30.19,60.29,0.19
Bhudargad,16.2492,74.0368,2009,5,29.75,66.13,0.74
Bhudargad,16.2492,74.0368,2009,6,27.26,83.02,13.18
Bhudargad,16.2492,74.0368,2009,7,25.75,91.29,32.84
Bhudargad,16.2492,74.0368,2009,8,25.68,90.2,8.44
Bhudargad,16.2492,74.0368,2009,9,25.89,90.19,12.29
Bhudargad,16.2492,74.0368,2009,10,25.82,80.56,7.64
Bhudargad,16.2492,74.0368,2009,11,25.06,79.52,3.51
Bhudargad,16.2492,74.0368,2009,12,24.81,70.08,0.05
Bhudargad,16.2492,74.0368,2009,13,26.93,72.99,6.63
Bhudargad,16.2492,74.0368,2010,1,25.68,63.93,0.31
Bhudargad,16.2492,74.0368,2010,2,26.96,56.08,0.0
Bhudargad,16.2492,74.0368,2010,3,29.37,55.59,0.0
Bhudargad,16.2492,74.0368,2010,4,30.08,61.66,0.31
Bhudargad,16.2492,74.0368,2010,5,30.44,66.95,1.01
Bhudargad,16.2492,74.0368,2010,6,27.55,84.42,22.08
Bhudargad,16.2492,74.0368,2010,7,25.83,91.45,32.79
Bhudargad,16.2492,74.0368,2010,8,25.54,91.69,16.76
Bhudargad,16.2492,74.0368,2010,9,25.86,89.24,11.36
Bhudargad,16.2492,74.0368,2010,10,26.07,85.55,5.78
Bhudargad,16.2492,74.0368,2010,11,25.74,83.62,3.4
Bhudargad,16.2492,74.0368,2010,12,23.12,73.78,0.04
Bhudargad,16.2492,74.0368,2010,13,26.85,75.44,7.87
Bhudargad,16.2492,74.0368,2011,1,24.11,60.4,0.0
Bhudargad,16.2492,74.0368,2011,2,25.74,58.29,0.01
Bhudargad,16.2492,74.0368,2011,3,28.81,55.71,0.0
Bhudargad,16.2492,74.0368,2011,4,29.2,60.61,0.62
Bhudargad,16.2492,74.0368,2011,5,29.39,66.8,1.23
Bhudargad,16.2492,74.0368,2011,6,26.94,85.59,15.5
Bhudargad,16.2492,74.0368,2011,7,25.69,91.01,27.26
Bhudargad,16.2492,74.0368,2011,8,25.34,91.68,20.85
Bhudargad,16.2492,74.0368,2011,9,25.43,89.05,10.94
Bhudargad,16.2492,74.0368,2011,10,26.27,82.69,3.24
Bhudargad,16.2492,74.0368,2011,11,25.7,68.49,0.28
Bhudargad,16.2492,74.0368,2011,12,25.81,56.6,0.0
Bhudargad,16.2492,74.0368,2011,13,26.54,72.32,6.71
Bhudargad,16.2492,74.0368,2012,1,24.79,55.34,0.0
Bhudargad,16.2492,74.0368,2012,2,26.86,48.39,0.0
Bhudargad,16.2492,74.0368,2012,3,27.83,54.62,0.0
Bhudargad,16.2492,74.0368,2012,4,29.65,61.34,0.81
Bhudargad,16.2492,74.0368,2012,5,29.35,65.33,0.19
Bhudargad,16.2492,74.0368,2012,6,27.18,82.82,20.16
Bhudargad,16.2492,74.0368,2012,7,25.92,89.98,19.53
Bhudargad,16.2492,74.0368,2012,8,25.63,90.67,15.02
Bhudargad,16.2492,74.0368,2012,9,25.47,89.18,7.42
Bhudargad,16.2492,74.0368,2012,10,25.89,79.95,3.72
Bhudargad,16.2492,74.0368,2012,11,25.34,72.41,0.48
Bhudargad,16.2492,74.0368,2012,12,25.54,61.12,0.0
Bhudargad,16.2492,74.0368,2012,13,26.62,70.99,5.62
Bhudargad,16.2492,74.0368,2013,1,25.77,55.31,0.0
Bhudargad,16.2492,74.0368,2013,2,27.39,54.64,0.14
Bhudargad,16.2492,74.0368,2013,3,29.17,53.11,0.02
Bhudargad,16.2492,74.0368,2013,4,29.03,60.89,0.21
Bhudargad,16.2492,74.0368,2013,5,29.42,68.41,1.76
Bhudargad,16.2492,74.0368,2013,6,26.61,87.69,21.39
Bhudargad,16.2492,74.0368,2013,7,25.31,92.2,30.41
Bhudargad,16.2492,74.0368,2013,8,25.1,90.74,8.97
Bhudargad,16.2492,74.0368,2013,9,25.43,89.76,10.1
Bhudargad,16.2492,74.0368,2013,10,25.76,85.27,3.82
Bhudargad,16.2492,74.0368,2013,11,24.99,74.03,0.03
Bhudargad,16.2492,74.0368,2013,12,24.25,61.38,0.0
Bhudargad,16.2492,74.0368,2013,13,26.51,72.88,6.44
Bhudargad,16.2492,74.0368,2014,1,25.69,58.49,0.0
Bhudargad,16.2492,74.0368,2014,2,26.25,56.3,0.01
Bhudargad,16.2492,74.0368,2014,3,28.53,52.76,0.13
Bhudargad,16.2492,74.0368,2014,4,30.28,56.2,0.21
Bhudargad,16.2492,74.0368,2014,5,29.61,66.83,2.94
Bhudargad,16.2492,74.0368,2014,6,27.83,81.8,8.75
Bhudargad,16.2492,74.0368,2014,7,26.17,89.51,27.85
Bhudargad,16.2492,74.0368,2014,8,25.54,90.84,20.99
Bhudargad,16.2492,74.0368,2014,9,25.77,88.84,7.0
Bhudargad,16.2492,74.0368,2014,10,26.38,81.09,5.77
Bhudargad,16.2492,74.0368,2014,11,25.15,72.15,0.75
Bhudargad,16.2492,74.0368,2014,12,24.58,66.09,0.56
Bhudargad,16.2492,74.0368,2014,13,26.81,71.84,6.32
Bhudargad,16.2492,74.0368,2015,1,24.42,59.13,0.01
Bhudargad,16.2492,74.0368,2015,2,26.66,52.6,0.2
Bhudargad,16.2492,74.0368,2015,3,28.04,60.45,0.88
Bhudargad,16.2492,74.0368,2015,4,29.46,59.92,0.65
Bhudargad,16.2492,74.0368,2015,5,29.96,67.59,1.79
Bhudargad,16.2492,74.0368,2015,6,26.93,85.47,21.68
Bhudargad,16.2492,74.0368,2015,7,26.14,88.92,12.91
Bhudargad,16.2492,74.0368,2015,8,25.83,89.52,8.81
Bhudargad,16.2492,74.0368,2015,9,25.91,86.67,6.75
Bhudargad,16.2492,74.0368,2015,10,27.1,80.67,2.58
Bhudargad,16.2492,74.0368,2015,11,26.65,72.84,0.48
Bhudargad,16.2492,74.0368,2015,12,26.56,58.26,0.02
Bhudargad,16.2492,74.0368,2015,13,26.97,71.95,4.74
Bhudargad,16.2492,74.0368,2016,1,25.99,53.04,0.0
Bhudargad,16.2492,74.0368,2016,2,27.07,57.16,0.02
Bhudargad,16.2492,74.0368,2016,3,29.09,55.44,0.21
Bhudargad,16.2492,74.0368,2016,4,30.06,59.58,0.2
Bhudargad,16.2492,74.0368,2016,5,30.24,66.33,0.53
Bhudargad,16.2492,74.0368,2016,6,27.16,84.76,26.01
Bhudargad,16.2492,74.0368,2016,7,25.5,92.23,34.72
Bhudargad,16.2492,74.0368,2016,8,25.35,90.74,17.97
Bhudargad,16.2492,74.0368,2016,9,25.02,89.79,7.94
Bhudargad,16.2492,74.0368,2016,10,24.72,81.86,2.59
Bhudargad,16.2492,74.0368,2016,11,23.91,66.7,0.37
Bhudargad,16.2492,74.0368,2016,12,25.18,55.94,0.0
Bhudargad,16.2492,74.0368,2016,13,26.61,71.16,7.58
Bhudargad,16.2492,74.0368,2017,1,25.88,51.15,0.0
Bhudargad,16.2492,74.0368,2017,2,27.68,50.18,0.0
Bhudargad,16.2492,74.0368,2017,3,28.0,56.98,0.01
Bhudargad,16.2492,74.0368,2017,4,29.77,60.04,0.1
Bhudargad,16.2492,74.0368,2017,5,29.79,67.62,3.16
Bhudargad,16.2492,74.0368,2017,6,27.04,86.01,15.78
Bhudargad,16.2492,74.0368,2017,7,26.03,89.86,18.42
Bhudargad,16.2492,74.0368,2017,8,25.76,90.1,12.66
Bhudargad,16.2492,74.0368,2017,9,26.07,89.33,13.44
Bhudargad,16.2492,74.0368,2017,10,26.25,84.26,4.51
Bhudargad,16.2492,74.0368,2017,11,24.47,73.13,0.02
Bhudargad,16.2492,74.0368,2017,12,24.36,64.32,0.38
Bhudargad,16.2492,74.0368,2017,13,26.75,72.04,5.74
Bhudargad,16.2492,74.0368,2018,1,25.27,54.83,0.0
Bhudargad,16.2492,74.0368,2018,2,27.5,46.47,0.0
Bhudargad,16.2492,74.0368,2018,3,28.87,54.75,0.24
Bhudargad,16.2492,74.0368,2018,4,30.27,56.87,0.26
Bhudargad,16.2492,74.0368,2018,5,29.25,70.95,2.25
Bhudargad,16.2492,74.0368,2018,6,26.9,88.69,29.63
Bhudargad,16.2492,74.0368,2018,7,25.56,91.62,22.13
Bhudargad,16.2492,74.0368,2018,8,25.12,90.52,11.35
Bhudargad,16.2492,74.0368,2018,9,25.42,86.59,4.77
Bhudargad,16.2492,74.0368,2018,10,26.47,76.85,2.28
Bhudargad,16.2492,74.0368,2018,11,25.99,67.14,0.75
Bhudargad,16.2492,74.0368,2018,12,25.17,58.94,0.06
Bhudargad,16.2492,74.0368,2018,13,26.81,70.5,6.16
Bhudargad,16.2492,74.0368,2019,1,25.34,46.05,0.0
Bhudargad,16.2492,74.0368,2019,2,26.65,51.03,0.0
Bhudargad,16.2492,74.0368,2019,3,27.76,56.56,0.29
Bhudargad,16.2492,74.0368,2019,4,30.0,59.23,0.39
Bhudargad,16.2492,74.0368,2019,5,29.92,63.09,0.03
Bhudargad,16.2492,74.0368,2019,6,28.22,79.7,21.32
Bhudargad,16.2492,74.0368,2019,7,26.23,91.85,34.56
Bhudargad,16.2492,74.0368,2019,8,25.86,91.1,37.41
Bhudargad,16.2492,74.0368,2019,9,25.72,90.62,17.83
Bhudargad,16.2492,74.0368,2019,10,26.23,86.27,13.4
Bhudargad,16.2492,74.0368,2019,11,25.47,79.95,0.34
Bhudargad,16.2492,74.0368,2019,12,25.62,74.58,0.07
Bhudargad,16.2492,74.0368,2019,13,26.92,72.63,10.56
Bhudargad,16.2492,74.0368,2020,1,24.72,68.03,0.0
Bhudargad,16.2492,74.0368,2020,2,27.11,54.93,0.01
Bhudargad,16.2492,74.0368,2020,3,28.24,57.87,0.28
Bhudargad,16.2492,74.0368,2020,4,30.59,59.04,0.75
Bhudargad,16.2492,74.0368,2020,5,30.8,65.2,1.48
Bhudargad,16.2492,74.0368,2020,6,26.97,87.32,25.55
Bhudargad,16.2492,74.0368,2020,7,25.92,91.1,29.42
Bhudargad,16.2492,74.0368,2020,8,25.8,91.67,28.73
Bhudargad,16.2492,74.0368,2020,9,25.76,89.97,18.98
Bhudargad,16.2492,74.0368,2020,10,25.72,88.05,8.63
Bhudargad,16.2492,74.0368,2020,11,25.62,78.47,0.0
Bhudargad,16.2492,74.0368,2020,12,25.04,69.29,0.14
Bhudargad,16.2492,74.0368,2020,13,26.85,75.15,9.53
Bhudargad,16.2492,74.0368,2021,1,26.22,67.84,0.46
Bhudargad,16.2492,74.0368,2021,2,27.12,54.83,0.28
Bhudargad,16.2492,74.0368,2021,3,29.84,53.54,0.06
Bhudargad,16.2492,74.0368,2021,4,30.34,59.21,0.95
Bhudargad,16.2492,74.0368,2021,5,29.1,75.1,12.05
Bhudargad,16.2492,74.0368,2021,6,26.75,87.87,25.74
Bhudargad,16.2492,74.0368,2021,7,25.92,91.16,38.3
Bhudargad,16.2492,74.0368,2021,8,25.64,88.83,7.66
Bhudargad,16.2492,74.0368,2021,9,25.69,90.3,12.43
Bhudargad,16.2492,74.0368,2021,10,26.32,84.78,5.28
Bhudargad,16.2492,74.0368,2021,11,25.93,82.36,4.03
Bhudargad,16.2492,74.0368,2021,12,24.02,77.66,2.59
Bhudargad,16.2492,74.0368,2021,13,26.9,76.26,9.21
Bhudargad,16.2492,74.0368,2022,1,23.31,69.63,0.02
Bhudargad,16.2492,74.0368,2022,2,25.38,61.66,0.0
Bhudargad,16.2492,74.0368,2022,3,29.51,56.88,0.21
Bhudargad,16.2492,74.0368,2022,4,30.08,62.63,1.43
Bhudargad,16.2492,74.0368,2022,5,29.36,70.8,1.82
Bhudargad,16.2492,74.0368,2022,6,27.01,84.0,20.39
Bhudargad,16.2492,74.0368,2022,7,25.7,90.88,26.33
Bhudargad,16.2492,74.0368,2022,8,25.39,90.77,16.34
Bhudargad,16.2492,74.0368,2022,9,25.44,89.87,10.96
Bhudargad,16.2492,74.0368,2022,10,25.33,84.0,5.77
Bhudargad,16.2492,74.0368,2022,11,24.83,76.59,0.04
Bhudargad,16.2492,74.0368,2022,12,25.81,67.73,0.12
Bhudargad,16.2492,74.0368,2022,13,26.43,75.54,7.0
Bhudargad,16.2492,74.0368,2023,1,25.07,58.28,0.0
Bhudargad,16.2492,74.0368,2023,2,28.53,40.98,0.0
Bhudargad,16.2492,74.0368,2023,3,28.69,49.09,0.01
Bhudargad,16.2492,74.0368,2023,4,29.79,57.99,0.31
Bhudargad,16.2492,74.0368,2023,5,30.11,63.69,0.9
Bhudargad,16.2492,74.0368,2023,6,28.69,77.09,12.73
Bhudargad,16.2492,74.0368,2023,7,25.96,91.61,40.47
Bhudargad,16.2492,74.0368,2023,8,25.87,88.61,6.08
Bhudargad,16.2492,74.0368,2023,9,26.05,89.54,13.51
Bhudargad,16.2492,74.0368,2023,10,26.53,81.8,2.45
Bhudargad,16.2492,74.0368,2023,11,26.37,78.46,1.31
Bhudargad,16.2492,74.0368,2023,12,26.25,62.59,0.02
Bhudargad,16.2492,74.0368,2023,13,27.31,70.15,6.53
Chandgad,15.9012,74.2467,1997,1,21.26,56.13,0.07
Chandgad,15.9012,74.2467,1997,2,23.01,37.76,0.0
Chandgad,15.9012,74.2467,1997,3,27.27,43.13,0.19
Chandgad,15.9012,74.2467,1997,4,27.32,51.27,0.61
Chandgad,15.9012,74.2467,1997,5,28.08,55.56,0.21
Chandgad,15.9012,74.2467,1997,6,24.64,81.99,14.76
Chandgad,15.9012,74.2467,1997,7,23.25,91.46,17.21
Chandgad,15.9012,74.2467,1997,8,22.73,92.35,16.16
Chandgad,15.9012,74.2467,1997,9,22.62,88.44,1.33
Chandgad,15.9012,74.2467,1997,10,24.03,80.08,1.7
Chandgad,15.9012,74.2467,1997,11,23.55,79.21,1.41
Chandgad,15.9012,74.2467,1997,12,22.31,72.95,1.26
Chandgad,15.9012,74.2467,1997,13,24.18,69.39,4.61
Chandgad,15.9012,74.2467,1998,1,22.63,56.8,0.0
Chandgad,15.9012,74.2467,1998,2,23.86,48.35,0.01
Chandgad,15.9012,74.2467,1998,3,26.69,48.74,0.0
Chandgad,15.9012,74.2467,1998,4,30.29,46.03,0.12
Chandgad,15.9012,74.2467,1998,5,28.68,64.21,2.48
Chandgad,15.9012,74.2467,1998,6,25.17,81.73,15.62
Chandgad,15.9012,74.2467,1998,7,23.41,91.19,10.5
Chandgad,15.9012,74.2467,1998,8,23.47,91.54,10.29
Chandgad,15.9012,74.2467,1998,9,23.21,91.11,7.39
Chandgad,15.9012,74.2467,1998,10,22.57,88.64,2.98
Chandgad,15.9012,74.2467,1998,11,20.89,79.97,1.38
Chandgad,15.9012,74.2467,1998,12,19.66,61.49,0.05
Chandgad,15.9012,74.2467,1998,13,24.21,70.96,4.25
Chandgad,15.9012,74.2467,1999,1,21.05,47.38,0.0
Chandgad,15.9012,74.2467,1999,2,25.7,38.1,0.05
Chandgad,15.9012,74.2467,1999,3,28.12,40.23,0.0
Chandgad,15.9012,74.2467,1999,4,28.42,54.79,0.01
Chandgad,15.9012,74.2467,1999,5,25.88,72.05,4.22
Chandgad,15.9012,74.2467,1999,6,23.63,87.04,13.91
Chandgad,15.9012,74.2467,1999,7,22.99,91.52,17.06
Chandgad,15.9012,74.2467,1999,8,22.68,90.01,3.62
Chandgad,15.9012,74.2467,1999,9,22.74,88.36,3.08
Chandgad,15.9012,74.2467,1999,10,23.12,83.02,4.13
Chandgad,15.9012,74.2467,1999,11,22.03,65.89,0.05
Chandgad,15.9012,74.2467,1999,12,21.58,49.84,0.0
Chandgad,15.9012,74.2467,1999,13,23.98,67.52,3.87
Chandgad,15.9012,74.2467,2000,1,23.37,38.34,0.02
Chandgad,15.9012,74.2467,2000,2,23.41,52.99,0.09
Chandgad,15.9012,74.2467,2000,3,26.57,42.04,0.0
Chandgad,15.9012,74.2467,2000,4,28.59,55.29,0.61
Chandgad,15.9012,74.2467,2000,5,26.39,70.38,3.84
Chandgad,15.9012,74.2467,2000,6,23.72,87.8,9.81
Chandgad,15.9012,74.2467,2000,7,22.65,90.53,12.67
Chandgad,15.9012,74.2467,2000,8,22.7,90.0,7.95
Chandgad,15.9012,74.2467,2000,9,23.41,87.47,4.87
Chandgad,15.9012,74.2467,2000,10,23.31,80.61,2.67
Chandgad,15.9012,74.2467,2000,11,22.06,66.76,0.26
Chandgad,15.9012,74.2467,2000,12,21.22,45.08,0.19
Chandgad,15.9012,74.2467,2000,13,23.95,67.28,3.6
Chandgad,15.9012,74.2467,2001,1,23.32,43.82,0.06
Chandgad,15.9012,74.2467,2001,2,24.99,36.16,0.0
Chandgad,15.9012,74.2467,2001,3,25.79,48.62,0.0
Chandgad,15.9012,74.2467,2001,4,28.69,51.96,0.61
Chandgad,15.9012,74.2467,2001,5,27.27,64.28,2.0
Chandgad,15.9012,74.2467,2001,6,24.04,83.31,7.04
Chandgad,15.9012,74.2467,2001,7,23.12,88.35,10.13
Chandgad,15.9012,74.2467,2001,8,22.66,90.61,7.17
Chandgad,15.9012,74.2467,2001,9,23.19,86.76,2.7
Chandgad,15.9012,74.2467,2001,10,22.7,81.77,2.49
Chandgad,15.9012,74.2467,2001,11,22.9,68.51,0.55
Chandgad,15.9012,74.2467,2001,12,21.98,51.52,0.03
Chandgad,15.9012,74.2467,2001,13,24.21,66.48,2.75
Chandgad,15.9012,74.2467,2002,1,22.11,50.36,0.01
Chandgad,15.9012,74.2467,2002,2,25.35,42.05,0.01
Chandgad,15.9012,74.2467,2002,3,27.8,44.38,0.01
Chandgad,15.9012,74.2467,2002,4,29.74,49.32,0.31
Chandgad,15.9012,74.2467,2002,5,27.65,67.41,1.31
Chandgad,15.9012,74.2467,2002,6,24.54,85.93,13.34
Chandgad,15.9012,74.2467,2002,7,23.54,87.51,4.6
Chandgad,15.9012,74.2467,2002,8,22.88,89.61,9.23
Chandgad,15.9012,74.2467,2002,9,23.13,85.01,1.51
Chandgad,15.9012,74.2467,2002,10,24.0,79.39,4.09
Chandgad,15.9012,74.2467,2002,11,23.26,62.73,0.1
Chandgad,15.9012,74.2467,2002,12,22.44,48.73,0.0
Chandgad,15.9012,74.2467,2002,13,24.69,66.18,2.89
Chandgad,15.9012,74.2467,2003,1,23.61,47.0,0.0
Chandgad,15.9012,74.2467,2003,2,25.76,44.94,0.07
Chandgad,15.9012,74.2467,2003,3,27.61,45.33,0.41
Chandgad,15.9012,74.2467,2003,4,29.2,49.41,1.04
Chandgad,15.9012,74.2467,2003,5,28.82,57.99,0.41
Chandgad,15.9012,74.2467,2003,6,25.43,80.01,10.15
Chandgad,15.9012,74.2467,2003,7,23.6,90.68,9.18
Chandgad,15.9012,74.2467,2003,8,23.36,89.49,5.15
Chandgad,15.9012,74.2467,2003,9,23.24,86.59,2.28
Chandgad,15.9012,74.2467,2003,10,23.57,80.05,2.99
Chandgad,15.9012,74.2467,2003,11,23.21,63.62,0.08
Chandgad,15.9012,74.2467,2003,12,22.21,46.73,0.05
Chandgad,15.9012,74.2467,2003,13,24.96,65.27,2.66
Chandgad,15.9012,74.2467,2004,1,22.46,49.78,0.0
Chandgad,15.9012,74.2467,2004,2,24.97,38.88,0.01
Chandgad,15.9012,74.2467,2004,3,28.49,44.57,0.02
Chandgad,15.9012,74.2467,2004,4,28.86,51.26,0.53
Chandgad,15.9012,74.2467,2004,5,26.19,73.64,4.96
Chandgad,15.9012,74.2467,2004,6,23.76,88.45,11.07
Chandgad,15.9012,74.2467,2004,7,23.24,89.39,7.65
Chandgad,15.9012,74.2467,2004,8,22.73,90.63,9.84
Chandgad,15.9012,74.2467,2004,9,23.0,88.15,3.61
Chandgad,15.9012,74.2467,2004,10,22.98,79.36,1.43
Chandgad,15.9012,74.2467,2004,11,22.68,62.59,0.64
Chandgad,15.9012,74.2467,2004,12,21.65,45.18,0.0
Chandgad,15.9012,74.2467,2004,13,24.24,66.91,3.32
Chandgad,15.9012,74.2467,2005,1,23.06,46.51,0.03
Chandgad,15.9012,74.2467,2005,2,24.9,43.37,0.0
Chandgad,15.9012,74.2467,2005,3,26.95,45.19,0.02
Chandgad,15.9012,74.2467,2005,4,28.22,53.87,1.52
Chandgad,15.9012,74.2467,2005,5,28.01,61.08,1.45
Chandgad,15.9012,74.2467,2005,6,24.79,85.11,14.3
Chandgad,15.9012,74.2467,2005,7,23.41,92.55,18.87
Chandgad,15.9012,74.2467,2005,8,22.9,92.27,10.1
Chandgad,15.9012,74.2467,2005,9,23.04,91.79,10.86
Chandgad,15.9012,74.2467,2005,10,22.77,85.32,3.72
Chandgad,15.9012,74.2467,2005,11,19.45,75.43,0.07
Chandgad,15.9012,74.2467,2005,12,20.33,62.01,0.0
Chandgad,15.9012,74.2467,2005,13,23.98,69.68,5.1
Chandgad,15.9012,74.2467,2006,1,22.14,44.72,0.0
Chandgad,15.9012,74.2467,2006,2,24.89,36.77,0.0
Chandgad,15.9012,74.2467,2006,3,26.06,52.03,0.7
Chandgad,15.9012,74.2467,2006,4,28.46,50.58,0.13
Chandgad,15.9012,74.2467,2006,5,27.69,64.73,8.4
Chandgad,15.9012,74.2467,2006,6,23.87,89.53,12.89
Chandgad,15.9012,74.2467,2006,7,22.98,91.4,11.95
Chandgad,15.9012,74.2467,2006,8,22.46,92.02,11.45
Chandgad,15.9012,74.2467,2006,9,23.28,90.2,7.5
Chandgad,15.9012,74.2467,2006,10,23.12,84.02,4.55
Chandgad,15.9012,74.2467,2006,11,22.05,82.45,1.25
Chandgad,15.9012,74.2467,2006,12,20.53,63.64,0.0
Chandgad,15.9012,74.2467,2006,13,23.95,70.36,4.94
Chandgad,15.9012,74.2467,2007,1,22.47,47.13,0.0
Chandgad,15.9012,74.2467,2007,2,23.95,49.86,0.0
Chandgad,15.9012,74.2467,2007,3,27.66,46.13,0.01
Chandgad,15.9012,74.2467,2007,4,29.18,51.9,0.84
Chandgad,15.9012,74.2467,2007,5,27.47,66.22,2.25
Chandgad,15.9012,74.2467,2007,6,24.62,86.42,20.77
Chandgad,15.9012,74.2467,2007,7,23.47,91.78,13.52
Chandgad,15.9012,74.2467,2007,8,22.96,92.36,14.44
Chandgad,15.9012,74.2467,2007,9,23.07,91.48,10.06
Chandgad,15.9012,74.2467,2007,10,22.59,83.57,1.44
Chandgad,15.9012,74.2467,2007,11,20.31,74.53,1.31
Chandgad,15.9012,74.2467,2007,12,21.37,64.37,0.02
Chandgad,15.9012,74.2467,2007,13,24.09,70.59,5.4
Chandgad,15.9012,74.2467,2008,1,21.61,48.04,0.0
Chandgad,15.9012,74.2467,2008,2,23.45,49.14,0.41
Chandgad,15.9012,74.2467,2008,3,25.95,52.5,2.41
Chandgad,15.9012,74.2467,2008,4,27.31,58.26,0.99
Chandgad,15.9012,74.2467,2008,5,27.0,65.38,1.83
Chandgad,15.9012,74.2467,2008,6,24.1,86.41,9.76
Chandgad,15.9012,74.2467,2008,7,23.58,87.95,7.5
Chandgad,15.9012,74.2467,2008,8,22.95,90.97,13.13
Chandgad,15.9012,74.2467,2008,9,22.8,89.82,7.8
Chandgad,15.9012,74.2467,2008,10,22.93,79.48,1.34
Chandgad,15.9012,74.2467,2008,11,22.45,67.13,0.69
Chandgad,15.9012,74.2467,2008,12,21.87,57.71,0.21
Chandgad,15.9012,74.2467,2008,13,23.83,69.44,3.85
Chandgad,15.9012,74.2467,2009,1,23.1,45.02,0.0
Chandgad,15.9012,74.2467,2009,2,25.69,41.3,0.0
Chandgad,15.9012,74.2467,2009,3,28.04,42.9,0.19
Chandgad,15.9012,74.2467,2009,4,29.18,50.87,0.39
Chandgad,15.9012,74.2467,2009,5,27.85,62.74,1.24
Chandgad,15.9012,74.2467,2009,6,24.55,83.07,7.88
Chandgad,15.9012,74.2467,2009,7,23.17,91.63,20.49
Chandgad,15.9012,74.2467,2009,8,23.25,90.17,5.67
Chandgad,15.9012,74.2467,2009,9,23.52,89.67,8.49
Chandgad,15.9012,74.2467,2009,10,22.56,82.41,5.35
Chandgad,15.9012,74.2467,2009,11,21.8,81.87,2.86
Chandgad,15.9012,74.2467,2009,12,21.31,71.69,0.29
Chandgad,15.9012,74.2467,2009,13,24.49,69.6,4.43
Chandgad,15.9012,74.2467,2010,1,22.18,63.61,0.45
Chandgad,15.9012,74.2467,2010,2,24.96,49.45,0.0
Chandgad,15.9012,74.2467,2010,3,28.37,43.02,0.0
Chandgad,15.9012,74.2467,2010,4,28.97,52.5,0.56
Chandgad,15.9012,74.2467,2010,5,28.69,62.69,0.86
Chandgad,15.9012,74.2467,2010,6,25.01,83.25,12.93
Chandgad,15.9012,74.2467,2010,7,23.24,91.25,18.07
Chandgad,15.9012,74.2467,2010,8,23.12,91.97,10.38
Chandgad,15.9012,74.2467,2010,9,23.24,90.38,8.22
Chandgad,15.9012,74.2467,2010,10,23.03,87.59,4.09
Chandgad,15.9012,74.2467,2010,11,22.37,87.0,3.2
Chandgad,15.9012,74.2467,2010,12,19.7,74.18,0.04
Chandgad,15.9012,74.2467,2010,13,24.4,73.21,4.93
Chandgad,15.9012,74.2467,2011,1,21.07,53.13,0.0
Chandgad,15.9012,74.2467,2011,2,23.2,50.79,0.03
Chandgad,15.9012,74.2467,2011,3,27.66,41.93,0.0
Chandgad,15.9012,74.2467,2011,4,27.59,54.98,0.99
Chandgad,15.9012,74.2467,2011,5,27.59,62.73,1.48
Chandgad,15.9012,74.2467,2011,6,24.39,84.69,8.18
Chandgad,15.9012,74.2467,2011,7,23.18,89.72,14.2
Chandgad,15.9012,74.2467,2011,8,22.9,91.55,12.99
Chandgad,15.9012,74.2467,2011,9,22.75,90.33,6.65
Chandgad,15.9012,74.2467,2011,10,23.31,84.38,3.26
Chandgad,15.9012,74.2467,2011,11,22.15,67.64,0.28
Chandgad,15.9012,74.2467,2011,12,22.23,51.28,0.0
Chandgad,15.9012,74.2467,2011,13,24.01,68.68,4.04
Chandgad,15.9012,74.2467,2012,1,22.17,48.81,0.0
Chandgad,15.9012,74.2467,2012,2,25.05,35.77,0.0
Chandgad,15.9012,74.2467,2012,3,26.73,39.9,0.0
Chandgad,15.9012,74.2467,2012,4,28.18,55.3,1.39
Chandgad,15.9012,74.2467,2012,5,28.06,59.22,0.44
Chandgad,15.9012,74.2467,2012,6,24.63,80.62,10.96
Chandgad,15.9012,74.2467,2012,7,23.35,89.66,9.96
Chandgad,15.9012,74.2467,2012,8,23.09,90.67,8.94
Chandgad,15.9012,74.2467,2012,9,23.0,89.01,4.54
Chandgad,15.9012,74.2467,2012,10,23.25,76.94,2.18
Chandgad,15.9012,74.2467,2012,11,22.55,70.9,0.85
Chandgad,15.9012,74.2467,2012,12,22.71,56.15,0.0
Chandgad,15.9012,74.2467,2012,13,24.39,66.16,3.28
Chandgad,15.9012,74.2467,2013,1,23.32,45.76,0.01
Chandgad,15.9012,74.2467,2013,2,25.36,45.02,0.18
Chandgad,15.9012,74.2467,2013,3,27.52,42.94,0.05
Chandgad,15.9012,74.2467,2013,4,27.94,53.15,0.5
Chandgad,15.9012,74.2467,2013,5,27.52,65.4,1.93
Chandgad,15.9012,74.2467,2013,6,24.13,87.08,11.18
Chandgad,15.9012,74.2467,2013,7,22.92,92.33,17.91
Chandgad,15.9012,74.2467,2013,8,22.73,90.74,5.61
Chandgad,15.9012,74.2467,2013,9,22.92,90.35,7.71
Chandgad,15.9012,74.2467,2013,10,22.83,86.63,2.72
Chandgad,15.9012,74.2467,2013,11,21.76,73.37,0.04
Chandgad,15.9012,74.2467,2013,12,20.85,55.27,0.0
Chandgad,15.9012,74.2467,2013,13,24.14,69.12,4.01
Chandgad,15.9012,74.2467,2014,1,22.72,52.99,0.0
Chandgad,15.9012,74.2467,2014,2,23.79,49.97,0.04
Chandgad,15.9012,74.2467,2014,3,26.78,45.05,0.32
Chandgad,15.9012,74.2467,2014,4,29.04,47.71,0.46
Chandgad,15.9012,74.2467,2014,5,27.71,63.82,3.29
Chandgad,15.9012,74.2467,2014,6,25.31,81.91,5.86
Chandgad,15.9012,74.2467,2014,7,23.64,89.1,16.99
Chandgad,15.9012,74.2467,2014,8,23.2,91.11,12.97
Chandgad,15.9012,74.2467,2014,9,23.22,89.27,3.89
Chandgad,15.9012,74.2467,2014,10,23.2,81.96,4.73
Chandgad,15.9012,74.2467,2014,11,21.47,72.15,1.0
Chandgad,15.9012,74.2467,2014,12,21.02,64.86,0.53
Chandgad,15.9012,74.2467,2014,13,24.26,69.28,4.22
Chandgad,15.9012,74.2467,2015,1,21.19,52.66,0.01
Chandgad,15.9012,74.2467,2015,2,24.07,42.01,0.36
Chandgad,15.9012,74.2467,2015,3,26.21,53.34,0.68
Chandgad,15.9012,74.2467,2015,4,27.96,53.85,0.99
Chandgad,15.9012,74.2467,2015,5,27.85,65.82,2.17
Chandgad,15.9012,74.2467,2015,6,24.42,84.37,11.54
Chandgad,15.9012,74.2467,2015,7,23.76,88.02,6.87
Chandgad,15.9012,74.2467,2015,8,23.51,88.95,6.11
Chandgad,15.9012,74.2467,2015,9,23.48,86.53,3.68
Chandgad,15.9012,74.2467,2015,10,24.43,77.71,2.16
Chandgad,15.9012,74.2467,2015,11,24.02,67.75,0.39
Chandgad,15.9012,74.2467,2015,12,23.73,52.78,0.04
Chandgad,15.9012,74.2467,2015,13,24.55,67.97,2.92
Chandgad,15.9012,74.2467,2016,1,22.98,44.76,0.0
Chandgad,15.9012,74.2467,2016,2,25.61,47.93,0.0
Chandgad,15.9012,74.2467,2016,3,28.15,44.99,0.27
Chandgad,15.9012,74.2467,2016,4,29.36,50.47,0.39
Chandgad,15.9012,74.2467,2016,5,28.64,61.36,0.87
Chandgad,15.9012,74.2467,2016,6,24.54,84.27,14.05
Chandgad,15.9012,74.2467,2016,7,23.03,93.08,22.03
Chandgad,15.9012,74.2467,2016,8,22.84,91.84,13.25
Chandgad,15.9012,74.2467,2016,9,22.32,90.71,5.03
Chandgad,15.9012,74.2467,2016,10,21.84,80.94,1.7
Chandgad,15.9012,74.2467,2016,11,20.89,61.5,0.54
Chandgad,15.9012,74.2467,2016,12,22.05,47.04,0.01
Chandgad,15.9012,74.2467,2016,13,24.35,66.62,4.87
Chandgad,15.9012,74.2467,2017,1,22.76,42.06,0.0
Chandgad,15.9012,74.2467,2017,2,25.12,37.27,0.0
Chandgad,15.9012,74.2467,2017,3,26.62,46.91,0.02
Chandgad,15.9012,74.2467,2017,4,29.02,49.68,0.23
Chandgad,15.9012,74.2467,2017,5,28.32,62.68,2.24
Chandgad,15.9012,74.2467,2017,6,24.64,84.23,8.43
Chandgad,15.9012,74.2467,2017,7,23.6,89.45,11.6
Chandgad,15.9012,74.2467,2017,8,23.32,89.64,7.52
Chandgad,15.9012,74.2467,2017,9,23.64,89.47,10.39
Chandgad,15.9012,74.2467,2017,10,23.12,86.2,3.97
Chandgad,15.9012,74.2467,2017,11,20.88,74.78,0.05
Chandgad,15.9012,74.2467,2017,12,20.95,61.96,0.2
Chandgad,15.9012,74.2467,2017,13,24.32,68.04,3.74
Chandgad,15.9012,74.2467,2018,1,22.14,45.4,0.01
Chandgad,15.9012,74.2467,2018,2,24.81,32.23,0.02
Chandgad,15.9012,74.2467,2018,3,27.3,43.81,0.26
Chandgad,15.9012,74.2467,2018,4,29.3,46.87,0.46
Chandgad,15.9012,74.2467,2018,5,27.48,67.57,3.1
Chandgad,15.9012,74.2467,2018,6,24.23,88.79,15.59
Chandgad,15.9012,74.2467,2018,7,23.05,92.0,14.61
Chandgad,15.9012,74.2467,2018,8,22.65,90.98,7.74
Chandgad,15.9012,74.2467,2018,9,22.85,86.92,4.47
Chandgad,15.9012,74.2467,2018,10,23.44,74.66,1.66
Chandgad,15.9012,74.2467,2018,11,22.98,62.6,0.54
Chandgad,15.9012,74.2467,2018,12,22.12,54.0,0.11
Chandgad,15.9012,74.2467,2018,13,24.35,65.7,4.07
Chandgad,15.9012,74.2467,2019,1,22.03,38.27,0.0
Chandgad,15.9012,74.2467,2019,2,24.92,39.54,0.0
Chandgad,15.9012,74.2467,2019,3,27.02,43.47,0.41
Chandgad,15.9012,74.2467,2019,4,29.31,49.26,0.64
Chandgad,15.9012,74.2467,2019,5,29.02,54.93,0.12
Chandgad,15.9012,74.2467,2019,6,26.06,77.58,12.43
Chandgad,15.9012,74.2467,2019,7,23.68,92.48,21.24
Chandgad,15.9012,74.2467,2019,8,23.23,92.57,27.77
Chandgad,15.9012,74.2467,2019,9,23.09,91.87,11.24
Chandgad,15.9012,74.2467,2019,10,23.01,90.02,10.82
Chandgad,15.9012,74.2467,2019,11,21.8,84.74,0.49
Chandgad,15.9012,74.2467,2019,12,21.76,79.67,0.07
Chandgad,15.9012,74.2467,2019,13,24.57,69.71,7.17
Chandgad,15.9012,74.2467,2020,1,21.84,66.95,0.01
Chandgad,15.9012,74.2467,2020,2,24.55,47.71,0.05
Chandgad,15.9012,74.2467,2020,3,26.78,50.67,0.46
Chandgad,15.9012,74.2467,2020,4,29.06,52.73,1.24
Chandgad,15.9012,74.2467,2020,5,29.32,60.04,1.43
Chandgad,15.9012,74.2467,2020,6,24.3,87.06,14.58
Chandgad,15.9012,74.2467,2020,7,23.36,91.56,17.3
Chandgad,15.9012,74.2467,2020,8,23.24,93.36,20.69
Chandgad,15.9012,74.2467,2020,9,23.18,91.59,12.58
Chandgad,15.9012,74.2467,2020,10,22.99,89.6,8.15
Chandgad,15.9012,74.2467,2020,11,21.75,84.11,0.01
Chandgad,15.9012,74.2467,2020,12,20.94,73.57,0.08
Chandgad,15.9012,74.2467,2020,13,24.27,74.17,6.41
Chandgad,15.9012,74.2467,2021,1,23.19,67.05,0.31
Chandgad,15.9012,74.2467,2021,2,24.06,49.67,0.33
Chandgad,15.9012,74.2467,2021,3,28.19,41.48,0.08
Chandgad,15.9012,74.2467,2021,4,28.69,53.1,1.3
Chandgad,15.9012,74.2467,2021,5,26.5,76.04,8.13
Chandgad,15.9012,74.2467,2021,6,23.94,88.62,16.71
Chandgad,15.9012,74.2467,2021,7,23.26,92.69,22.96
Chandgad,15.9012,74.2467,2021,8,23.0,89.87,4.64
Chandgad,15.9012,74.2467,2021,9,23.03,91.07,7.56
Chandgad,15.9012,74.2467,2021,10,23.51,86.48,4.25
Chandgad,15.9012,74.2467,2021,11,22.79,84.29,2.97
Chandgad,15.9012,74.2467,2021,12,20.76,78.96,2.05
Chandgad,15.9012,74.2467,2021,13,24.24,75.1,5.97
Chandgad,15.9012,74.2467,2022,1,20.35,67.74,0.01
Chandgad,15.9012,74.2467,2022,2,23.58,51.8,0.0
Chandgad,15.9012,74.2467,2022,3,27.77,47.38,0.4
Chandgad,15.9012,74.2467,2022,4,28.39,57.45,1.73
Chandgad,15.9012,74.2467,2022,5,27.19,69.35,2.24
Chandgad,15.9012,74.2467,2022,6,24.56,83.03,10.23
Chandgad,15.9012,74.2467,2022,7,23.26,91.5,16.92
Chandgad,15.9012,74.2467,2022,8,22.91,91.55,11.85
Chandgad,15.9012,74.2467,2022,9,22.89,91.08,8.51
Chandgad,15.9012,74.2467,2022,10,22.4,85.91,5.17
Chandgad,15.9012,74.2467,2022,11,21.12,80.58,0.07
Chandgad,15.9012,74.2467,2022,12,22.38,69.25,0.13
Chandgad,15.9012,74.2467,2022,13,23.9,74.02,4.81
Chandgad,15.9012,74.2467,2023,1,22.23,51.61,0.0
Chandgad,15.9012,74.2467,2023,2,25.68,27.31,0.0
Chandgad,15.9012,74.2467,2023,3,26.39,40.72,0.0
Chandgad,15.9012,74.2467,2023,4,28.4,48.68,0.45
Chandgad,15.9012,74.2467,2023,5,28.42,59.16,1.19
Chandgad,15.9012,74.2467,2023,6,26.27,75.17,5.94
Chandgad,15.9012,74.2467,2023,7,23.49,91.21,23.71
Chandgad,15.9012,74.2467,2023,8,23.32,89.35,3.68
Chandgad,15.9012,74.2467,2023,9,23.38,90.08,8.18
Chandgad,15.9012,74.2467,2023,10,23.8,79.58,1.39
Chandgad,15.9012,74.2467,2023,11,23.55,76.82,1.13
Chandgad,15.9012,74.2467,2023,12,23.11,58.28,0.03
Chandgad,15.9012,74.2467,2023,13,24.82,65.9,3.84
Gadhinglaj,16.1329,74.3877,1997,1,21.26,56.13,0.07
Gadhinglaj,16.1329,74.3877,1997,2,23.01,37.76,0.0
Gadhinglaj,16.1329,74.3877,1997,3,27.27,43.13,0.19
Gadhinglaj,16.1329,74.3877,1997,4,27.32,51.27,0.61
Gadhinglaj,16.1329,74.3877,1997,5,28.08,55.56,0.21
Gadhinglaj,16.1329,74.3877,1997,6,24.64,81.99,14.76
Gadhinglaj,16.1329,74.3877,1997,7,23.25,91.46,17.21
Gadhinglaj,16.1329,74.3877,1997,8,22.73,92.35,16.16
Gadhinglaj,16.1329,74.3877,1997,9,22.62,88.44,1.33
Gadhinglaj,16.1329,74.3877,1997,10,24.03,80.08,1.7
Gadhinglaj,16.1329,74.3877,1997,11,23.55,79.21,1.41
Gadhinglaj,16.1329,74.3877,1997,12,22.31,72.95,1.26
Gadhinglaj,16.1329,74.3877,1997,13,24.18,69.39,4.61
Gadhinglaj,16.1329,74.3877,1998,1,22.63,56.8,0.0
Gadhinglaj,16.1329,74.3877,1998,2,23.86,48.35,0.01
Gadhinglaj,16.1329,74.3877,1998,3,26.69,48.74,0.0
Gadhinglaj,16.1329,74.3877,1998,4,30.29,46.03,0.12
Gadhinglaj,16.1329,74.3877,1998,5,28.68,64.21,2.48
Gadhinglaj,16.1329,74.3877,1998,6,25.17,81.73,15.62
Gadhinglaj,16.1329,74.3877,1998,7,23.41,91.19,10.5
Gadhinglaj,16.1329,74.3877,1998,8,23.47,91.54,10.29
Gadhinglaj,16.1329,74.3877,1998,9,23.21,91.11,7.39
Gadhinglaj,16.1329,74.3877,1998,10,22.57,88.64,2.98
Gadhinglaj,16.1329,74.3877,1998,11,20.89,79.97,1.38
Gadhinglaj,16.1329,74.3877,1998,12,19.66,61.49,0.05
Gadhinglaj,16.1329,74.3877,1998,13,24.21,70.96,4.25
Gadhinglaj,16.1329,74.3877,1999,1,21.05,47.38,0.0
Gadhinglaj,16.1329,74.3877,1999,2,25.7,38.1,0.05
Gadhinglaj,16.1329,74.3877,1999,3,28.12,40.23,0.0
Gadhinglaj,16.1329,74.3877,1999,4,28.42,54.79,0.01
Gadhinglaj,16.1329,74.3877,1999,5,25.88,72.05,4.22
Gadhinglaj,16.1329,74.3877,1999,6,23.63,87.04,13.91
Gadhinglaj,16.1329,74.3877,1999,7,22.99,91.52,17.06
Gadhinglaj,16.1329,74.3877,1999,8,22.68,90.01,3.62
Gadhinglaj,16.1329,74.3877,1999,9,22.74,88.36,3.08
Gadhinglaj,16.1329,74.3877,1999,10,23.12,83.02,4.13
Gadhinglaj,16.1329,74.3877,1999,11,22.03,65.89,0.05
Gadhinglaj,16.1329,74.3877,1999,12,21.58,49.84,0.0
Gadhinglaj,16.1329,74.3877,1999,13,23.98,67.52,3.87
Gadhinglaj,16.1329,74.3877,2000,1,23.37,38.34,0.02
Gadhinglaj,16.1329,74.3877,2000,2,23.41,52.99,0.09
Gadhinglaj,16.1329,74.3877,2000,3,26.57,42.04,0.0
Gadhinglaj,16.1329,74.3877,2000,4,28.59,55.29,0.61
Gadhinglaj,16.1329,74.3877,2000,5,26.39,70.38,3.84
Gadhinglaj,16.1329,74.3877,2000,6,23.72,87.8,9.81
Gadhinglaj,16.1329,74.3877,2000,7,22.65,90.53,12.67
Gadhinglaj,16.1329,74.3877,2000,8,22.7,90.0,7.95
Gadhinglaj,16.1329,74.3877,2000,9,23.41,87.47,4.87
Gadhinglaj,16.1329,74.3877,2000,10,23.31,80.61,2.67
Gadhinglaj,16.1329,74.3877,2000,11,22.06,66.76,0.26
Gadhinglaj,16.1329,74.3877,2000,12,21.22,45.08,0.19
Gadhinglaj,16.1329,74.3877,2000,13,23.95,67.28,3.6
Gadhinglaj,16.1329,74.3877,2001,1,23.32,43.82,0.06
Gadhinglaj,16.1329,74.3877,2001,2,24.99,36.16,0.0
Gadhinglaj,16.1329,74.3877,2001,3,25.79,48.62,0.0
Gadhinglaj,16.1329,74.3877,2001,4,28.69,51.96,0.61
Gadhinglaj,16.1329,74.3877,2001,5,27.27,64.28,2.0
Gadhinglaj,16.1329,74.3877,2001,6,24.04,83.31,7.04
Gadhinglaj,16.1329,74.3877,2001,7,23.12,88.35,10.13
Gadhinglaj,16.1329,74.3877,2001,8,22.66,90.61,7.17
Gadhinglaj,16.1329,74.3877,2001,9,23.19,86.76,2.7
Gadhinglaj,16.1329,74.3877,2001,10,22.7,81.77,2.49
Gadhinglaj,16.1329,74.3877,2001,11,22.9,68.51,0.55
Gadhinglaj,16.1329,74.3877,2001,12,21.98,51.52,0.03
Gadhinglaj,16.1329,74.3877,2001,13,24.21,66.48,2.75
Gadhinglaj,16.1329,74.3877,2002,1,22.11,50.36,0.01
Gadhinglaj,16.1329,74.3877,2002,2,25.35,42.05,0.01
Gadhinglaj,16.1329,74.3877,2002,3,27.8,44.38,0.01
Gadhinglaj,16.1329,74.3877,2002,4,29.74,49.32,0.31
Gadhinglaj,16.1329,74.3877,2002,5,27.65,67.41,1.31
Gadhinglaj,16.1329,74.3877,2002,6,24.54,85.93,13.34
Gadhinglaj,16.1329,74.3877,2002,7,23.54,87.51,4.6
Gadhinglaj,16.1329,74.3877,2002,8,22.88,89.61,9.23
Gadhinglaj,16.1329,74.3877,2002,9,23.13,85.01,1.51
Gadhinglaj,16.1329,74.3877,2002,10,24.0,79.39,4.09
Gadhinglaj,16.1329,74.3877,2002,11,23.26,62.73,0.1
Gadhinglaj,16.1329,74.3877,2002,12,22.44,48.73,0.0
Gadhinglaj,16.1329,74.3877,2002,13,24.69,66.18,2.89
Gadhinglaj,16.1329,74.3877,2003,1,23.61,47.0,0.0
Gadhinglaj,16.1329,74.3877,2003,2,25.76,44.94,0.07
Gadhinglaj,16.1329,74.3877,2003,3,27.61,45.33,0.41
Gadhinglaj,16.1329,74.3877,2003,4,29.2,49.41,1.04
Gadhinglaj,16.1329,74.3877,2003,5,28.82,57.99,0.41
Gadhinglaj,16.1329,74.3877,2003,6,25.43,80.01,10.15
Gadhinglaj,16.1329,74.3877,2003,7,23.6,90.68,9.18
Gadhinglaj,16.1329,74.3877,2003,8,23.36,89.49,5.15
Gadhinglaj,16.1329,74.3877,2003,9,23.24,86.59,2.28
Gadhinglaj,16.1329,74.3877,2003,10,23.57,80.05,2.99
Gadhinglaj,16.1329,74.3877,2003,11,23.21,63.62,0.08
Gadhinglaj,16.1329,74.3877,2003,12,22.21,46.73,0.05
Gadhinglaj,16.1329,74.3877,2003,13,24.96,65.27,2.66
Gadhinglaj,16.1329,74.3877,2004,1,22.46,49.78,0.0
Gadhinglaj,16.1329,74.3877,2004,2,24.97,38.88,0.01
Gadhinglaj,16.1329,74.3877,2004,3,28.49,44.57,0.02
Gadhinglaj,16.1329,74.3877,2004,4,28.86,51.26,0.53
Gadhinglaj,16.1329,74.3877,2004,5,26.19,73.64,4.96
Gadhinglaj,16.1329,74.3877,2004,6,23.76,88.45,11.07
Gadhinglaj,16.1329,74.3877,2004,7,23.24,89.39,7.65
Gadhinglaj,16.1329,74.3877,2004,8,22.73,90.63,9.84
Gadhinglaj,16.1329,74.3877,2004,9,23.0,88.15,3.61
Gadhinglaj,16.1329,74.3877,2004,10,22.98,79.36,1.43
Gadhinglaj,16.1329,74.3877,2004,11,22.68,62.59,0.64
Gadhinglaj,16.1329,74.3877,2004,12,21.65,45.18,0.0
Gadhinglaj,16.1329,74.3877,2004,13,24.24,66.91,3.32
Gadhinglaj,16.1329,74.3877,2005,1,23.06,46.51,0.03
Gadhinglaj,16.1329,74.3877,2005,2,24.9,43.37,0.0
Gadhinglaj,16.1329,74.3877,2005,3,26.95,45.19,0.02
Gadhinglaj,16.1329,74.3877,2005,4,28.22,53.87,1.52
Gadhinglaj,16.1329,74.3877,2005,5,28.01,61.08,1.45
Gadhinglaj,16.1329,74.3877,2005,6,24.79,85.11,14.3
Gadhinglaj,16.1329,74.3877,2005,7,23.41,92.55,18.87
Gadhinglaj,16.1329,74.3877,2005,8,22.9,92.27,10.1
Gadhinglaj,16.1329,74.3877,2005,9,23.04,91.79,10.86
Gadhinglaj,16.1329,74.3877,2005,10,22.77,85.32,3.72
Gadhinglaj,16.1329,74.3877,2005,11,19.45,75.43,0.07
Gadhinglaj,16.1329,74.3877,2005,12,20.33,62.01,0.0
Gadhinglaj,16.1329,74.3877,2005,13,23.98,69.68,5.1
Gadhinglaj,16.1329,74.3877,2006,1,22.14,44.72,0.0
Gadhinglaj,16.1329,74.3877,2006,2,24.89,36.77,0.0
Gadhinglaj,16.1329,74.3877,2006,3,26.06,52.03,0.7
Gadhinglaj,16.1329,74.3877,2006,4,28.46,50.58,0.13
Gadhinglaj,16.1329,74.3877,2006,5,27.69,64.73,8.4
Gadhinglaj,16.1329,74.3877,2006,6,23.87,89.53,12.89
Gadhinglaj,16.1329,74.3877,2006,7,22.98,91.4,11.95
Gadhinglaj,16.1329,74.3877,2006,8,22.46,92.02,11.45
Gadhinglaj,16.1329,74.3877,2006,9,23.28,90.2,7.5
Gadhinglaj,16.1329,74.3877,2006,10,23.12,84.02,4.55
Gadhinglaj,16.1329,74.3877,2006,11,22.05,82.45,1.25
Gadhinglaj,16.1329,74.3877,2006,12,20.53,63.64,0.0
Gadhinglaj,16.1329,74.3877,2006,13,23.95,70.36,4.94
Gadhinglaj,16.1329,74.3877,2007,1,22.47,47.13,0.0
Gadhinglaj,16.1329,74.3877,2007,2,23.95,49.86,0.0
Gadhinglaj,16.1329,74.3877,2007,3,27.66,46.13,0.01
Gadhinglaj,16.1329,74.3877,2007,4,29.18,51.9,0.84
Gadhinglaj,16.1329,74.3877,2007,5,27.47,66.22,2.25
Gadhinglaj,16.1329,74.3877,2007,6,24.62,86.42,20.77
Gadhinglaj,16.1329,74.3877,2007,7,23.47,91.78,13.52
Gadhinglaj,16.1329,74.3877,2007,8,22.96,92.36,14.44
Gadhinglaj,16.1329,74.3877,2007,9,23.07,91.48,10.06
Gadhinglaj,16.1329,74.3877,2007,10,22.59,83.57,1.44
Gadhinglaj,16.1329,74.3877,2007,11,20.31,74.53,1.31
Gadhinglaj,16.1329,74.3877,2007,12,21.37,64.37,0.02
Gadhinglaj,16.1329,74.3877,2007,13,24.09,70.59,5.4
Gadhinglaj,16.1329,74.3877,2008,1,21.61,48.04,0.0
Gadhinglaj,16.1329,74.3877,2008,2,23.45,49.14,0.41
Gadhinglaj,16.1329,74.3877,2008,3,25.95,52.5,2.41
Gadhinglaj,16.1329,74.3877,2008,4,27.31,58.26,0.99
Gadhinglaj,16.1329,74.3877,2008,5,27.0,65.38,1.83
Gadhinglaj,16.1329,74.3877,2008,6,24.1,86.41,9.76
Gadhinglaj,16.1329,74.3877,2008,7,23.58,87.95,7.5
Gadhinglaj,16.1329,74.3877,2008,8,22.95,90.97,13.13
Gadhinglaj,16.1329,74.3877,2008,9,22.8,89.82,7.8
Gadhinglaj,16.1329,74.3877,2008,10,22.93,79.48,1.34
Gadhinglaj,16.1329,74.3877,2008,11,22.45,67.13,0.69
Gadhinglaj,16.1329,74.3877,2008,12,21.87,57.71,0.21
Gadhinglaj,16.1329,74.3877,2008,13,23.83,69.44,3.85
Gadhinglaj,16.1329,74.3877,2009,1,23.1,45.02,0.0
Gadhinglaj,16.1329,74.3877,2009,2,25.69,41.3,0.0
Gadhinglaj,16.1329,74.3877,2009,3,28.04,42.9,0.19
Gadhinglaj,16.1329,74.3877,2009,4,29.18,50.87,0.39
Gadhinglaj,16.1329,74.3877,2009,5,27.85,62.74,1.24
Gadhinglaj,16.1329,74.3877,2009,6,24.55,83.07,7.88
Gadhinglaj,16.1329,74.3877,2009,7,23.17,91.63,20.49
Gadhinglaj,16.1329,74.3877,2009,8,23.25,90.17,5.67
Gadhinglaj,16.1329,74.3877,2009,9,23.52,89.67,8.49
Gadhinglaj,16.1329,74.3877,2009,10,22.56,82.41,5.35
Gadhinglaj,16.1329,74.3877,2009,11,21.8,81.87,2.86
Gadhinglaj,16.1329,74.3877,2009,12,21.31,71.69,0.29
Gadhinglaj,16.1329,74.3877,2009,13,24.49,69.6,4.43
Gadhinglaj,16.1329,74.3877,2010,1,22.18,63.61,0.45
Gadhinglaj,16.1329,74.3877,2010,2,24.96,49.45,0.0
Gadhinglaj,16.1329,74.3877,2010,3,28.37,43.02,0.0
Gadhinglaj,16.1329,74.3877,2010,4,28.97,52.5,0.56
Gadhinglaj,16.1329,74.3877,2010,5,28.69,62.69,0.86
Gadhinglaj,16.1329,74.3877,2010,6,25.01,83.25,12.93
Gadhinglaj,16.1329,74.3877,2010,7,23.24,91.25,18.07
Gadhinglaj,16.1329,74.3877,2010,8,23.12,91.97,10.38
Gadhinglaj,16.1329,74.3877,2010,9,23.24,90.38,8.22
Gadhinglaj,16.1329,74.3877,2010,10,23.03,87.59,4.09
Gadhinglaj,16.1329,74.3877,2010,11,22.37,87.0,3.2
Gadhinglaj,16.1329,74.3877,2010,12,19.7,74.18,0.04
Gadhinglaj,16.1329,74.3877,2010,13,24.4,73.21,4.93
Gadhinglaj,16.1329,74.3877,2011,1,21.07,53.13,0.0
Gadhinglaj,16.1329,74.3877,2011,2,23.2,50.79,0.03
Gadhinglaj,16.1329,74.3877,2011,3,27.66,41.93,0.0
Gadhinglaj,16.1329,74.3877,2011,4,27.59,54.98,0.99
Gadhinglaj,16.1329,74.3877,2011,5,27.59,62.73,1.48
Gadhinglaj,16.1329,74.3877,2011,6,24.39,84.69,8.18
Gadhinglaj,16.1329,74.3877,2011,7,23.18,89.72,14.2
Gadhinglaj,16.1329,74.3877,2011,8,22.9,91.55,12.99
Gadhinglaj,16.1329,74.3877,2011,9,22.75,90.33,6.65
Gadhinglaj,16.1329,74.3877,2011,10,23.31,84.38,3.26
Gadhinglaj,16.1329,74.3877,2011,11,22.15,67.64,0.28
Gadhinglaj,16.1329,74.3877,2011,12,22.23,51.28,0.0
Gadhinglaj,16.1329,74.3877,2011,13,24.01,68.68,4.04
Gadhinglaj,16.1329,74.3877,2012,1,22.17,48.81,0.0
Gadhinglaj,16.1329,74.3877,2012,2,25.05,35.77,0.0
Gadhinglaj,16.1329,74.3877,2012,3,26.73,39.9,0.0
Gadhinglaj,16.1329,74.3877,2012,4,28.18,55.3,1.39
Gadhinglaj,16.1329,74.3877,2012,5,28.06,59.22,0.44
Gadhinglaj,16.1329,74.3877,2012,6,24.63,80.62,10.96
Gadhinglaj,16.1329,74.3877,2012,7,23.35,89.66,9.96
Gadhinglaj,16.1329,74.3877,2012,8,23.09,90.67,8.94
Gadhinglaj,16.1329,74.3877,2012,9,23.0,89.01,4.54
Gadhinglaj,16.1329,74.3877,2012,10,23.25,76.94,2.18
Gadhinglaj,16.1329,74.3877,2012,11,22.55,70.9,0.85
Gadhinglaj,16.1329,74.3877,2012,12,22.71,56.15,0.0
Gadhinglaj,16.1329,74.3877,2012,13,24.39,66.16,3.28
Gadhinglaj,16.1329,74.3877,2013,1,23.32,45.76,0.01
Gadhinglaj,16.1329,74.3877,2013,2,25.36,45.02,0.18
Gadhinglaj,16.1329,74.3877,2013,3,27.52,42.94,0.05
Gadhinglaj,16.1329,74.3877,2013,4,27.94,53.15,0.5
Gadhinglaj,16.1329,74.3877,2013,5,27.52,65.4,1.93
Gadhinglaj,16.1329,74.3877,2013,6,24.13,87.08,11.18
Gadhinglaj,16.1329,74.3877,2013,7,22.92,92.33,17.91
Gadhinglaj,16.1329,74.3877,2013,8,22.73,90.74,5.61
Gadhinglaj,16.1329,74.3877,2013,9,22.92,90.35,7.71
Gadhinglaj,16.1329,74.3877,2013,10,22.83,86.63,2.72
Gadhinglaj,16.1329,74.3877,2013,11,21.76,73.37,0.04
Gadhinglaj,16.1329,74.3877,2013,12,20.85,55.27,0.0
Gadhinglaj,16.1329,74.3877,2013,13,24.14,69.12,4.01
Gadhinglaj,16.1329,74.3877,2014,1,22.72,52.99,0.0
Gadhinglaj,16.1329,74.3877,2014,2,23.79,49.97,0.04
Gadhinglaj,16.1329,74.3877,2014,3,26.78,45.05,0.32
Gadhinglaj,16.1329,74.3877,2014,4,29.04,47.71,0.46
Gadhinglaj,16.1329,74.3877,2014,5,27.71,63.82,3.29
Gadhinglaj,16.1329,74.3877,2014,6,25.31,81.91,5.86
Gadhinglaj,16.1329,74.3877,2014,7,23.64,89.1,16.99
Gadhinglaj,16.1329,74.3877,2014,8,23.2,91.11,12.97
Gadhinglaj,16.1329,74.3877,2014,9,23.22,89.27,3.89
Gadhinglaj,16.1329,74.3877,2014,10,23.2,81.96,4.73
Gadhinglaj,16.1329,74.3877,2014,11,21.47,72.15,1.0
Gadhinglaj,16.1329,74.3877,2014,12,21.02,64.86,0.53
Gadhinglaj,16.1329,74.3877,2014,13,24.26,69.28,4.22
Gadhinglaj,16.1329,74.3877,2015,1,21.19,52.66,0.01
Gadhinglaj,16.1329,74.3877,2015,2,24.07,42.01,0.36
Gadhinglaj,16.1329,74.3877,2015,3,26.21,53.34,0.68
Gadhinglaj,16.1329,74.3877,2015,4,27.96,53.85,0.99
Gadhinglaj,16.1329,74.3877,2015,5,27.85,65.82,2.17
Gadhinglaj,16.1329,74.3877,2015,6,24.42,84.37,11.54
Gadhinglaj,16.1329,74.3877,2015,7,23.76,88.02,6.87
Gadhinglaj,16.1329,74.3877,2015,8,23.51,88.95,6.11
Gadhinglaj,16.1329,74.3877,2015,9,23.48,86.53,3.68
Gadhinglaj,16.1329,74.3877,2015,10,24.43,77.71,2.16
Gadhinglaj,16.1329,74.3877,2015,11,24.02,67.75,0.39
Gadhinglaj,16.1329,74.3877,2015,12,23.73,52.78,0.04
Gadhinglaj,16.1329,74.3877,2015,13,24.55,67.97,2.92
Gadhinglaj,16.1329,74.3877,2016,1,22.98,44.76,0.0
Gadhinglaj,16.1329,74.3877,2016,2,25.61,47.93,0.0
Gadhinglaj,16.1329,74.3877,2016,3,28.15,44.99,0.27
Gadhinglaj,16.1329,74.3877,2016,4,29.36,50.47,0.39
Gadhinglaj,16.1329,74.3877,2016,5,28.64,61.36,0.87
Gadhinglaj,16.1329,74.3877,2016,6,24.54,84.27,14.05
Gadhinglaj,16.1329,74.3877,2016,7,23.03,93.08,22.03
Gadhinglaj,16.1329,74.3877,2016,8,22.84,91.84,13.25
Gadhinglaj,16.1329,74.3877,2016,9,22.32,90.71,5.03
Gadhinglaj,16.1329,74.3877,2016,10,21.84,80.94,1.7
Gadhinglaj,16.1329,74.3877,2016,11,20.89,61.5,0.54
Gadhinglaj,16.1329,74.3877,2016,12,22.05,47.04,0.01
Gadhinglaj,16.1329,74.3877,2016,13,24.35,66.62,4.87
Gadhinglaj,16.1329,74.3877,2017,1,22.76,42.06,0.0
Gadhinglaj,16.1329,74.3877,2017,2,25.12,37.27,0.0
Gadhinglaj,16.1329,74.3877,2017,3,26.62,46.91,0.02
Gadhinglaj,16.1329,74.3877,2017,4,29.02,49.68,0.23
Gadhinglaj,16.1329,74.3877,2017,5,28.32,62.68,2.24
Gadhinglaj,16.1329,74.3877,2017,6,24.64,84.23,8.43
Gadhinglaj,16.1329,74.3877,2017,7,23.6,89.45,11.6
Gadhinglaj,16.1329,74.3877,2017,8,23.32,89.64,7.52
Gadhinglaj,16.1329,74.3877,2017,9,23.64,89.47,10.39
Gadhinglaj,16.1329,74.3877,2017,10,23.12,86.2,3.97
Gadhinglaj,16.1329,74.3877,2017,11,20.88,74.78,0.05
Gadhinglaj,16.1329,74.3877,2017,12,20.95,61.96,0.2
Gadhinglaj,16.1329,74.3877,2017,13,24.32,68.04,3.74
Gadhinglaj,16.1329,74.3877,2018,1,22.14,45.4,0.01
Gadhinglaj,16.1329,74.3877,2018,2,24.81,32.23,0.02
Gadhinglaj,16.1329,74.3877,2018,3,27.3,43.81,0.26
Gadhinglaj,16.1329,74.3877,2018,4,29.3,46.87,0.46
Gadhinglaj,16.1329,74.3877,2018,5,27.48,67.57,3.1
Gadhinglaj,16.1329,74.3877,2018,6,24.23,88.79,15.59
Gadhinglaj,16.1329,74.3877,2018,7,23.05,92.0,14.61
Gadhinglaj,16.1329,74.3877,2018,8,22.65,90.98,7.74
Gadhinglaj,16.1329,74.3877,2018,9,22.85,86.92,4.47
Gadhinglaj,16.1329,74.3877,2018,10,23.44,74.66,1.66
Gadhinglaj,16.1329,74.3877,2018,11,22.98,62.6,0.54
Gadhinglaj,16.1329,74.3877,2018,12,22.12,54.0,0.11
Gadhinglaj,16.1329,74.3877,2018,13,24.35,65.7,4.07
Gadhinglaj,16.1329,74.3877,2019,1,22.03,38.27,0.0
Gadhinglaj,16.1329,74.3877,2019,2,24.92,39.54,0.0
Gadhinglaj,16.1329,74.3877,2019,3,27.02,43.47,0.41
Gadhinglaj,16.1329,74.3877,2019,4,29.31,49.26,0.64
Gadhinglaj,16.1329,74.3877,2019,5,29.02,54.93,0.12
Gadhinglaj,16.1329,74.3877,2019,6,26.06,77.58,12.43
Gadhinglaj,16.1329,74.3877,2019,7,23.68,92.48,21.24
Gadhinglaj,16.1329,74.3877,2019,8,23.23,92.57,27.77
Gadhinglaj,16.1329,74.3877,2019,9,23.09,91.87,11.24
Gadhinglaj,16.1329,74.3877,2019,10,23.01,90.02,10.82
Gadhinglaj,16.1329,74.3877,2019,11,21.8,84.74,0.49
Gadhinglaj,16.1329,74.3877,2019,12,21.76,79.67,0.07
Gadhinglaj,16.1329,74.3877,2019,13,24.57,69.71,7.17
Gadhinglaj,16.1329,74.3877,2020,1,21.84,66.95,0.01
Gadhinglaj,16.1329,74.3877,2020,2,24.55,47.71,0.05
Gadhinglaj,16.1329,74.3877,2020,3,26.78,50.67,0.46
Gadhinglaj,16.1329,74.3877,2020,4,29.06,52.73,1.24
Gadhinglaj,16.1329,74.3877,2020,5,29.32,60.04,1.43
Gadhinglaj,16.1329,74.3877,2020,6,24.3,87.06,14.58
Gadhinglaj,16.1329,74.3877,2020,7,23.36,91.56,17.3
Gadhinglaj,16.1329,74.3877,2020,8,23.24,93.36,20.69
Gadhinglaj,16.1329,74.3877,2020,9,23.18,91.59,12.58
Gadhinglaj,16.1329,74.3877,2020,10,22.99,89.6,8.15
Gadhinglaj,16.1329,74.3877,2020,11,21.75,84.11,0.01
Gadhinglaj,16.1329,74.3877,2020,12,20.94,73.57,0.08
Gadhinglaj,16.1329,74.3877,2020,13,24.27,74.17,6.41
Gadhinglaj,16.1329,74.3877,2021,1,23.19,67.05,0.31
Gadhinglaj,16.1329,74.3877,2021,2,24.06,49.67,0.33
Gadhinglaj,16.1329,74.3877,2021,3,28.19,41.48,0.08
Gadhinglaj,16.1329,74.3877,2021,4,28.69,53.1,1.3
Gadhinglaj,16.1329,74.3877,2021,5,26.5,76.04,8.13
Gadhinglaj,16.1329,74.3877,2021,6,23.94,88.62,16.71
Gadhinglaj,16.1329,74.3877,2021,7,23.26,92.69,22.96
Gadhinglaj,16.1329,74.3877,2021,8,23.0,89.87,4.64
Gadhinglaj,16.1329,74.3877,2021,9,23.03,91.07,7.56
Gadhinglaj,16.1329,74.3877,2021,10,23.51,86.48,4.25
Gadhinglaj,16.1329,74.3877,2021,11,22.79,84.29,2.97
Gadhinglaj,16.1329,74.3877,2021,12,20.76,78.96,2.05
Gadhinglaj,16.1329,74.3877,2021,13,24.24,75.1,5.97
Gadhinglaj,16.1329,74.3877,2022,1,20.35,67.74,0.01
Gadhinglaj,16.1329,74.3877,2022,2,23.58,51.8,0.0
Gadhinglaj,16.1329,74.3877,2022,3,27.77,47.38,0.4
Gadhinglaj,16.1329,74.3877,2022,4,28.39,57.45,1.73
Gadhinglaj,16.1329,74.3877,2022,5,27.19,69.35,2.24
Gadhinglaj,16.1329,74.3877,2022,6,24.56,83.03,10.23
Gadhinglaj,16.1329,74.3877,2022,7,23.26,91.5,16.92
Gadhinglaj,16.1329,74.3877,2022,8,22.91,91.55,11.85
Gadhinglaj,16.1329,74.3877,2022,9,22.89,91.08,8.51
Gadhinglaj,16.1329,74.3877,2022,10,22.4,85.91,5.17
Gadhinglaj,16.1329,74.3877,2022,11,21.12,80.58,0.07
Gadhinglaj,16.1329,74.3877,2022,12,22.38,69.25,0.13
Gadhinglaj,16.1329,74.3877,2022,13,23.9,74.02,4.81
Gadhinglaj,16.1329,74.3877,2023,1,22.23,51.61,0.0
Gadhinglaj,16.1329,74.3877,2023,2,25.68,27.31,0.0
Gadhinglaj,16.1329,74.3877,2023,3,26.39,40.72,0.0
Gadhinglaj,16.1329,74.3877,2023,4,28.4,48.68,0.45
Gadhinglaj,16.1329,74.3877,2023,5,28.42,59.16,1.19
Gadhinglaj,16.1329,74.3877,2023,6,26.27,75.17,5.94
Gadhinglaj,16.1329,74.3877,2023,7,23.49,91.21,23.71
Gadhinglaj,16.1329,74.3877,2023,8,23.32,89.35,3.68
Gadhinglaj,16.1329,74.3877,2023,9,23.38,90.08,8.18
Gadhinglaj,16.1329,74.3877,2023,10,23.8,79.58,1.39
Gadhinglaj,16.1329,74.3877,2023,11,23.55,76.82,1.13
Gadhinglaj,16.1329,74.3877,2023,12,23.11,58.28,0.03
Gadhinglaj,16.1329,74.3877,2023,13,24.82,65.9,3.84
Hatkanangle,16.7467,74.3559,1997,1,21.46,53.31,0.05
Hatkanangle,16.7467,74.3559,1997,2,23.1,34.66,0.0
Hatkanangle,16.7467,74.3559,1997,3,27.83,38.64,0.17
Hatkanangle,16.7467,74.3559,1997,4,27.95,47.35,0.47
Hatkanangle,16.7467,74.3559,1997,5,28.82,52.52,0.19
Hatkanangle,16.7467,74.3559,1997,6,25.18,79.58,11.3
Hatkanangle,16.7467,74.3559,1997,7,23.67,88.99,13.26
Hatkanangle,16.7467,74.3559,1997,8,23.01,90.77,12.83
Hatkanangle,16.7467,74.3559,1997,9,23.09,86.65,1.51
Hatkanangle,16.7467,74.3559,1997,10,24.58,77.41,1.48
Hatkanangle,16.7467,74.3559,1997,11,23.85,78.02,1.45
Hatkanangle,16.7467,74.3559,1997,12,22.33,72.13,1.36
Hatkanangle,16.7467,74.3559,1997,13,24.58,66.86,3.7
Hatkanangle,16.7467,74.3559,1998,1,22.55,55.5,0.0
Hatkanangle,16.7467,74.3559,1998,2,24.06,44.7,0.03
Hatkanangle,16.7467,74.3559,1998,3,27.21,43.89,0.0
Hatkanangle,16.7467,74.3559,1998,4,31.0,41.72,0.08
Hatkanangle,16.7467,74.3559,1998,5,29.96,57.55,1.42
Hatkanangle,16.7467,74.3559,1998,6,26.06,77.31,12.39
Hatkanangle,16.7467,74.3559,1998,7,23.88,88.77,9.96
Hatkanangle,16.7467,74.3559,1998,8,23.86,90.28,9.46
Hatkanangle,16.7467,74.3559,1998,9,23.48,90.25,7.2
Hatkanangle,16.7467,74.3559,1998,10,22.86,87.58,2.97
Hatkanangle,16.7467,74.3559,1998,11,21.17,78.37,1.25
Hatkanangle,16.7467,74.3559,1998,12,19.28,62.97,0.04
Hatkanangle,16.7467,74.3559,1998,13,24.61,68.39,3.75
Hatkanangle,16.7467,74.3559,1999,1,20.84,47.86,0.0
Hatkanangle,16.7467,74.3559,1999,2,25.87,36.68,0.08
Hatkanangle,16.7467,74.3559,1999,3,28.68,34.88,0.0
Hatkanangle,16.7467,74.3559,1999,4,29.31,50.49,0.0
Hatkanangle,16.7467,74.3559,1999,5,26.7,68.48,3.46
Hatkanangle,16.7467,74.3559,1999,6,24.23,84.04,11.3
Hatkanangle,16.7467,74.3559,1999,7,23.46,89.47,13.06
Hatkanangle,16.7467,74.3559,1999,8,23.02,88.7,2.88
Hatkanangle,16.7467,74.3559,1999,9,23.14,86.84,3.04
Hatkanangle,16.7467,74.3559,1999,10,23.61,79.44,3.22
Hatkanangle,16.7467,74.3559,1999,11,22.35,60.3,0.03
Hatkanangle,16.7467,74.3559,1999,12,21.52,45.78,0.0
Hatkanangle,16.7467,74.3559,1999,13,24.38,64.58,3.11
Hatkanangle,16.7467,74.3559,2000,1,23.52,34.94,0.01
Hatkanangle,16.7467,74.3559,2000,2,23.67,49.38,0.12
Hatkanangle,16.7467,74.3559,2000,3,26.99,38.04,0.01
Hatkanangle,16.7467,74.3559,2000,4,29.64,49.47,0.45
Hatkanangle,16.7467,74.3559,2000,5,27.2,66.7,2.91
Hatkanangle,16.7467,74.3559,2000,6,24.33,84.85,7.17
Hatkanangle,16.7467,74.3559,2000,7,23.16,87.9,10.34
Hatkanangle,16.7467,74.3559,2000,8,23.03,88.54,7.86
Hatkanangle,16.7467,74.3559,2000,9,23.92,85.27,3.59
Hatkanangle,16.7467,74.3559,2000,10,24.01,76.47,2.48
Hatkanangle,16.7467,74.3559,2000,11,22.56,63.03,0.24
Hatkanangle,16.7467,74.3559,2000,12,21.27,42.28,0.31
Hatkanangle,16.7467,74.3559,2000,13,24.44,63.91,2.97
Hatkanangle,16.7467,74.3559,2001,1,23.3,42.89,0.06
Hatkanangle,16.7467,74.3559,2001,2,25.3,31.84,0.0
Hatkanangle,16.7467,74.3559,2001,3,26.28,45.49,0.0
Hatkanangle,16.7467,74.3559,2001,4,29.37,47.84,0.67
Hatkanangle,16.7467,74.3559,2001,5,28.06,61.14,1.61
Hatkanangle,16.7467,74.3559,2001,6,24.6,80.79,5.96
Hatkanangle,16.7467,74.3559,2001,7,23.62,85.38,7.51
Hatkanangle,16.7467,74.3559,2001,8,23.11,88.31,6.53
Hatkanangle,16.7467,74.3559,2001,9,23.63,85.36,2.81
Hatkanangle,16.7467,74.3559,2001,10,23.13,79.67,1.92
Hatkanangle,16.7467,74.3559,2001,11,23.28,64.88,0.37
Hatkanangle,16.7467,74.3559,2001,12,22.15,48.42,0.02
Hatkanangle,16.7467,74.3559,2001,13,24.64,63.69,2.31
Hatkanangle,16.7467,74.3559,2002,1,22.23,46.7,0.02
Hatkanangle,16.7467,74.3559,2002,2,25.76,39.35,0.0
Hatkanangle,16.7467,74.3559,2002,3,28.34,39.69,0.02
Hatkanangle,16.7467,74.3559,2002,4,30.59,44.01,0.18
Hatkanangle,16.7467,74.3559,2002,5,28.6,62.94,1.03
Hatkanangle,16.7467,74.3559,2002,6,25.22,82.32,9.79
Hatkanangle,16.7467,74.3559,2002,7,24.11,84.64,3.61
Hatkanangle,16.7467,74.3559,2002,8,23.33,86.98,7.64
Hatkanangle,16.7467,74.3559,2002,9,23.57,83.22,1.35
Hatkanangle,16.7467,74.3559,2002,10,24.57,74.83,3.43
Hatkanangle,16.7467,74.3559,2002,11,23.78,56.0,0.15
Hatkanangle,16.7467,74.3559,2002,12,22.77,44.59,0.01
Hatkanangle,16.7467,74.3559,2002,13,25.23,62.25,2.28
Hatkanangle,16.7467,74.3559,2003,1,23.93,43.14,0.0
Hatkanangle,16.7467,74.3559,2003,2,26.13,40.16,0.06
Hatkanangle,16.7467,74.3559,2003,3,28.25,40.14,0.3
Hatkanangle,16.7467,74.3559,2003,4,30.26,43.57,0.87
Hatkanangle,16.7467,74.3559,2003,5,29.59,54.84,0.24
Hatkanangle,16.7467,74.3559,2003,6,26.14,76.2,7.46
Hatkanangle,16.7467,74.3559,2003,7,24.07,87.74,6.73
Hatkanangle,16.7467,74.3559,2003,8,23.76,87.19,3.95
Hatkanangle,16.7467,74.3559,2003,9,23.7,84.7,1.77
Hatkanangle,16.7467,74.3559,2003,10,24.3,75.47,2.13
Hatkanangle,16.7467,74.3559,2003,11,24.08,56.88,0.07
Hatkanangle,16.7467,74.3559,2003,12,22.61,42.54,0.03
Hatkanangle,16.7467,74.3559,2003,13,25.56,61.17,1.98
Hatkanangle,16.7467,74.3559,2004,1,22.74,45.95,0.0
Hatkanangle,16.7467,74.3559,2004,2,25.28,35.4,0.02
Hatkanangle,16.7467,74.3559,2004,3,29.1,39.96,0.01
Hatkanangle,16.7467,74.3559,2004,4,29.6,47.2,0.42
Hatkanangle,16.7467,74.3559,2004,5,27.2,68.36,3.18
Hatkanangle,16.7467,74.3559,2004,6,24.43,84.95,9.58
Hatkanangle,16.7467,74.3559,2004,7,23.73,86.75,5.99
Hatkanangle,16.7467,74.3559,2004,8,23.1,88.54,8.01
Hatkanangle,16.7467,74.3559,2004,9,23.56,85.92,3.57
Hatkanangle,16.7467,74.3559,2004,10,23.39,76.58,0.83
Hatkanangle,16.7467,74.3559,2004,11,23.02,59.79,0.45
Hatkanangle,16.7467,74.3559,2004,12,21.66,43.92,0.0
Hatkanangle,16.7467,74.3559,2004,13,24.73,63.7,2.68
Hatkanangle,16.7467,74.3559,2005,1,23.2,42.29,0.03
Hatkanangle,16.7467,74.3559,2005,2,25.21,40.01,0.0
Hatkanangle,16.7467,74.3559,2005,3,27.44,41.38,0.04
Hatkanangle,16.7467,74.3559,2005,4,29.16,47.91,0.84
Hatkanangle,16.7467,74.3559,2005,5,28.6,58.39,1.42
Hatkanangle,16.7467,74.3559,2005,6,25.64,80.37,9.33
Hatkanangle,16.7467,74.3559,2005,7,23.96,89.35,14.32
Hatkanangle,16.7467,74.3559,2005,8,23.27,90.65,8.69
Hatkanangle,16.7467,74.3559,2005,9,23.4,90.37,7.96
Hatkanangle,16.7467,74.3559,2005,10,23.05,83.07,3.2
Hatkanangle,16.7467,74.3559,2005,11,20.02,71.06,0.03
Hatkanangle,16.7467,74.3559,2005,12,20.44,59.3,0.0
Hatkanangle,16.7467,74.3559,2005,13,24.44,66.33,3.85
Hatkanangle,16.7467,74.3559,2006,1,22.01,42.83,0.0
Hatkanangle,16.7467,74.3559,2006,2,25.26,33.4,0.0
Hatkanangle,16.7467,74.3559,2006,3,26.81,46.86,0.43
Hatkanangle,16.7467,74.3559,2006,4,29.21,46.88,0.08
Hatkanangle,16.7467,74.3559,2006,5,28.63,60.53,7.87
Hatkanangle,16.7467,74.3559,2006,6,24.46,86.88,9.98
Hatkanangle,16.7467,74.3559,2006,7,23.33,89.47,10.39
Hatkanangle,16.7467,74.3559,2006,8,22.78,90.73,9.73
Hatkanangle,16.7467,74.3559,2006,9,23.62,89.07,6.34
Hatkanangle,16.7467,74.3559,2006,10,23.7,80.94,3.0
Hatkanangle,16.7467,74.3559,2006,11,22.45,79.1,1.24
Hatkanangle,16.7467,74.3559,2006,12,20.84,60.45,0.0
Hatkanangle,16.7467,74.3559,2006,13,24.41,67.45,4.12
Hatkanangle,16.7467,74.3559,2007,1,22.55,44.88,0.0
Hatkanangle,16.7467,74.3559,2007,2,24.3,46.78,0.0
Hatkanangle,16.7467,74.3559,2007,3,28.26,40.51,0.0
Hatkanangle,16.7467,74.3559,2007,4,30.16,45.96,0.46
Hatkanangle,16.7467,74.3559,2007,5,28.27,62.77,1.62
Hatkanangle,16.7467,74.3559,2007,6,25.49,81.66,16.0
Hatkanangle,16.7467,74.3559,2007,7,23.91,89.69,9.18
Hatkanangle,16.7467,74.3559,2007,8,23.37,90.54,11.0
Hatkanangle,16.7467,74.3559,2007,9,23.41,89.89,7.3
Hatkanangle,16.7467,74.3559,2007,10,23.22,78.63,0.81
Hatkanangle,16.7467,74.3559,2007,11,21.21,68.83,0.72
Hatkanangle,16.7467,74.3559,2007,12,22.12,57.98,0.01
Hatkanangle,16.7467,74.3559,2007,13,24.69,66.62,3.93
Hatkanangle,16.7467,74.3559,2008,1,21.8,43.76,0.0
Hatkanangle,16.7467,74.3559,2008,2,23.78,43.66,0.25
Hatkanangle,16.7467,74.3559,2008,3,26.87,47.03,1.49
Hatkanangle,16.7467,74.3559,2008,4,28.79,50.35,0.53
Hatkanangle,16.7467,74.3559,2008,5,27.77,62.4,2.01
Hatkanangle,16.7467,74.3559,2008,6,24.71,83.4,6.52
Hatkanangle,16.7467,74.3559,2008,7,24.14,84.85,5.2
Hatkanangle,16.7467,74.3559,2008,8,23.4,88.56,9.31
Hatkanangle,16.7467,74.3559,2008,9,23.25,87.81,6.3
Hatkanangle,16.7467,74.3559,2008,10,23.43,75.94,1.04
Hatkanangle,16.7467,74.3559,2008,11,22.86,65.18,0.58
Hatkanangle,16.7467,74.3559,2008,12,22.14,54.95,0.15
Hatkanangle,16.7467,74.3559,2008,13,24.41,65.71,2.79
Hatkanangle,16.7467,74.3559,2009,1,23.35,42.6,0.0
Hatkanangle,16.7467,74.3559,2009,2,26.12,36.1,0.0
Hatkanangle,16.7467,74.3559,2009,3,28.58,38.01,0.13
Hatkanangle,16.7467,74.3559,2009,4,30.3,44.83,0.22
Hatkanangle,16.7467,74.3559,2009,5,29.05,56.9,0.68
Hatkanangle,16.7467,74.3559,2009,6,25.47,77.69,4.65
Hatkanangle,16.7467,74.3559,2009,7,23.67,88.54,14.95
Hatkanangle,16.7467,74.3559,2009,8,23.73,87.7,4.2
Hatkanangle,16.7467,74.3559,2009,9,24.11,87.0,6.67
Hatkanangle,16.7467,74.3559,2009,10,23.12,79.57,4.02
Hatkanangle,16.7467,74.3559,2009,11,22.27,76.87,2.11
Hatkanangle,16.7467,74.3559,2009,12,21.93,65.91,0.12
Hatkanangle,16.7467,74.3559,2009,13,25.13,65.31,3.17
Hatkanangle,16.7467,74.3559,2010,1,22.65,58.3,0.38
Hatkanangle,16.7467,74.3559,2010,2,25.34,46.27,0.0
Hatkanangle,16.7467,74.3559,2010,3,28.99,39.11,0.0
Hatkanangle,16.7467,74.3559,2010,4,29.92,47.55,0.3
Hatkanangle,16.7467,74.3559,2010,5,29.82,57.39,0.33
Hatkanangle,16.7467,74.3559,2010,6,25.77,79.27,8.52
Hatkanangle,16.7467,74.3559,2010,7,23.9,87.75,14.1
Hatkanangle,16.7467,74.3559,2010,8,23.48,90.19,7.11
Hatkanangle,16.7467,74.3559,2010,9,23.73,88.26,5.25
Hatkanangle,16.7467,74.3559,2010,10,23.58,84.13,3.05
Hatkanangle,16.7467,74.3559,2010,11,23.2,82.77,2.2
Hatkanangle,16.7467,74.3559,2010,12,20.29,69.08,0.02
Hatkanangle,16.7467,74.3559,2010,13,25.05,69.3,3.46
Hatkanangle,16.7467,74.3559,2011,1,21.67,47.05,0.0
Hatkanangle,16.7467,74.3559,2011,2,23.65,47.75,0.02
Hatkanangle,16.7467,74.3559,2011,3,28.3,37.17,0.0
Hatkanangle,16.7467,74.3559,2011,4,28.7,49.44,0.54
Hatkanangle,16.7467,74.3559,2011,5,28.48,58.65,1.09
Hatkanangle,16.7467,74.3559,2011,6,24.91,81.99,6.52
Hatkanangle,16.7467,74.3559,2011,7,23.77,86.54,11.35
Hatkanangle,16.7467,74.3559,2011,8,23.37,89.24,9.35
Hatkanangle,16.7467,74.3559,2011,9,23.14,88.25,5.08
Hatkanangle,16.7467,74.3559,2011,10,23.89,80.47,2.82
Hatkanangle,16.7467,74.3559,2011,11,22.58,63.67,0.16
Hatkanangle,16.7467,74.3559,2011,12,22.35,47.76,0.0
Hatkanangle,16.7467,74.3559,2011,13,24.57,64.91,3.1
Hatkanangle,16.7467,74.3559,2012,1,22.18,45.66,0.0
Hatkanangle,16.7467,74.3559,2012,2,25.4,32.21,0.0
Hatkanangle,16.7467,74.3559,2012,3,27.19,33.91,0.0
Hatkanangle,16.7467,74.3559,2012,4,29.42,46.96,0.74
Hatkanangle,16.7467,74.3559,2012,5,28.95,55.65,0.27
Hatkanangle,16.7467,74.3559,2012,6,25.58,75.47,6.19
Hatkanangle,16.7467,74.3559,2012,7,23.94,86.44,8.52
Hatkanangle,16.7467,74.3559,2012,8,23.67,87.6,6.05
Hatkanangle,16.7467,74.3559,2012,9,23.5,86.48,3.82
Hatkanangle,16.7467,74.3559,2012,10,23.83,73.4,2.08
Hatkanangle,16.7467,74.3559,2012,11,23.15,66.77,0.54
Hatkanangle,16.7467,74.3559,2012,12,22.92,52.63,0.0
Hatkanangle,16.7467,74.3559,2012,13,24.97,62.02,2.36
Hatkanangle,16.7467,74.3559,2013,1,23.46,42.71,0.01
Hatkanangle,16.7467,74.3559,2013,2,25.8,41.64,0.12
Hatkanangle,16.7467,74.3559,2013,3,28.06,38.76,0.03
Hatkanangle,16.7467,74.3559,2013,4,28.73,49.28,0.27
Hatkanangle,16.7467,74.3559,2013,5,28.7,59.96,0.98
Hatkanangle,16.7467,74.3559,2013,6,24.67,84.47,9.06
Hatkanangle,16.7467,74.3559,2013,7,23.4,89.57,12.51
Hatkanangle,16.7467,74.3559,2013,8,23.14,88.62,3.99
Hatkanangle,16.7467,74.3559,2013,9,23.47,88.32,6.17
Hatkanangle,16.7467,74.3559,2013,10,23.41,83.7,2.23
Hatkanangle,16.7467,74.3559,2013,11,22.31,70.64,0.03
Hatkanangle,16.7467,74.3559,2013,12,21.04,52.78,0.0
Hatkanangle,16.7467,74.3559,2013,13,24.67,65.99,2.96
Hatkanangle,16.7467,74.3559,2014,1,22.82,51.2,0.0
Hatkanangle,16.7467,74.3559,2014,2,24.04,46.89,0.07
Hatkanangle,16.7467,74.3559,2014,3,27.3,42.25,0.33
Hatkanangle,16.7467,74.3559,2014,4,29.81,43.21,0.3
Hatkanangle,16.7467,74.3559,2014,5,28.91,57.46,1.8
Hatkanangle,16.7467,74.3559,2014,6,26.59,74.65,3.12
Hatkanangle,16.7467,74.3559,2014,7,24.35,84.94,12.6
Hatkanangle,16.7467,74.3559,2014,8,23.85,87.59,8.36
Hatkanangle,16.7467,74.3559,2014,9,23.78,85.9,3.29
Hatkanangle,16.7467,74.3559,2014,10,24.1,76.4,2.82
Hatkanangle,16.7467,74.3559,2014,11,22.12,68.02,0.82
Hatkanangle,16.7467,74.3559,2014,12,21.52,58.2,0.37
Hatkanangle,16.7467,74.3559,2014,13,24.93,64.84,2.86
Hatkanangle,16.7467,74.3559,2015,1,21.48,48.51,0.01
Hatkanangle,16.7467,74.3559,2015,2,24.43,37.41,0.28
Hatkanangle,16.7467,74.3559,2015,3,26.98,48.76,0.54
Hatkanangle,16.7467,74.3559,2015,4,28.86,48.78,0.56
Hatkanangle,16.7467,74.3559,2015,5,29.23,58.68,1.16
Hatkanangle,16.7467,74.3559,2015,6,25.28,79.45,8.5
Hatkanangle,16.7467,74.3559,2015,7,24.38,84.33,3.95
Hatkanangle,16.7467,74.3559,2015,8,24.15,85.06,3.79
Hatkanangle,16.7467,74.3559,2015,9,24.17,82.75,3.24
Hatkanangle,16.7467,74.3559,2015,10,25.68,69.81,1.84
Hatkanangle,16.7467,74.3559,2015,11,25.05,59.58,0.28
Hatkanangle,16.7467,74.3559,2015,12,24.5,44.6,0.02
Hatkanangle,16.7467,74.3559,2015,13,25.35,62.46,2.02
Hatkanangle,16.7467,74.3559,2016,1,23.19,39.41,0.0
Hatkanangle,16.7467,74.3559,2016,2,26.04,43.81,0.04
Hatkanangle,16.7467,74.3559,2016,3,28.75,41.31,0.22
Hatkanangle,16.7467,74.3559,2016,4,30.23,45.63,0.25
Hatkanangle,16.7467,74.3559,2016,5,29.73,56.21,0.45
Hatkanangle,16.7467,74.3559,2016,6,25.11,81.95,10.74
Hatkanangle,16.7467,74.3559,2016,7,23.42,91.35,20.79
Hatkanangle,16.7467,74.3559,2016,8,23.16,90.66,12.27
Hatkanangle,16.7467,74.3559,2016,9,22.6,89.89,5.0
Hatkanangle,16.7467,74.3559,2016,10,22.23,78.99,1.32
Hatkanangle,16.7467,74.3559,2016,11,20.91,60.51,0.42
Hatkanangle,16.7467,74.3559,2016,12,21.92,46.44,0.0
Hatkanangle,16.7467,74.3559,2016,13,24.77,63.89,4.32
Hatkanangle,16.7467,74.3559,2017,1,22.59,39.89,0.0
Hatkanangle,16.7467,74.3559,2017,2,25.47,32.64,0.0
Hatkanangle,16.7467,74.3559,2017,3,27.16,42.86,0.01
Hatkanangle,16.7467,74.3559,2017,4,29.66,45.26,0.13
Hatkanangle,16.7467,74.3559,2017,5,29.27,58.25,1.87
Hatkanangle,16.7467,74.3559,2017,6,25.36,80.71,6.97
Hatkanangle,16.7467,74.3559,2017,7,24.07,87.06,10.23
Hatkanangle,16.7467,74.3559,2017,8,23.74,87.35,6.39
Hatkanangle,16.7467,74.3559,2017,9,24.1,87.88,11.27
Hatkanangle,16.7467,74.3559,2017,10,23.49,84.31,3.81
Hatkanangle,16.7467,74.3559,2017,11,21.09,73.22,0.03
Hatkanangle,16.7467,74.3559,2017,12,20.7,62.83,0.15
Hatkanangle,16.7467,74.3559,2017,13,24.72,65.38,3.42
Hatkanangle,16.7467,74.3559,2018,1,21.87,45.71,0.0
Hatkanangle,16.7467,74.3559,2018,2,24.9,31.65,0.01
Hatkanangle,16.7467,74.3559,2018,3,27.94,40.44,0.18
Hatkanangle,16.7467,74.3559,2018,4,30.13,42.52,0.31
Hatkanangle,16.7467,74.3559,2018,5,28.4,63.01,2.24
Hatkanangle,16.7467,74.3559,2018,6,24.88,85.25,12.52
Hatkanangle,16.7467,74.3559,2018,7,23.45,90.16,13.91
Hatkanangle,16.7467,74.3559,2018,8,22.95,89.83,7.43
Hatkanangle,16.7467,74.3559,2018,9,23.34,85.08,4.42
Hatkanangle,16.7467,74.3559,2018,10,24.07,71.51,1.25
Hatkanangle,16.7467,74.3559,2018,11,23.29,61.14,0.65
Hatkanangle,16.7467,74.3559,2018,12,21.95,52.77,0.06
Hatkanangle,16.7467,74.3559,2018,13,24.76,63.46,3.6
Hatkanangle,16.7467,74.3559,2019,1,21.94,36.45,0.0
Hatkanangle,16.7467,74.3559,2019,2,25.19,36.8,0.0
Hatkanangle,16.7467,74.3559,2019,3,27.66,38.93,0.22
Hatkanangle,16.7467,74.3559,2019,4,30.27,44.29,0.39
Hatkanangle,16.7467,74.3559,2019,5,29.89,51.26,0.05
Hatkanangle,16.7467,74.3559,2019,6,26.91,73.74,9.62
Hatkanangle,16.7467,74.3559,2019,7,24.14,90.32,19.0
Hatkanangle,16.7467,74.3559,2019,8,23.48,91.55,22.92
Hatkanangle,16.7467,74.3559,2019,9,23.43,91.01,10.14
Hatkanangle,16.7467,74.3559,2019,10,23.33,88.61,8.6
Hatkanangle,16.7467,74.3559,2019,11,22.03,83.3,0.31
Hatkanangle,16.7467,74.3559,2019,12,21.91,78.58,0.09
Hatkanangle,16.7467,74.3559,2019,13,25.01,67.25,6.0
Hatkanangle,16.7467,74.3559,2020,1,21.64,66.78,0.0
Hatkanangle,16.7467,74.3559,2020,2,24.47,46.96,0.02
Hatkanangle,16.7467,74.3559,2020,3,27.31,46.76,0.34
Hatkanangle,16.7467,74.3559,2020,4,29.95,47.84,1.23
Hatkanangle,16.7467,74.3559,2020,5,30.25,55.71,1.37
Hatkanangle,16.7467,74.3559,2020,6,24.9,84.43,12.09
Hatkanangle,16.7467,74.3559,2020,7,23.85,89.35,12.18
Hatkanangle,16.7467,74.3559,2020,8,23.58,92.14,18.02
Hatkanangle,16.7467,74.3559,2020,9,23.63,90.18,9.75
Hatkanangle,16.7467,74.3559,2020,10,23.4,88.19,8.24
Hatkanangle,16.7467,74.3559,2020,11,22.02,82.37,0.01
Hatkanangle,16.7467,74.3559,2020,12,20.96,72.52,0.04
Hatkanangle,16.7467,74.3559,2020,13,24.66,72.03,5.3
Hatkanangle,16.7467,74.3559,2021,1,23.28,65.3,0.29
Hatkanangle,16.7467,74.3559,2021,2,24.01,48.38,0.25
Hatkanangle,16.7467,74.3559,2021,3,28.72,37.52,0.03
Hatkanangle,16.7467,74.3559,2021,4,29.26,49.46,1.39
Hatkanangle,16.7467,74.3559,2021,5,27.38,70.98,6.0
Hatkanangle,16.7467,74.3559,2021,6,24.5,86.7,14.5
Hatkanangle,16.7467,74.3559,2021,7,23.65,91.15,22.69
Hatkanangle,16.7467,74.3559,2021,8,23.34,88.95,3.85
Hatkanangle,16.7467,74.3559,2021,9,23.34,90.1,6.41
Hatkanangle,16.7467,74.3559,2021,10,23.87,84.13,3.61
Hatkanangle,16.7467,74.3559,2021,11,23.26,81.23,2.0
Hatkanangle,16.7467,74.3559,2021,12,21.11,77.18,2.2
Hatkanangle,16.7467,74.3559,2021,13,24.64,72.74,5.3
Hatkanangle,16.7467,74.3559,2022,1,20.44,65.69,0.02
Hatkanangle,16.7467,74.3559,2022,2,23.63,50.26,0.0
Hatkanangle,16.7467,74.3559,2022,3,28.38,42.63,0.35
Hatkanangle,16.7467,74.3559,2022,4,29.16,52.35,1.53
Hatkanangle,16.7467,74.3559,2022,5,28.15,64.97,2.19
Hatkanangle,16.7467,74.3559,2022,6,25.25,79.56,7.31
Hatkanangle,16.7467,74.3559,2022,7,23.61,89.77,14.76
Hatkanangle,16.7467,74.3559,2022,8,23.24,90.46,11.56
Hatkanangle,16.7467,74.3559,2022,9,23.25,90.17,7.66
Hatkanangle,16.7467,74.3559,2022,10,22.69,84.57,6.18
Hatkanangle,16.7467,74.3559,2022,11,21.33,78.57,0.05
Hatkanangle,16.7467,74.3559,2022,12,22.34,69.24,0.06
Hatkanangle,16.7467,74.3559,2022,13,24.29,71.65,4.34
Hatkanangle,16.7467,74.3559,2023,1,22.06,51.88,0.0
Hatkanangle,16.7467,74.3559,2023,2,25.36,25.67,0.0
Hatkanangle,16.7467,74.3559,2023,3,26.72,38.86,0.02
Hatkanangle,16.7467,74.3559,2023,4,29.08,45.42,0.46
Hatkanangle,16.7467,74.3559,2023,5,29.25,55.47,0.98
Hatkanangle,16.7467,74.3559,2023,6,27.04,71.68,4.2
Hatkanangle,16.7467,74.3559,2023,7,23.89,88.97,19.04
Hatkanangle,16.7467,74.3559,2023,8,23.65,88.29,3.0
Hatkanangle,16.7467,74.3559,2023,9,23.85,88.27,6.58
Hatkanangle,16.7467,74.3559,2023,10,24.21,76.18,1.17
Hatkanangle,16.7467,74.3559,2023,11,23.86,74.17,1.25
Hatkanangle,16.7467,74.3559,2023,12,23.0,56.67,0.05
Hatkanangle,16.7467,74.3559,2023,13,25.15,63.7,3.09
Kagal,16.4403,74.249,1997,1,21.46,53.31,0.05
Kagal,16.4403,74.249,1997,2,23.1,34.66,0.0
Kagal,16.4403,74.249,1997,3,27.83,38.64,0.17
Kagal,16.4403,74.249,1997,4,27.95,47.35,0.47
Kagal,16.4403,74.249,1997,5,28.82,52.52,0.19
Kagal,16.4403,74.249,1997,6,25.18,79.58,11.3
Kagal,16.4403,74.249,1997,7,23.67,88.99,13.26
Kagal,16.4403,74.249,1997,8,23.01,90.77,12.83
Kagal,16.4403,74.249,1997,9,23.09,86.65,1.51
Kagal,16.4403,74.249,1997,10,24.58,77.41,1.48
Kagal,16.4403,74.249,1997,11,23.85,78.02,1.45
Kagal,16.4403,74.249,1997,12,22.33,72.13,1.36
Kagal,16.4403,74.249,1997,13,24.58,66.86,3.7
Kagal,16.4403,74.249,1998,1,22.55,55.5,0.0
Kagal,16.4403,74.249,1998,2,24.06,44.7,0.03
Kagal,16.4403,74.249,1998,3,27.21,43.89,0.0
Kagal,16.4403,74.249,1998,4,31.0,41.72,0.08
Kagal,16.4403,74.249,1998,5,29.96,57.55,1.42
Kagal,16.4403,74.249,1998,6,26.06,77.31,12.39
Kagal,16.4403,74.249,1998,7,23.88,88.77,9.96
Kagal,16.4403,74.249,1998,8,23.86,90.28,9.46
Kagal,16.4403,74.249,1998,9,23.48,90.25,7.2
Kagal,16.4403,74.249,1998,10,22.86,87.58,2.97
Kagal,16.4403,74.249,1998,11,21.17,78.37,1.25
Kagal,16.4403,74.249,1998,12,19.28,62.97,0.04
Kagal,16.4403,74.249,1998,13,24.61,68.39,3.75
Kagal,16.4403,74.249,1999,1,20.84,47.86,0.0
Kagal,16.4403,74.249,1999,2,25.87,36.68,0.08
Kagal,16.4403,74.249,1999,3,28.68,34.88,0.0
Kagal,16.4403,74.249,1999,4,29.31,50.49,0.0
Kagal,16.4403,74.249,1999,5,26.7,68.48,3.46
Kagal,16.4403,74.249,1999,6,24.23,84.04,11.3
Kagal,16.4403,74.249,1999,7,23.46,89.47,13.06
Kagal,16.4403,74.249,1999,8,23.02,88.7,2.88
Kagal,16.4403,74.249,1999,9,23.14,86.84,3.04
Kagal,16.4403,74.249,1999,10,23.61,79.44,3.22
Kagal,16.4403,74.249,1999,11,22.35,60.3,0.03
Kagal,16.4403,74.249,1999,12,21.52,45.78,0.0
Kagal,16.4403,74.249,1999,13,24.38,64.58,3.11
Kagal,16.4403,74.249,2000,1,23.52,34.94,0.01
Kagal,16.4403,74.249,2000,2,23.67,49.38,0.12
Kagal,16.4403,74.249,2000,3,26.99,38.04,0.01
Kagal,16.4403,74.249,2000,4,29.64,49.47,0.45
Kagal,16.4403,74.249,2000,5,27.2,66.7,2.91
Kagal,16.4403,74.249,2000,6,24.33,84.85,7.17
Kagal,16.4403,74.249,2000,7,23.16,87.9,10.34
Kagal,16.4403,74.249,2000,8,23.03,88.54,7.86
Kagal,16.4403,74.249,2000,9,23.92,85.27,3.59
Kagal,16.4403,74.249,2000,10,24.01,76.47,2.48
Kagal,16.4403,74.249,2000,11,22.56,63.03,0.24
Kagal,16.4403,74.249,2000,12,21.27,42.28,0.31
Kagal,16.4403,74.249,2000,13,24.44,63.91,2.97
Kagal,16.4403,74.249,2001,1,23.3,42.89,0.06
Kagal,16.4403,74.249,2001,2,25.3,31.84,0.0
Kagal,16.4403,74.249,2001,3,26.28,45.49,0.0
Kagal,16.4403,74.249,2001,4,29.37,47.84,0.67
Kagal,16.4403,74.249,2001,5,28.06,61.14,1.61
Kagal,16.4403,74.249,2001,6,24.6,80.79,5.96
Kagal,16.4403,74.249,2001,7,23.62,85.38,7.51
Kagal,16.4403,74.249,2001,8,23.11,88.31,6.53
Kagal,16.4403,74.249,2001,9,23.63,85.36,2.81
Kagal,16.4403,74.249,2001,10,23.13,79.67,1.92
Kagal,16.4403,74.249,2001,11,23.28,64.88,0.37
Kagal,16.4403,74.249,2001,12,22.15,48.42,0.02
Kagal,16.4403,74.249,2001,13,24.64,63.69,2.31
Kagal,16.4403,74.249,2002,1,22.23,46.7,0.02
Kagal,16.4403,74.249,2002,2,25.76,39.35,0.0
Kagal,16.4403,74.249,2002,3,28.34,39.69,0.02
Kagal,16.4403,74.249,2002,4,30.59,44.01,0.18
Kagal,16.4403,74.249,2002,5,28.6,62.94,1.03
Kagal,16.4403,74.249,2002,6,25.22,82.32,9.79
Kagal,16.4403,74.249,2002,7,24.11,84.64,3.61
Kagal,16.4403,74.249,2002,8,23.33,86.98,7.64
Kagal,16.4403,74.249,2002,9,23.57,83.22,1.35
Kagal,16.4403,74.249,2002,10,24.57,74.83,3.43
Kagal,16.4403,74.249,2002,11,23.78,56.0,0.15
Kagal,16.4403,74.249,2002,12,22.77,44.59,0.01
Kagal,16.4403,74.249,2002,13,25.23,62.25,2.28
Kagal,16.4403,74.249,2003,1,23.93,43.14,0.0
Kagal,16.4403,74.249,2003,2,26.13,40.16,0.06
Kagal,16.4403,74.249,2003,3,28.25,40.14,0.3
Kagal,16.4403,74.249,2003,4,30.26,43.57,0.87
Kagal,16.4403,74.249,2003,5,29.59,54.84,0.24
Kagal,16.4403,74.249,2003,6,26.14,76.2,7.46
Kagal,16.4403,74.249,2003,7,24.07,87.74,6.73
Kagal,16.4403,74.249,2003,8,23.76,87.19,3.95
Kagal,16.4403,74.249,2003,9,23.7,84.7,1.77
Kagal,16.4403,74.249,2003,10,24.3,75.47,2.13
Kagal,16.4403,74.249,2003,11,24.08,56.88,0.07
Kagal,16.4403,74.249,2003,12,22.61,42.54,0.03
Kagal,16.4403,74.249,2003,13,25.56,61.17,1.98
Kagal,16.4403,74.249,2004,1,22.74,45.95,0.0
Kagal,16.4403,74.249,2004,2,25.28,35.4,0.02
Kagal,16.4403,74.249,2004,3,29.1,39.96,0.01
Kagal,16.4403,74.249,2004,4,29.6,47.2,0.42
Kagal,16.4403,74.249,2004,5,27.2,68.36,3.18
Kagal,16.4403,74.249,2004,6,24.43,84.95,9.58
Kagal,16.4403,74.249,2004,7,23.73,86.75,5.99
Kagal,16.4403,74.249,2004,8,23.1,88.54,8.01
Kagal,16.4403,74.249,2004,9,23.56,85.92,3.57
Kagal,16.4403,74.249,2004,10,23.39,76.58,0.83
Kagal,16.4403,74.249,2004,11,23.02,59.79,0.45
Kagal,16.4403,74.249,2004,12,21.66,43.92,0.0
Kagal,16.4403,74.249,2004,13,24.73,63.7,2.68
Kagal,16.4403,74.249,2005,1,23.2,42.29,0.03
Kagal,16.4403,74.249,2005,2,25.21,40.01,0.0
Kagal,16.4403,74.249,2005,3,27.44,41.38,0.04
Kagal,16.4403,74.249,2005,4,29.16,47.91,0.84
Kagal,16.4403,74.249,2005,5,28.6,58.39,1.42
Kagal,16.4403,74.249,2005,6,25.64,80.37,9.33
Kagal,16.4403,74.249,2005,7,23.96,89.35,14.32
Kagal,16.4403,74.249,2005,8,23.27,90.65,8.69
Kagal,16.4403,74.249,2005,9,23.4,90.37,7.96
Kagal,16.4403,74.249,2005,10,23.05,83.07,3.2
Kagal,16.4403,74.249,2005,11,20.02,71.06,0.03
Kagal,16.4403,74.249,2005,12,20.44,59.3,0.0
Kagal,16.4403,74.249,2005,13,24.44,66.33,3.85
Kagal,16.4403,74.249,2006,1,22.01,42.83,0.0
Kagal,16.4403,74.249,2006,2,25.26,33.4,0.0
Kagal,16.4403,74.249,2006,3,26.81,46.86,0.43
Kagal,16.4403,74.249,2006,4,29.21,46.88,0.08
Kagal,16.4403,74.249,2006,5,28.63,60.53,7.87
Kagal,16.4403,74.249,2006,6,24.46,86.88,9.98
Kagal,16.4403,74.249,2006,7,23.33,89.47,10.39
Kagal,16.4403,74.249,2006,8,22.78,90.73,9.73
Kagal,16.4403,74.249,2006,9,23.62,89.07,6.34
Kagal,16.4403,74.249,2006,10,23.7,80.94,3.0
Kagal,16.4403,74.249,2006,11,22.45,79.1,1.24
Kagal,16.4403,74.249,2006,12,20.84,60.45,0.0
Kagal,16.4403,74.249,2006,13,24.41,67.45,4.12
Kagal,16.4403,74.249,2007,1,22.55,44.88,0.0
Kagal,16.4403,74.249,2007,2,24.3,46.78,0.0
Kagal,16.4403,74.249,2007,3,28.26,40.51,0.0
Kagal,16.4403,74.249,2007,4,30.16,45.96,0.46
Kagal,16.4403,74.249,2007,5,28.27,62.77,1.62
Kagal,16.4403,74.249,2007,6,25.49,81.66,16.0
Kagal,16.4403,74.249,2007,7,23.91,89.69,9.18
Kagal,16.4403,74.249,2007,8,23.37,90.54,11.0
Kagal,16.4403,74.249,2007,9,23.41,89.89,7.3
Kagal,16.4403,74.249,2007,10,23.22,78.63,0.81
Kagal,16.4403,74.249,2007,11,21.21,68.83,0.72
Kagal,16.4403,74.249,2007,12,22.12,57.98,0.01
Kagal,16.4403,74.249,2007,13,24.69,66.62,3.93
Kagal,16.4403,74.249,2008,1,21.8,43.76,0.0
Kagal,16.4403,74.249,2008,2,23.78,43.66,0.25
Kagal,16.4403,74.249,2008,3,26.87,47.03,1.49
Kagal,16.4403,74.249,2008,4,28.79,50.35,0.53
Kagal,16.4403,74.249,2008,5,27.77,62.4,2.01
Kagal,16.4403,74.249,2008,6,24.71,83.4,6.52
Kagal,16.4403,74.249,2008,7,24.14,84.85,5.2
Kagal,16.4403,74.249,2008,8,23.4,88.56,9.31
Kagal,16.4403,74.249,2008,9,23.25,87.81,6.3
Kagal,16.4403,74.249,2008,10,23.43,75.94,1.04
Kagal,16.4403,74.249,2008,11,22.86,65.18,0.58
Kagal,16.4403,74.249,2008,12,22.14,54.95,0.15
Kagal,16.4403,74.249,2008,13,24.41,65.71,2.79
Kagal,16.4403,74.249,2009,1,23.35,42.6,0.0
Kagal,16.4403,74.249,2009,2,26.12,36.1,0.0
Kagal,16.4403,74.249,2009,3,28.58,38.01,0.13
Kagal,16.4403,74.249,2009,4,30.3,44.83,0.22
Kagal,16.4403,74.249,2009,5,29.05,56.9,0.68
Kagal,16.4403,74.249,2009,6,25.47,77.69,4.65
Kagal,16.4403,74.249,2009,7,23.67,88.54,14.95
Kagal,16.4403,74.249,2009,8,23.73,87.7,4.2
Kagal,16.4403,74.249,2009,9,24.11,87.0,6.67
Kagal,16.4403,74.249,2009,10,23.12,79.57,4.02
Kagal,16.4403,74.249,2009,11,22.27,76.87,2.11
Kagal,16.4403,74.249,2009,12,21.93,65.91,0.12
Kagal,16.4403,74.249,2009,13,25.13,65.31,3.17
Kagal,16.4403,74.249,2010,1,22.65,58.3,0.38
Kagal,16.4403,74.249,2010,2,25.34,46.27,0.0
Kagal,16.4403,74.249,2010,3,28.99,39.11,0.0
Kagal,16.4403,74.249,2010,4,29.92,47.55,0.3
Kagal,16.4403,74.249,2010,5,29.82,57.39,0.33
Kagal,16.4403,74.249,2010,6,25.77,79.27,8.52
Kagal,16.4403,74.249,2010,7,23.9,87.75,14.1
Kagal,16.4403,74.249,2010,8,23.48,90.19,7.11
Kagal,16.4403,74.249,2010,9,23.73,88.26,5.25
Kagal,16.4403,74.249,2010,10,23.58,84.13,3.05
Kagal,16.4403,74.249,2010,11,23.2,82.77,2.2
Kagal,16.4403,74.249,2010,12,20.29,69.08,0.02
Kagal,16.4403,74.249,2010,13,25.05,69.3,3.46
Kagal,16.4403,74.249,2011,1,21.67,47.05,0.0
Kagal,16.4403,74.249,2011,2,23.65,47.75,0.02
Kagal,16.4403,74.249,2011,3,28.3,37.17,0.0
Kagal,16.4403,74.249,2011,4,28.7,49.44,0.54
Kagal,16.4403,74.249,2011,5,28.48,58.65,1.09
Kagal,16.4403,74.249,2011,6,24.91,81.99,6.52
Kagal,16.4403,74.249,2011,7,23.77,86.54,11.35
Kagal,16.4403,74.249,2011,8,23.37,89.24,9.35
Kagal,16.4403,74.249,2011,9,23.14,88.25,5.08
Kagal,16.4403,74.249,2011,10,23.89,80.47,2.82
Kagal,16.4403,74.249,2011,11,22.58,63.67,0.16
Kagal,16.4403,74.249,2011,12,22.35,47.76,0.0
Kagal,16.4403,74.249,2011,13,24.57,64.91,3.1
Kagal,16.4403,74.249,2012,1,22.18,45.66,0.0
Kagal,16.4403,74.249,2012,2,25.4,32.21,0.0
Kagal,16.4403,74.249,2012,3,27.19,33.91,0.0
Kagal,16.4403,74.249,2012,4,29.42,46.96,0.74
Kagal,16.4403,74.249,2012,5,28.95,55.65,0.27
Kagal,16.4403,74.249,2012,6,25.58,75.47,6.19
Kagal,16.4403,74.249,2012,7,23.94,86.44,8.52
Kagal,16.4403,74.249,2012,8,23.67,87.6,6.05
Kagal,16.4403,74.249,2012,9,23.5,86.48,3.82
Kagal,16.4403,74.249,2012,10,23.83,73.4,2.08
Kagal,16.4403,74.249,2012,11,23.15,66.77,0.54
Kagal,16.4403,74.249,2012,12,22.92,52.63,0.0
Kagal,16.4403,74.249,2012,13,24.97,62.02,2.36
Kagal,16.4403,74.249,2013,1,23.46,42.71,0.01
Kagal,16.4403,74.249,2013,2,25.8,41.64,0.12
Kagal,16.4403,74.249,2013,3,28.06,38.76,0.03
Kagal,16.4403,74.249,2013,4,28.73,49.28,0.27
Kagal,16.4403,74.249,2013,5,28.7,59.96,0.98
Kagal,16.4403,74.249,2013,6,24.67,84.47,9.06
Kagal,16.4403,74.249,2013,7,23.4,89.57,12.51
Kagal,16.4403,74.249,2013,8,23.14,88.62,3.99
Kagal,16.4403,74.249,2013,9,23.47,88.32,6.17
Kagal,16.4403,74.249,2013,10,23.41,83.7,2.23
Kagal,16.4403,74.249,2013,11,22.31,70.64,0.03
Kagal,16.4403,74.249,2013,12,21.04,52.78,0.0
Kagal,16.4403,74.249,2013,13,24.67,65.99,2.96
Kagal,16.4403,74.249,2014,1,22.82,51.2,0.0
Kagal,16.4403,74.249,2014,2,24.04,46.89,0.07
Kagal,16.4403,74.249,2014,3,27.3,42.25,0.33
Kagal,16.4403,74.249,2014,4,29.81,43.21,0.3
Kagal,16.4403,74.249,2014,5,28.91,57.46,1.8
Kagal,16.4403,74.249,2014,6,26.59,74.65,3.12
Kagal,16.4403,74.249,2014,7,24.35,84.94,12.6
Kagal,16.4403,74.249,2014,8,23.85,87.59,8.36
Kagal,16.4403,74.249,2014,9,23.78,85.9,3.29
Kagal,16.4403,74.249,2014,10,24.1,76.4,2.82
Kagal,16.4403,74.249,2014,11,22.12,68.02,0.82
Kagal,16.4403,74.249,2014,12,21.52,58.2,0.37
Kagal,16.4403,74.249,2014,13,24.93,64.84,2.86
Kagal,16.4403,74.249,2015,1,21.48,48.51,0.01
Kagal,16.4403,74.249,2015,2,24.43,37.41,0.28
Kagal,16.4403,74.249,2015,3,26.98,48.76,0.54
Kagal,16.4403,74.249,2015,4,28.86,48.78,0.56
Kagal,16.4403,74.249,2015,5,29.23,58.68,1.16
Kagal,16.4403,74.249,2015,6,25.28,79.45,8.5
Kagal,16.4403,74.249,2015,7,24.38,84.33,3.95
Kagal,16.4403,74.249,2015,8,24.15,85.06,3.79
Kagal,16.4403,74.249,2015,9,24.17,82.75,3.24
Kagal,16.4403,74.249,2015,10,25.68,69.81,1.84
Kagal,16.4403,74.249,2015,11,25.05,59.58,0.28
Kagal,16.4403,74.249,2015,12,24.5,44.6,0.02
Kagal,16.4403,74.249,2015,13,25.35,62.46,2.02
Kagal,16.4403,74.249,2016,1,23.19,39.41,0.0
Kagal,16.4403,74.249,2016,2,26.04,43.81,0.04
Kagal,16.4403,74.249,2016,3,28.75,41.31,0.22
Kagal,16.4403,74.249,2016,4,30.23,45.63,0.25
Kagal,16.4403,74.249,2016,5,29.73,56.21,0.45
Kagal,16.4403,74.249,2016,6,25.11,81.95,10.74
Kagal,16.4403,74.249,2016,7,23.42,91.35,20.79
Kagal,16.4403,74.249,2016,8,23.16,90.66,12.27
Kagal,16.4403,74.249,2016,9,22.6,89.89,5.0
Kagal,16.4403,74.249,2016,10,22.23,78.99,1.32
Kagal,16.4403,74.249,2016,11,20.91,60.51,0.42
Kagal,16.4403,74.249,2016,12,21.92,46.44,0.0
Kagal,16.4403,74.249,2016,13,24.77,63.89,4.32
Kagal,16.4403,74.249,2017,1,22.59,39.89,0.0
Kagal,16.4403,74.249,2017,2,25.47,32.64,0.0
Kagal,16.4403,74.249,2017,3,27.16,42.86,0.01
Kagal,16.4403,74.249,2017,4,29.66,45.26,0.13
Kagal,16.4403,74.249,2017,5,29.27,58.25,1.87
Kagal,16.4403,74.249,2017,6,25.36,80.71,6.97
Kagal,16.4403,74.249,2017,7,24.07,87.06,10.23
Kagal,16.4403,74.249,2017,8,23.74,87.35,6.39
Kagal,16.4403,74.249,2017,9,24.1,87.88,11.27
Kagal,16.4403,74.249,2017,10,23.49,84.31,3.81
Kagal,16.4403,74.249,2017,11,21.09,73.22,0.03
Kagal,16.4403,74.249,2017,12,20.7,62.83,0.15
Kagal,16.4403,74.249,2017,13,24.72,65.38,3.42
Kagal,16.4403,74.249,2018,1,21.87,45.71,0.0
Kagal,16.4403,74.249,2018,2,24.9,31.65,0.01
Kagal,16.4403,74.249,2018,3,27.94,40.44,0.18
Kagal,16.4403,74.249,2018,4,30.13,42.52,0.31
Kagal,16.4403,74.249,2018,5,28.4,63.01,2.24
Kagal,16.4403,74.249,2018,6,24.88,85.25,12.52
Kagal,16.4403,74.249,2018,7,23.45,90.16,13.91
Kagal,16.4403,74.249,2018,8,22.95,89.83,7.43
Kagal,16.4403,74.249,2018,9,23.34,85.08,4.42
Kagal,16.4403,74.249,2018,10,24.07,71.51,1.25
Kagal,16.4403,74.249,2018,11,23.29,61.14,0.65
Kagal,16.4403,74.249,2018,12,21.95,52.77,0.06
Kagal,16.4403,74.249,2018,13,24.76,63.46,3.6
Kagal,16.4403,74.249,2019,1,21.94,36.45,0.0
Kagal,16.4403,74.249,2019,2,25.19,36.8,0.0
Kagal,16.4403,74.249,2019,3,27.66,38.93,0.22
Kagal,16.4403,74.249,2019,4,30.27,44.29,0.39
Kagal,16.4403,74.249,2019,5,29.89,51.26,0.05
Kagal,16.4403,74.249,2019,6,26.91,73.74,9.62
Kagal,16.4403,74.249,2019,7,24.14,90.32,19.0
Kagal,16.4403,74.249,2019,8,23.48,91.55,22.92
Kagal,16.4403,74.249,2019,9,23.43,91.01,10.14
Kagal,16.4403,74.249,2019,10,23.33,88.61,8.6
Kagal,16.4403,74.249,2019,11,22.03,83.3,0.31
Kagal,16.4403,74.249,2019,12,21.91,78.58,0.09
Kagal,16.4403,74.249,2019,13,25.01,67.25,6.0
Kagal,16.4403,74.249,2020,1,21.64,66.78,0.0
Kagal,16.4403,74.249,2020,2,24.47,46.96,0.02
Kagal,16.4403,74.249,2020,3,27.31,46.76,0.34
Kagal,16.4403,74.249,2020,4,29.95,47.84,1.23
Kagal,16.4403,74.249,2020,5,30.25,55.71,1.37
Kagal,16.4403,74.249,2020,6,24.9,84.43,12.09
Kagal,16.4403,74.249,2020,7,23.85,89.35,12.18
Kagal,16.4403,74.249,2020,8,23.58,92.14,18.02
Kagal,16.4403,74.249,2020,9,23.63,90.18,9.75
Kagal,16.4403,74.249,2020,10,23.4,88.19,8.24
Kagal,16.4403,74.249,2020,11,22.02,82.37,0.01
Kagal,16.4403,74.249,2020,12,20.96,72.52,0.04
Kagal,16.4403,74.249,2020,13,24.66,72.03,5.3
Kagal,16.4403,74.249,2021,1,23.28,65.3,0.29
Kagal,16.4403,74.249,2021,2,24.01,48.38,0.25
Kagal,16.4403,74.249,2021,3,28.72,37.52,0.03
Kagal,16.4403,74.249,2021,4,29.26,49.46,1.39
Kagal,16.4403,74.249,2021,5,27.38,70.98,6.0
Kagal,16.4403,74.249,2021,6,24.5,86.7,14.5
Kagal,16.4403,74.249,2021,7,23.65,91.15,22.69
Kagal,16.4403,74.249,2021,8,23.34,88.95,3.85
Kagal,16.4403,74.249,2021,9,23.34,90.1,6.41
Kagal,16.4403,74.249,2021,10,23.87,84.13,3.61
Kagal,16.4403,74.249,2021,11,23.26,81.23,2.0
Kagal,16.4403,74.249,2021,12,21.11,77.18,2.2
Kagal,16.4403,74.249,2021,13,24.64,72.74,5.3
Kagal,16.4403,74.249,2022,1,20.44,65.69,0.02
Kagal,16.4403,74.249,2022,2,23.63,50.26,0.0
Kagal,16.4403,74.249,2022,3,28.38,42.63,0.35
Kagal,16.4403,74.249,2022,4,29.16,52.35,1.53
Kagal,16.4403,74.249,2022,5,28.15,64.97,2.19
Kagal,16.4403,74.249,2022,6,25.25,79.56,7.31
Kagal,16.4403,74.249,2022,7,23.61,89.77,14.76
Kagal,16.4403,74.249,2022,8,23.24,90.46,11.56
Kagal,16.4403,74.249,2022,9,23.25,90.17,7.66
Kagal,16.4403,74.249,2022,10,22.69,84.57,6.18
Kagal,16.4403,74.249,2022,11,21.33,78.57,0.05
Kagal,16.4403,74.249,2022,12,22.34,69.24,0.06
Kagal,16.4403,74.249,2022,13,24.29,71.65,4.34
Kagal,16.4403,74.249,2023,1,22.06,51.88,0.0
Kagal,16.4403,74.249,2023,2,25.36,25.67,0.0
Kagal,16.4403,74.249,2023,3,26.72,38.86,0.02
Kagal,16.4403,74.249,2023,4,29.08,45.42,0.46
Kagal,16.4403,74.249,2023,5,29.25,55.47,0.98
Kagal,16.4403,74.249,2023,6,27.04,71.68,4.2
Kagal,16.4403,74.249,2023,7,23.89,88.97,19.04
Kagal,16.4403,74.249,2023,8,23.65,88.29,3.0
Kagal,16.4403,74.249,2023,9,23.85,88.27,6.58
Kagal,16.4403,74.249,2023,10,24.21,76.18,1.17
Kagal,16.4403,74.249,2023,11,23.86,74.17,1.25
Kagal,16.4403,74.249,2023,12,23.0,56.67,0.05
Kagal,16.4403,74.249,2023,13,25.15,63.7,3.09
Karvir,16.648,74.1852,1997,1,21.46,53.31,0.05
Karvir,16.648,74.1852,1997,2,23.1,34.66,0.0
Karvir,16.648,74.1852,1997,3,27.83,38.64,0.17
Karvir,16.648,74.1852,1997,4,27.95,47.35,0.47
Karvir,16.648,74.1852,1997,5,28.82,52.52,0.19
Karvir,16.648,74.1852,1997,6,25.18,79.58,11.3
Karvir,16.648,74.1852,1997,7,23.67,88.99,13.26
Karvir,16.648,74.1852,1997,8,23.01,90.77,12.83
Karvir,16.648,74.1852,1997,9,23.09,86.65,1.51
Karvir,16.648,74.1852,1997,10,24.58,77.41,1.48
Karvir,16.648,74.1852,1997,11,23.85,78.02,1.45
Karvir,16.648,74.1852,1997,12,22.33,72.13,1.36
Karvir,16.648,74.1852,1997,13,24.58,66.86,3.7
Karvir,16.648,74.1852,1998,1,22.55,55.5,0.0
Karvir,16.648,74.1852,1998,2,24.06,44.7,0.03
Karvir,16.648,74.1852,1998,3,27.21,43.89,0.0
Karvir,16.648,74.1852,1998,4,31.0,41.72,0.08
Karvir,16.648,74.1852,1998,5,29.96,57.55,1.42
Karvir,16.648,74.1852,1998,6,26.06,77.31,12.39
Karvir,16.648,74.1852,1998,7,23.88,88.77,9.96
Karvir,16.648,74.1852,1998,8,23.86,90.28,9.46
Karvir,16.648,74.1852,1998,9,23.48,90.25,7.2
Karvir,16.648,74.1852,1998,10,22.86,87.58,2.97
Karvir,16.648,74.1852,1998,11,21.17,78.37,1.25
Karvir,16.648,74.1852,1998,12,19.28,62.97,0.04
Karvir,16.648,74.1852,1998,13,24.61,68.39,3.75
Karvir,16.648,74.1852,1999,1,20.84,47.86,0.0
Karvir,16.648,74.1852,1999,2,25.87,36.68,0.08
Karvir,16.648,74.1852,1999,3,28.68,34.88,0.0
Karvir,16.648,74.1852,1999,4,29.31,50.49,0.0
Karvir,16.648,74.1852,1999,5,26.7,68.48,3.46
Karvir,16.648,74.1852,1999,6,24.23,84.04,11.3
Karvir,16.648,74.1852,1999,7,23.46,89.47,13.06
Karvir,16.648,74.1852,1999,8,23.02,88.7,2.88
Karvir,16.648,74.1852,1999,9,23.14,86.84,3.04
Karvir,16.648,74.1852,1999,10,23.61,79.44,3.22
Karvir,16.648,74.1852,1999,11,22.35,60.3,0.03
Karvir,16.648,74.1852,1999,12,21.52,45.78,0.0
Karvir,16.648,74.1852,1999,13,24.38,64.58,3.11
Karvir,16.648,74.1852,2000,1,23.52,34.94,0.01
Karvir,16.648,74.1852,2000,2,23.67,49.38,0.12
Karvir,16.648,74.1852,2000,3,26.99,38.04,0.01
Karvir,16.648,74.1852,2000,4,29.64,49.47,0.45
Karvir,16.648,74.1852,2000,5,27.2,66.7,2.91
Karvir,16.648,74.1852,2000,6,24.33,84.85,7.17
Karvir,16.648,74.1852,2000,7,23.16,87.9,10.34
Karvir,16.648,74.1852,2000,8,23.03,88.54,7.86
Karvir,16.648,74.1852,2000,9,23.92,85.27,3.59
Karvir,16.648,74.1852,2000,10,24.01,76.47,2.48
Karvir,16.648,74.1852,2000,11,22.56,63.03,0.24
Karvir,16.648,74.1852,2000,12,21.27,42.28,0.31
Karvir,16.648,74.1852,2000,13,24.44,63.91,2.97
Karvir,16.648,74.1852,2001,1,23.3,42.89,0.06
Karvir,16.648,74.1852,2001,2,25.3,31.84,0.0
Karvir,16.648,74.1852,2001,3,26.28,45.49,0.0
Karvir,16.648,74.1852,2001,4,29.37,47.84,0.67
Karvir,16.648,74.1852,2001,5,28.06,61.14,1.61
Karvir,16.648,74.1852,2001,6,24.6,80.79,5.96
Karvir,16.648,74.1852,2001,7,23.62,85.38,7.51
Karvir,16.648,74.1852,2001,8,23.11,88.31,6.53
Karvir,16.648,74.1852,2001,9,23.63,85.36,2.81
Karvir,16.648,74.1852,2001,10,23.13,79.67,1.92
Karvir,16.648,74.1852,2001,11,23.28,64.88,0.37
Karvir,16.648,74.1852,2001,12,22.15,48.42,0.02
Karvir,16.648,74.1852,2001,13,24.64,63.69,2.31
Karvir,16.648,74.1852,2002,1,22.23,46.7,0.02
Karvir,16.648,74.1852,2002,2,25.76,39.35,0.0
Karvir,16.648,74.1852,2002,3,28.34,39.69,0.02
Karvir,16.648,74.1852,2002,4,30.59,44.01,0.18
Karvir,16.648,74.1852,2002,5,28.6,62.94,1.03
Karvir,16.648,74.1852,2002,6,25.22,82.32,9.79
Karvir,16.648,74.1852,2002,7,24.11,84.64,3.61
Karvir,16.648,74.1852,2002,8,23.33,86.98,7.64
Karvir,16.648,74.1852,2002,9,23.57,83.22,1.35
Karvir,16.648,74.1852,2002,10,24.57,74.83,3.43
Karvir,16.648,74.1852,2002,11,23.78,56.0,0.15
Karvir,16.648,74.1852,2002,12,22.77,44.59,0.01
Karvir,16.648,74.1852,2002,13,25.23,62.25,2.28
Karvir,16.648,74.1852,2003,1,23.93,43.14,0.0
Karvir,16.648,74.1852,2003,2,26.13,40.16,0.06
Karvir,16.648,74.1852,2003,3,28.25,40.14,0.3
Karvir,16.648,74.1852,2003,4,30.26,43.57,0.87
Karvir,16.648,74.1852,2003,5,29.59,54.84,0.24
Karvir,16.648,74.1852,2003,6,26.14,76.2,7.46
Karvir,16.648,74.1852,2003,7,24.07,87.74,6.73
Karvir,16.648,74.1852,2003,8,23.76,87.19,3.95
Karvir,16.648,74.1852,2003,9,23.7,84.7,1.77
Karvir,16.648,74.1852,2003,10,24.3,75.47,2.13
Karvir,16.648,74.1852,2003,11,24.08,56.88,0.07
Karvir,16.648,74.1852,2003,12,22.61,42.54,0.03
Karvir,16.648,74.1852,2003,13,25.56,61.17,1.98
Karvir,16.648,74.1852,2004,1,22.74,45.95,0.0
Karvir,16.648,74.1852,2004,2,25.28,35.4,0.02
Karvir,16.648,74.1852,2004,3,29.1,39.96,0.01
Karvir,16.648,74.1852,2004,4,29.6,47.2,0.42
Karvir,16.648,74.1852,2004,5,27.2,68.36,3.18
Karvir,16.648,74.1852,2004,6,24.43,84.95,9.58
Karvir,16.648,74.1852,2004,7,23.73,86.75,5.99
Karvir,16.648,74.1852,2004,8,23.1,88.54,8.01
Karvir,16.648,74.1852,2004,9,23.56,85.92,3.57
Karvir,16.648,74.1852,2004,10,23.39,76.58,0.83
Karvir,16.648,74.1852,2004,11,23.02,59.79,0.45
Karvir,16.648,74.1852,2004,12,21.66,43.92,0.0
Karvir,16.648,74.1852,2004,13,24.73,63.7,2.68
Karvir,16.648,74.1852,2005,1,23.2,42.29,0.03
Karvir,16.648,74.1852,2005,2,25.21,40.01,0.0
Karvir,16.648,74.1852,2005,3,27.44,41.38,0.04
Karvir,16.648,74.1852,2005,4,29.16,47.91,0.84
Karvir,16.648,74.1852,2005,5,28.6,58.39,1.42
Karvir,16.648,74.1852,2005,6,25.64,80.37,9.33
Karvir,16.648,74.1852,2005,7,23.96,89.35,14.32
Karvir,16.648,74.1852,2005,8,23.27,90.65,8.69
Karvir,16.648,74.1852,2005,9,23.4,90.37,7.96
Karvir,16.648,74.1852,2005,10,23.05,83.07,3.2
Karvir,16.648,74.1852,2005,11,20.02,71.06,0.03
Karvir,16.648,74.1852,2005,12,20.44,59.3,0.0
Karvir,16.648,74.1852,2005,13,24.44,66.33,3.85
Karvir,16.648,74.1852,2006,1,22.01,42.83,0.0
Karvir,16.648,74.1852,2006,2,25.26,33.4,0.0
Karvir,16.648,74.1852,2006,3,26.81,46.86,0.43
Karvir,16.648,74.1852,2006,4,29.21,46.88,0.08
Karvir,16.648,74.1852,2006,5,28.63,60.53,7.87
Karvir,16.648,74.1852,2006,6,24.46,86.88,9.98
Karvir,16.648,74.1852,2006,7,23.33,89.47,10.39
Karvir,16.648,74.1852,2006,8,22.78,90.73,9.73
Karvir,16.648,74.1852,2006,9,23.62,89.07,6.34
Karvir,16.648,74.1852,2006,10,23.7,80.94,3.0
Karvir,16.648,74.1852,2006,11,22.45,79.1,1.24
Karvir,16.648,74.1852,2006,12,20.84,60.45,0.0
Karvir,16.648,74.1852,2006,13,24.41,67.45,4.12
Karvir,16.648,74.1852,2007,1,22.55,44.88,0.0
Karvir,16.648,74.1852,2007,2,24.3,46.78,0.0
Karvir,16.648,74.1852,2007,3,28.26,40.51,0.0
Karvir,16.648,74.1852,2007,4,30.16,45.96,0.46
Karvir,16.648,74.1852,2007,5,28.27,62.77,1.62
Karvir,16.648,74.1852,2007,6,25.49,81.66,16.0
Karvir,16.648,74.1852,2007,7,23.91,89.69,9.18
Karvir,16.648,74.1852,2007,8,23.37,90.54,11.0
Karvir,16.648,74.1852,2007,9,23.41,89.89,7.3
Karvir,16.648,74.1852,2007,10,23.22,78.63,0.81
Karvir,16.648,74.1852,2007,11,21.21,68.83,0.72
Karvir,16.648,74.1852,2007,12,22.12,57.98,0.01
Karvir,16.648,74.1852,2007,13,24.69,66.62,3.93
Karvir,16.648,74.1852,2008,1,21.8,43.76,0.0
Karvir,16.648,74.1852,2008,2,23.78,43.66,0.25
Karvir,16.648,74.1852,2008,3,26.87,47.03,1.49
Karvir,16.648,74.1852,2008,4,28.79,50.35,0.53
Karvir,16.648,74.1852,2008,5,27.77,62.4,2.01
Karvir,16.648,74.1852,2008,6,24.71,83.4,6.52
Karvir,16.648,74.1852,2008,7,24.14,84.85,5.2
Karvir,16.648,74.1852,2008,8,23.4,88.56,9.31
Karvir,16.648,74.1852,2008,9,23.25,87.81,6.3
Karvir,16.648,74.1852,2008,10,23.43,75.94,1.04
Karvir,16.648,74.1852,2008,11,22.86,65.18,0.58
Karvir,16.648,74.1852,2008,12,22.14,54.95,0.15
Karvir,16.648,74.1852,2008,13,24.41,65.71,2.79
Karvir,16.648,74.1852,2009,1,23.35,42.6,0.0
Karvir,16.648,74.1852,2009,2,26.12,36.1,0.0
Karvir,16.648,74.1852,2009,3,28.58,38.01,0.13
Karvir,16.648,74.1852,2009,4,30.3,44.83,0.22
Karvir,16.648,74.1852,2009,5,29.05,56.9,0.68
Karvir,16.648,74.1852,2009,6,25.47,77.69,4.65
Karvir,16.648,74.1852,2009,7,23.67,88.54,14.95
Karvir,16.648,74.1852,2009,8,23.73,87.7,4.2
Karvir,16.648,74.1852,2009,9,24.11,87.0,6.67
Karvir,16.648,74.1852,2009,10,23.12,79.57,4.02
Karvir,16.648,74.1852,2009,11,22.27,76.87,2.11
Karvir,16.648,74.1852,2009,12,21.93,65.91,0.12
Karvir,16.648,74.1852,2009,13,25.13,65.31,3.17
Karvir,16.648,74.1852,2010,1,22.65,58.3,0.38
Karvir,16.648,74.1852,2010,2,25.34,46.27,0.0
Karvir,16.648,74.1852,2010,3,28.99,39.11,0.0
Karvir,16.648,74.1852,2010,4,29.92,47.55,0.3
Karvir,16.648,74.1852,2010,5,29.82,57.39,0.33
Karvir,16.648,74.1852,2010,6,25.77,79.27,8.52
Karvir,16.648,74.1852,2010,7,23.9,87.75,14.1
Karvir,16.648,74.1852,2010,8,23.48,90.19,7.11
Karvir,16.648,74.1852,2010,9,23.73,88.26,5.25
Karvir,16.648,74.1852,2010,10,23.58,84.13,3.05
Karvir,16.648,74.1852,2010,11,23.2,82.77,2.2
Karvir,16.648,74.1852,2010,12,20.29,69.08,0.02
Karvir,16.648,74.1852,2010,13,25.05,69.3,3.46
Karvir,16.648,74.1852,2011,1,21.67,47.05,0.0
Karvir,16.648,74.1852,2011,2,23.65,47.75,0.02
Karvir,16.648,74.1852,2011,3,28.3,37.17,0.0
Karvir,16.648,74.1852,2011,4,28.7,49.44,0.54
Karvir,16.648,74.1852,2011,5,28.48,58.65,1.09
Karvir,16.648,74.1852,2011,6,24.91,81.99,6.52
Karvir,16.648,74.1852,2011,7,23.77,86.54,11.35
Karvir,16.648,74.1852,2011,8,23.37,89.24,9.35
Karvir,16.648,74.1852,2011,9,23.14,88.25,5.08
Karvir,16.648,74.1852,2011,10,23.89,80.47,2.82
Karvir,16.648,74.1852,2011,11,22.58,63.67,0.16
Karvir,16.648,74.1852,2011,12,22.35,47.76,0.0
Karvir,16.648,74.1852,2011,13,24.57,64.91,3.1
Karvir,16.648,74.1852,2012,1,22.18,45.66,0.0
Karvir,16.648,74.1852,2012,2,25.4,32.21,0.0
Karvir,16.648,74.1852,2012,3,27.19,33.91,0.0
Karvir,16.648,74.1852,2012,4,29.42,46.96,0.74
Karvir,16.648,74.1852,2012,5,28.95,55.65,0.27
Karvir,16.648,74.1852,2012,6,25.58,75.47,6.19
Karvir,16.648,74.1852,2012,7,23.94,86.44,8.52
Karvir,16.648,74.1852,2012,8,23.67,87.6,6.05
Karvir,16.648,74.1852,2012,9,23.5,86.48,3.82
Karvir,16.648,74.1852,2012,10,23.83,73.4,2.08
Karvir,16.648,74.1852,2012,11,23.15,66.77,0.54
Karvir,16.648,74.1852,2012,12,22.92,52.63,0.0
Karvir,16.648,74.1852,2012,13,24.97,62.02,2.36
Karvir,16.648,74.1852,2013,1,23.46,42.71,0.01
Karvir,16.648,74.1852,2013,2,25.8,41.64,0.12
Karvir,16.648,74.1852,2013,3,28.06,38.76,0.03
Karvir,16.648,74.1852,2013,4,28.73,49.28,0.27
Karvir,16.648,74.1852,2013,5,28.7,59.96,0.98
Karvir,16.648,74.1852,2013,6,24.67,84.47,9.06
Karvir,16.648,74.1852,2013,7,23.4,89.57,12.51
Karvir,16.648,74.1852,2013,8,23.14,88.62,3.99
Karvir,16.648,74.1852,2013,9,23.47,88.32,6.17
Karvir,16.648,74.1852,2013,10,23.41,83.7,2.23
Karvir,16.648,74.1852,2013,11,22.31,70.64,0.03
Karvir,16.648,74.1852,2013,12,21.04,52.78,0.0
Karvir,16.648,74.1852,2013,13,24.67,65.99,2.96
Karvir,16.648,74.1852,2014,1,22.82,51.2,0.0
Karvir,16.648,74.1852,2014,2,24.04,46.89,0.07
Karvir,16.648,74.1852,2014,3,27.3,42.25,0.33
Karvir,16.648,74.1852,2014,4,29.81,43.21,0.3
Karvir,16.648,74.1852,2014,5,28.91,57.46,1.8
Karvir,16.648,74.1852,2014,6,26.59,74.65,3.12
Karvir,16.648,74.1852,2014,7,24.35,84.94,12.6
Karvir,16.648,74.1852,2014,8,23.85,87.59,8.36
Karvir,16.648,74.1852,2014,9,23.78,85.9,3.29
Karvir,16.648,74.1852,2014,10,24.1,76.4,2.82
Karvir,16.648,74.1852,2014,11,22.12,68.02,0.82
Karvir,16.648,74.1852,2014,12,21.52,58.2,0.37
Karvir,16.648,74.1852,2014,13,24.93,64.84,2.86
Karvir,16.648,74.1852,2015,1,21.48,48.51,0.01
Karvir,16.648,74.1852,2015,2,24.43,37.41,0.28
Karvir,16.648,74.1852,2015,3,26.98,48.76,0.54
Karvir,16.648,74.1852,2015,4,28.86,48.78,0.56
Karvir,16.648,74.1852,2015,5,29.23,58.68,1.16
Karvir,16.648,74.1852,2015,6,25.28,79.45,8.5
Karvir,16.648,74.1852,2015,7,24.38,84.33,3.95
Karvir,16.648,74.1852,2015,8,24.15,85.06,3.79
Karvir,16.648,74.1852,2015,9,24.17,82.75,3.24
Karvir,16.648,74.1852,2015,10,25.68,69.81,1.84
Karvir,16.648,74.1852,2015,11,25.05,59.58,0.28
Karvir,16.648,74.1852,2015,12,24.5,44.6,0.02
Karvir,16.648,74.1852,2015,13,25.35,62.46,2.02
Karvir,16.648,74.1852,2016,1,23.19,39.41,0.0
Karvir,16.648,74.1852,2016,2,26.04,43.81,0.04
Karvir,16.648,74.1852,2016,3,28.75,41.31,0.22
Karvir,16.648,74.1852,2016,4,30.23,45.63,0.25
Karvir,16.648,74.1852,2016,5,29.73,56.21,0.45
Karvir,16.648,74.1852,2016,6,25.11,81.95,10.74
Karvir,16.648,74.1852,2016,7,23.42,91.35,20.79
Karvir,16.648,74.1852,2016,8,23.16,90.66,12.27
Karvir,16.648,74.1852,2016,9,22.6,89.89,5.0
Karvir,16.648,74.1852,2016,10,22.23,78.99,1.32
Karvir,16.648,74.1852,2016,11,20.91,60.51,0.42
Karvir,16.648,74.1852,2016,12,21.92,46.44,0.0
Karvir,16.648,74.1852,2016,13,24.77,63.89,4.32
Karvir,16.648,74.1852,2017,1,22.59,39.89,0.0
Karvir,16.648,74.1852,2017,2,25.47,32.64,0.0
Karvir,16.648,74.1852,2017,3,27.16,42.86,0.01
Karvir,16.648,74.1852,2017,4,29.66,45.26,0.13
Karvir,16.648,74.1852,2017,5,29.27,58.25,1.87
Karvir,16.648,74.1852,2017,6,25.36,80.71,6.97
Karvir,16.648,74.1852,2017,7,24.07,87.06,10.23
Karvir,16.648,74.1852,2017,8,23.74,87.35,6.39
Karvir,16.648,74.1852,2017,9,24.1,87.88,11.27
Karvir,16.648,74.1852,2017,10,23.49,84.31,3.81
Karvir,16.648,74.1852,2017,11,21.09,73.22,0.03
Karvir,16.648,74.1852,2017,12,20.7,62.83,0.15
Karvir,16.648,74.1852,2017,13,24.72,65.38,3.42
Karvir,16.648,74.1852,2018,1,21.87,45.71,0.0
Karvir,16.648,74.1852,2018,2,24.9,31.65,0.01
Karvir,16.648,74.1852,2018,3,27.94,40.44,0.18
Karvir,16.648,74.1852,2018,4,30.13,42.52,0.31
Karvir,16.648,74.1852,2018,5,28.4,63.01,2.24
Karvir,16.648,74.1852,2018,6,24.88,85.25,12.52
Karvir,16.648,74.1852,2018,7,23.45,90.16,13.91
Karvir,16.648,74.1852,2018,8,22.95,89.83,7.43
Karvir,16.648,74.1852,2018,9,23.34,85.08,4.42
Karvir,16.648,74.1852,2018,10,24.07,71.51,1.25
Karvir,16.648,74.1852,2018,11,23.29,61.14,0.65
Karvir,16.648,74.1852,2018,12,21.95,52.77,0.06
Karvir,16.648,74.1852,2018,13,24.76,63.46,3.6
Karvir,16.648,74.1852,2019,1,21.94,36.45,0.0
Karvir,16.648,74.1852,2019,2,25.19,36.8,0.0
Karvir,16.648,74.1852,2019,3,27.66,38.93,0.22
Karvir,16.648,74.1852,2019,4,30.27,44.29,0.39
Karvir,16.648,74.1852,2019,5,29.89,51.26,0.05
Karvir,16.648,74.1852,2019,6,26.91,73.74,9.62
Karvir,16.648,74.1852,2019,7,24.14,90.32,19.0
Karvir,16.648,74.1852,2019,8,23.48,91.55,22.92
Karvir,16.648,74.1852,2019,9,23.43,91.01,10.14
Karvir,16.648,74.1852,2019,10,23.33,88.61,8.6
Karvir,16.648,74.1852,2019,11,22.03,83.3,0.31
Karvir,16.648,74.1852,2019,12,21.91,78.58,0.09
Karvir,16.648,74.1852,2019,13,25.01,67.25,6.0
Karvir,16.648,74.1852,2020,1,21.64,66.78,0.0
Karvir,16.648,74.1852,2020,2,24.47,46.96,0.02
Karvir,16.648,74.1852,2020,3,27.31,46.76,0.34
Karvir,16.648,74.1852,2020,4,29.95,47.84,1.23
Karvir,16.648,74.1852,2020,5,30.25,55.71,1.37
Karvir,16.648,74.1852,2020,6,24.9,84.43,12.09
Karvir,16.648,74.1852,2020,7,23.85,89.35,12.18
Karvir,16.648,74.1852,2020,8,23.58,92.14,18.02
Karvir,16.648,74.1852,2020,9,23.63,90.18,9.75
Karvir,16.648,74.1852,2020,10,23.4,88.19,8.24
Karvir,16.648,74.1852,2020,11,22.02,82.37,0.01
Karvir,16.648,74.1852,2020,12,20.96,72.52,0.04
Karvir,16.648,74.1852,2020,13,24.66,72.03,5.3
Karvir,16.648,74.1852,2021,1,23.28,65.3,0.29
Karvir,16.648,74.1852,2021,2,24.01,48.38,0.25
Karvir,16.648,74.1852,2021,3,28.72,37.52,0.03
Karvir,16.648,74.1852,2021,4,29.26,49.46,1.39
Karvir,16.648,74.1852,2021,5,27.38,70.98,6.0
Karvir,16.648,74.1852,2021,6,24.5,86.7,14.5
Karvir,16.648,74.1852,2021,7,23.65,91.15,22.69
Karvir,16.648,74.1852,2021,8,23.34,88.95,3.85
Karvir,16.648,74.1852,2021,9,23.34,90.1,6.41
Karvir,16.648,74.1852,2021,10,23.87,84.13,3.61
Karvir,16.648,74.1852,2021,11,23.26,81.23,2.0
Karvir,16.648,74.1852,2021,12,21.11,77.18,2.2
Karvir,16.648,74.1852,2021,13,24.64,72.74,5.3
Karvir,16.648,74.1852,2022,1,20.44,65.69,0.02
Karvir,16.648,74.1852,2022,2,23.63,50.26,0.0
Karvir,16.648,74.1852,2022,3,28.38,42.63,0.35
Karvir,16.648,74.1852,2022,4,29.16,52.35,1.53
Karvir,16.648,74.1852,2022,5,28.15,64.97,2.19
Karvir,16.648,74.1852,2022,6,25.25,79.56,7.31
Karvir,16.648,74.1852,2022,7,23.61,89.77,14.76
Karvir,16.648,74.1852,2022,8,23.24,90.46,11.56
Karvir,16.648,74.1852,2022,9,23.25,90.17,7.66
Karvir,16.648,74.1852,2022,10,22.69,84.57,6.18
Karvir,16.648,74.1852,2022,11,21.33,78.57,0.05
Karvir,16.648,74.1852,2022,12,22.34,69.24,0.06
Karvir,16.648,74.1852,2022,13,24.29,71.65,4.34
Karvir,16.648,74.1852,2023,1,22.06,51.88,0.0
Karvir,16.648,74.1852,2023,2,25.36,25.67,0.0
Karvir,16.648,74.1852,2023,3,26.72,38.86,0.02
Karvir,16.648,74.1852,2023,4,29.08,45.42,0.46
Karvir,16.648,74.1852,2023,5,29.25,55.47,0.98
Karvir,16.648,74.1852,2023,6,27.04,71.68,4.2
Karvir,16.648,74.1852,2023,7,23.89,88.97,19.04
Karvir,16.648,74.1852,2023,8,23.65,88.29,3.0
Karvir,16.648,74.1852,2023,9,23.85,88.27,6.58
Karvir,16.648,74.1852,2023,10,24.21,76.18,1.17
Karvir,16.648,74.1852,2023,11,23.86,74.17,1.25
Karvir,16.648,74.1852,2023,12,23.0,56.67,0.05
Karvir,16.648,74.1852,2023,13,25.15,63.7,3.09
Panhala,16.7545,74.0178,1997,1,22.24,54.09,0.08
Panhala,16.7545,74.0178,1997,2,23.97,39.7,0.0
Panhala,16.7545,74.0178,1997,3,28.27,43.9,0.07
Panhala,16.7545,74.0178,1997,4,28.27,52.18,0.2
Panhala,16.7545,74.0178,1997,5,29.25,56.42,0.07
Panhala,16.7545,74.0178,1997,6,25.85,83.44,19.3
Panhala,16.7545,74.0178,1997,7,24.51,91.8,22.47
Panhala,16.7545,74.0178,1997,8,23.87,92.96,20.33
Panhala,16.7545,74.0178,1997,9,23.76,89.31,3.24
Panhala,16.7545,74.0178,1997,10,24.76,82.06,1.02
Panhala,16.7545,74.0178,1997,11,25.02,76.46,1.28
Panhala,16.7545,74.0178,1997,12,22.59,74.64,2.34
Panhala,16.7545,74.0178,1997,13,25.2,69.93,5.91
Panhala,16.7545,74.0178,1998,1,22.84,58.06,0.0
Panhala,16.7545,74.0178,1998,2,24.55,47.59,0.02
Panhala,16.7545,74.0178,1998,3,27.13,48.94,0.0
Panhala,16.7545,74.0178,1998,4,30.87,48.15,0.01
Panhala,16.7545,74.0178,1998,5,30.9,57.85,0.45
Panhala,16.7545,74.0178,1998,6,26.94,79.41,21.91
Panhala,16.7545,74.0178,1998,7,24.63,92.12,20.88
Panhala,16.7545,74.0178,1998,8,24.76,92.58,17.42
Panhala,16.7545,74.0178,1998,9,24.39,91.9,12.46
Panhala,16.7545,74.0178,1998,10,23.88,88.28,3.79
Panhala,16.7545,74.0178,1998,11,21.97,79.58,1.45
Panhala,16.7545,74.0178,1998,12,20.0,64.01,0.02
Panhala,16.7545,74.0178,1998,13,25.24,70.85,6.56
Panhala,16.7545,74.0178,1999,1,21.45,51.96,0.0
Panhala,16.7545,74.0178,1999,2,26.75,40.63,0.05
Panhala,16.7545,74.0178,1999,3,29.08,40.26,0.0
Panhala,16.7545,74.0178,1999,4,29.16,57.05,0.0
Panhala,16.7545,74.0178,1999,5,27.19,72.99,5.68
Panhala,16.7545,74.0178,1999,6,24.94,87.82,19.98
Panhala,16.7545,74.0178,1999,7,24.29,92.45,20.06
Panhala,16.7545,74.0178,1999,8,23.85,90.76,4.24
Panhala,16.7545,74.0178,1999,9,23.74,90.64,6.17
Panhala,16.7545,74.0178,1999,10,24.1,82.55,3.0
Panhala,16.7545,74.0178,1999,11,22.6,63.21,0.01
Panhala,16.7545,74.0178,1999,12,22.57,45.89,0.0
Panhala,16.7545,74.0178,1999,13,24.96,68.17,4.96
Panhala,16.7545,74.0178,2000,1,24.69,35.64,0.0
Panhala,16.7545,74.0178,2000,2,23.85,52.66,0.06
Panhala,16.7545,74.0178,2000,3,27.02,43.92,0.0
Panhala,16.7545,74.0178,2000,4,29.79,54.47,0.14
Panhala,16.7545,74.0178,2000,5,27.78,69.93,3.73
Panhala,16.7545,74.0178,2000,6,25.05,88.57,12.95
Panhala,16.7545,74.0178,2000,7,23.85,91.32,17.98
Panhala,16.7545,74.0178,2000,8,23.86,91.65,14.81
Panhala,16.7545,74.0178,2000,9,24.44,88.81,3.0
Panhala,16.7545,74.0178,2000,10,24.39,82.27,3.29
Panhala,16.7545,74.0178,2000,11,23.0,67.24,0.25
Panhala,16.7545,74.0178,2000,12,22.32,42.83,0.64
Panhala,16.7545,74.0178,2000,13,25.0,67.44,4.77
Panhala,16.7545,74.0178,2001,1,24.04,47.53,0.04
Panhala,16.7545,74.0178,2001,2,25.68,38.16,0.0
Panhala,16.7545,74.0178,2001,3,26.2,52.6,0.0
Panhala,16.7545,74.0178,2001,4,29.86,49.94,0.43
Panhala,16.7545,74.0178,2001,5,28.41,66.22,3.2
Panhala,16.7545,74.0178,2001,6,25.22,85.65,10.93
Panhala,16.7545,74.0178,2001,7,24.31,89.94,12.16
Panhala,16.7545,74.0178,2001,8,23.78,92.33,13.15
Panhala,16.7545,74.0178,2001,9,24.04,90.45,6.66
Panhala,16.7545,74.0178,2001,10,23.75,83.52,2.57
Panhala,16.7545,74.0178,2001,11,23.21,69.48,0.17
Panhala,16.7545,74.0178,2001,12,23.01,50.77,0.0
Panhala,16.7545,74.0178,2001,13,25.12,68.23,4.14
Panhala,16.7545,74.0178,2002,1,22.59,48.93,0.01
Panhala,16.7545,74.0178,2002,2,26.47,44.39,0.0
Panhala,16.7545,74.0178,2002,3,28.6,45.47,0.01
Panhala,16.7545,74.0178,2002,4,30.72,47.75,0.05
Panhala,16.7545,74.0178,2002,5,28.98,66.88,1.74
Panhala,16.7545,74.0178,2002,6,25.96,85.48,22.03
Panhala,16.7545,74.0178,2002,7,24.67,89.44,7.07
Panhala,16.7545,74.0178,2002,8,23.87,91.58,14.36
Panhala,16.7545,74.0178,2002,9,23.86,88.7,3.22
Panhala,16.7545,74.0178,2002,10,24.86,78.46,3.78
Panhala,16.7545,74.0178,2002,11,23.64,63.3,0.46
Panhala,16.7545,74.0178,2002,12,23.13,50.88,0.03
Panhala,16.7545,74.0178,2002,13,25.6,66.91,4.41
Panhala,16.7545,74.0178,2003,1,24.9,46.28,0.0
Panhala,16.7545,74.0178,2003,2,26.38,45.13,0.03
Panhala,16.7545,74.0178,2003,3,28.41,43.18,0.07
Panhala,16.7545,74.0178,2003,4,30.65,47.25,0.31
Panhala,16.7545,74.0178,2003,5,29.9,58.51,0.07
Panhala,16.7545,74.0178,2003,6,26.82,80.12,15.99
Panhala,16.7545,74.0178,2003,7,24.72,92.61,16.23
Panhala,16.7545,74.0178,2003,8,24.35,91.24,7.65
Panhala,16.7545,74.0178,2003,9,24.06,90.01,3.71
Panhala,16.7545,74.0178,2003,10,24.6,80.43,1.53
Panhala,16.7545,74.0178,2003,11,24.5,62.51,0.16
Panhala,16.7545,74.0178,2003,12,23.66,44.69,0.01
Panhala,16.7545,74.0178,2003,13,26.07,65.28,3.83
Panhala,16.7545,74.0178,2004,1,23.67,47.97,0.0
Panhala,16.7545,74.0178,2004,2,26.25,39.67,0.01
Panhala,16.7545,74.0178,2004,3,29.67,46.13,0.0
Panhala,16.7545,74.0178,2004,4,29.61,53.16,0.16
Panhala,16.7545,74.0178,2004,5,28.2,69.34,4.44
Panhala,16.7545,74.0178,2004,6,25.06,89.16,20.79
Panhala,16.7545,74.0178,2004,7,24.48,90.53,13.7
Panhala,16.7545,74.0178,2004,8,23.8,92.36,15.36
Panhala,16.7545,74.0178,2004,9,24.23,89.67,5.32
Panhala,16.7545,74.0178,2004,10,23.7,80.47,0.82
Panhala,16.7545,74.0178,2004,11,23.71,63.61,0.33
Panhala,16.7545,74.0178,2004,12,22.88,44.72,0.0
Panhala,16.7545,74.0178,2004,13,25.43,67.31,5.09
Panhala,16.7545,74.0178,2005,1,23.76,45.26,0.07
Panhala,16.7545,74.0178,2005,2,25.33,45.21,0.0
Panhala,16.7545,74.0178,2005,3,27.51,47.59,0.02
Panhala,16.7545,74.0178,2005,4,29.8,49.81,0.3
Panhala,16.7545,74.0178,2005,5,29.23,61.12,1.1
Panhala,16.7545,74.0178,2005,6,26.82,81.24,15.72
Panhala,16.7545,74.0178,2005,7,24.82,92.25,23.22
Panhala,16.7545,74.0178,2005,8,24.15,92.61,16.46
Panhala,16.7545,74.0178,2005,9,24.23,92.44,13.15
Panhala,16.7545,74.0178,2005,10,23.9,82.59,3.24
Panhala,16.7545,74.0178,2005,11,20.97,71.21,0.01
Panhala,16.7545,74.0178,2005,12,21.3,58.55,0.0
Panhala,16.7545,74.0178,2005,13,25.15,68.45,6.14
Panhala,16.7545,74.0178,2006,1,23.4,42.4,0.0
Panhala,16.7545,74.0178,2006,2,26.62,38.44,0.0
Panhala,16.7545,74.0178,2006,3,27.16,51.2,0.23
Panhala,16.7545,74.0178,2006,4,29.08,52.96,0.02
Panhala,16.7545,74.0178,2006,5,28.95,64.7,15.6
Panhala,16.7545,74.0178,2006,6,25.27,89.71,17.27
Panhala,16.7545,74.0178,2006,7,24.17,92.5,20.51
Panhala,16.7545,74.0178,2006,8,23.64,93.04,18.27
Panhala,16.7545,74.0178,2006,9,24.35,91.48,12.93
Panhala,16.7545,74.0178,2006,10,24.54,83.04,3.16
Panhala,16.7545,74.0178,2006,11,23.23,79.01,1.02
Panhala,16.7545,74.0178,2006,12,21.98,59.39,0.0
Panhala,16.7545,74.0178,2006,13,25.18,69.99,7.47
Panhala,16.7545,74.0178,2007,1,23.74,46.95,0.0
Panhala,16.7545,74.0178,2007,2,25.03,51.98,0.0
Panhala,16.7545,74.0178,2007,3,28.35,45.3,0.0
Panhala,16.7545,74.0178,2007,4,30.41,51.1,0.17
Panhala,16.7545,74.0178,2007,5,29.03,64.37,1.12
Panhala,16.7545,74.0178,2007,6,26.43,83.45,26.43
Panhala,16.7545,74.0178,2007,7,24.78,92.17,16.27
Panhala,16.7545,74.0178,2007,8,24.26,92.67,22.75
Panhala,16.7545,74.0178,2007,9,24.33,91.8,12.71
Panhala,16.7545,74.0178,2007,10,23.92,80.97,1.0
Panhala,16.7545,74.0178,2007,11,22.05,71.2,0.5
Panhala,16.7545,74.0178,2007,12,22.87,60.54,0.0
Panhala,16.7545,74.0178,2007,13,25.43,69.46,6.77
Panhala,16.7545,74.0178,2008,1,22.74,44.43,0.0
Panhala,16.7545,74.0178,2008,2,24.33,43.88,0.06
Panhala,16.7545,74.0178,2008,3,28.14,47.73,0.48
Panhala,16.7545,74.0178,2008,4,29.41,52.57,0.1
Panhala,16.7545,74.0178,2008,5,28.43,65.54,2.45
Panhala,16.7545,74.0178,2008,6,25.51,87.11,13.52
Panhala,16.7545,74.0178,2008,7,24.66,89.73,9.28
Panhala,16.7545,74.0178,2008,8,24.05,91.93,14.42
Panhala,16.7545,74.0178,2008,9,23.93,90.76,14.01
Panhala,16.7545,74.0178,2008,10,23.83,79.45,0.68
Panhala,16.7545,74.0178,2008,11,23.36,69.06,0.52
Panhala,16.7545,74.0178,2008,12,23.09,56.67,0.35
Panhala,16.7545,74.0178,2008,13,25.12,68.3,4.65
Panhala,16.7545,74.0178,2009,1,24.54,45.25,0.0
Panhala,16.7545,74.0178,2009,2,26.71,40.07,0.0
Panhala,16.7545,74.0178,2009,3,28.93,43.19,0.07
Panhala,16.7545,74.0178,2009,4,30.49,49.81,0.03
Panhala,16.7545,74.0178,2009,5,29.61,59.26,0.12
Panhala,16.7545,74.0178,2009,6,26.36,80.26,9.53
Panhala,16.7545,74.0178,2009,7,24.44,92.82,27.03
Panhala,16.7545,74.0178,2009,8,24.47,90.85,8.66
Panhala,16.7545,74.0178,2009,9,24.85,90.26,11.21
Panhala,16.7545,74.0178,2009,10,24.03,81.55,5.7
Panhala,16.7545,74.0178,2009,11,22.85,79.08,2.85
Panhala,16.7545,74.0178,2009,12,22.25,67.17,0.01
Panhala,16.7545,74.0178,2009,13,25.78,68.46,5.47
Panhala,16.7545,74.0178,2010,1,23.63,57.83,0.11
Panhala,16.7545,74.0178,2010,2,25.66,48.92,0.0
Panhala,16.7545,74.0178,2010,3,29.07,44.97,0.06
Panhala,16.7545,74.0178,2010,4,30.13,52.72,0.05
Panhala,16.7545,74.0178,2010,5,30.36,60.56,0.19
Panhala,16.7545,74.0178,2010,6,26.44,84.45,17.31
Panhala,16.7545,74.0178,2010,7,24.65,92.51,31.63
Panhala,16.7545,74.0178,2010,8,24.29,92.66,14.51
Panhala,16.7545,74.0178,2010,9,24.57,90.6,7.61
Panhala,16.7545,74.0178,2010,10,24.51,86.07,4.77
Panhala,16.7545,74.0178,2010,11,24.06,85.13,2.22
Panhala,16.7545,74.0178,2010,12,20.61,72.37,0.01
Panhala,16.7545,74.0178,2010,13,25.66,72.53,6.59
Panhala,16.7545,74.0178,2011,1,22.07,52.27,0.0
Panhala,16.7545,74.0178,2011,2,24.5,51.0,0.0
Panhala,16.7545,74.0178,2011,3,28.63,41.68,0.0
Panhala,16.7545,74.0178,2011,4,29.18,53.09,0.16
Panhala,16.7545,74.0178,2011,5,29.06,61.58,0.63
Panhala,16.7545,74.0178,2011,6,25.58,86.84,15.09
Panhala,16.7545,74.0178,2011,7,24.48,92.12,29.73
Panhala,16.7545,74.0178,2011,8,24.16,92.72,17.32
Panhala,16.7545,74.0178,2011,9,23.92,90.97,9.18
Panhala,16.7545,74.0178,2011,10,24.56,83.03,3.24
Panhala,16.7545,74.0178,2011,11,23.11,67.49,0.12
Panhala,16.7545,74.0178,2011,12,23.27,49.45,0.0
Panhala,16.7545,74.0178,2011,13,25.21,68.6,6.34
Panhala,16.7545,74.0178,2012,1,22.65,47.66,0.0
Panhala,16.7545,74.0178,2012,2,25.83,34.57,0.0
Panhala,16.7545,74.0178,2012,3,27.49,38.97,0.0
Panhala,16.7545,74.0178,2012,4,29.93,50.19,0.16
Panhala,16.7545,74.0178,2012,5,29.21,59.96,0.07
Panhala,16.7545,74.0178,2012,6,26.53,79.04,12.89
Panhala,16.7545,74.0178,2012,7,24.55,91.79,21.16
Panhala,16.7545,74.0178,2012,8,24.37,91.97,11.47
Panhala,16.7545,74.0178,2012,9,24.05,90.91,8.45
Panhala,16.7545,74.0178,2012,10,24.04,80.88,4.75
Panhala,16.7545,74.0178,2012,11,23.0,72.87,0.16
Panhala,16.7545,74.0178,2012,12,23.06,57.24,0.0
Panhala,16.7545,74.0178,2012,13,25.38,66.44,4.95
Panhala,16.7545,74.0178,2013,1,23.62,47.95,0.0
Panhala,16.7545,74.0178,2013,2,26.19,46.65,0.03
Panhala,16.7545,74.0178,2013,3,28.41,43.19,0.01
Panhala,16.7545,74.0178,2013,4,28.69,54.75,0.04
Panhala,16.7545,74.0178,2013,5,29.25,62.69,0.55
Panhala,16.7545,74.0178,2013,6,25.39,88.91,22.31
Panhala,16.7545,74.0178,2013,7,24.07,93.71,23.6
Panhala,16.7545,74.0178,2013,8,23.87,91.79,7.23
Panhala,16.7545,74.0178,2013,9,24.26,90.81,8.32
Panhala,16.7545,74.0178,2013,10,24.15,86.93,3.47
Panhala,16.7545,74.0178,2013,11,22.87,74.45,0.04
Panhala,16.7545,74.0178,2013,12,21.82,57.65,0.01
Panhala,16.7545,74.0178,2013,13,25.21,70.07,5.49
Panhala,16.7545,74.0178,2014,1,23.54,54.34,0.0
Panhala,16.7545,74.0178,2014,2,24.66,49.92,0.03
Panhala,16.7545,74.0178,2014,3,27.86,44.9,0.11
Panhala,16.7545,74.0178,2014,4,30.17,46.94,0.06
Panhala,16.7545,74.0178,2014,5,29.78,58.44,0.71
Panhala,16.7545,74.0178,2014,6,27.6,75.6,4.04
Panhala,16.7545,74.0178,2014,7,25.08,89.25,25.16
Panhala,16.7545,74.0178,2014,8,24.47,91.09,14.47
Panhala,16.7545,74.0178,2014,9,24.4,89.28,8.19
Panhala,16.7545,74.0178,2014,10,24.62,80.28,2.05
Panhala,16.7545,74.0178,2014,11,23.01,69.45,0.67
Panhala,16.7545,74.0178,2014,12,22.45,57.58,0.35
Panhala,16.7545,74.0178,2014,13,25.64,67.36,4.71
Panhala,16.7545,74.0178,2015,1,22.6,50.62,0.01
Panhala,16.7545,74.0178,2015,2,25.43,40.55,0.22
Panhala,16.7545,74.0178,2015,3,27.55,51.95,0.71
Panhala,16.7545,74.0178,2015,4,29.18,52.99,0.2
Panhala,16.7545,74.0178,2015,5,29.87,61.0,0.75
Panhala,16.7545,74.0178,2015,6,26.02,83.05,16.74
Panhala,16.7545,74.0178,2015,7,24.96,88.79,6.4
Panhala,16.7545,74.0178,2015,8,24.63,89.53,5.62
Panhala,16.7545,74.0178,2015,9,24.53,87.64,6.42
Panhala,16.7545,74.0178,2015,10,25.64,78.89,2.29
Panhala,16.7545,74.0178,2015,11,24.91,67.09,0.49
Panhala,16.7545,74.0178,2015,12,24.5,49.66,0.0
Panhala,16.7545,74.0178,2015,13,25.82,66.96,3.32
Panhala,16.7545,74.0178,2016,1,24.02,40.93,0.0
Panhala,16.7545,74.0178,2016,2,25.94,48.91,0.14
Panhala,16.7545,74.0178,2016,3,28.81,46.02,0.14
Panhala,16.7545,74.0178,2016,4,29.97,51.13,0.12
Panhala,16.7545,74.0178,2016,5,30.02,60.53,0.2
Panhala,16.7545,74.0178,2016,6,26.06,84.69,19.15
Panhala,16.7545,74.0178,2016,7,24.31,93.54,34.35
Panhala,16.7545,74.0178,2016,8,24.06,92.3,20.82
Panhala,16.7545,74.0178,2016,9,23.53,91.63,9.81
Panhala,16.7545,74.0178,2016,10,23.01,82.55,2.37
Panhala,16.7545,74.0178,2016,11,21.38,64.22,0.15
Panhala,16.7545,74.0178,2016,12,22.48,51.21,0.0
Panhala,16.7545,74.0178,2016,13,25.3,67.34,7.31
Panhala,16.7545,74.0178,2017,1,23.59,41.63,0.0
Panhala,16.7545,74.0178,2017,2,26.53,36.75,0.0
Panhala,16.7545,74.0178,2017,3,27.32,48.43,0.02
Panhala,16.7545,74.0178,2017,4,29.54,52.35,0.02
Panhala,16.7545,74.0178,2017,5,29.75,61.39,2.09
Panhala,16.7545,74.0178,2017,6,26.05,84.92,13.59
Panhala,16.7545,74.0178,2017,7,24.72,91.27,19.51
Panhala,16.7545,74.0178,2017,8,24.37,91.12,11.56
Panhala,16.7545,74.0178,2017,9,24.89,90.64,16.9
Panhala,16.7545,74.0178,2017,10,24.48,85.14,4.89
Panhala,16.7545,74.0178,2017,11,21.94,73.28,0.02
Panhala,16.7545,74.0178,2017,12,21.4,64.81,0.19
Panhala,16.7545,74.0178,2017,13,25.37,68.66,5.76
Panhala,16.7545,74.0178,2018,1,22.75,49.46,0.0
Panhala,16.7545,74.0178,2018,2,26.03,36.8,0.0
Panhala,16.7545,74.0178,2018,3,28.42,44.74,0.11
Panhala,16.7545,74.0178,2018,4,30.12,48.38,0.15
Panhala,16.7545,74.0178,2018,5,29.26,63.89,1.33
Panhala,16.7545,74.0178,2018,6,25.77,88.85,23.08
Panhala,16.7545,74.0178,2018,7,24.34,93.14,24.37
Panhala,16.7545,74.0178,2018,8,23.82,92.23,13.19
Panhala,16.7545,74.0178,2018,9,24.09,87.98,4.64
Panhala,16.7545,74.0178,2018,10,24.78,75.43,1.82
Panhala,16.7545,74.0178,2018,11,23.77,65.93,0.78
Panhala,16.7545,74.0178,2018,12,22.56,54.11,0.01
Panhala,16.7545,74.0178,2018,13,25.47,66.92,5.82
Panhala,16.7545,74.0178,2019,1,23.09,36.17,0.0
Panhala,16.7545,74.0178,2019,2,25.45,40.96,0.0
Panhala,16.7545,74.0178,2019,3,27.54,45.19,0.09
Panhala,16.7545,74.0178,2019,4,30.23,50.03,0.19
Panhala,16.7545,74.0178,2019,5,29.88,56.77,0.01
Panhala,16.7545,74.0178,2019,6,27.64,76.5,14.87
Panhala,16.7545,74.0178,2019,7,25.06,92.91,32.87
Panhala,16.7545,74.0178,2019,8,24.41,92.82,33.13
Panhala,16.7545,74.0178,2019,9,24.4,92.89,17.83
Panhala,16.7545,74.0178,2019,10,24.54,88.42,10.14
Panhala,16.7545,74.0178,2019,11,23.23,82.47,0.35
Panhala,16.7545,74.0178,2019,12,23.05,77.84,0.07
Panhala,16.7545,74.0178,2019,13,25.7,69.58,9.21
Panhala,16.7545,74.0178,2020,1,22.18,67.56,0.0
Panhala,16.7545,74.0178,2020,2,25.42,48.76,0.0
Panhala,16.7545,74.0178,2020,3,27.42,50.28,0.17
Panhala,16.7545,74.0178,2020,4,30.64,49.23,0.67
Panhala,16.7545,74.0178,2020,5,30.8,58.13,1.08
Panhala,16.7545,74.0178,2020,6,25.65,88.41,19.71
Panhala,16.7545,74.0178,2020,7,24.75,92.18,20.31
Panhala,16.7545,74.0178,2020,8,24.49,93.87,30.28
Panhala,16.7545,74.0178,2020,9,24.5,91.87,12.94
Panhala,16.7545,74.0178,2020,10,24.52,89.48,10.0
Panhala,16.7545,74.0178,2020,11,23.44,80.45,0.01
Panhala,16.7545,74.0178,2020,12,22.15,71.35,0.05
Panhala,16.7545,74.0178,2020,13,25.49,73.56,7.97
Panhala,16.7545,74.0178,2021,1,24.11,66.81,0.33
Panhala,16.7545,74.0178,2021,2,25.28,47.84,0.18
Panhala,16.7545,74.0178,2021,3,29.4,42.51,0.03
Panhala,16.7545,74.0178,2021,4,29.92,51.66,1.0
Panhala,16.7545,74.0178,2021,5,28.48,71.26,8.83
Panhala,16.7545,74.0178,2021,6,25.39,89.72,23.27
Panhala,16.7545,74.0178,2021,7,24.62,92.9,40.09
Panhala,16.7545,74.0178,2021,8,24.24,90.78,6.76
Panhala,16.7545,74.0178,2021,9,24.27,92.1,10.93
Panhala,16.7545,74.0178,2021,10,24.61,85.22,3.96
Panhala,16.7545,74.0178,2021,11,24.03,83.07,2.13
Panhala,16.7545,74.0178,2021,12,21.53,79.2,2.77
Panhala,16.7545,74.0178,2021,13,25.49,74.59,8.41
Panhala,16.7545,74.0178,2022,1,20.91,68.77,0.06
Panhala,16.7545,74.0178,2022,2,23.72,56.11,0.0
Panhala,16.7545,74.0178,2022,3,29.26,44.71,0.13
Panhala,16.7545,74.0178,2022,4,30.11,52.6,0.88
Panhala,16.7545,74.0178,2022,5,28.94,66.4,1.48
Panhala,16.7545,74.0178,2022,6,26.19,81.47,13.82
Panhala,16.7545,74.0178,2022,7,24.39,92.42,24.02
Panhala,16.7545,74.0178,2022,8,24.1,92.37,19.71
Panhala,16.7545,74.0178,2022,9,24.12,91.57,10.6
Panhala,16.7545,74.0178,2022,10,23.64,85.23,7.04
Panhala,16.7545,74.0178,2022,11,22.28,77.81,0.03
Panhala,16.7545,74.0178,2022,12,23.16,69.14,0.04
Panhala,16.7545,74.0178,2022,13,25.07,73.33,6.54
Panhala,16.7545,74.0178,2023,1,22.52,56.27,0.0
Panhala,16.7545,74.0178,2023,2,27.0,24.67,0.0
Panhala,16.7545,74.0178,2023,3,27.55,42.53,0.1
Panhala,16.7545,74.0178,2023,4,29.54,50.08,0.53
Panhala,16.7545,74.0178,2023,5,29.8,58.33,0.74
Panhala,16.7545,74.0178,2023,6,27.79,75.16,9.14
Panhala,16.7545,74.0178,2023,7,24.7,92.9,33.05
Panhala,16.7545,74.0178,2023,8,24.43,90.71,5.42
Panhala,16.7545,74.0178,2023,9,24.65,91.01,11.59
Panhala,16.7545,74.0178,2023,10,24.62,80.85,1.77
Panhala,16.7545,74.0178,2023,11,24.04,78.67,1.29
Panhala,16.7545,74.0178,2023,12,23.52,60.04,0.02
Panhala,16.7545,74.0178,2023,13,25.83,67.04,5.34
Radhanagari,16.4157,74.0105,1997,1,23.22,55.63,0.08
Radhanagari,16.4157,74.0105,1997,2,24.65,43.8,0.0
Radhanagari,16.4157,74.0105,1997,3,28.65,50.66,0.08
Radhanagari,16.4157,74.0105,1997,4,28.75,54.67,0.28
Radhanagari,16.4157,74.0105,1997,5,29.69,57.93,0.08
Radhanagari,16.4157,74.0105,1997,6,26.46,83.22,22.04
Radhanagari,16.4157,74.0105,1997,7,25.13,91.55,26.22
Radhanagari,16.4157,74.0105,1997,8,24.49,92.84,23.03
Radhanagari,16.4157,74.0105,1997,9,24.48,88.64,3.13
Radhanagari,16.4157,74.0105,1997,10,25.5,82.38,1.23
Radhanagari,16.4157,74.0105,1997,11,25.87,76.01,0.95
Radhanagari,16.4157,74.0105,1997,12,23.76,73.32,2.24
Radhanagari,16.4157,74.0105,1997,13,25.89,71.06,6.67
Radhanagari,16.4157,74.0105,1998,1,24.13,57.66,0.0
Radhanagari,16.4157,74.0105,1998,2,25.46,49.91,0.02
Radhanagari,16.4157,74.0105,1998,3,27.58,53.6,0.0
Radhanagari,16.4157,74.0105,1998,4,31.21,52.27,0.01
Radhanagari,16.4157,74.0105,1998,5,30.95,61.69,1.1
Radhanagari,16.4157,74.0105,1998,6,27.34,80.3,25.0
Radhanagari,16.4157,74.0105,1998,7,25.21,91.96,19.34
Radhanagari,16.4157,74.0105,1998,8,25.25,92.5,17.87
Radhanagari,16.4157,74.0105,1998,9,25.02,91.46,12.67
Radhanagari,16.4157,74.0105,1998,10,24.52,88.19,3.68
Radhanagari,16.4157,74.0105,1998,11,22.89,79.35,1.55
Radhanagari,16.4157,74.0105,1998,12,21.37,62.88,0.03
Radhanagari,16.4157,74.0105,1998,13,25.91,71.95,6.79
Radhanagari,16.4157,74.0105,1999,1,22.73,51.54,0.0
Radhanagari,16.4157,74.0105,1999,2,27.59,43.37,0.03
Radhanagari,16.4157,74.0105,1999,3,29.36,47.23,0.0
Radhanagari,16.4157,74.0105,1999,4,29.33,60.43,0.0
Radhanagari,16.4157,74.0105,1999,5,27.59,74.1,6.51
Radhanagari,16.4157,74.0105,1999,6,25.47,88.21,22.41
Radhanagari,16.4157,74.0105,1999,7,24.84,92.13,24.24
Radhanagari,16.4157,74.0105,1999,8,24.41,90.57,4.86
Radhanagari,16.4157,74.0105,1999,9,24.37,90.28,5.88
Radhanagari,16.4157,74.0105,1999,10,24.9,83.0,3.33
Radhanagari,16.4157,74.0105,1999,11,23.7,65.33,0.02
Radhanagari,16.4157,74.0105,1999,12,23.9,48.99,0.0
Radhanagari,16.4157,74.0105,1999,13,25.67,69.74,5.64
Radhanagari,16.4157,74.0105,2000,1,25.74,39.01,0.01
Radhanagari,16.4157,74.0105,2000,2,24.73,54.17,0.04
Radhanagari,16.4157,74.0105,2000,3,27.49,49.35,0.0
Radhanagari,16.4157,74.0105,2000,4,29.82,59.36,0.29
Radhanagari,16.4157,74.0105,2000,5,28.19,71.13,4.43
Radhanagari,16.4157,74.0105,2000,6,25.54,88.81,15.28
Radhanagari,16.4157,74.0105,2000,7,24.48,91.0,20.18
Radhanagari,16.4157,74.0105,2000,8,24.47,91.27,14.99
Radhanagari,16.4157,74.0105,2000,9,25.04,88.87,4.0
Radhanagari,16.4157,74.0105,2000,10,24.99,83.46,3.4
Radhanagari,16.4157,74.0105,2000,11,23.83,68.93,0.26
Radhanagari,16.4157,74.0105,2000,12,23.38,46.33,0.48
Radhanagari,16.4157,74.0105,2000,13,25.64,69.31,5.31
Radhanagari,16.4157,74.0105,2001,1,24.99,49.07,0.1
Radhanagari,16.4157,74.0105,2001,2,26.35,42.69,0.0
Radhanagari,16.4157,74.0105,2001,3,26.78,54.58,0.0
Radhanagari,16.4157,74.0105,2001,4,29.99,55.04,0.53
Radhanagari,16.4157,74.0105,2001,5,28.84,67.27,3.48
Radhanagari,16.4157,74.0105,2001,6,25.84,85.2,12.06
Radhanagari,16.4157,74.0105,2001,7,24.8,90.65,14.16
Radhanagari,16.4157,74.0105,2001,8,24.33,92.13,13.42
Radhanagari,16.4157,74.0105,2001,9,24.64,90.09,5.63
Radhanagari,16.4157,74.0105,2001,10,24.43,83.43,2.38
Radhanagari,16.4157,74.0105,2001,11,24.38,69.69,0.23
Radhanagari,16.4157,74.0105,2001,12,24.36,50.42,0.01
Radhanagari,16.4157,74.0105,2001,13,25.8,69.34,4.37
Radhanagari,16.4157,74.0105,2002,1,23.93,49.18,0.0
Radhanagari,16.4157,74.0105,2002,2,27.22,46.92,0.0
Radhanagari,16.4157,74.0105,2002,3,29.06,50.33,0.01
Radhanagari,16.4157,74.0105,2002,4,30.9,52.59,0.09
Radhanagari,16.4157,74.0105,2002,5,29.42,67.88,1.75
Radhanagari,16.4157,74.0105,2002,6,26.48,85.69,23.07
Radhanagari,16.4157,74.0105,2002,7,25.25,89.09,7.63
Radhanagari,16.4157,74.0105,2002,8,24.48,91.38,15.1
Radhanagari,16.4157,74.0105,2002,9,24.51,88.22,3.04
Radhanagari,16.4157,74.0105,2002,10,25.57,80.96,4.39
Radhanagari,16.4157,74.0105,2002,11,24.54,66.51,0.38
Radhanagari,16.4157,74.0105,2002,12,24.14,52.6,0.02
Radhanagari,16.4157,74.0105,2002,13,26.28,68.57,4.64
Radhanagari,16.4157,74.0105,2003,1,25.77,48.95,0.0
Radhanagari,16.4157,74.0105,2003,2,27.07,48.59,0.02
Radhanagari,16.4157,74.0105,2003,3,28.79,49.01,0.12
Radhanagari,16.4157,74.0105,2003,4,30.79,51.42,0.48
Radhanagari,16.4157,74.0105,2003,5,30.34,60.08,0.13
Radhanagari,16.4157,74.0105,2003,6,27.41,80.43,16.91
Radhanagari,16.4157,74.0105,2003,7,25.32,92.33,17.07
Radhanagari,16.4157,74.0105,2003,8,25.01,90.59,8.07
Radhanagari,16.4157,74.0105,2003,9,24.73,89.52,3.77
Radhanagari,16.4157,74.0105,2003,10,25.21,81.66,1.98
Radhanagari,16.4157,74.0105,2003,11,25.25,64.64,0.16
Radhanagari,16.4157,74.0105,2003,12,24.58,46.71,0.01
Radhanagari,16.4157,74.0105,2003,13,26.68,67.1,4.08
Radhanagari,16.4157,74.0105,2004,1,24.68,49.63,0.0
Radhanagari,16.4157,74.0105,2004,2,26.94,44.44,0.0
Radhanagari,16.4157,74.0105,2004,3,30.06,52.67,0.0
Radhanagari,16.4157,74.0105,2004,4,29.95,56.23,0.25
Radhanagari,16.4157,74.0105,2004,5,28.56,71.19,4.93
Radhanagari,16.4157,74.0105,2004,6,25.6,88.86,20.8
Radhanagari,16.4157,74.0105,2004,7,25.07,90.16,13.87
Radhanagari,16.4157,74.0105,2004,8,24.4,91.81,15.0
Radhanagari,16.4157,74.0105,2004,9,24.73,89.55,5.1
Radhanagari,16.4157,74.0105,2004,10,24.53,80.84,1.19
Radhanagari,16.4157,74.0105,2004,11,24.6,64.09,0.53
Radhanagari,16.4157,74.0105,2004,12,24.02,45.13,0.0
Radhanagari,16.4157,74.0105,2004,13,26.09,68.78,5.15
Radhanagari,16.4157,74.0105,2005,1,24.75,47.63,0.04
Radhanagari,16.4157,74.0105,2005,2,26.03,47.93,0.01
Radhanagari,16.4157,74.0105,2005,3,27.92,52.12,0.01
Radhanagari,16.4157,74.0105,2005,4,30.05,54.0,0.56
Radhanagari,16.4157,74.0105,2005,5,29.61,63.06,1.24
Radhanagari,16.4157,74.0105,2005,6,27.16,82.34,17.47
Radhanagari,16.4157,74.0105,2005,7,25.31,92.21,25.41
Radhanagari,16.4157,74.0105,2005,8,24.71,92.28,16.55
Radhanagari,16.4157,74.0105,2005,9,24.76,92.29,14.01
Radhanagari,16.4157,74.0105,2005,10,24.72,83.13,3.81
Radhanagari,16.4157,74.0105,2005,11,22.03,71.16,0.02
Radhanagari,16.4157,74.0105,2005,12,22.41,59.63,0.0
Radhanagari,16.4157,74.0105,2005,13,25.78,69.94,6.63
Radhanagari,16.4157,74.0105,2006,1,24.45,44.43,0.0
Radhanagari,16.4157,74.0105,2006,2,27.35,43.41,0.0
Radhanagari,16.4157,74.0105,2006,3,27.62,54.29,0.42
Radhanagari,16.4157,74.0105,2006,4,29.3,56.51,0.02
Radhanagari,16.4157,74.0105,2006,5,29.24,66.86,16.13
Radhanagari,16.4157,74.0105,2006,6,25.74,90.25,18.76
Radhanagari,16.4157,74.0105,2006,7,24.78,92.1,19.31
Radhanagari,16.4157,74.0105,2006,8,24.28,92.39,18.1
Radhanagari,16.4157,74.0105,2006,9,24.96,91.01,12.65
Radhanagari,16.4157,74.0105,2006,10,25.27,83.22,4.65
Radhanagari,16.4157,74.0105,2006,11,24.26,79.73,0.9
Radhanagari,16.4157,74.0105,2006,12,23.09,59.92,0.0
Radhanagari,16.4157,74.0105,2006,13,25.85,71.32,7.64
Radhanagari,16.4157,74.0105,2007,1,24.67,49.58,0.0
Radhanagari,16.4157,74.0105,2007,2,25.78,53.78,0.0
Radhanagari,16.4157,74.0105,2007,3,28.7,50.79,0.0
Radhanagari,16.4157,74.0105,2007,4,30.54,55.83,0.28
Radhanagari,16.4157,74.0105,2007,5,29.29,66.74,1.73
Radhanagari,16.4157,74.0105,2007,6,26.7,85.17,29.79
Radhanagari,16.4157,74.0105,2007,7,25.31,91.98,17.34
Radhanagari,16.4157,74.0105,2007,8,24.82,92.33,23.85
Radhanagari,16.4157,74.0105,2007,9,24.95,91.59,13.91
Radhanagari,16.4157,74.0105,2007,10,24.78,82.14,1.33
Radhanagari,16.4157,74.0105,2007,11,22.81,72.61,0.84
Radhanagari,16.4157,74.0105,2007,12,23.76,62.11,0.0
Radhanagari,16.4157,74.0105,2007,13,26.01,71.31,7.44
Radhanagari,16.4157,74.0105,2008,1,23.65,47.91,0.0
Radhanagari,16.4157,74.0105,2008,2,25.02,48.62,0.16
Radhanagari,16.4157,74.0105,2008,3,28.39,53.01,0.85
Radhanagari,16.4157,74.0105,2008,4,29.54,56.24,0.33
Radhanagari,16.4157,74.0105,2008,5,28.87,66.87,2.77
Radhanagari,16.4157,74.0105,2008,6,26.05,87.39,14.64
Radhanagari,16.4157,74.0105,2008,7,25.25,89.51,10.27
Radhanagari,16.4157,74.0105,2008,8,24.61,91.71,16.58
Radhanagari,16.4157,74.0105,2008,9,24.53,90.43,13.66
Radhanagari,16.4157,74.0105,2008,10,24.7,79.93,0.84
Radhanagari,16.4157,74.0105,2008,11,24.26,69.14,0.49
Radhanagari,16.4157,74.0105,2008,12,24.16,56.98,0.35
Radhanagari,16.4157,74.0105,2008,13,25.75,69.86,5.08
Radhanagari,16.4157,74.0105,2009,1,25.56,47.0,0.0
Radhanagari,16.4157,74.0105,2009,2,27.28,45.51,0.0
Radhanagari,16.4157,74.0105,2009,3,29.36,48.76,0.08
Radhanagari,16.4157,74.0105,2009,4,30.63,54.09,0.09
Radhanagari,16.4157,74.0105,2009,5,29.95,61.58,0.34
Radhanagari,16.4157,74.0105,2009,6,26.89,80.79,10.48
Radhanagari,16.4157,74.0105,2009,7,25.03,92.33,29.72
Radhanagari,16.4157,74.0105,2009,8,25.04,90.78,7.93
Radhanagari,16.4157,74.0105,2009,9,25.3,90.8,11.74
Radhanagari,16.4157,74.0105,2009,10,24.8,81.64,6.56
Radhanagari,16.4157,74.0105,2009,11,23.78,79.29,2.94
Radhanagari,16.4157,74.0105,2009,12,23.37,68.43,0.02
Radhanagari,16.4157,74.0105,2009,13,26.41,70.22,5.87
Radhanagari,16.4157,74.0105,2010,1,24.69,59.4,0.21
Radhanagari,16.4157,74.0105,2010,2,26.41,50.93,0.0
Radhanagari,16.4157,74.0105,2010,3,29.44,49.42,0.01
Radhanagari,16.4157,74.0105,2010,4,30.29,56.92,0.15
Radhanagari,16.4157,74.0105,2010,5,30.65,62.41,0.42
Radhanagari,16.4157,74.0105,2010,6,27.05,83.93,18.7
Radhanagari,16.4157,74.0105,2010,7,25.2,92.41,32.25
Radhanagari,16.4157,74.0105,2010,8,24.9,92.55,14.87
Radhanagari,16.4157,74.0105,2010,9,25.19,90.33,9.06
Radhanagari,16.4157,74.0105,2010,10,25.15,86.44,4.92
Radhanagari,16.4157,74.0105,2010,11,24.75,85.03,2.63
Radhanagari,16.4157,74.0105,2010,12,21.53,73.55,0.02
Radhanagari,16.4157,74.0105,2010,13,26.26,73.74,6.99
Radhanagari,16.4157,74.0105,2011,1,22.93,54.86,0.0
Radhanagari,16.4157,74.0105,2011,2,25.09,54.04,0.01
Radhanagari,16.4157,74.0105,2011,3,28.94,48.33,0.0
Radhanagari,16.4157,74.0105,2011,4,29.4,55.78,0.31
Radhanagari,16.4157,74.0105,2011,5,29.47,62.96,0.98
Radhanagari,16.4157,74.0105,2011,6,26.24,86.1,15.32
Radhanagari,16.4157,74.0105,2011,7,25.02,91.95,28.49
Radhanagari,16.4157,74.0105,2011,8,24.73,92.47,18.84
Radhanagari,16.4157,74.0105,2011,9,24.6,90.58,9.85
Radhanagari,16.4157,74.0105,2011,10,25.32,83.15,3.06
Radhanagari,16.4157,74.0105,2011,11,24.15,67.72,0.18
Radhanagari,16.4157,74.0105,2011,12,24.47,50.96,0.0
Radhanagari,16.4157,74.0105,2011,13,25.87,69.98,6.47
Radhanagari,16.4157,74.0105,2012,1,23.76,48.85,0.0
Radhanagari,16.4157,74.0105,2012,2,26.53,39.65,0.0
Radhanagari,16.4157,74.0105,2012,3,27.84,46.51,0.0
Radhanagari,16.4157,74.0105,2012,4,30.1,54.82,0.39
Radhanagari,16.4157,74.0105,2012,5,29.58,61.32,0.12
Radhanagari,16.4157,74.0105,2012,6,26.95,80.33,15.4
Radhanagari,16.4157,74.0105,2012,7,25.15,91.37,20.92
Radhanagari,16.4157,74.0105,2012,8,24.95,91.71,12.63
Radhanagari,16.4157,74.0105,2012,9,24.69,90.52,8.05
Radhanagari,16.4157,74.0105,2012,10,24.79,80.58,4.25
Radhanagari,16.4157,74.0105,2012,11,23.93,72.94,0.29
Radhanagari,16.4157,74.0105,2012,12,24.16,58.12,0.0
Radhanagari,16.4157,74.0105,2012,13,26.03,68.14,5.19
Radhanagari,16.4157,74.0105,2013,1,24.78,48.8,0.0
Radhanagari,16.4157,74.0105,2013,2,26.96,48.91,0.07
Radhanagari,16.4157,74.0105,2013,3,28.99,46.89,0.01
Radhanagari,16.4157,74.0105,2013,4,29.07,56.86,0.11
Radhanagari,16.4157,74.0105,2013,5,29.54,64.5,1.0
Radhanagari,16.4157,74.0105,2013,6,25.92,88.66,21.71
Radhanagari,16.4157,74.0105,2013,7,24.62,93.31,26.29
Radhanagari,16.4157,74.0105,2013,8,24.46,91.55,8.0
Radhanagari,16.4157,74.0105,2013,9,24.75,90.95,9.08
Radhanagari,16.4157,74.0105,2013,10,24.82,86.61,3.68
Radhanagari,16.4157,74.0105,2013,11,23.65,75.03,0.02
Radhanagari,16.4157,74.0105,2013,12,22.74,58.52,0.0
Radhanagari,16.4157,74.0105,2013,13,25.85,70.99,5.86
Radhanagari,16.4157,74.0105,2014,1,24.62,54.77,0.0
Radhanagari,16.4157,74.0105,2014,2,25.6,51.09,0.01
Radhanagari,16.4157,74.0105,2014,3,28.39,47.2,0.11
Radhanagari,16.4157,74.0105,2014,4,30.5,50.31,0.11
Radhanagari,16.4157,74.0105,2014,5,29.82,61.86,1.56
Radhanagari,16.4157,74.0105,2014,6,27.82,77.98,5.86
Radhanagari,16.4157,74.0105,2014,7,25.59,89.34,26.18
Radhanagari,16.4157,74.0105,2014,8,24.98,91.21,16.46
Radhanagari,16.4157,74.0105,2014,9,25.05,89.51,7.61
Radhanagari,16.4157,74.0105,2014,10,25.39,81.57,3.54
Radhanagari,16.4157,74.0105,2014,11,23.7,71.61,0.7
Radhanagari,16.4157,74.0105,2014,12,23.31,60.95,0.36
Radhanagari,16.4157,74.0105,2014,13,26.23,69.06,5.27
Radhanagari,16.4157,74.0105,2015,1,23.42,53.19,0.01
Radhanagari,16.4157,74.0105,2015,2,26.17,44.68,0.18
Radhanagari,16.4157,74.0105,2015,3,27.97,55.38,0.76
Radhanagari,16.4157,74.0105,2015,4,29.56,55.44,0.43
Radhanagari,16.4157,74.0105,2015,5,30.31,62.22,1.05
Radhanagari,16.4157,74.0105,2015,6,26.46,84.28,18.5
Radhanagari,16.4157,74.0105,2015,7,25.49,89.07,8.59
Radhanagari,16.4157,74.0105,2015,8,25.16,89.89,6.92
Radhanagari,16.4157,74.0105,2015,9,25.11,87.75,6.26
Radhanagari,16.4157,74.0105,2015,10,26.38,80.06,2.42
Radhanagari,16.4157,74.0105,2015,11,25.76,69.83,0.4
Radhanagari,16.4157,74.0105,2015,12,25.61,51.22,0.01
Radhanagari,16.4157,74.0105,2015,13,26.45,68.72,3.8
Radhanagari,16.4157,74.0105,2016,1,25.11,44.38,0.0
Radhanagari,16.4157,74.0105,2016,2,26.7,51.44,0.05
Radhanagari,16.4157,74.0105,2016,3,29.17,49.43,0.16
Radhanagari,16.4157,74.0105,2016,4,30.18,54.83,0.15
Radhanagari,16.4157,74.0105,2016,5,30.36,62.29,0.33
Radhanagari,16.4157,74.0105,2016,6,26.56,85.04,22.81
Radhanagari,16.4157,74.0105,2016,7,24.84,93.35,36.98
Radhanagari,16.4157,74.0105,2016,8,24.65,91.92,20.04
Radhanagari,16.4157,74.0105,2016,9,24.2,91.25,8.73
Radhanagari,16.4157,74.0105,2016,10,23.75,82.61,2.39
Radhanagari,16.4157,74.0105,2016,11,22.35,65.23,0.27
Radhanagari,16.4157,74.0105,2016,12,23.69,51.52,0.0
Radhanagari,16.4157,74.0105,2016,13,25.96,68.64,7.7
Radhanagari,16.4157,74.0105,2017,1,24.84,43.47,0.0
Radhanagari,16.4157,74.0105,2017,2,27.32,41.4,0.0
Radhanagari,16.4157,74.0105,2017,3,27.8,51.62,0.01
Radhanagari,16.4157,74.0105,2017,4,29.92,55.41,0.05
Radhanagari,16.4157,74.0105,2017,5,30.0,63.74,2.79
Radhanagari,16.4157,74.0105,2017,6,26.51,85.55,14.42
Radhanagari,16.4157,74.0105,2017,7,25.29,90.95,18.78
Radhanagari,16.4157,74.0105,2017,8,25.06,90.79,12.03
Radhanagari,16.4157,74.0105,2017,9,25.46,90.41,16.11
Radhanagari,16.4157,74.0105,2017,10,25.26,85.98,4.44
Radhanagari,16.4157,74.0105,2017,11,22.88,73.83,0.01
Radhanagari,16.4157,74.0105,2017,12,22.63,64.02,0.28
Radhanagari,16.4157,74.0105,2017,13,26.07,69.93,5.77
Radhanagari,16.4157,74.0105,2018,1,23.95,50.01,0.0
Radhanagari,16.4157,74.0105,2018,2,26.99,39.36,0.0
Radhanagari,16.4157,74.0105,2018,3,28.88,48.81,0.17
Radhanagari,16.4157,74.0105,2018,4,30.45,51.54,0.21
Radhanagari,16.4157,74.0105,2018,5,29.3,67.62,1.76
Radhanagari,16.4157,74.0105,2018,6,26.25,89.32,27.12
Radhanagari,16.4157,74.0105,2018,7,24.89,92.85,24.59
Radhanagari,16.4157,74.0105,2018,8,24.43,91.78,12.65
Radhanagari,16.4157,74.0105,2018,9,24.74,87.69,5.37
Radhanagari,16.4157,74.0105,2018,10,25.46,76.86,2.08
Radhanagari,16.4157,74.0105,2018,11,24.47,67.76,0.88
Radhanagari,16.4157,74.0105,2018,12,23.56,56.2,0.03
Radhanagari,16.4157,74.0105,2018,13,26.1,68.49,6.27
Radhanagari,16.4157,74.0105,2019,1,24.11,39.31,0.0
Radhanagari,16.4157,74.0105,2019,2,26.21,43.61,0.0
Radhanagari,16.4157,74.0105,2019,3,27.79,50.06,0.2
Radhanagari,16.4157,74.0105,2019,4,30.34,54.32,0.28
Radhanagari,16.4157,74.0105,2019,5,30.21,58.77,0.02
Radhanagari,16.4157,74.0105,2019,6,28.09,77.48,18.61
Radhanagari,16.4157,74.0105,2019,7,25.57,92.9,34.6
Radhanagari,16.4157,74.0105,2019,8,25.09,92.37,37.44
Radhanagari,16.4157,74.0105,2019,9,24.98,92.37,18.03
Radhanagari,16.4157,74.0105,2019,10,25.24,88.42,11.55
Radhanagari,16.4157,74.0105,2019,11,24.09,81.83,0.3
Radhanagari,16.4157,74.0105,2019,12,24.12,76.51,0.09
Radhanagari,16.4157,74.0105,2019,13,26.31,70.82,10.18
Radhanagari,16.4157,74.0105,2020,1,23.32,67.16,0.0
Radhanagari,16.4157,74.0105,2020,2,26.37,50.3,0.0
Radhanagari,16.4157,74.0105,2020,3,28.01,52.77,0.22
Radhanagari,16.4157,74.0105,2020,4,30.83,53.5,0.8
Radhanagari,16.4157,74.0105,2020,5,31.05,60.48,1.43
Radhanagari,16.4157,74.0105,2020,6,26.27,88.38,23.07
Radhanagari,16.4157,74.0105,2020,7,25.27,92.21,24.53
Radhanagari,16.4157,74.0105,2020,8,25.07,93.31,30.73
Radhanagari,16.4157,74.0105,2020,9,25.04,91.42,16.81
Radhanagari,16.4157,74.0105,2020,10,25.01,89.54,9.96
Radhanagari,16.4157,74.0105,2020,11,24.3,80.08,0.0
Radhanagari,16.4157,74.0105,2020,12,23.28,70.61,0.07
Radhanagari,16.4157,74.0105,2020,13,26.15,74.23,9.0
Radhanagari,16.4157,74.0105,2021,1,25.07,66.66,0.39
Radhanagari,16.4157,74.0105,2021,2,26.26,49.82,0.21
Radhanagari,16.4157,74.0105,2021,3,29.87,47.81,0.03
Radhanagari,16.4157,74.0105,2021,4,30.25,55.31,1.12
Radhanagari,16.4157,74.0105,2021,5,28.87,72.7,10.46
Radhanagari,16.4157,74.0105,2021,6,26.0,89.37,25.42
Radhanagari,16.4157,74.0105,2021,7,25.2,92.59,42.33
Radhanagari,16.4157,74.0105,2021,8,24.89,90.39,7.14
Radhanagari,16.4157,74.0105,2021,9,24.9,91.71,11.78
Radhanagari,16.4157,74.0105,2021,10,25.38,85.56,4.76
Radhanagari,16.4157,74.0105,2021,11,24.8,83.42,2.95
Radhanagari,16.4157,74.0105,2021,12,22.56,79.06,2.69
Radhanagari,16.4157,74.0105,2021,13,26.17,75.53,9.17
Radhanagari,16.4157,74.0105,2022,1,21.77,69.95,0.04
Radhanagari,16.4157,74.0105,2022,2,24.47,58.59,0.0
Radhanagari,16.4157,74.0105,2022,3,29.58,50.16,0.19
Radhanagari,16.4157,74.0105,2022,4,30.31,57.18,1.13
Radhanagari,16.4157,74.0105,2022,5,29.33,67.81,1.84
Radhanagari,16.4157,74.0105,2022,6,26.53,83.21,16.96
Radhanagari,16.4157,74.0105,2022,7,24.95,92.14,25.55
Radhanagari,16.4157,74.0105,2022,8,24.69,91.99,19.66
Radhanagari,16.4157,74.0105,2022,9,24.73,91.18,11.61
Radhanagari,16.4157,74.0105,2022,10,24.32,85.3,7.33
Radhanagari,16.4157,74.0105,2022,11,23.31,77.85,0.03
Radhanagari,16.4157,74.0105,2022,12,24.2,68.74,0.06
Radhanagari,16.4157,74.0105,2022,13,25.69,74.61,7.09
Radhanagari,16.4157,74.0105,2023,1,23.64,56.08,0.0
Radhanagari,16.4157,74.0105,2023,2,27.92,29.53,0.0
Radhanagari,16.4157,74.0105,2023,3,28.31,43.93,0.02
Radhanagari,16.4157,74.0105,2023,4,29.91,52.84,0.36
Radhanagari,16.4157,74.0105,2023,5,30.12,60.22,0.86
Radhanagari,16.4157,74.0105,2023,6,28.41,75.36,9.57
Radhanagari,16.4157,74.0105,2023,7,25.24,92.65,37.37
Radhanagari,16.4157,74.0105,2023,8,25.09,90.1,5.35
Radhanagari,16.4157,74.0105,2023,9,25.29,90.66,12.39
Radhanagari,16.4157,74.0105,2023,10,25.45,81.9,2.07
Radhanagari,16.4157,74.0105,2023,11,24.99,79.25,1.23
Radhanagari,16.4157,74.0105,2023,12,24.74,59.75,0.02
Radhanagari,16.4157,74.0105,2023,13,26.58,67.93,5.82
Shahuwadi,16.9587,73.8931,1997,1,22.24,54.09,0.08
Shahuwadi,16.9587,73.8931,1997,2,23.97,39.7,0.0
Shahuwadi,16.9587,73.8931,1997,3,28.27,43.9,0.07
Shahuwadi,16.9587,73.8931,1997,4,28.27,52.18,0.2
Shahuwadi,16.9587,73.8931,1997,5,29.25,56.42,0.07
Shahuwadi,16.9587,73.8931,1997,6,25.85,83.44,19.3
Shahuwadi,16.9587,73.8931,1997,7,24.51,91.8,22.47
Shahuwadi,16.9587,73.8931,1997,8,23.87,92.96,20.33
Shahuwadi,16.9587,73.8931,1997,9,23.76,89.31,3.24
Shahuwadi,16.9587,73.8931,1997,10,24.76,82.06,1.02
Shahuwadi,16.9587,73.8931,1997,11,25.02,76.46,1.28
Shahuwadi,16.9587,73.8931,1997,12,22.59,74.64,2.34
Shahuwadi,16.9587,73.8931,1997,13,25.2,69.93,5.91
Shahuwadi,16.9587,73.8931,1998,1,22.84,58.06,0.0
Shahuwadi,16.9587,73.8931,1998,2,24.55,47.59,0.02
Shahuwadi,16.9587,73.8931,1998,3,27.13,48.94,0.0
Shahuwadi,16.9587,73.8931,1998,4,30.87,48.15,0.01
Shahuwadi,16.9587,73.8931,1998,5,30.9,57.85,0.45
Shahuwadi,16.9587,73.8931,1998,6,26.94,79.41,21.91
Shahuwadi,16.9587,73.8931,1998,7,24.63,92.12,20.88
Shahuwadi,16.9587,73.8931,1998,8,24.76,92.58,17.42
Shahuwadi,16.9587,73.8931,1998,9,24.39,91.9,12.46
Shahuwadi,16.9587,73.8931,1998,10,23.88,88.28,3.79
Shahuwadi,16.9587,73.8931,1998,11,21.97,79.58,1.45
Shahuwadi,16.9587,73.8931,1998,12,20.0,64.01,0.02
Shahuwadi,16.9587,73.8931,1998,13,25.24,70.85,6.56
Shahuwadi,16.9587,73.8931,1999,1,21.45,51.96,0.0
Shahuwadi,16.9587,73.8931,1999,2,26.75,40.63,0.05
Shahuwadi,16.9587,73.8931,1999,3,29.08,40.26,0.0
Shahuwadi,16.9587,73.8931,1999,4,29.16,57.05,0.0
Shahuwadi,16.9587,73.8931,1999,5,27.19,72.99,5.68
Shahuwadi,16.9587,73.8931,1999,6,24.94,87.82,19.98
Shahuwadi,16.9587,73.8931,1999,7,24.29,92.45,20.06
Shahuwadi,16.9587,73.8931,1999,8,23.85,90.76,4.24
Shahuwadi,16.9587,73.8931,1999,9,23.74,90.64,6.17
Shahuwadi,16.9587,73.8931,1999,10,24.1,82.55,3.0
Shahuwadi,16.9587,73.8931,1999,11,22.6,63.21,0.01
Shahuwadi,16.9587,73.8931,1999,12,22.57,45.89,0.0
Shahuwadi,16.9587,73.8931,1999,13,24.96,68.17,4.96
Shahuwadi,16.9587,73.8931,2000,1,24.69,35.64,0.0
Shahuwadi,16.9587,73.8931,2000,2,23.85,52.66,0.06
Shahuwadi,16.9587,73.8931,2000,3,27.02,43.92,0.0
Shahuwadi,16.9587,73.8931,2000,4,29.79,54.47,0.14
Shahuwadi,16.9587,73.8931,2000,5,27.78,69.93,3.73
Shahuwadi,16.9587,73.8931,2000,6,25.05,88.57,12.95
Shahuwadi,16.9587,73.8931,2000,7,23.85,91.32,17.98
Shahuwadi,16.9587,73.8931,2000,8,23.86,91.65,14.81
Shahuwadi,16.9587,73.8931,2000,9,24.44,88.81,3.0
Shahuwadi,16.9587,73.8931,2000,10,24.39,82.27,3.29
Shahuwadi,16.9587,73.8931,2000,11,23.0,67.24,0.25
Shahuwadi,16.9587,73.8931,2000,12,22.32,42.83,0.64
Shahuwadi,16.9587,73.8931,2000,13,25.0,67.44,4.77
Shahuwadi,16.9587,73.8931,2001,1,24.04,47.53,0.04
Shahuwadi,16.9587,73.8931,2001,2,25.68,38.16,0.0
Shahuwadi,16.9587,73.8931,2001,3,26.2,52.6,0.0
Shahuwadi,16.9587,73.8931,2001,4,29.86,49.94,0.43
Shahuwadi,16.9587,73.8931,2001,5,28.41,66.22,3.2
Shahuwadi,16.9587,73.8931,2001,6,25.22,85.65,10.93
Shahuwadi,16.9587,73.8931,2001,7,24.31,89.94,12.16
Shahuwadi,16.9587,73.8931,2001,8,23.78,92.33,13.15
Shahuwadi,16.9587,73.8931,2001,9,24.04,90.45,6.66
Shahuwadi,16.9587,73.8931,2001,10,23.75,83.52,2.57
Shahuwadi,16.9587,73.8931,2001,11,23.21,69.48,0.17
Shahuwadi,16.9587,73.8931,2001,12,23.01,50.77,0.0
Shahuwadi,16.9587,73.8931,2001,13,25.12,68.23,4.14
Shahuwadi,16.9587,73.8931,2002,1,22.59,48.93,0.01
Shahuwadi,16.9587,73.8931,2002,2,26.47,44.39,0.0
Shahuwadi,16.9587,73.8931,2002,3,28.6,45.47,0.01
Shahuwadi,16.9587,73.8931,2002,4,30.72,47.75,0.05
Shahuwadi,16.9587,73.8931,2002,5,28.98,66.88,1.74
Shahuwadi,16.9587,73.8931,2002,6,25.96,85.48,22.03
Shahuwadi,16.9587,73.8931,2002,7,24.67,89.44,7.07
Shahuwadi,16.9587,73.8931,2002,8,23.87,91.58,14.36
Shahuwadi,16.9587,73.8931,2002,9,23.86,88.7,3.22
Shahuwadi,16.9587,73.8931,2002,10,24.86,78.46,3.78
Shahuwadi,16.9587,73.8931,2002,11,23.64,63.3,0.46
Shahuwadi,16.9587,73.8931,2002,12,23.13,50.88,0.03
Shahuwadi,16.9587,73.8931,2002,13,25.6,66.91,4.41
Shahuwadi,16.9587,73.8931,2003,1,24.9,46.28,0.0
Shahuwadi,16.9587,73.8931,2003,2,26.38,45.13,0.03
Shahuwadi,16.9587,73.8931,2003,3,28.41,43.18,0.07
Shahuwadi,16.9587,73.8931,2003,4,30.65,47.25,0.31
Shahuwadi,16.9587,73.8931,2003,5,29.9,58.51,0.07
Shahuwadi,16.9587,73.8931,2003,6,26.82,80.12,15.99
Shahuwadi,16.9587,73.8931,2003,7,24.72,92.61,16.23
Shahuwadi,16.9587,73.8931,2003,8,24.35,91.24,7.65
Shahuwadi,16.9587,73.8931,2003,9,24.06,90.01,3.71
Shahuwadi,16.9587,73.8931,2003,10,24.6,80.43,1.53
Shahuwadi,16.9587,73.8931,2003,11,24.5,62.51,0.16
Shahuwadi,16.9587,73.8931,2003,12,23.66,44.69,0.01
Shahuwadi,16.9587,73.8931,2003,13,26.07,65.28,3.83
Shahuwadi,16.9587,73.8931,2004,1,23.67,47.97,0.0
Shahuwadi,16.9587,73.8931,2004,2,26.25,39.67,0.01
Shahuwadi,16.9587,73.8931,2004,3,29.67,46.13,0.0
Shahuwadi,16.9587,73.8931,2004,4,29.61,53.16,0.16
Shahuwadi,16.9587,73.8931,2004,5,28.2,69.34,4.44
Shahuwadi,16.9587,73.8931,2004,6,25.06,89.16,20.79
Shahuwadi,16.9587,73.8931,2004,7,24.48,90.53,13.7
Shahuwadi,16.9587,73.8931,2004,8,23.8,92.36,15.36
Shahuwadi,16.9587,73.8931,2004,9,24.23,89.67,5.32
Shahuwadi,16.9587,73.8931,2004,10,23.7,80.47,0.82
Shahuwadi,16.9587,73.8931,2004,11,23.71,63.61,0.33
Shahuwadi,16.9587,73.8931,2004,12,22.88,44.72,0.0
Shahuwadi,16.9587,73.8931,2004,13,25.43,67.31,5.09
Shahuwadi,16.9587,73.8931,2005,1,23.76,45.26,0.07
Shahuwadi,16.9587,73.8931,2005,2,25.33,45.21,0.0
Shahuwadi,16.9587,73.8931,2005,3,27.51,47.59,0.02
Shahuwadi,16.9587,73.8931,2005,4,29.8,49.81,0.3
Shahuwadi,16.9587,73.8931,2005,5,29.23,61.12,1.1
Shahuwadi,16.9587,73.8931,2005,6,26.82,81.24,15.72
Shahuwadi,16.9587,73.8931,2005,7,24.82,92.25,23.22
Shahuwadi,16.9587,73.8931,2005,8,24.15,92.61,16.46
Shahuwadi,16.9587,73.8931,2005,9,24.23,92.44,13.15
Shahuwadi,16.9587,73.8931,2005,10,23.9,82.59,3.24
Shahuwadi,16.9587,73.8931,2005,11,20.97,71.21,0.01
Shahuwadi,16.9587,73.8931,2005,12,21.3,58.55,0.0
Shahuwadi,16.9587,73.8931,2005,13,25.15,68.45,6.14
Shahuwadi,16.9587,73.8931,2006,1,23.4,42.4,0.0
Shahuwadi,16.9587,73.8931,2006,2,26.62,38.44,0.0
Shahuwadi,16.9587,73.8931,2006,3,27.16,51.2,0.23
Shahuwadi,16.9587,73.8931,2006,4,29.08,52.96,0.02
Shahuwadi,16.9587,73.8931,2006,5,28.95,64.7,15.6
Shahuwadi,16.9587,73.8931,2006,6,25.27,89.71,17.27
Shahuwadi,16.9587,73.8931,2006,7,24.17,92.5,20.51
Shahuwadi,16.9587,73.8931,2006,8,23.64,93.04,18.27
Shahuwadi,16.9587,73.8931,2006,9,24.35,91.48,12.93
Shahuwadi,16.9587,73.8931,2006,10,24.54,83.04,3.16
Shahuwadi,16.9587,73.8931,2006,11,23.23,79.01,1.02
Shahuwadi,16.9587,73.8931,2006,12,21.98,59.39,0.0
Shahuwadi,16.9587,73.8931,2006,13,25.18,69.99,7.47
Shahuwadi,16.9587,73.8931,2007,1,23.74,46.95,0.0
Shahuwadi,16.9587,73.8931,2007,2,25.03,51.98,0.0
Shahuwadi,16.9587,73.8931,2007,3,28.35,45.3,0.0
Shahuwadi,16.9587,73.8931,2007,4,30.41,51.1,0.17
Shahuwadi,16.9587,73.8931,2007,5,29.03,64.37,1.12
Shahuwadi,16.9587,73.8931,2007,6,26.43,83.45,26.43
Shahuwadi,16.9587,73.8931,2007,7,24.78,92.17,16.27
Shahuwadi,16.9587,73.8931,2007,8,24.26,92.67,22.75
Shahuwadi,16.9587,73.8931,2007,9,24.33,91.8,12.71
Shahuwadi,16.9587,73.8931,2007,10,23.92,80.97,1.0
Shahuwadi,16.9587,73.8931,2007,11,22.05,71.2,0.5
Shahuwadi,16.9587,73.8931,2007,12,22.87,60.54,0.0
Shahuwadi,16.9587,73.8931,2007,13,25.43,69.46,6.77
Shahuwadi,16.9587,73.8931,2008,1,22.74,44.43,0.0
Shahuwadi,16.9587,73.8931,2008,2,24.33,43.88,0.06
Shahuwadi,16.9587,73.8931,2008,3,28.14,47.73,0.48
Shahuwadi,16.9587,73.8931,2008,4,29.41,52.57,0.1
Shahuwadi,16.9587,73.8931,2008,5,28.43,65.54,2.45
Shahuwadi,16.9587,73.8931,2008,6,25.51,87.11,13.52
Shahuwadi,16.9587,73.8931,2008,7,24.66,89.73,9.28
Shahuwadi,16.9587,73.8931,2008,8,24.05,91.93,14.42
Shahuwadi,16.9587,73.8931,2008,9,23.93,90.76,14.01
Shahuwadi,16.9587,73.8931,2008,10,23.83,79.45,0.68
Shahuwadi,16.9587,73.8931,2008,11,23.36,69.06,0.52
Shahuwadi,16.9587,73.8931,2008,12,23.09,56.67,0.35
Shahuwadi,16.9587,73.8931,2008,13,25.12,68.3,4.65
Shahuwadi,16.9587,73.8931,2009,1,24.54,45.25,0.0
Shahuwadi,16.9587,73.8931,2009,2,26.71,40.07,0.0
Shahuwadi,16.9587,73.8931,2009,3,28.93,43.19,0.07
Shahuwadi,16.9587,73.8931,2009,4,30.49,49.81,0.03
Shahuwadi,16.9587,73.8931,2009,5,29.61,59.26,0.12
Shahuwadi,16.9587,73.8931,2009,6,26.36,80.26,9.53
Shahuwadi,16.9587,73.8931,2009,7,24.44,92.82,27.03
Shahuwadi,16.9587,73.8931,2009,8,24.47,90.85,8.66
Shahuwadi,16.9587,73.8931,2009,9,24.85,90.26,11.21
Shahuwadi,16.9587,73.8931,2009,10,24.03,81.55,5.7
Shahuwadi,16.9587,73.8931,2009,11,22.85,79.08,2.85
Shahuwadi,16.9587,73.8931,2009,12,22.25,67.17,0.01
Shahuwadi,16.9587,73.8931,2009,13,25.78,68.46,5.47
Shahuwadi,16.9587,73.8931,2010,1,23.63,57.83,0.11
Shahuwadi,16.9587,73.8931,2010,2,25.66,48.92,0.0
Shahuwadi,16.9587,73.8931,2010,3,29.07,44.97,0.06
Shahuwadi,16.9587,73.8931,2010,4,30.13,52.72,0.05
Shahuwadi,16.9587,73.8931,2010,5,30.36,60.56,0.19
Shahuwadi,16.9587,73.8931,2010,6,26.44,84.45,17.31
Shahuwadi,16.9587,73.8931,2010,7,24.65,92.51,31.63
Shahuwadi,16.9587,73.8931,2010,8,24.29,92.66,14.51
Shahuwadi,16.9587,73.8931,2010,9,24.57,90.6,7.61
Shahuwadi,16.9587,73.8931,2010,10,24.51,86.07,4.77
Shahuwadi,16.9587,73.8931,2010,11,24.06,85.13,2.22
Shahuwadi,16.9587,73.8931,2010,12,20.61,72.37,0.01
Shahuwadi,16.9587,73.8931,2010,13,25.66,72.53,6.59
Shahuwadi,16.9587,73.8931,2011,1,22.07,52.27,0.0
Shahuwadi,16.9587,73.8931,2011,2,24.5,51.0,0.0
Shahuwadi,16.9587,73.8931,2011,3,28.63,41.68,0.0
Shahuwadi,16.9587,73.8931,2011,4,29.18,53.09,0.16
Shahuwadi,16.9587,73.8931,2011,5,29.06,61.58,0.63
Shahuwadi,16.9587,73.8931,2011,6,25.58,86.84,15.09
Shahuwadi,16.9587,73.8931,2011,7,24.48,92.12,29.73
Shahuwadi,16.9587,73.8931,2011,8,24.16,92.72,17.32
Shahuwadi,16.9587,73.8931,2011,9,23.92,90.97,9.18
Shahuwadi,16.9587,73.8931,2011,10,24.56,83.03,3.24
Shahuwadi,16.9587,73.8931,2011,11,23.11,67.49,0.12
Shahuwadi,16.9587,73.8931,2011,12,23.27,49.45,0.0
Shahuwadi,16.9587,73.8931,2011,13,25.21,68.6,6.34
Shahuwadi,16.9587,73.8931,2012,1,22.65,47.66,0.0
Shahuwadi,16.9587,73.8931,2012,2,25.83,34.57,0.0
Shahuwadi,16.9587,73.8931,2012,3,27.49,38.97,0.0
Shahuwadi,16.9587,73.8931,2012,4,29.93,50.19,0.16
Shahuwadi,16.9587,73.8931,2012,5,29.21,59.96,0.07
Shahuwadi,16.9587,73.8931,2012,6,26.53,79.04,12.89
Shahuwadi,16.9587,73.8931,2012,7,24.55,91.79,21.16
Shahuwadi,16.9587,73.8931,2012,8,24.37,91.97,11.47
Shahuwadi,16.9587,73.8931,2012,9,24.05,90.91,8.45
Shahuwadi,16.9587,73.8931,2012,10,24.04,80.88,4.75
Shahuwadi,16.9587,73.8931,2012,11,23.0,72.87,0.16
Shahuwadi,16.9587,73.8931,2012,12,23.06,57.24,0.0
Shahuwadi,16.9587,73.8931,2012,13,25.38,66.44,4.95
Shahuwadi,16.9587,73.8931,2013,1,23.62,47.95,0.0
Shahuwadi,16.9587,73.8931,2013,2,26.19,46.65,0.03
Shahuwadi,16.9587,73.8931,2013,3,28.41,43.19,0.01
Shahuwadi,16.9587,73.8931,2013,4,28.69,54.75,0.04
Shahuwadi,16.9587,73.8931,2013,5,29.25,62.69,0.55
Shahuwadi,16.9587,73.8931,2013,6,25.39,88.91,22.31
Shahuwadi,16.9587,73.8931,2013,7,24.07,93.71,23.6
Shahuwadi,16.9587,73.8931,2013,8,23.87,91.79,7.23
Shahuwadi,16.9587,73.8931,2013,9,24.26,90.81,8.32
Shahuwadi,16.9587,73.8931,2013,10,24.15,86.93,3.47
Shahuwadi,16.9587,73.8931,2013,11,22.87,74.45,0.04
Shahuwadi,16.9587,73.8931,2013,12,21.82,57.65,0.01
Shahuwadi,16.9587,73.8931,2013,13,25.21,70.07,5.49
Shahuwadi,16.9587,73.8931,2014,1,23.54,54.34,0.0
Shahuwadi,16.9587,73.8931,2014,2,24.66,49.92,0.03
Shahuwadi,16.9587,73.8931,2014,3,27.86,44.9,0.11
Shahuwadi,16.9587,73.8931,2014,4,30.17,46.94,0.06
Shahuwadi,16.9587,73.8931,2014,5,29.78,58.44,0.71
Shahuwadi,16.9587,73.8931,2014,6,27.6,75.6,4.04
Shahuwadi,16.9587,73.8931,2014,7,25.08,89.25,25.16
Shahuwadi,16.9587,73.8931,2014,8,24.47,91.09,14.47
Shahuwadi,16.9587,73.8931,2014,9,24.4,89.28,8.19
Shahuwadi,16.9587,73.8931,2014,10,24.62,80.28,2.05
Shahuwadi,16.9587,73.8931,2014,11,23.01,69.45,0.67
Shahuwadi,16.9587,73.8931,2014,12,22.45,57.58,0.35
Shahuwadi,16.9587,73.8931,2014,13,25.64,67.36,4.71
Shahuwadi,16.9587,73.8931,2015,1,22.6,50.62,0.01
Shahuwadi,16.9587,73.8931,2015,2,25.43,40.55,0.22
Shahuwadi,16.9587,73.8931,2015,3,27.55,51.95,0.71
Shahuwadi,16.9587,73.8931,2015,4,29.18,52.99,0.2
Shahuwadi,16.9587,73.8931,2015,5,29.87,61.0,0.75
Shahuwadi,16.9587,73.8931,2015,6,26.02,83.05,16.74
Shahuwadi,16.9587,73.8931,2015,7,24.96,88.79,6.4
Shahuwadi,16.9587,73.8931,2015,8,24.63,89.53,5.62
Shahuwadi,16.9587,73.8931,2015,9,24.53,87.64,6.42
Shahuwadi,16.9587,73.8931,2015,10,25.64,78.89,2.29
Shahuwadi,16.9587,73.8931,2015,11,24.91,67.09,0.49
Shahuwadi,16.9587,73.8931,2015,12,24.5,49.66,0.0
Shahuwadi,16.9587,73.8931,2015,13,25.82,66.96,3.32
Shahuwadi,16.9587,73.8931,2016,1,24.02,40.93,0.0
Shahuwadi,16.9587,73.8931,2016,2,25.94,48.91,0.14
Shahuwadi,16.9587,73.8931,2016,3,28.81,46.02,0.14
Shahuwadi,16.9587,73.8931,2016,4,29.97,51.13,0.12
Shahuwadi,16.9587,73.8931,2016,5,30.02,60.53,0.2
Shahuwadi,16.9587,73.8931,2016,6,26.06,84.69,19.15
Shahuwadi,16.9587,73.8931,2016,7,24.31,93.54,34.35
Shahuwadi,16.9587,73.8931,2016,8,24.06,92.3,20.82
Shahuwadi,16.9587,73.8931,2016,9,23.53,91.63,9.81
Shahuwadi,16.9587,73.8931,2016,10,23.01,82.55,2.37
Shahuwadi,16.9587,73.8931,2016,11,21.38,64.22,0.15
Shahuwadi,16.9587,73.8931,2016,12,22.48,51.21,0.0
Shahuwadi,16.9587,73.8931,2016,13,25.3,67.34,7.31
Shahuwadi,16.9587,73.8931,2017,1,23.59,41.63,0.0
Shahuwadi,16.9587,73.8931,2017,2,26.53,36.75,0.0
Shahuwadi,16.9587,73.8931,2017,3,27.32,48.43,0.02
Shahuwadi,16.9587,73.8931,2017,4,29.54,52.35,0.02
Shahuwadi,16.9587,73.8931,2017,5,29.75,61.39,2.09
Shahuwadi,16.9587,73.8931,2017,6,26.05,84.92,13.59
Shahuwadi,16.9587,73.8931,2017,7,24.72,91.27,19.51
Shahuwadi,16.9587,73.8931,2017,8,24.37,91.12,11.56
Shahuwadi,16.9587,73.8931,2017,9,24.89,90.64,16.9
Shahuwadi,16.9587,73.8931,2017,10,24.48,85.14,4.89
Shahuwadi,16.9587,73.8931,2017,11,21.94,73.28,0.02
Shahuwadi,16.9587,73.8931,2017,12,21.4,64.81,0.19
Shahuwadi,16.9587,73.8931,2017,13,25.37,68.66,5.76
Shahuwadi,16.9587,73.8931,2018,1,22.75,49.46,0.0
Shahuwadi,16.9587,73.8931,2018,2,26.03,36.8,0.0
Shahuwadi,16.9587,73.8931,2018,3,28.42,44.74,0.11
Shahuwadi,16.9587,73.8931,2018,4,30.12,48.38,0.15
Shahuwadi,16.9587,73.8931,2018,5,29.26,63.89,1.33
Shahuwadi,16.9587,73.8931,2018,6,25.77,88.85,23.08
Shahuwadi,16.9587,73.8931,2018,7,24.34,93.14,24.37
Shahuwadi,16.9587,73.8931,2018,8,23.82,92.23,13.19
Shahuwadi,16.9587,73.8931,2018,9,24.09,87.98,4.64
Shahuwadi,16.9587,73.8931,2018,10,24.78,75.43,1.82
Shahuwadi,16.9587,73.8931,2018,11,23.77,65.93,0.78
Shahuwadi,16.9587,73.8931,2018,12,22.56,54.11,0.01
Shahuwadi,16.9587,73.8931,2018,13,25.47,66.92,5.82
Shahuwadi,16.9587,73.8931,2019,1,23.09,36.17,0.0
Shahuwadi,16.9587,73.8931,2019,2,25.45,40.96,0.0
Shahuwadi,16.9587,73.8931,2019,3,27.54,45.19,0.09
Shahuwadi,16.9587,73.8931,2019,4,30.23,50.03,0.19
Shahuwadi,16.9587,73.8931,2019,5,29.88,56.77,0.01
Shahuwadi,16.9587,73.8931,2019,6,27.64,76.5,14.87
Shahuwadi,16.9587,73.8931,2019,7,25.06,92.91,32.87
Shahuwadi,16.9587,73.8931,2019,8,24.41,92.82,33.13
Shahuwadi,16.9587,73.8931,2019,9,24.4,92.89,17.83
Shahuwadi,16.9587,73.8931,2019,10,24.54,88.42,10.14
Shahuwadi,16.9587,73.8931,2019,11,23.23,82.47,0.35
Shahuwadi,16.9587,73.8931,2019,12,23.05,77.84,0.07
Shahuwadi,16.9587,73.8931,2019,13,25.7,69.58,9.21
Shahuwadi,16.9587,73.8931,2020,1,22.18,67.56,0.0
Shahuwadi,16.9587,73.8931,2020,2,25.42,48.76,0.0
Shahuwadi,16.9587,73.8931,2020,3,27.42,50.28,0.17
Shahuwadi,16.9587,73.8931,2020,4,30.64,49.23,0.67
Shahuwadi,16.9587,73.8931,2020,5,30.8,58.13,1.08
Shahuwadi,16.9587,73.8931,2020,6,25.65,88.41,19.71
Shahuwadi,16.9587,73.8931,2020,7,24.75,92.18,20.31
Shahuwadi,16.9587,73.8931,2020,8,24.49,93.87,30.28
Shahuwadi,16.9587,73.8931,2020,9,24.5,91.87,12.94
Shahuwadi,16.9587,73.8931,2020,10,24.52,89.48,10.0
Shahuwadi,16.9587,73.8931,2020,11,23.44,80.45,0.01
Shahuwadi,16.9587,73.8931,2020,12,22.15,71.35,0.05
Shahuwadi,16.9587,73.8931,2020,13,25.49,73.56,7.97
Shahuwadi,16.9587,73.8931,2021,1,24.11,66.81,0.33
Shahuwadi,16.9587,73.8931,2021,2,25.28,47.84,0.18
Shahuwadi,16.9587,73.8931,2021,3,29.4,42.51,0.03
Shahuwadi,16.9587,73.8931,2021,4,29.92,51.66,1.0
Shahuwadi,16.9587,73.8931,2021,5,28.48,71.26,8.83
Shahuwadi,16.9587,73.8931,2021,6,25.39,89.72,23.27
Shahuwadi,16.9587,73.8931,2021,7,24.62,92.9,40.09
Shahuwadi,16.9587,73.8931,2021,8,24.24,90.78,6.76
Shahuwadi,16.9587,73.8931,2021,9,24.27,92.1,10.93
Shahuwadi,16.9587,73.8931,2021,10,24.61,85.22,3.96
Shahuwadi,16.9587,73.8931,2021,11,24.03,83.07,2.13
Shahuwadi,16.9587,73.8931,2021,12,21.53,79.2,2.77
Shahuwadi,16.9587,73.8931,2021,13,25.49,74.59,8.41
Shahuwadi,16.9587,73.8931,2022,1,20.91,68.77,0.06
Shahuwadi,16.9587,73.8931,2022,2,23.72,56.11,0.0
Shahuwadi,16.9587,73.8931,2022,3,29.26,44.71,0.13
Shahuwadi,16.9587,73.8931,2022,4,30.11,52.6,0.88
Shahuwadi,16.9587,73.8931,2022,5,28.94,66.4,1.48
Shahuwadi,16.9587,73.8931,2022,6,26.19,81.47,13.82
Shahuwadi,16.9587,73.8931,2022,7,24.39,92.42,24.02
Shahuwadi,16.9587,73.8931,2022,8,24.1,92.37,19.71
Shahuwadi,16.9587,73.8931,2022,9,24.12,91.57,10.6
Shahuwadi,16.9587,73.8931,2022,10,23.64,85.23,7.04
Shahuwadi,16.9587,73.8931,2022,11,22.28,77.81,0.03
Shahuwadi,16.9587,73.8931,2022,12,23.16,69.14,0.04
Shahuwadi,16.9587,73.8931,2022,13,25.07,73.33,6.54
Shahuwadi,16.9587,73.8931,2023,1,22.52,56.27,0.0
Shahuwadi,16.9587,73.8931,2023,2,27.0,24.67,0.0
Shahuwadi,16.9587,73.8931,2023,3,27.55,42.53,0.1
Shahuwadi,16.9587,73.8931,2023,4,29.54,50.08,0.53
Shahuwadi,16.9587,73.8931,2023,5,29.8,58.33,0.74
Shahuwadi,16.9587,73.8931,2023,6,27.79,75.16,9.14
Shahuwadi,16.9587,73.8931,2023,7,24.7,92.9,33.05
Shahuwadi,16.9587,73.8931,2023,8,24.43,90.71,5.42
Shahuwadi,16.9587,73.8931,2023,9,24.65,91.01,11.59
Shahuwadi,16.9587,73.8931,2023,10,24.62,80.85,1.77
Shahuwadi,16.9587,73.8931,2023,11,24.04,78.67,1.29
Shahuwadi,16.9587,73.8931,2023,12,23.52,60.04,0.02
Shahuwadi,16.9587,73.8931,2023,13,25.83,67.04,5.34
Shirol,16.7109,74.5739,1997,1,21.46,53.31,0.05
Shirol,16.7109,74.5739,1997,2,23.1,34.66,0.0
Shirol,16.7109,74.5739,1997,3,27.83,38.64,0.17
Shirol,16.7109,74.5739,1997,4,27.95,47.35,0.47
Shirol,16.7109,74.5739,1997,5,28.82,52.52,0.19
Shirol,16.7109,74.5739,1997,6,25.18,79.58,11.3
Shirol,16.7109,74.5739,1997,7,23.67,88.99,13.26
Shirol,16.7109,74.5739,1997,8,23.01,90.77,12.83
Shirol,16.7109,74.5739,1997,9,23.09,86.65,1.51
Shirol,16.7109,74.5739,1997,10,24.58,77.41,1.48
Shirol,16.7109,74.5739,1997,11,23.85,78.02,1.45
Shirol,16.7109,74.5739,1997,12,22.33,72.13,1.36
Shirol,16.7109,74.5739,1997,13,24.58,66.86,3.7
Shirol,16.7109,74.5739,1998,1,22.55,55.5,0.0
Shirol,16.7109,74.5739,1998,2,24.06,44.7,0.03
Shirol,16.7109,74.5739,1998,3,27.21,43.89,0.0
Shirol,16.7109,74.5739,1998,4,31.0,41.72,0.08
Shirol,16.7109,74.5739,1998,5,29.96,57.55,1.42
Shirol,16.7109,74.5739,1998,6,26.06,77.31,12.39
Shirol,16.7109,74.5739,1998,7,23.88,88.77,9.96
Shirol,16.7109,74.5739,1998,8,23.86,90.28,9.46
Shirol,16.7109,74.5739,1998,9,23.48,90.25,7.2
Shirol,16.7109,74.5739,1998,10,22.86,87.58,2.97
Shirol,16.7109,74.5739,1998,11,21.17,78.37,1.25
Shirol,16.7109,74.5739,1998,12,19.28,62.97,0.04
Shirol,16.7109,74.5739,1998,13,24.61,68.39,3.75
Shirol,16.7109,74.5739,1999,1,20.84,47.86,0.0
Shirol,16.7109,74.5739,1999,2,25.87,36.68,0.08
Shirol,16.7109,74.5739,1999,3,28.68,34.88,0.0
Shirol,16.7109,74.5739,1999,4,29.31,50.49,0.0
Shirol,16.7109,74.5739,1999,5,26.7,68.48,3.46
Shirol,16.7109,74.5739,1999,6,24.23,84.04,11.3
Shirol,16.7109,74.5739,1999,7,23.46,89.47,13.06
Shirol,16.7109,74.5739,1999,8,23.02,88.7,2.88
Shirol,16.7109,74.5739,1999,9,23.14,86.84,3.04
Shirol,16.7109,74.5739,1999,10,23.61,79.44,3.22
Shirol,16.7109,74.5739,1999,11,22.35,60.3,0.03
Shirol,16.7109,74.5739,1999,12,21.52,45.78,0.0
Shirol,16.7109,74.5739,1999,13,24.38,64.58,3.11
Shirol,16.7109,74.5739,2000,1,23.52,34.94,0.01
Shirol,16.7109,74.5739,2000,2,23.67,49.38,0.12
Shirol,16.7109,74.5739,2000,3,26.99,38.04,0.01
Shirol,16.7109,74.5739,2000,4,29.64,49.47,0.45
Shirol,16.7109,74.5739,2000,5,27.2,66.7,2.91
Shirol,16.7109,74.5739,2000,6,24.33,84.85,7.17
Shirol,16.7109,74.5739,2000,7,23.16,87.9,10.34
Shirol,16.7109,74.5739,2000,8,23.03,88.54,7.86
Shirol,16.7109,74.5739,2000,9,23.92,85.27,3.59
Shirol,16.7109,74.5739,2000,10,24.01,76.47,2.48
Shirol,16.7109,74.5739,2000,11,22.56,63.03,0.24
Shirol,16.7109,74.5739,2000,12,21.27,42.28,0.31
Shirol,16.7109,74.5739,2000,13,24.44,63.91,2.97
Shirol,16.7109,74.5739,2001,1,23.3,42.89,0.06
Shirol,16.7109,74.5739,2001,2,25.3,31.84,0.0
Shirol,16.7109,74.5739,2001,3,26.28,45.49,0.0
Shirol,16.7109,74.5739,2001,4,29.37,47.84,0.67
Shirol,16.7109,74.5739,2001,5,28.06,61.14,1.61
Shirol,16.7109,74.5739,2001,6,24.6,80.79,5.96
Shirol,16.7109,74.5739,2001,7,23.62,85.38,7.51
Shirol,16.7109,74.5739,2001,8,23.11,88.31,6.53
Shirol,16.7109,74.5739,2001,9,23.63,85.36,2.81
Shirol,16.7109,74.5739,2001,10,23.13,79.67,1.92
Shirol,16.7109,74.5739,2001,11,23.28,64.88,0.37
Shirol,16.7109,74.5739,2001,12,22.15,48.42,0.02
Shirol,16.7109,74.5739,2001,13,24.64,63.69,2.31
Shirol,16.7109,74.5739,2002,1,22.23,46.7,0.02
Shirol,16.7109,74.5739,2002,2,25.76,39.35,0.0
Shirol,16.7109,74.5739,2002,3,28.34,39.69,0.02
Shirol,16.7109,74.5739,2002,4,30.59,44.01,0.18
Shirol,16.7109,74.5739,2002,5,28.6,62.94,1.03
Shirol,16.7109,74.5739,2002,6,25.22,82.32,9.79
Shirol,16.7109,74.5739,2002,7,24.11,84.64,3.61
Shirol,16.7109,74.5739,2002,8,23.33,86.98,7.64
Shirol,16.7109,74.5739,2002,9,23.57,83.22,1.35
Shirol,16.7109,74.5739,2002,10,24.57,74.83,3.43
Shirol,16.7109,74.5739,2002,11,23.78,56.0,0.15
Shirol,16.7109,74.5739,2002,12,22.77,44.59,0.01
Shirol,16.7109,74.5739,2002,13,25.23,62.25,2.28
Shirol,16.7109,74.5739,2003,1,23.93,43.14,0.0
Shirol,16.7109,74.5739,2003,2,26.13,40.16,0.06
Shirol,16.7109,74.5739,2003,3,28.25,40.14,0.3
Shirol,16.7109,74.5739,2003,4,30.26,43.57,0.87
Shirol,16.7109,74.5739,2003,5,29.59,54.84,0.24
Shirol,16.7109,74.5739,2003,6,26.14,76.2,7.46
Shirol,16.7109,74.5739,2003,7,24.07,87.74,6.73
Shirol,16.7109,74.5739,2003,8,23.76,87.19,3.95
Shirol,16.7109,74.5739,2003,9,23.7,84.7,1.77
Shirol,16.7109,74.5739,2003,10,24.3,75.47,2.13
Shirol,16.7109,74.5739,2003,11,24.08,56.88,0.07
Shirol,16.7109,74.5739,2003,12,22.61,42.54,0.03
Shirol,16.7109,74.5739,2003,13,25.56,61.17,1.98
Shirol,16.7109,74.5739,2004,1,22.74,45.95,0.0
Shirol,16.7109,74.5739,2004,2,25.28,35.4,0.02
Shirol,16.7109,74.5739,2004,3,29.1,39.96,0.01
Shirol,16.7109,74.5739,2004,4,29.6,47.2,0.42
Shirol,16.7109,74.5739,2004,5,27.2,68.36,3.18
Shirol,16.7109,74.5739,2004,6,24.43,84.95,9.58
Shirol,16.7109,74.5739,2004,7,23.73,86.75,5.99
Shirol,16.7109,74.5739,2004,8,23.1,88.54,8.01
Shirol,16.7109,74.5739,2004,9,23.56,85.92,3.57
Shirol,16.7109,74.5739,2004,10,23.39,76.58,0.83
Shirol,16.7109,74.5739,2004,11,23.02,59.79,0.45
Shirol,16.7109,74.5739,2004,12,21.66,43.92,0.0
Shirol,16.7109,74.5739,2004,13,24.73,63.7,2.68
Shirol,16.7109,74.5739,2005,1,23.2,42.29,0.03
Shirol,16.7109,74.5739,2005,2,25.21,40.01,0.0
Shirol,16.7109,74.5739,2005,3,27.44,41.38,0.04
Shirol,16.7109,74.5739,2005,4,29.16,47.91,0.84
Shirol,16.7109,74.5739,2005,5,28.6,58.39,1.42
Shirol,16.7109,74.5739,2005,6,25.64,80.37,9.33
Shirol,16.7109,74.5739,2005,7,23.96,89.35,14.32
Shirol,16.7109,74.5739,2005,8,23.27,90.65,8.69
Shirol,16.7109,74.5739,2005,9,23.4,90.37,7.96
Shirol,16.7109,74.5739,2005,10,23.05,83.07,3.2
Shirol,16.7109,74.5739,2005,11,20.02,71.06,0.03
Shirol,16.7109,74.5739,2005,12,20.44,59.3,0.0
Shirol,16.7109,74.5739,2005,13,24.44,66.33,3.85
Shirol,16.7109,74.5739,2006,1,22.01,42.83,0.0
Shirol,16.7109,74.5739,2006,2,25.26,33.4,0.0
Shirol,16.7109,74.5739,2006,3,26.81,46.86,0.43
Shirol,16.7109,74.5739,2006,4,29.21,46.88,0.08
Shirol,16.7109,74.5739,2006,5,28.63,60.53,7.87
Shirol,16.7109,74.5739,2006,6,24.46,86.88,9.98
Shirol,16.7109,74.5739,2006,7,23.33,89.47,10.39
Shirol,16.7109,74.5739,2006,8,22.78,90.73,9.73
Shirol,16.7109,74.5739,2006,9,23.62,89.07,6.34
Shirol,16.7109,74.5739,2006,10,23.7,80.94,3.0
Shirol,16.7109,74.5739,2006,11,22.45,79.1,1.24
Shirol,16.7109,74.5739,2006,12,20.84,60.45,0.0
Shirol,16.7109,74.5739,2006,13,24.41,67.45,4.12
Shirol,16.7109,74.5739,2007,1,22.55,44.88,0.0
Shirol,16.7109,74.5739,2007,2,24.3,46.78,0.0
Shirol,16.7109,74.5739,2007,3,28.26,40.51,0.0
Shirol,16.7109,74.5739,2007,4,30.16,45.96,0.46
Shirol,16.7109,74.5739,2007,5,28.27,62.77,1.62
Shirol,16.7109,74.5739,2007,6,25.49,81.66,16.0
Shirol,16.7109,74.5739,2007,7,23.91,89.69,9.18
Shirol,16.7109,74.5739,2007,8,23.37,90.54,11.0
Shirol,16.7109,74.5739,2007,9,23.41,89.89,7.3
Shirol,16.7109,74.5739,2007,10,23.22,78.63,0.81
Shirol,16.7109,74.5739,2007,11,21.21,68.83,0.72
Shirol,16.7109,74.5739,2007,12,22.12,57.98,0.01
Shirol,16.7109,74.5739,2007,13,24.69,66.62,3.93
Shirol,16.7109,74.5739,2008,1,21.8,43.76,0.0
Shirol,16.7109,74.5739,2008,2,23.78,43.66,0.25
Shirol,16.7109,74.5739,2008,3,26.87,47.03,1.49
Shirol,16.7109,74.5739,2008,4,28.79,50.35,0.53
Shirol,16.7109,74.5739,2008,5,27.77,62.4,2.01
Shirol,16.7109,74.5739,2008,6,24.71,83.4,6.52
Shirol,16.7109,74.5739,2008,7,24.14,84.85,5.2
Shirol,16.7109,74.5739,2008,8,23.4,88.56,9.31
Shirol,16.7109,74.5739,2008,9,23.25,87.81,6.3
Shirol,16.7109,74.5739,2008,10,23.43,75.94,1.04
Shirol,16.7109,74.5739,2008,11,22.86,65.18,0.58
Shirol,16.7109,74.5739,2008,12,22.14,54.95,0.15
Shirol,16.7109,74.5739,2008,13,24.41,65.71,2.79
Shirol,16.7109,74.5739,2009,1,23.35,42.6,0.0
Shirol,16.7109,74.5739,2009,2,26.12,36.1,0.0
Shirol,16.7109,74.5739,2009,3,28.58,38.01,0.13
Shirol,16.7109,74.5739,2009,4,30.3,44.83,0.22
Shirol,16.7109,74.5739,2009,5,29.05,56.9,0.68
Shirol,16.7109,74.5739,2009,6,25.47,77.69,4.65
Shirol,16.7109,74.5739,2009,7,23.67,88.54,14.95
Shirol,16.7109,74.5739,2009,8,23.73,87.7,4.2
Shirol,16.7109,74.5739,2009,9,24.11,87.0,6.67
Shirol,16.7109,74.5739,2009,10,23.12,79.57,4.02
Shirol,16.7109,74.5739,2009,11,22.27,76.87,2.11
Shirol,16.7109,74.5739,2009,12,21.93,65.91,0.12
Shirol,16.7109,74.5739,2009,13,25.13,65.31,3.17
Shirol,16.7109,74.5739,2010,1,22.65,58.3,0.38
Shirol,16.7109,74.5739,2010,2,25.34,46.27,0.0
Shirol,16.7109,74.5739,2010,3,28.99,39.11,0.0
Shirol,16.7109,74.5739,2010,4,29.92,47.55,0.3
Shirol,16.7109,74.5739,2010,5,29.82,57.39,0.33
Shirol,16.7109,74.5739,2010,6,25.77,79.27,8.52
Shirol,16.7109,74.5739,2010,7,23.9,87.75,14.1
Shirol,16.7109,74.5739,2010,8,23.48,90.19,7.11
Shirol,16.7109,74.5739,2010,9,23.73,88.26,5.25
Shirol,16.7109,74.5739,2010,10,23.58,84.13,3.05
Shirol,16.7109,74.5739,2010,11,23.2,82.77,2.2
Shirol,16.7109,74.5739,2010,12,20.29,69.08,0.02
Shirol,16.7109,74.5739,2010,13,25.05,69.3,3.46
Shirol,16.7109,74.5739,2011,1,21.67,47.05,0.0
Shirol,16.7109,74.5739,2011,2,23.65,47.75,0.02
Shirol,16.7109,74.5739,2011,3,28.3,37.17,0.0
Shirol,16.7109,74.5739,2011,4,28.7,49.44,0.54
Shirol,16.7109,74.5739,2011,5,28.48,58.65,1.09
Shirol,16.7109,74.5739,2011,6,24.91,81.99,6.52
Shirol,16.7109,74.5739,2011,7,23.77,86.54,11.35
Shirol,16.7109,74.5739,2011,8,23.37,89.24,9.35
Shirol,16.7109,74.5739,2011,9,23.14,88.25,5.08
Shirol,16.7109,74.5739,2011,10,23.89,80.47,2.82
Shirol,16.7109,74.5739,2011,11,22.58,63.67,0.16
Shirol,16.7109,74.5739,2011,12,22.35,47.76,0.0
Shirol,16.7109,74.5739,2011,13,24.57,64.91,3.1
Shirol,16.7109,74.5739,2012,1,22.18,45.66,0.0
Shirol,16.7109,74.5739,2012,2,25.4,32.21,0.0
Shirol,16.7109,74.5739,2012,3,27.19,33.91,0.0
Shirol,16.7109,74.5739,2012,4,29.42,46.96,0.74
Shirol,16.7109,74.5739,2012,5,28.95,55.65,0.27
Shirol,16.7109,74.5739,2012,6,25.58,75.47,6.19
Shirol,16.7109,74.5739,2012,7,23.94,86.44,8.52
Shirol,16.7109,74.5739,2012,8,23.67,87.6,6.05
Shirol,16.7109,74.5739,2012,9,23.5,86.48,3.82
Shirol,16.7109,74.5739,2012,10,23.83,73.4,2.08
Shirol,16.7109,74.5739,2012,11,23.15,66.77,0.54
Shirol,16.7109,74.5739,2012,12,22.92,52.63,0.0
Shirol,16.7109,74.5739,2012,13,24.97,62.02,2.36
Shirol,16.7109,74.5739,2013,1,23.46,42.71,0.01
Shirol,16.7109,74.5739,2013,2,25.8,41.64,0.12
Shirol,16.7109,74.5739,2013,3,28.06,38.76,0.03
Shirol,16.7109,74.5739,2013,4,28.73,49.28,0.27
Shirol,16.7109,74.5739,2013,5,28.7,59.96,0.98
Shirol,16.7109,74.5739,2013,6,24.67,84.47,9.06
Shirol,16.7109,74.5739,2013,7,23.4,89.57,12.51
Shirol,16.7109,74.5739,2013,8,23.14,88.62,3.99
Shirol,16.7109,74.5739,2013,9,23.47,88.32,6.17
Shirol,16.7109,74.5739,2013,10,23.41,83.7,2.23
Shirol,16.7109,74.5739,2013,11,22.31,70.64,0.03
Shirol,16.7109,74.5739,2013,12,21.04,52.78,0.0
Shirol,16.7109,74.5739,2013,13,24.67,65.99,2.96
Shirol,16.7109,74.5739,2014,1,22.82,51.2,0.0
Shirol,16.7109,74.5739,2014,2,24.04,46.89,0.07
Shirol,16.7109,74.5739,2014,3,27.3,42.25,0.33
Shirol,16.7109,74.5739,2014,4,29.81,43.21,0.3
Shirol,16.7109,74.5739,2014,5,28.91,57.46,1.8
Shirol,16.7109,74.5739,2014,6,26.59,74.65,3.12
Shirol,16.7109,74.5739,2014,7,24.35,84.94,12.6
Shirol,16.7109,74.5739,2014,8,23.85,87.59,8.36
Shirol,16.7109,74.5739,2014,9,23.78,85.9,3.29
Shirol,16.7109,74.5739,2014,10,24.1,76.4,2.82
Shirol,16.7109,74.5739,2014,11,22.12,68.02,0.82
Shirol,16.7109,74.5739,2014,12,21.52,58.2,0.37
Shirol,16.7109,74.5739,2014,13,24.93,64.84,2.86
Shirol,16.7109,74.5739,2015,1,21.48,48.51,0.01
Shirol,16.7109,74.5739,2015,2,24.43,37.41,0.28
Shirol,16.7109,74.5739,2015,3,26.98,48.76,0.54
Shirol,16.7109,74.5739,2015,4,28.86,48.78,0.56
Shirol,16.7109,74.5739,2015,5,29.23,58.68,1.16
Shirol,16.7109,74.5739,2015,6,25.28,79.45,8.5
Shirol,16.7109,74.5739,2015,7,24.38,84.33,3.95
Shirol,16.7109,74.5739,2015,8,24.15,85.06,3.79
Shirol,16.7109,74.5739,2015,9,24.17,82.75,3.24
Shirol,16.7109,74.5739,2015,10,25.68,69.81,1.84
Shirol,16.7109,74.5739,2015,11,25.05,59.58,0.28
Shirol,16.7109,74.5739,2015,12,24.5,44.6,0.02
Shirol,16.7109,74.5739,2015,13,25.35,62.46,2.02
Shirol,16.7109,74.5739,2016,1,23.19,39.41,0.0
Shirol,16.7109,74.5739,2016,2,26.04,43.81,0.04
Shirol,16.7109,74.5739,2016,3,28.75,41.31,0.22
Shirol,16.7109,74.5739,2016,4,30.23,45.63,0.25
Shirol,16.7109,74.5739,2016,5,29.73,56.21,0.45
Shirol,16.7109,74.5739,2016,6,25.11,81.95,10.74
Shirol,16.7109,74.5739,2016,7,23.42,91.35,20.79
Shirol,16.7109,74.5739,2016,8,23.16,90.66,12.27
Shirol,16.7109,74.5739,2016,9,22.6,89.89,5.0
Shirol,16.7109,74.5739,2016,10,22.23,78.99,1.32
Shirol,16.7109,74.5739,2016,11,20.91,60.51,0.42
Shirol,16.7109,74.5739,2016,12,21.92,46.44,0.0
Shirol,16.7109,74.5739,2016,13,24.77,63.89,4.32
Shirol,16.7109,74.5739,2017,1,22.59,39.89,0.0
Shirol,16.7109,74.5739,2017,2,25.47,32.64,0.0
Shirol,16.7109,74.5739,2017,3,27.16,42.86,0.01
Shirol,16.7109,74.5739,2017,4,29.66,45.26,0.13
Shirol,16.7109,74.5739,2017,5,29.27,58.25,1.87
Shirol,16.7109,74.5739,2017,6,25.36,80.71,6.97
Shirol,16.7109,74.5739,2017,7,24.07,87.06,10.23
Shirol,16.7109,74.5739,2017,8,23.74,87.35,6.39
Shirol,16.7109,74.5739,2017,9,24.1,87.88,11.27
Shirol,16.7109,74.5739,2017,10,23.49,84.31,3.81
Shirol,16.7109,74.5739,2017,11,21.09,73.22,0.03
Shirol,16.7109,74.5739,2017,12,20.7,62.83,0.15
Shirol,16.7109,74.5739,2017,13,24.72,65.38,3.42
Shirol,16.7109,74.5739,2018,1,21.87,45.71,0.0
Shirol,16.7109,74.5739,2018,2,24.9,31.65,0.01
Shirol,16.7109,74.5739,2018,3,27.94,40.44,0.18
Shirol,16.7109,74.5739,2018,4,30.13,42.52,0.31
Shirol,16.7109,74.5739,2018,5,28.4,63.01,2.24
Shirol,16.7109,74.5739,2018,6,24.88,85.25,12.52
Shirol,16.7109,74.5739,2018,7,23.45,90.16,13.91
Shirol,16.7109,74.5739,2018,8,22.95,89.83,7.43
Shirol,16.7109,74.5739,2018,9,23.34,85.08,4.42
Shirol,16.7109,74.5739,2018,10,24.07,71.51,1.25
Shirol,16.7109,74.5739,2018,11,23.29,61.14,0.65
Shirol,16.7109,74.5739,2018,12,21.95,52.77,0.06
Shirol,16.7109,74.5739,2018,13,24.76,63.46,3.6
Shirol,16.7109,74.5739,2019,1,21.94,36.45,0.0
Shirol,16.7109,74.5739,2019,2,25.19,36.8,0.0
Shirol,16.7109,74.5739,2019,3,27.66,38.93,0.22
Shirol,16.7109,74.5739,2019,4,30.27,44.29,0.39
Shirol,16.7109,74.5739,2019,5,29.89,51.26,0.05
Shirol,16.7109,74.5739,2019,6,26.91,73.74,9.62
Shirol,16.7109,74.5739,2019,7,24.14,90.32,19.0
Shirol,16.7109,74.5739,2019,8,23.48,91.55,22.92
Shirol,16.7109,74.5739,2019,9,23.43,91.01,10.14
Shirol,16.7109,74.5739,2019,10,23.33,88.61,8.6
Shirol,16.7109,74.5739,2019,11,22.03,83.3,0.31
Shirol,16.7109,74.5739,2019,12,21.91,78.58,0.09
Shirol,16.7109,74.5739,2019,13,25.01,67.25,6.0
Shirol,16.7109,74.5739,2020,1,21.64,66.78,0.0
Shirol,16.7109,74.5739,2020,2,24.47,46.96,0.02
Shirol,16.7109,74.5739,2020,3,27.31,46.76,0.34
Shirol,16.7109,74.5739,2020,4,29.95,47.84,1.23
Shirol,16.7109,74.5739,2020,5,30.25,55.71,1.37
Shirol,16.7109,74.5739,2020,6,24.9,84.43,12.09
Shirol,16.7109,74.5739,2020,7,23.85,89.35,12.18
Shirol,16.7109,74.5739,2020,8,23.58,92.14,18.02
Shirol,16.7109,74.5739,2020,9,23.63,90.18,9.75
Shirol,16.7109,74.5739,2020,10,23.4,88.19,8.24
Shirol,16.7109,74.5739,2020,11,22.02,82.37,0.01
Shirol,16.7109,74.5739,2020,12,20.96,72.52,0.04
Shirol,16.7109,74.5739,2020,13,24.66,72.03,5.3
Shirol,16.7109,74.5739,2021,1,23.28,65.3,0.29
Shirol,16.7109,74.5739,2021,2,24.01,48.38,0.25
Shirol,16.7109,74.5739,2021,3,28.72,37.52,0.03
Shirol,16.7109,74.5739,2021,4,29.26,49.46,1.39
Shirol,16.7109,74.5739,2021,5,27.38,70.98,6.0
Shirol,16.7109,74.5739,2021,6,24.5,86.7,14.5
Shirol,16.7109,74.5739,2021,7,23.65,91.15,22.69
Shirol,16.7109,74.5739,2021,8,23.34,88.95,3.85
Shirol,16.7109,74.5739,2021,9,23.34,90.1,6.41
Shirol,16.7109,74.5739,2021,10,23.87,84.13,3.61
Shirol,16.7109,74.5739,2021,11,23.26,81.23,2.0
Shirol,16.7109,74.5739,2021,12,21.11,77.18,2.2
Shirol,16.7109,74.5739,2021,13,24.64,72.74,5.3
Shirol,16.7109,74.5739,2022,1,20.44,65.69,0.02
Shirol,16.7109,74.5739,2022,2,23.63,50.26,0.0
Shirol,16.7109,74.5739,2022,3,28.38,42.63,0.35
Shirol,16.7109,74.5739,2022,4,29.16,52.35,1.53
Shirol,16.7109,74.5739,2022,5,28.15,64.97,2.19
Shirol,16.7109,74.5739,2022,6,25.25,79.56,7.31
Shirol,16.7109,74.5739,2022,7,23.61,89.77,14.76
Shirol,16.7109,74.5739,2022,8,23.24,90.46,11.56
Shirol,16.7109,74.5739,2022,9,23.25,90.17,7.66
Shirol,16.7109,74.5739,2022,10,22.69,84.57,6.18
Shirol,16.7109,74.5739,2022,11,21.33,78.57,0.05
Shirol,16.7109,74.5739,2022,12,22.34,69.24,0.06
Shirol,16.7109,74.5739,2022,13,24.29,71.65,4.34
Shirol,16.7109,74.5739,2023,1,22.06,51.88,0.0
Shirol,16.7109,74.5739,2023,2,25.36,25.67,0.0
Shirol,16.7109,74.5739,2023,3,26.72,38.86,0.02
Shirol,16.7109,74.5739,2023,4,29.08,45.42,0.46
Shirol,16.7109,74.5739,2023,5,29.25,55.47,0.98
Shirol,16.7109,74.5739,2023,6,27.04,71.68,4.2
Shirol,16.7109,74.5739,2023,7,23.89,88.97,19.04
Shirol,16.7109,74.5739,2023,8,23.65,88.29,3.0
Shirol,16.7109,74.5739,2023,9,23.85,88.27,6.58
Shirol,16.7109,74.5739,2023,10,24.21,76.18,1.17
Shirol,16.7109,74.5739,2023,11,23.86,74.17,1.25
Shirol,16.7109,74.5739,2023,12,23.0,56.67,0.05
Shirol,16.7109,74.5739,2023,13,25.15,63.7,3.09
