Taluka,Latitude,Longitude,Elevation_m,Year,Month,Temperature_C,Temp_Max_C,Temp_Min_C,Humidity_pct,Rain_mm_per_day,Solar_Radiation_MJ_m2_day,Wind_Speed_m_s,Soil_Moisture_Topsoil_frac,Soil_Moisture_Rootzone_frac
Ajra,16.1546,74.1739,716.0,1997,1,21.26,33.01,9.13,56.13,0.07,17.87,1.83,0.41,0.54
Ajra,16.1546,74.1739,716.0,1997,2,23.01,37.37,11.2,37.76,0.0,21.9,1.9,0.21,0.51
Ajra,16.1546,74.1739,716.0,1997,3,27.27,39.36,15.82,43.13,0.19,23.37,1.95,0.17,0.5
Ajra,16.1546,74.1739,716.0,1997,4,27.32,38.26,15.94,51.27,0.61,24.02,2.17,0.27,0.51
Ajra,16.1546,74.1739,716.0,1997,5,28.08,38.16,18.89,55.56,0.21,24.19,3.06,0.26,0.51
Ajra,16.1546,74.1739,716.0,1997,6,24.64,34.44,19.89,81.99,14.76,16.76,4.1,0.66,0.67
Ajra,16.1546,74.1739,716.0,1997,7,23.25,27.34,20.73,91.46,17.21,15.25,5.04,0.92,0.93
Ajra,16.1546,74.1739,716.0,1997,8,22.73,26.94,20.02,92.35,16.16,15.04,4.69,0.95,0.97
Ajra,16.1546,74.1739,716.0,1997,9,22.62,28.21,18.24,88.44,1.33,19.44,2.22,0.85,0.86
Ajra,16.1546,74.1739,716.0,1997,10,24.03,31.69,17.76,80.08,1.7,19.06,1.27,0.7,0.69
Ajra,16.1546,74.1739,716.0,1997,11,23.55,31.3,17.76,79.21,1.41,17.2,1.58,0.61,0.62
Ajra,16.1546,74.1739,716.0,1997,12,22.31,31.41,12.43,72.95,1.26,17.11,1.57,0.56,0.58
Ajra,16.1546,74.1739,716.0,1997,13,24.18,39.36,9.13,69.39,4.61,19.25,2.62,0.55,0.66
Ajra,16.1546,74.1739,716.0,1998,1,22.63,34.83,12.0,56.8,0.0,18.38,1.98,0.37,0.52
Ajra,16.1546,74.1739,716.0,1998,2,23.86,36.84,11.93,48.35,0.01,21.11,2.2,0.19,0.51
Ajra,16.1546,74.1739,716.0,1998,3,26.69,40.59,13.5,48.74,0.0,23.77,2.24,0.14,0.5
Ajra,16.1546,74.1739,716.0,1998,4,30.29,42.13,20.55,46.03,0.12,24.13,2.35,0.11,0.5
Ajra,16.1546,74.1739,716.0,1998,5,28.68,41.94,20.44,64.21,2.48,23.42,2.67,0.45,0.54
Ajra,16.1546,74.1739,716.0,1998,6,25.17,38.22,20.77,81.73,15.62,17.91,3.92,0.68,0.67
Ajra,16.1546,74.1739,716.0,1998,7,23.41,28.08,20.12,91.19,10.5,15.15,4.31,0.9,0.91
Ajra,16.1546,74.1739,716.0,1998,8,23.47,28.0,20.57,91.54,10.29,15.29,3.38,0.92,0.94
Ajra,16.1546,74.1739,716.0,1998,9,23.21,28.51,20.08,91.11,7.39,15.98,2.79,0.91,0.93
Ajra,16.1546,74.1739,716.0,1998,10,22.57,28.92,14.25,88.64,2.98,16.85,2.03,0.87,0.88
Ajra,16.1546,74.1739,716.0,1998,11,20.89,28.71,11.0,79.97,1.38,18.8,1.76,0.77,0.76
Ajra,16.1546,74.1739,716.0,1998,12,19.66,30.41,10.56,61.49,0.05,17.88,2.6,0.58,0.61
Ajra,16.1546,74.1739,716.0,1998,13,24.21,42.13,10.56,70.96,4.25,19.04,2.69,0.58,0.69
Ajra,16.1546,74.1739,716.0,1999,1,21.05,33.88,11.28,47.38,0.0,19.98,1.95,0.38,0.53
Ajra,16.1546,74.1739,716.0,1999,2,25.7,37.82,12.85,38.1,0.05,22.53,2.02,0.21,0.51
Ajra,16.1546,74.1739,716.0,1999,3,28.12,41.08,16.61,40.23,0.0,25.6,1.94,0.14,0.5
Ajra,16.1546,74.1739,716.0,1999,4,28.42,41.93,19.22,54.79,0.01,26.13,2.68,0.11,0.5
Ajra,16.1546,74.1739,716.0,1999,5,25.88,41.28,20.58,72.05,4.22,21.17,2.81,0.42,0.55
Ajra,16.1546,74.1739,716.0,1999,6,23.63,31.32,19.42,87.04,13.91,16.55,4.4,0.8,0.78
Ajra,16.1546,74.1739,716.0,1999,7,22.99,27.55,20.42,91.52,17.06,14.48,4.84,0.91,0.92
Ajra,16.1546,74.1739,716.0,1999,8,22.68,27.35,19.57,90.01,3.62,15.09,3.84,0.88,0.9
Ajra,16.1546,74.1739,716.0,1999,9,22.74,28.98,18.39,88.36,3.08,17.69,2.62,0.81,0.81
Ajra,16.1546,74.1739,716.0,1999,10,23.12,29.68,14.63,83.02,4.13,18.35,1.79,0.79,0.77
Ajra,16.1546,74.1739,716.0,1999,11,22.03,31.99,12.43,65.89,0.05,19.69,2.0,0.59,0.62
Ajra,16.1546,74.1739,716.0,1999,12,21.58,32.29,10.73,49.84,0.0,19.19,2.04,0.4,0.53
Ajra,16.1546,74.1739,716.0,1999,13,23.98,41.93,10.73,67.52,3.87,19.68,2.75,0.54,0.66
Ajra,16.1546,74.1739,716.0,2000,1,23.37,35.84,12.31,38.34,0.02,19.66,2.05,0.21,0.51
Ajra,16.1546,74.1739,716.0,2000,2,23.41,35.28,12.35,52.99,0.09,22.51,2.21,0.16,0.5
Ajra,16.1546,74.1739,716.0,2000,3,26.57,39.27,14.75,42.04,0.0,24.93,1.95,0.15,0.5
Ajra,16.1546,74.1739,716.0,2000,4,28.59,42.05,18.4,55.29,0.61,26.31,2.62,0.28,0.51
Ajra,16.1546,74.1739,716.0,2000,5,26.39,42.14,20.68,70.38,3.84,22.55,3.26,0.45,0.54
Ajra,16.1546,74.1739,716.0,2000,6,23.72,29.2,19.69,87.8,9.81,16.09,4.04,0.79,0.77
Ajra,16.1546,74.1739,716.0,2000,7,22.65,27.79,19.28,90.53,12.67,16.34,4.64,0.89,0.9
Ajra,16.1546,74.1739,716.0,2000,8,22.7,27.91,19.21,90.0,7.95,15.09,4.01,0.86,0.87
Ajra,16.1546,74.1739,716.0,2000,9,23.41,29.72,18.98,87.47,4.87,18.26,2.32,0.85,0.86
Ajra,16.1546,74.1739,716.0,2000,10,23.31,30.31,15.49,80.61,2.67,18.95,1.15,0.81,0.81
Ajra,16.1546,74.1739,716.0,2000,11,22.06,31.35,13.72,66.76,0.26,19.11,2.0,0.65,0.66
Ajra,16.1546,74.1739,716.0,2000,12,21.22,32.86,11.46,45.08,0.19,18.02,2.43,0.43,0.55
Ajra,16.1546,74.1739,716.0,2000,13,23.95,42.14,11.46,67.28,3.6,19.8,2.73,0.55,0.67
Ajra,16.1546,74.1739,716.0,2001,1,23.32,35.04,13.18,43.82,0.06,18.04,1.78,0.3,0.52
Ajra,16.1546,74.1739,716.0,2001,2,24.99,38.14,13.73,36.16,0.0,22.85,1.7,0.15,0.5
Ajra,16.1546,74.1739,716.0,2001,3,25.79,38.99,14.82,48.62,0.0,24.88,2.37,0.12,0.5
Ajra,16.1546,74.1739,716.0,2001,4,28.69,40.97,17.25,51.96,0.61,24.17,2.03,0.27,0.51
Ajra,16.1546,74.1739,716.0,2001,5,27.27,42.25,20.44,64.28,2.0,24.75,3.51,0.32,0.53
Ajra,16.1546,74.1739,716.0,2001,6,24.04,31.76,20.45,83.31,7.04,17.39,5.0,0.66,0.65
Ajra,16.1546,74.1739,716.0,2001,7,23.12,27.7,19.53,88.35,10.13,14.44,4.92,0.82,0.82
Ajra,16.1546,74.1739,716.0,2001,8,22.66,27.19,19.78,90.61,7.17,14.41,4.29,0.87,0.89
Ajra,16.1546,74.1739,716.0,2001,9,23.19,29.12,18.95,86.76,2.7,18.55,2.33,0.79,0.79
Ajra,16.1546,74.1739,716.0,2001,10,22.7,30.08,14.49,81.77,2.49,18.21,2.1,0.77,0.77
Ajra,16.1546,74.1739,716.0,2001,11,22.9,31.77,13.89,68.51,0.55,18.9,2.09,0.59,0.61
Ajra,16.1546,74.1739,716.0,2001,12,21.98,32.6,12.86,51.52,0.03,17.93,2.43,0.4,0.53
Ajra,16.1546,74.1739,716.0,2001,13,24.21,42.25,12.86,66.48,2.75,19.52,2.89,0.51,0.64
Ajra,16.1546,74.1739,716.0,2002,1,22.11,34.99,10.6,50.36,0.01,19.38,2.21,0.23,0.51
Ajra,16.1546,74.1739,716.0,2002,2,25.35,36.86,15.77,42.05,0.01,21.33,1.86,0.16,0.51
Ajra,16.1546,74.1739,716.0,2002,3,27.8,40.41,16.9,44.38,0.01,24.16,1.99,0.13,0.5
Ajra,16.1546,74.1739,716.0,2002,4,29.74,41.49,18.8,49.32,0.31,25.18,2.12,0.2,0.51
Ajra,16.1546,74.1739,716.0,2002,5,27.65,41.74,20.41,67.41,1.31,24.57,3.17,0.4,0.52
Ajra,16.1546,74.1739,716.0,2002,6,24.54,33.51,21.36,85.93,13.34,16.3,3.98,0.75,0.73
Ajra,16.1546,74.1739,716.0,2002,7,23.54,28.25,20.55,87.51,4.6,15.9,4.61,0.82,0.84
Ajra,16.1546,74.1739,716.0,2002,8,22.88,28.09,19.3,89.61,9.23,14.19,4.46,0.86,0.88
Ajra,16.1546,74.1739,716.0,2002,9,23.13,31.36,18.29,85.01,1.51,20.52,2.56,0.77,0.79
Ajra,16.1546,74.1739,716.0,2002,10,24.0,33.16,17.52,79.39,4.09,18.18,1.87,0.74,0.72
Ajra,16.1546,74.1739,716.0,2002,11,23.26,33.86,14.69,62.73,0.1,19.27,1.77,0.55,0.6
Ajra,16.1546,74.1739,716.0,2002,12,22.44,33.58,13.49,48.73,0.0,18.09,1.9,0.35,0.52
Ajra,16.1546,74.1739,716.0,2002,13,24.69,41.74,10.6,66.18,2.89,19.74,2.72,0.5,0.64
Ajra,16.1546,74.1739,716.0,2003,1,23.61,35.24,12.68,47.0,0.0,18.13,1.66,0.2,0.51
Ajra,16.1546,74.1739,716.0,2003,2,25.76,37.73,15.32,44.94,0.07,22.06,1.78,0.18,0.51
Ajra,16.1546,74.1739,716.0,2003,3,27.61,39.65,16.0,45.33,0.41,23.73,2.0,0.22,0.51
Ajra,16.1546,74.1739,716.0,2003,4,29.2,40.97,18.3,49.41,1.04,24.85,2.0,0.31,0.51
Ajra,16.1546,74.1739,716.0,2003,5,28.82,41.09,19.76,57.99,0.41,26.34,3.44,0.27,0.51
Ajra,16.1546,74.1739,716.0,2003,6,25.43,39.13,20.44,80.01,10.15,18.8,4.1,0.56,0.64
Ajra,16.1546,74.1739,716.0,2003,7,23.6,27.46,20.99,90.68,9.18,15.2,4.34,0.87,0.88
Ajra,16.1546,74.1739,716.0,2003,8,23.36,27.79,20.85,89.49,5.15,15.08,4.05,0.84,0.86
Ajra,16.1546,74.1739,716.0,2003,9,23.24,30.52,19.2,86.59,2.28,18.07,3.13,0.78,0.8
Ajra,16.1546,74.1739,716.0,2003,10,23.57,31.06,14.42,80.05,2.99,18.95,1.53,0.73,0.72
Ajra,16.1546,74.1739,716.0,2003,11,23.21,32.61,13.64,63.62,0.08,18.85,2.02,0.55,0.6
Ajra,16.1546,74.1739,716.0,2003,12,22.21,32.87,12.43,46.73,0.05,18.66,2.12,0.36,0.52
Ajra,16.1546,74.1739,716.0,2003,13,24.96,41.09,12.43,65.27,2.66,19.87,2.69,0.49,0.63
Ajra,16.1546,74.1739,716.0,2004,1,22.46,34.31,12.76,49.78,0.0,19.27,1.88,0.21,0.51
Ajra,16.1546,74.1739,716.0,2004,2,24.97,37.89,13.33,38.88,0.01,22.55,1.73,0.15,0.5
Ajra,16.1546,74.1739,716.0,2004,3,28.49,40.51,17.62,44.57,0.02,25.04,1.79,0.12,0.5
Ajra,16.1546,74.1739,716.0,2004,4,28.86,41.75,18.21,51.26,0.53,25.99,2.31,0.24,0.51
Ajra,16.1546,74.1739,716.0,2004,5,26.19,38.74,20.75,73.64,4.96,21.8,3.11,0.55,0.56
Ajra,16.1546,74.1739,716.0,2004,6,23.76,30.0,20.77,88.45,11.07,17.08,4.39,0.82,0.8
Ajra,16.1546,74.1739,716.0,2004,7,23.24,28.35,20.17,89.39,7.65,15.71,4.05,0.85,0.86
Ajra,16.1546,74.1739,716.0,2004,8,22.73,27.38,19.61,90.63,9.84,14.81,4.89,0.9,0.91
Ajra,16.1546,74.1739,716.0,2004,9,23.0,29.17,18.84,88.15,3.61,17.19,2.21,0.82,0.83
Ajra,16.1546,74.1739,716.0,2004,10,22.98,31.01,14.8,79.36,1.43,20.23,2.17,0.74,0.74
Ajra,16.1546,74.1739,716.0,2004,11,22.68,32.11,13.23,62.59,0.64,18.4,2.3,0.56,0.6
Ajra,16.1546,74.1739,716.0,2004,12,21.65,32.68,12.01,45.18,0.0,19.21,2.38,0.35,0.53
Ajra,16.1546,74.1739,716.0,2004,13,24.24,41.75,12.01,66.91,3.32,19.76,2.77,0.53,0.65
Ajra,16.1546,74.1739,716.0,2005,1,23.06,34.73,12.03,46.51,0.03,18.59,1.76,0.19,0.51
Ajra,16.1546,74.1739,716.0,2005,2,24.9,38.4,13.04,43.37,0.0,22.64,1.98,0.15,0.5
Ajra,16.1546,74.1739,716.0,2005,3,26.95,40.42,14.93,45.19,0.02,24.88,2.05,0.13,0.5
Ajra,16.1546,74.1739,716.0,2005,4,28.22,40.14,18.04,53.87,1.52,23.3,1.8,0.34,0.52
Ajra,16.1546,74.1739,716.0,2005,5,28.01,41.35,19.21,61.08,1.45,24.97,2.86,0.37,0.52
Ajra,16.1546,74.1739,716.0,2005,6,24.79,34.24,20.27,85.11,14.3,18.19,3.98,0.72,0.7
Ajra,16.1546,74.1739,716.0,2005,7,23.41,26.84,20.68,92.55,18.87,13.57,4.54,0.93,0.94
Ajra,16.1546,74.1739,716.0,2005,8,22.9,27.65,19.89,92.27,10.1,14.36,4.12,0.94,0.97
Ajra,16.1546,74.1739,716.0,2005,9,23.04,28.62,19.26,91.79,10.86,14.77,3.29,0.93,0.96
Ajra,16.1546,74.1739,716.0,2005,10,22.77,29.23,14.57,85.32,3.72,18.54,1.67,0.89,0.92
Ajra,16.1546,74.1739,716.0,2005,11,19.45,27.51,11.23,75.43,0.07,19.47,2.37,0.76,0.75
Ajra,16.1546,74.1739,716.0,2005,12,20.33,29.93,10.88,62.01,0.0,18.32,2.09,0.57,0.6
Ajra,16.1546,74.1739,716.0,2005,13,23.98,41.35,10.88,69.68,5.1,19.28,2.71,0.58,0.7
Ajra,16.1546,74.1739,716.0,2006,1,22.14,34.58,10.94,44.72,0.0,19.95,2.1,0.37,0.53
Ajra,16.1546,74.1739,716.0,2006,2,24.89,37.91,13.45,36.77,0.0,23.18,1.86,0.17,0.51
Ajra,16.1546,74.1739,716.0,2006,3,26.06,39.34,14.5,52.03,0.7,24.13,2.0,0.29,0.51
Ajra,16.1546,74.1739,716.0,2006,4,28.46,40.89,18.67,50.58,0.13,25.45,2.62,0.19,0.51
Ajra,16.1546,74.1739,716.0,2006,5,27.69,40.37,21.05,64.73,8.4,23.12,3.1,0.38,0.54
Ajra,16.1546,74.1739,716.0,2006,6,23.87,28.76,20.46,89.53,12.89,18.53,3.46,0.87,0.87
Ajra,16.1546,74.1739,716.0,2006,7,22.98,26.8,20.24,91.4,11.95,13.43,5.49,0.92,0.94
Ajra,16.1546,74.1739,716.0,2006,8,22.46,27.11,19.54,92.02,11.45,13.88,4.48,0.94,0.96
Ajra,16.1546,74.1739,716.0,2006,9,23.28,29.93,19.23,90.2,7.5,17.59,2.53,0.9,0.91
Ajra,16.1546,74.1739,716.0,2006,10,23.12,29.25,17.13,84.02,4.55,18.21,2.17,0.87,0.89
Ajra,16.1546,74.1739,716.0,2006,11,22.05,28.71,15.35,82.45,1.25,16.33,2.08,0.74,0.72
Ajra,16.1546,74.1739,716.0,2006,12,20.53,30.68,11.46,63.64,0.0,18.22,2.21,0.57,0.6
Ajra,16.1546,74.1739,716.0,2006,13,23.95,40.89,10.94,70.36,4.94,19.3,2.85,0.6,0.71
Ajra,16.1546,74.1739,716.0,2007,1,22.47,34.13,11.89,47.13,0.0,19.34,1.59,0.37,0.53
Ajra,16.1546,74.1739,716.0,2007,2,23.95,36.37,12.38,49.86,0.0,22.21,1.94,0.19,0.51
Ajra,16.1546,74.1739,716.0,2007,3,27.66,40.03,15.82,46.13,0.01,23.51,2.03,0.14,0.5
Ajra,16.1546,74.1739,716.0,2007,4,29.18,41.21,19.01,51.9,0.84,24.51,1.97,0.28,0.51
Ajra,16.1546,74.1739,716.0,2007,5,27.47,39.76,20.4,66.22,2.25,24.42,2.98,0.41,0.53
Ajra,16.1546,74.1739,716.0,2007,6,24.62,35.35,20.3,86.42,20.77,16.36,4.09,0.75,0.73
Ajra,16.1546,74.1739,716.0,2007,7,23.47,27.98,20.22,91.78,13.52,14.69,4.47,0.94,0.96
Ajra,16.1546,74.1739,716.0,2007,8,22.96,27.16,20.31,92.36,14.44,15.1,4.11,0.94,0.97
Ajra,16.1546,74.1739,716.0,2007,9,23.07,28.73,19.08,91.48,10.06,15.41,2.93,0.93,0.96
Ajra,16.1546,74.1739,716.0,2007,10,22.59,28.84,15.18,83.57,1.44,18.01,1.82,0.87,0.88
Ajra,16.1546,74.1739,716.0,2007,11,20.31,28.0,9.87,74.53,1.31,19.35,2.04,0.75,0.74
Ajra,16.1546,74.1739,716.0,2007,12,21.37,32.47,12.64,64.37,0.02,17.42,2.13,0.56,0.6
Ajra,16.1546,74.1739,716.0,2007,13,24.09,41.21,9.87,70.59,5.4,19.17,2.68,0.6,0.7
Ajra,16.1546,74.1739,716.0,2008,1,21.61,33.39,10.5,48.04,0.0,19.83,1.9,0.35,0.52
Ajra,16.1546,74.1739,716.0,2008,2,23.45,36.23,11.41,49.14,0.41,20.87,1.84,0.28,0.51
Ajra,16.1546,74.1739,716.0,2008,3,25.95,37.3,16.19,52.5,2.41,22.24,1.6,0.37,0.53
Ajra,16.1546,74.1739,716.0,2008,4,27.31,39.67,15.2,58.26,0.99,25.36,1.91,0.46,0.53
Ajra,16.1546,74.1739,716.0,2008,5,27.0,38.31,20.13,65.38,1.83,25.89,3.26,0.33,0.52
Ajra,16.1546,74.1739,716.0,2008,6,24.1,31.98,20.48,86.41,9.76,16.64,4.41,0.75,0.73
Ajra,16.1546,74.1739,716.0,2008,7,23.58,28.42,20.57,87.95,7.5,16.0,4.28,0.81,0.8
Ajra,16.1546,74.1739,716.0,2008,8,22.95,28.97,19.08,90.97,13.13,14.72,3.69,0.91,0.92
Ajra,16.1546,74.1739,716.0,2008,9,22.8,28.77,17.81,89.82,7.8,16.38,2.73,0.89,0.91
Ajra,16.1546,74.1739,716.0,2008,10,22.93,29.84,13.8,79.48,1.34,20.27,2.0,0.8,0.8
Ajra,16.1546,74.1739,716.0,2008,11,22.45,32.21,13.56,67.13,0.69,17.54,2.36,0.6,0.62
Ajra,16.1546,74.1739,716.0,2008,12,21.87,32.22,11.76,57.71,0.21,17.77,2.08,0.48,0.56
Ajra,16.1546,74.1739,716.0,2008,13,23.83,39.67,10.5,69.44,3.85,19.46,2.67,0.59,0.66
Ajra,16.1546,74.1739,716.0,2009,1,23.1,36.15,13.12,45.02,0.0,19.74,1.94,0.27,0.51
Ajra,16.1546,74.1739,716.0,2009,2,25.69,39.3,14.86,41.3,0.0,22.27,1.62,0.15,0.51
Ajra,16.1546,74.1739,716.0,2009,3,28.04,39.33,17.83,42.9,0.19,23.33,1.85,0.17,0.51
Ajra,16.1546,74.1739,716.0,2009,4,29.18,41.54,19.67,50.87,0.39,23.9,2.24,0.26,0.51
Ajra,16.1546,74.1739,716.0,2009,5,27.85,40.24,20.63,62.74,1.24,24.42,3.04,0.38,0.52
Ajra,16.1546,74.1739,716.0,2009,6,24.55,31.76,20.43,83.07,7.88,18.98,3.53,0.65,0.64
Ajra,16.1546,74.1739,716.0,2009,7,23.17,27.35,20.41,91.63,20.49,13.51,5.7,0.92,0.92
Ajra,16.1546,74.1739,716.0,2009,8,23.25,28.92,20.29,90.17,5.67,16.55,3.41,0.88,0.9
Ajra,16.1546,74.1739,716.0,2009,9,23.52,29.28,19.95,89.67,8.49,16.16,2.44,0.89,0.91
Ajra,16.1546,74.1739,716.0,2009,10,22.56,28.66,14.35,82.41,5.35,17.51,2.1,0.89,0.9
Ajra,16.1546,74.1739,716.0,2009,11,21.8,28.19,12.23,81.87,2.86,16.42,2.32,0.78,0.77
Ajra,16.1546,74.1739,716.0,2009,12,21.31,29.64,13.35,71.69,0.29,16.59,1.96,0.63,0.64
Ajra,16.1546,74.1739,716.0,2009,13,24.49,41.54,12.23,69.6,4.43,19.09,2.69,0.58,0.69
Ajra,16.1546,74.1739,716.0,2010,1,22.18,32.18,11.62,63.61,0.45,17.16,1.65,0.52,0.56
Ajra,16.1546,74.1739,716.0,2010,2,24.96,37.84,14.14,49.45,0.0,21.29,1.91,0.3,0.52
Ajra,16.1546,74.1739,716.0,2010,3,28.37,39.72,17.55,43.02,0.0,22.76,2.07,0.15,0.5
Ajra,16.1546,74.1739,716.0,2010,4,28.97,41.2,17.61,52.5,0.56,24.24,2.02,0.23,0.51
Ajra,16.1546,74.1739,716.0,2010,5,28.69,39.95,21.74,62.69,0.86,24.73,3.13,0.28,0.51
Ajra,16.1546,74.1739,716.0,2010,6,25.01,36.35,21.18,83.25,12.93,18.24,3.83,0.71,0.7
Ajra,16.1546,74.1739,716.0,2010,7,23.24,27.85,19.11,91.25,18.07,13.8,4.23,0.9,0.91
Ajra,16.1546,74.1739,716.0,2010,8,23.12,28.06,20.4,91.97,10.38,14.76,3.81,0.92,0.95
Ajra,16.1546,74.1739,716.0,2010,9,23.24,28.46,19.1,90.38,8.22,16.59,2.64,0.92,0.95
Ajra,16.1546,74.1739,716.0,2010,10,23.03,29.01,15.29,87.59,4.09,17.75,1.95,0.89,0.91
Ajra,16.1546,74.1739,716.0,2010,11,22.37,27.72,16.13,87.0,3.2,15.63,1.86,0.85,0.85
Ajra,16.1546,74.1739,716.0,2010,12,19.7,27.92,9.93,74.18,0.04,17.05,1.91,0.71,0.7
Ajra,16.1546,74.1739,716.0,2010,13,24.4,41.2,9.93,73.21,4.93,18.65,2.59,0.62,0.72
Ajra,16.1546,74.1739,716.0,2011,1,21.07,33.15,10.15,53.13,0.0,19.78,1.9,0.51,0.58
Ajra,16.1546,74.1739,716.0,2011,2,23.2,35.52,12.34,50.79,0.03,21.94,1.9,0.31,0.52
Ajra,16.1546,74.1739,716.0,2011,3,27.66,39.71,16.83,41.93,0.0,24.6,1.94,0.16,0.51
Ajra,16.1546,74.1739,716.0,2011,4,27.59,39.9,15.38,54.98,0.99,23.95,2.16,0.3,0.51
Ajra,16.1546,74.1739,716.0,2011,5,27.59,39.33,20.56,62.73,1.48,24.21,3.08,0.36,0.52
Ajra,16.1546,74.1739,716.0,2011,6,24.39,29.9,20.68,84.69,8.18,14.76,4.97,0.69,0.67
Ajra,16.1546,74.1739,716.0,2011,7,23.18,27.93,18.95,89.72,14.2,14.28,4.55,0.86,0.85
Ajra,16.1546,74.1739,716.0,2011,8,22.9,26.79,19.3,91.55,12.99,14.0,4.17,0.91,0.92
Ajra,16.1546,74.1739,716.0,2011,9,22.75,28.95,17.73,90.33,6.65,17.59,3.08,0.9,0.92
Ajra,16.1546,74.1739,716.0,2011,10,23.31,29.44,17.82,84.38,3.26,18.23,1.82,0.81,0.81
Ajra,16.1546,74.1739,716.0,2011,11,22.15,31.62,12.97,67.64,0.28,18.05,2.49,0.65,0.66
Ajra,16.1546,74.1739,716.0,2011,12,22.23,32.77,11.22,51.28,0.0,17.89,2.18,0.45,0.55
Ajra,16.1546,74.1739,716.0,2011,13,24.01,39.9,10.15,68.68,4.04,19.09,2.86,0.58,0.67
Ajra,16.1546,74.1739,716.0,2012,1,22.17,34.41,11.14,48.81,0.0,19.59,1.83,0.25,0.51
Ajra,16.1546,74.1739,716.0,2012,2,25.05,38.29,14.87,35.77,0.0,22.29,1.87,0.15,0.51
Ajra,16.1546,74.1739,716.0,2012,3,26.73,40.1,11.37,39.9,0.0,24.82,1.99,0.12,0.5
Ajra,16.1546,74.1739,716.0,2012,4,28.18,40.0,18.99,55.3,1.39,23.96,1.95,0.36,0.52
Ajra,16.1546,74.1739,716.0,2012,5,28.06,40.15,19.27,59.22,0.44,24.52,3.44,0.29,0.51
Ajra,16.1546,74.1739,716.0,2012,6,24.63,36.28,20.29,80.62,10.96,18.88,4.24,0.63,0.65
Ajra,16.1546,74.1739,716.0,2012,7,23.35,27.9,20.29,89.66,9.96,14.17,4.55,0.86,0.87
Ajra,16.1546,74.1739,716.0,2012,8,23.09,27.98,19.63,90.67,8.94,15.48,4.26,0.88,0.89
Ajra,16.1546,74.1739,716.0,2012,9,23.0,29.62,18.15,89.01,4.54,16.8,3.06,0.85,0.87
Ajra,16.1546,74.1739,716.0,2012,10,23.25,30.52,15.85,76.94,2.18,18.24,2.05,0.77,0.78
Ajra,16.1546,74.1739,716.0,2012,11,22.55,32.19,10.99,70.9,0.85,17.06,1.42,0.63,0.64
Ajra,16.1546,74.1739,716.0,2012,12,22.71,33.05,13.22,56.15,0.0,18.28,1.98,0.42,0.55
Ajra,16.1546,74.1739,716.0,2012,13,24.39,40.15,10.99,66.16,3.28,19.5,2.73,0.52,0.65
Ajra,16.1546,74.1739,716.0,2013,1,23.32,34.48,13.57,45.76,0.01,19.42,1.58,0.24,0.51
Ajra,16.1546,74.1739,716.0,2013,2,25.36,36.61,13.14,45.02,0.18,21.21,1.84,0.2,0.51
Ajra,16.1546,74.1739,716.0,2013,3,27.52,39.54,15.66,42.94,0.05,23.66,2.26,0.17,0.51
Ajra,16.1546,74.1739,716.0,2013,4,27.94,40.65,17.22,53.15,0.5,25.97,2.59,0.18,0.5
Ajra,16.1546,74.1739,716.0,2013,5,27.52,39.07,19.62,65.4,1.93,23.86,3.23,0.43,0.52
Ajra,16.1546,74.1739,716.0,2013,6,24.13,30.37,21.4,87.08,11.18,14.91,4.75,0.76,0.73
Ajra,16.1546,74.1739,716.0,2013,7,22.92,26.65,20.26,92.33,17.91,11.68,5.4,0.91,0.91
Ajra,16.1546,74.1739,716.0,2013,8,22.73,27.56,20.12,90.74,5.61,15.63,3.96,0.9,0.92
Ajra,16.1546,74.1739,716.0,2013,9,22.92,29.06,19.56,90.35,7.71,16.75,2.53,0.88,0.89
Ajra,16.1546,74.1739,716.0,2013,10,22.83,29.67,15.27,86.63,2.72,17.77,2.01,0.84,0.85
Ajra,16.1546,74.1739,716.0,2013,11,21.76,29.76,12.73,73.37,0.04,17.87,1.94,0.69,0.69
Ajra,16.1546,74.1739,716.0,2013,12,20.85,31.84,10.79,55.27,0.0,18.72,2.01,0.48,0.57
Ajra,16.1546,74.1739,716.0,2013,13,24.14,40.65,10.79,69.12,4.01,18.94,2.85,0.56,0.68
Ajra,16.1546,74.1739,716.0,2014,1,22.72,32.77,13.51,52.99,0.0,17.55,1.95,0.31,0.52
Ajra,16.1546,74.1739,716.0,2014,2,23.79,35.83,12.52,49.97,0.04,20.67,2.13,0.18,0.51
Ajra,16.1546,74.1739,716.0,2014,3,26.78,40.17,12.05,45.05,0.32,23.15,2.03,0.24,0.51
Ajra,16.1546,74.1739,716.0,2014,4,29.04,39.97,17.79,47.71,0.46,22.58,1.92,0.23,0.51
Ajra,16.1546,74.1739,716.0,2014,5,27.71,39.53,19.46,63.82,3.29,23.09,2.26,0.49,0.55
Ajra,16.1546,74.1739,716.0,2014,6,25.31,36.3,21.14,81.91,5.86,20.14,3.75,0.67,0.65
Ajra,16.1546,74.1739,716.0,2014,7,23.64,29.88,20.5,89.1,16.99,13.85,5.09,0.83,0.81
Ajra,16.1546,74.1739,716.0,2014,8,23.2,30.48,19.8,91.11,12.97,15.16,3.66,0.92,0.93
Ajra,16.1546,74.1739,716.0,2014,9,23.22,29.7,19.5,89.27,3.89,16.97,2.85,0.88,0.9
Ajra,16.1546,74.1739,716.0,2014,10,23.2,29.87,14.73,81.96,4.73,18.74,1.65,0.82,0.81
Ajra,16.1546,74.1739,716.0,2014,11,21.47,29.86,12.06,72.15,1.0,17.58,2.02,0.73,0.72
Ajra,16.1546,74.1739,716.0,2014,12,21.02,30.6,11.28,64.86,0.53,16.83,1.96,0.57,0.6
Ajra,16.1546,74.1739,716.0,2014,13,24.26,40.17,11.28,69.28,4.22,18.84,2.61,0.58,0.67
Ajra,16.1546,74.1739,716.0,2015,1,21.19,33.04,9.92,52.66,0.01,18.12,1.72,0.4,0.54
Ajra,16.1546,74.1739,716.0,2015,2,24.07,36.14,14.36,42.01,0.36,22.36,1.79,0.21,0.51
Ajra,16.1546,74.1739,716.0,2015,3,26.21,39.06,11.47,53.34,0.68,21.92,1.88,0.35,0.52
Ajra,16.1546,74.1739,716.0,2015,4,27.96,40.87,17.47,53.85,0.99,24.93,2.02,0.34,0.52
Ajra,16.1546,74.1739,716.0,2015,5,27.85,39.72,21.64,65.82,2.17,23.63,2.58,0.45,0.53
Ajra,16.1546,74.1739,716.0,2015,6,24.42,34.67,19.63,84.37,11.54,17.54,4.25,0.72,0.69
Ajra,16.1546,74.1739,716.0,2015,7,23.76,28.58,20.27,88.02,6.87,17.12,4.63,0.83,0.84
Ajra,16.1546,74.1739,716.0,2015,8,23.51,29.64,20.12,88.95,6.11,16.57,3.46,0.84,0.86
Ajra,16.1546,74.1739,716.0,2015,9,23.48,31.02,19.12,86.53,3.68,18.71,2.22,0.81,0.83
Ajra,16.1546,74.1739,716.0,2015,10,24.43,32.03,18.39,77.71,2.16,18.75,1.34,0.75,0.76
Ajra,16.1546,74.1739,716.0,2015,11,24.02,32.79,15.17,67.75,0.39,17.28,1.94,0.55,0.61
Ajra,16.1546,74.1739,716.0,2015,12,23.73,34.34,12.74,52.78,0.04,17.54,2.05,0.39,0.54
Ajra,16.1546,74.1739,716.0,2015,13,24.55,40.87,9.92,67.97,2.92,19.52,2.49,0.56,0.65
Ajra,16.1546,74.1739,716.0,2016,1,22.98,35.91,13.84,44.76,0.0,18.41,1.75,0.21,0.51
Ajra,16.1546,74.1739,716.0,2016,2,25.61,39.31,14.72,47.93,0.0,20.99,1.83,0.15,0.5
Ajra,16.1546,74.1739,716.0,2016,3,28.15,40.62,16.1,44.99,0.27,23.37,2.05,0.17,0.5
Ajra,16.1546,74.1739,716.0,2016,4,29.36,41.83,18.28,50.47,0.39,24.84,2.54,0.25,0.51
Ajra,16.1546,74.1739,716.0,2016,5,28.64,40.9,19.86,61.36,0.87,24.74,3.05,0.34,0.52
Ajra,16.1546,74.1739,716.0,2016,6,24.54,36.61,20.74,84.27,14.05,15.37,3.69,0.71,0.69
Ajra,16.1546,74.1739,716.0,2016,7,23.03,27.03,20.22,93.08,22.03,12.5,4.23,0.95,0.96
Ajra,16.1546,74.1739,716.0,2016,8,22.84,27.55,19.83,91.84,13.25,14.72,4.06,0.94,0.97
Ajra,16.1546,74.1739,716.0,2016,9,22.32,28.11,17.71,90.71,5.03,15.93,2.83,0.89,0.91
Ajra,16.1546,74.1739,716.0,2016,10,21.84,29.69,13.28,80.94,1.7,18.92,1.81,0.82,0.83
Ajra,16.1546,74.1739,716.0,2016,11,20.89,33.05,12.18,61.5,0.54,18.83,2.01,0.64,0.65
Ajra,16.1546,74.1739,716.0,2016,12,22.05,33.51,10.43,47.04,0.01,17.9,2.08,0.44,0.55
Ajra,16.1546,74.1739,716.0,2016,13,24.35,41.83,10.43,66.62,4.87,18.87,2.66,0.54,0.68
Ajra,16.1546,74.1739,716.0,2017,1,22.76,35.24,11.69,42.06,0.0,18.74,1.86,0.23,0.51
Ajra,16.1546,74.1739,716.0,2017,2,25.12,38.04,13.95,37.27,0.0,22.65,2.03,0.15,0.5
Ajra,16.1546,74.1739,716.0,2017,3,26.62,40.56,13.13,46.91,0.02,24.66,1.98,0.12,0.5
Ajra,16.1546,74.1739,716.0,2017,4,29.02,41.38,18.78,49.68,0.23,25.72,2.43,0.12,0.5
Ajra,16.1546,74.1739,716.0,2017,5,28.32,40.34,19.84,62.68,2.24,23.62,2.83,0.38,0.52
Ajra,16.1546,74.1739,716.0,2017,6,24.64,33.2,20.76,84.23,8.43,17.19,4.09,0.7,0.67
Ajra,16.1546,74.1739,716.0,2017,7,23.6,27.64,20.66,89.45,11.6,15.39,4.65,0.86,0.86
Ajra,16.1546,74.1739,716.0,2017,8,23.32,28.31,19.05,89.64,7.52,15.7,3.3,0.86,0.87
Ajra,16.1546,74.1739,716.0,2017,9,23.64,29.56,19.5,89.47,10.39,16.13,2.06,0.9,0.91
Ajra,16.1546,74.1739,716.0,2017,10,23.12,29.4,15.59,86.2,3.97,16.86,1.4,0.89,0.91
Ajra,16.1546,74.1739,716.0,2017,11,20.88,29.65,12.41,74.78,0.05,18.07,1.87,0.75,0.74
Ajra,16.1546,74.1739,716.0,2017,12,20.95,30.38,11.85,61.96,0.2,16.75,2.23,0.56,0.6
Ajra,16.1546,74.1739,716.0,2017,13,24.32,41.38,11.69,68.04,3.74,19.26,2.56,0.55,0.68
Ajra,16.1546,74.1739,716.0,2018,1,22.14,33.46,11.96,45.4,0.01,17.99,1.59,0.36,0.53
Ajra,16.1546,74.1739,716.0,2018,2,24.81,36.49,13.06,32.23,0.02,20.81,1.78,0.19,0.51
Ajra,16.1546,74.1739,716.0,2018,3,27.3,39.45,16.93,43.81,0.26,22.02,1.72,0.2,0.51
Ajra,16.1546,74.1739,716.0,2018,4,29.3,40.95,18.09,46.87,0.46,24.03,2.02,0.25,0.51
Ajra,16.1546,74.1739,716.0,2018,5,27.48,40.97,19.78,67.57,3.1,22.2,2.37,0.45,0.55
Ajra,16.1546,74.1739,716.0,2018,6,24.23,32.97,20.45,88.79,15.59,15.86,3.77,0.82,0.8
Ajra,16.1546,74.1739,716.0,2018,7,23.05,26.8,20.01,92.0,14.61,12.03,4.98,0.93,0.94
Ajra,16.1546,74.1739,716.0,2018,8,22.65,26.71,20.12,90.98,7.74,12.8,4.74,0.9,0.92
Ajra,16.1546,74.1739,716.0,2018,9,22.85,29.3,17.68,86.92,4.47,19.86,2.02,0.85,0.86
Ajra,16.1546,74.1739,716.0,2018,10,23.44,30.91,13.71,74.66,1.66,19.72,1.59,0.77,0.77
Ajra,16.1546,74.1739,716.0,2018,11,22.98,32.17,12.94,62.6,0.54,17.95,1.82,0.6,0.62
Ajra,16.1546,74.1739,716.0,2018,12,22.12,32.68,11.64,54.0,0.11,16.69,1.84,0.42,0.54
Ajra,16.1546,74.1739,716.0,2018,13,24.35,40.97,11.64,65.7,4.07,18.47,2.53,0.56,0.67
Ajra,16.1546,74.1739,716.0,2019,1,22.03,33.41,11.34,38.27,0.0,18.83,1.95,0.22,0.51
Ajra,16.1546,74.1739,716.0,2019,2,24.92,38.2,12.16,39.54,0.0,22.1,1.93,0.15,0.5
Ajra,16.1546,74.1739,716.0,2019,3,27.02,40.21,13.55,43.47,0.41,24.41,2.0,0.17,0.5
Ajra,16.1546,74.1739,716.0,2019,4,29.31,41.76,18.12,49.26,0.64,24.75,2.11,0.3,0.51
Ajra,16.1546,74.1739,716.0,2019,5,29.02,42.34,20.06,54.93,0.12,25.63,3.1,0.2,0.51
Ajra,16.1546,74.1739,716.0,2019,6,26.06,38.65,21.03,77.58,12.43,17.72,3.62,0.57,0.6
Ajra,16.1546,74.1739,716.0,2019,7,23.68,28.08,20.95,92.48,21.24,14.33,4.26,0.94,0.94
Ajra,16.1546,74.1739,716.0,2019,8,23.23,27.53,19.99,92.57,27.77,13.94,4.42,0.96,0.98
Ajra,16.1546,74.1739,716.0,2019,9,23.09,28.6,19.46,91.87,11.24,14.34,3.23,0.94,0.97
Ajra,16.1546,74.1739,716.0,2019,10,23.01,28.46,18.53,90.02,10.82,15.73,1.82,0.93,0.96
Ajra,16.1546,74.1739,716.0,2019,11,21.8,28.42,14.34,84.74,0.49,17.27,1.95,0.87,0.89
Ajra,16.1546,74.1739,716.0,2019,12,21.76,29.66,15.39,79.67,0.07,15.39,1.97,0.71,0.7
Ajra,16.1546,74.1739,716.0,2019,13,24.57,42.34,11.34,69.71,7.17,18.68,2.7,0.58,0.72
Ajra,16.1546,74.1739,716.0,2020,1,21.84,33.25,11.29,66.95,0.01,17.83,1.7,0.53,0.57
Ajra,16.1546,74.1739,716.0,2020,2,24.55,36.6,12.12,47.71,0.05,20.73,1.84,0.31,0.52
Ajra,16.1546,74.1739,716.0,2020,3,26.78,39.7,15.74,50.67,0.46,23.32,2.12,0.27,0.51
Ajra,16.1546,74.1739,716.0,2020,4,29.06,40.5,18.17,52.73,1.24,24.15,1.97,0.36,0.52
Ajra,16.1546,74.1739,716.0,2020,5,29.32,41.67,21.99,60.04,1.43,23.69,2.66,0.36,0.52
Ajra,16.1546,74.1739,716.0,2020,6,24.3,29.91,20.49,87.06,14.58,17.11,3.54,0.8,0.77
Ajra,16.1546,74.1739,716.0,2020,7,23.36,28.07,20.35,91.56,17.3,14.89,3.42,0.93,0.94
Ajra,16.1546,74.1739,716.0,2020,8,23.24,27.34,20.12,93.36,20.69,12.62,4.33,0.96,0.98
Ajra,16.1546,74.1739,716.0,2020,9,23.18,29.93,19.61,91.59,12.58,16.03,2.46,0.95,0.98
Ajra,16.1546,74.1739,716.0,2020,10,22.99,28.7,16.35,89.6,8.15,15.29,1.69,0.94,0.97
Ajra,16.1546,74.1739,716.0,2020,11,21.75,27.8,13.07,84.11,0.01,17.18,2.32,0.83,0.84
Ajra,16.1546,74.1739,716.0,2020,12,20.94,30.07,11.66,73.57,0.08,17.33,2.06,0.65,0.66
Ajra,16.1546,74.1739,716.0,2020,13,24.27,41.67,11.29,74.17,6.41,18.33,2.51,0.66,0.73
Ajra,16.1546,74.1739,716.0,2021,1,23.19,33.42,15.45,67.05,0.31,16.84,1.45,0.51,0.56
Ajra,16.1546,74.1739,716.0,2021,2,24.06,36.64,13.81,49.67,0.33,20.51,1.95,0.34,0.52
Ajra,16.1546,74.1739,716.0,2021,3,28.19,40.11,16.58,41.48,0.08,23.04,1.68,0.2,0.51
Ajra,16.1546,74.1739,716.0,2021,4,28.69,40.07,18.27,53.1,1.3,23.31,1.92,0.32,0.51
Ajra,16.1546,74.1739,716.0,2021,5,26.5,37.22,20.96,76.04,8.13,20.4,2.62,0.63,0.62
Ajra,16.1546,74.1739,716.0,2021,6,23.94,31.03,20.15,88.62,16.71,16.35,3.41,0.85,0.84
Ajra,16.1546,74.1739,716.0,2021,7,23.26,28.04,20.48,92.69,22.96,13.98,4.23,0.94,0.95
Ajra,16.1546,74.1739,716.0,2021,8,23.0,28.01,18.91,89.87,4.64,15.46,3.16,0.9,0.93
Ajra,16.1546,74.1739,716.0,2021,9,23.03,27.86,17.54,91.07,7.56,14.82,3.22,0.89,0.91
Ajra,16.1546,74.1739,716.0,2021,10,23.51,29.14,15.62,86.48,4.25,18.62,1.56,0.87,0.89
Ajra,16.1546,74.1739,716.0,2021,11,22.79,28.79,15.33,84.29,2.97,14.11,1.87,0.79,0.77
Ajra,16.1546,74.1739,716.0,2021,12,20.76,28.28,11.41,78.96,2.05,15.55,1.63,0.75,0.74
Ajra,16.1546,74.1739,716.0,2021,13,24.24,40.11,11.41,75.1,5.97,17.73,2.39,0.67,0.73
Ajra,16.1546,74.1739,716.0,2022,1,20.35,32.82,10.38,67.74,0.01,18.03,1.77,0.55,0.6
Ajra,16.1546,74.1739,716.0,2022,2,23.58,36.34,13.46,51.8,0.0,21.26,1.7,0.35,0.53
Ajra,16.1546,74.1739,716.0,2022,3,27.77,40.35,16.8,47.38,0.4,21.01,1.84,0.25,0.51
Ajra,16.1546,74.1739,716.0,2022,4,28.39,40.29,19.03,57.45,1.73,22.07,1.6,0.41,0.52
Ajra,16.1546,74.1739,716.0,2022,5,27.19,38.84,20.25,69.35,2.24,20.66,3.12,0.46,0.54
Ajra,16.1546,74.1739,716.0,2022,6,24.56,34.37,20.51,83.03,10.23,18.17,3.18,0.67,0.65
Ajra,16.1546,74.1739,716.0,2022,7,23.26,29.41,20.76,91.5,16.92,12.85,4.23,0.92,0.92
Ajra,16.1546,74.1739,716.0,2022,8,22.91,29.02,20.07,91.55,11.85,14.18,3.89,0.93,0.96
Ajra,16.1546,74.1739,716.0,2022,9,22.89,29.28,18.12,91.08,8.51,16.2,2.61,0.93,0.95
Ajra,16.1546,74.1739,716.0,2022,10,22.4,28.61,13.91,85.91,5.17,16.48,1.73,0.89,0.91
Ajra,16.1546,74.1739,716.0,2022,11,21.12,28.56,11.43,80.58,0.07,17.04,2.02,0.77,0.76
Ajra,16.1546,74.1739,716.0,2022,12,22.38,32.42,11.65,69.25,0.13,16.24,1.87,0.59,0.61
Ajra,16.1546,74.1739,716.0,2022,13,23.9,40.35,10.38,74.02,4.81,17.81,2.47,0.65,0.71
Ajra,16.1546,74.1739,716.0,2023,1,22.23,33.31,11.91,51.61,0.0,18.75,1.6,0.4,0.53
Ajra,16.1546,74.1739,716.0,2023,2,25.68,37.42,14.72,27.31,0.0,22.15,2.09,0.19,0.51
Ajra,16.1546,74.1739,716.0,2023,3,26.39,38.06,15.15,40.72,0.0,23.6,2.34,0.13,0.5
Ajra,16.1546,74.1739,716.0,2023,4,28.4,40.83,15.81,48.68,0.45,24.12,1.97,0.24,0.51
Ajra,16.1546,74.1739,716.0,2023,5,28.42,39.37,19.63,59.16,1.19,24.36,2.48,0.36,0.52
Ajra,16.1546,74.1739,716.0,2023,6,26.27,37.23,20.87,75.17,5.94,20.98,3.73,0.51,0.55
Ajra,16.1546,74.1739,716.0,2023,7,23.49,28.02,20.69,91.21,23.71,11.97,4.84,0.89,0.88
Ajra,16.1546,74.1739,716.0,2023,8,23.32,28.73,19.4,89.35,3.68,17.02,3.21,0.88,0.9
Ajra,16.1546,74.1739,716.0,2023,9,23.38,29.16,19.52,90.08,8.18,15.75,2.83,0.85,0.85
Ajra,16.1546,74.1739,716.0,2023,10,23.8,30.73,15.16,79.58,1.39,18.03,1.7,0.81,0.82
Ajra,16.1546,74.1739,716.0,2023,11,23.55,30.76,15.91,76.82,1.13,15.31,1.75,0.69,0.68
Ajra,16.1546,74.1739,716.0,2023,12,23.11,33.31,14.75,58.28,0.03,16.12,2.16,0.48,0.57
Ajra,16.1546,74.1739,716.0,2023,13,24.82,40.83,11.91,65.9,3.84,18.99,2.56,0.54,0.65
Bavda,16.5834,73.92,841.0,1997,1,23.22,35.38,11.37,55.63,0.08,18.35,2.09,0.43,0.49
Bavda,16.5834,73.92,841.0,1997,2,24.65,40.66,14.04,43.8,0.0,21.43,2.14,0.19,0.46
Bavda,16.5834,73.92,841.0,1997,3,28.65,41.75,18.53,50.66,0.08,23.32,2.15,0.13,0.46
Bavda,16.5834,73.92,841.0,1997,4,28.75,40.94,18.05,54.67,0.28,24.75,2.22,0.21,0.46
Bavda,16.5834,73.92,841.0,1997,5,29.69,39.54,21.58,57.93,0.08,24.01,2.96,0.2,0.46
Bavda,16.5834,73.92,841.0,1997,6,26.46,33.99,22.81,83.22,22.04,16.47,3.9,0.7,0.7
Bavda,16.5834,73.92,841.0,1997,7,25.13,28.4,22.84,91.55,26.22,14.61,4.61,0.95,0.98
Bavda,16.5834,73.92,841.0,1997,8,24.49,27.79,21.83,92.84,23.03,14.71,4.14,0.97,1.0
Bavda,16.5834,73.92,841.0,1997,9,24.48,29.46,21.15,88.64,3.13,19.07,1.89,0.88,0.91
Bavda,16.5834,73.92,841.0,1997,10,25.5,32.36,19.41,82.38,1.23,20.15,1.35,0.75,0.73
Bavda,16.5834,73.92,841.0,1997,11,25.87,33.83,19.57,76.01,0.95,17.76,1.56,0.58,0.59
Bavda,16.5834,73.92,841.0,1997,12,23.76,34.1,14.42,73.32,2.24,17.82,1.69,0.54,0.56
Bavda,16.5834,73.92,841.0,1997,13,25.89,41.75,11.37,71.06,6.67,19.35,2.56,0.55,0.65
Bavda,16.5834,73.92,841.0,1998,1,24.13,37.43,13.86,57.66,0.0,18.44,2.03,0.42,0.48
Bavda,16.5834,73.92,841.0,1998,2,25.46,38.54,14.79,49.91,0.02,20.91,2.32,0.19,0.46
Bavda,16.5834,73.92,841.0,1998,3,27.58,43.23,16.39,53.6,0.0,23.55,2.25,0.13,0.46
Bavda,16.5834,73.92,841.0,1998,4,31.21,43.7,22.04,52.27,0.01,24.71,2.59,0.1,0.45
Bavda,16.5834,73.92,841.0,1998,5,30.95,44.11,23.9,61.69,1.1,23.62,2.63,0.3,0.47
Bavda,16.5834,73.92,841.0,1998,6,27.34,39.19,22.91,80.3,25.0,15.97,3.77,0.64,0.65
Bavda,16.5834,73.92,841.0,1998,7,25.21,28.84,22.03,91.96,19.34,14.48,4.06,0.94,0.97
Bavda,16.5834,73.92,841.0,1998,8,25.25,30.15,22.7,92.5,17.87,14.39,3.18,0.96,0.99
Bavda,16.5834,73.92,841.0,1998,9,25.02,30.31,21.87,91.46,12.67,15.3,2.59,0.95,0.99
Bavda,16.5834,73.92,841.0,1998,10,24.52,30.68,18.34,88.19,3.68,17.78,2.09,0.9,0.95
Bavda,16.5834,73.92,841.0,1998,11,22.89,31.09,13.41,79.35,1.55,18.66,1.81,0.81,0.8
Bavda,16.5834,73.92,841.0,1998,12,21.37,31.89,13.37,62.88,0.03,17.89,2.97,0.61,0.61
Bavda,16.5834,73.92,841.0,1998,13,25.91,44.11,13.37,71.95,6.79,18.79,2.69,0.58,0.69
Bavda,16.5834,73.92,841.0,1999,1,22.73,35.02,13.1,51.54,0.0,19.96,2.31,0.44,0.5
Bavda,16.5834,73.92,841.0,1999,2,27.59,40.91,14.01,43.37,0.03,22.24,2.1,0.21,0.46
Bavda,16.5834,73.92,841.0,1999,3,29.36,44.18,18.31,47.23,0.0,24.86,2.26,0.12,0.46
Bavda,16.5834,73.92,841.0,1999,4,29.33,42.07,20.94,60.43,0.0,25.19,2.64,0.1,0.45
Bavda,16.5834,73.92,841.0,1999,5,27.59,40.66,22.52,74.1,6.51,20.15,2.66,0.4,0.54
Bavda,16.5834,73.92,841.0,1999,6,25.47,31.47,22.25,88.21,22.41,14.44,3.9,0.85,0.84
Bavda,16.5834,73.92,841.0,1999,7,24.84,28.5,22.84,92.13,24.24,13.14,4.44,0.95,0.98
Bavda,16.5834,73.92,841.0,1999,8,24.41,28.23,21.59,90.57,4.86,15.6,3.49,0.9,0.94
Bavda,16.5834,73.92,841.0,1999,9,24.37,29.71,20.44,90.28,5.88,18.08,2.31,0.88,0.9
Bavda,16.5834,73.92,841.0,1999,10,24.9,31.96,16.56,83.0,3.33,19.64,1.87,0.83,0.83
Bavda,16.5834,73.92,841.0,1999,11,23.7,34.47,14.12,65.33,0.02,19.66,2.24,0.62,0.62
Bavda,16.5834,73.92,841.0,1999,12,23.9,34.79,13.25,48.99,0.0,18.88,2.05,0.44,0.5
Bavda,16.5834,73.92,841.0,1999,13,25.67,44.18,13.1,69.74,5.64,19.3,2.69,0.56,0.67
Bavda,16.5834,73.92,841.0,2000,1,25.74,37.98,15.51,39.01,0.01,19.53,2.17,0.19,0.46
Bavda,16.5834,73.92,841.0,2000,2,24.73,38.67,15.08,54.17,0.04,22.04,2.27,0.14,0.46
Bavda,16.5834,73.92,841.0,2000,3,27.49,41.37,16.43,49.35,0.0,24.57,2.23,0.12,0.46
Bavda,16.5834,73.92,841.0,2000,4,29.82,43.11,20.69,59.36,0.29,25.79,2.67,0.21,0.46
Bavda,16.5834,73.92,841.0,2000,5,28.19,43.82,21.84,71.13,4.43,21.95,3.02,0.39,0.5
Bavda,16.5834,73.92,841.0,2000,6,25.54,30.68,22.4,88.81,15.28,15.53,3.72,0.84,0.83
Bavda,16.5834,73.92,841.0,2000,7,24.48,28.5,21.52,91.0,20.18,14.77,4.24,0.94,0.97
Bavda,16.5834,73.92,841.0,2000,8,24.47,28.58,21.88,91.27,14.99,14.45,3.55,0.91,0.94
Bavda,16.5834,73.92,841.0,2000,9,25.04,32.11,21.07,88.87,4.0,18.46,2.17,0.89,0.92
Bavda,16.5834,73.92,841.0,2000,10,24.99,32.73,16.38,83.46,3.4,18.88,1.25,0.84,0.85
Bavda,16.5834,73.92,841.0,2000,11,23.83,32.96,15.51,68.93,0.26,19.21,1.95,0.69,0.68
Bavda,16.5834,73.92,841.0,2000,12,23.38,34.73,14.12,46.33,0.48,17.9,2.43,0.49,0.52
Bavda,16.5834,73.92,841.0,2000,13,25.64,43.82,14.12,69.31,5.31,19.4,2.64,0.56,0.67
Bavda,16.5834,73.92,841.0,2001,1,24.99,37.58,14.43,49.07,0.1,18.02,1.92,0.35,0.47
Bavda,16.5834,73.92,841.0,2001,2,26.35,40.08,16.0,42.69,0.0,22.09,2.08,0.14,0.46
Bavda,16.5834,73.92,841.0,2001,3,26.78,40.13,17.12,54.58,0.0,24.97,2.37,0.11,0.45
Bavda,16.5834,73.92,841.0,2001,4,29.99,41.86,19.22,55.04,0.53,24.65,2.1,0.23,0.46
Bavda,16.5834,73.92,841.0,2001,5,28.84,42.15,23.27,67.27,3.48,23.2,3.3,0.31,0.49
Bavda,16.5834,73.92,841.0,2001,6,25.84,32.76,23.1,85.2,12.06,16.74,4.51,0.75,0.74
Bavda,16.5834,73.92,841.0,2001,7,24.8,28.66,21.49,90.65,14.16,13.36,4.39,0.9,0.92
Bavda,16.5834,73.92,841.0,2001,8,24.33,27.51,21.83,92.13,13.42,14.44,3.84,0.94,0.97
Bavda,16.5834,73.92,841.0,2001,9,24.64,30.67,20.7,90.09,5.63,17.35,2.13,0.88,0.9
Bavda,16.5834,73.92,841.0,2001,10,24.43,31.96,16.26,83.43,2.38,18.13,2.24,0.85,0.86
Bavda,16.5834,73.92,841.0,2001,11,24.38,33.12,16.59,69.69,0.23,19.16,2.17,0.65,0.65
Bavda,16.5834,73.92,841.0,2001,12,24.36,34.15,14.95,50.42,0.01,17.77,2.28,0.46,0.51
Bavda,16.5834,73.92,841.0,2001,13,25.8,42.15,14.43,69.34,4.37,19.13,2.78,0.55,0.66
Bavda,16.5834,73.92,841.0,2002,1,23.93,36.39,12.82,49.18,0.0,19.43,2.41,0.22,0.46
Bavda,16.5834,73.92,841.0,2002,2,27.22,39.09,17.48,46.92,0.0,21.28,2.01,0.14,0.46
Bavda,16.5834,73.92,841.0,2002,3,29.06,41.32,18.96,50.33,0.01,23.77,2.19,0.11,0.45
Bavda,16.5834,73.92,841.0,2002,4,30.9,43.67,21.19,52.59,0.09,25.26,2.26,0.14,0.46
Bavda,16.5834,73.92,841.0,2002,5,29.42,42.38,23.44,67.88,1.75,23.56,2.9,0.38,0.47
Bavda,16.5834,73.92,841.0,2002,6,26.48,34.76,23.66,85.69,23.07,14.66,3.67,0.78,0.77
Bavda,16.5834,73.92,841.0,2002,7,25.25,28.63,22.65,89.09,7.63,15.73,4.09,0.9,0.93
Bavda,16.5834,73.92,841.0,2002,8,24.48,28.81,21.51,91.38,15.1,13.04,3.94,0.93,0.96
Bavda,16.5834,73.92,841.0,2002,9,24.51,32.23,20.23,88.22,3.04,20.24,2.12,0.87,0.89
Bavda,16.5834,73.92,841.0,2002,10,25.57,33.84,17.8,80.96,4.39,18.38,1.7,0.8,0.78
Bavda,16.5834,73.92,841.0,2002,11,24.54,34.7,16.59,66.51,0.38,19.54,1.78,0.62,0.62
Bavda,16.5834,73.92,841.0,2002,12,24.14,35.89,15.3,52.6,0.02,17.85,1.97,0.44,0.5
Bavda,16.5834,73.92,841.0,2002,13,26.28,43.67,12.82,68.57,4.64,19.37,2.59,0.53,0.65
Bavda,16.5834,73.92,841.0,2003,1,25.77,36.67,14.33,48.95,0.0,17.96,1.83,0.21,0.46
Bavda,16.5834,73.92,841.0,2003,2,27.07,40.01,17.2,48.59,0.02,21.93,2.11,0.14,0.46
Bavda,16.5834,73.92,841.0,2003,3,28.79,41.32,17.4,49.01,0.12,23.87,2.21,0.14,0.46
Bavda,16.5834,73.92,841.0,2003,4,30.79,42.94,19.92,51.42,0.48,25.2,2.44,0.21,0.46
Bavda,16.5834,73.92,841.0,2003,5,30.34,42.11,21.52,60.08,0.13,25.38,3.25,0.21,0.46
Bavda,16.5834,73.92,841.0,2003,6,27.41,38.87,22.86,80.43,16.91,15.29,3.65,0.57,0.65
Bavda,16.5834,73.92,841.0,2003,7,25.32,28.42,22.72,92.33,17.07,12.98,3.83,0.94,0.97
Bavda,16.5834,73.92,841.0,2003,8,25.01,28.44,22.79,90.59,8.07,15.36,3.54,0.91,0.95
Bavda,16.5834,73.92,841.0,2003,9,24.73,30.27,21.25,89.52,3.77,17.71,2.7,0.87,0.89
Bavda,16.5834,73.92,841.0,2003,10,25.21,32.85,16.74,81.66,1.98,19.15,1.51,0.77,0.76
Bavda,16.5834,73.92,841.0,2003,11,25.25,34.97,16.46,64.64,0.16,19.04,1.9,0.57,0.59
Bavda,16.5834,73.92,841.0,2003,12,24.58,35.15,14.88,46.71,0.01,18.49,2.07,0.39,0.48
Bavda,16.5834,73.92,841.0,2003,13,26.68,42.94,14.33,67.1,4.08,19.34,2.59,0.5,0.63
Bavda,16.5834,73.92,841.0,2004,1,24.68,37.12,15.03,49.63,0.0,19.2,2.02,0.18,0.46
Bavda,16.5834,73.92,841.0,2004,2,26.94,39.77,15.57,44.44,0.0,21.99,1.94,0.13,0.46
Bavda,16.5834,73.92,841.0,2004,3,30.06,42.41,20.48,52.67,0.0,24.23,2.05,0.1,0.45
Bavda,16.5834,73.92,841.0,2004,4,29.95,41.53,20.41,56.23,0.25,26.18,2.39,0.19,0.46
Bavda,16.5834,73.92,841.0,2004,5,28.56,41.54,22.74,71.19,4.93,20.79,2.79,0.48,0.52
Bavda,16.5834,73.92,841.0,2004,6,25.6,31.75,22.84,88.86,20.8,15.08,4.08,0.86,0.86
Bavda,16.5834,73.92,841.0,2004,7,25.07,28.91,22.79,90.16,13.87,14.17,3.7,0.91,0.93
Bavda,16.5834,73.92,841.0,2004,8,24.4,28.09,21.29,91.81,15.0,15.1,4.28,0.94,0.98
Bavda,16.5834,73.92,841.0,2004,9,24.73,30.98,21.08,89.55,5.1,17.17,2.09,0.88,0.91
Bavda,16.5834,73.92,841.0,2004,10,24.53,32.2,16.59,80.84,1.19,20.57,2.09,0.8,0.79
Bavda,16.5834,73.92,841.0,2004,11,24.6,33.81,15.49,64.09,0.53,17.92,2.32,0.59,0.6
Bavda,16.5834,73.92,841.0,2004,12,24.02,35.4,14.28,45.13,0.0,18.5,2.62,0.4,0.48
Bavda,16.5834,73.92,841.0,2004,13,26.09,42.41,14.28,68.78,5.15,19.23,2.7,0.54,0.66
Bavda,16.5834,73.92,841.0,2005,1,24.75,36.47,14.11,47.63,0.04,18.75,1.98,0.18,0.46
Bavda,16.5834,73.92,841.0,2005,2,26.03,40.04,14.22,47.93,0.01,22.48,2.11,0.15,0.46
Bavda,16.5834,73.92,841.0,2005,3,27.92,41.64,16.64,52.12,0.01,24.74,2.24,0.12,0.46
Bavda,16.5834,73.92,841.0,2005,4,30.05,42.3,19.72,54.0,0.56,24.19,1.97,0.22,0.46
Bavda,16.5834,73.92,841.0,2005,5,29.61,41.59,21.2,63.06,1.24,25.08,2.66,0.3,0.47
Bavda,16.5834,73.92,841.0,2005,6,27.16,36.39,23.82,82.34,17.47,17.02,3.86,0.66,0.65
Bavda,16.5834,73.92,841.0,2005,7,25.31,28.33,23.15,92.21,25.41,11.94,4.24,0.94,0.97
Bavda,16.5834,73.92,841.0,2005,8,24.71,28.49,21.95,92.28,16.55,14.25,3.83,0.95,0.99
Bavda,16.5834,73.92,841.0,2005,9,24.76,30.18,21.17,92.29,14.01,14.51,3.2,0.94,0.98
Bavda,16.5834,73.92,841.0,2005,10,24.72,31.6,16.7,83.13,3.81,19.5,1.78,0.89,0.93
Bavda,16.5834,73.92,841.0,2005,11,22.03,30.95,13.9,71.16,0.02,19.3,2.52,0.75,0.74
Bavda,16.5834,73.92,841.0,2005,12,22.41,32.26,13.37,59.63,0.0,18.02,2.35,0.54,0.57
Bavda,16.5834,73.92,841.0,2005,13,25.78,42.3,13.37,69.94,6.63,19.13,2.73,0.56,0.68
Bavda,16.5834,73.92,841.0,2006,1,24.45,36.85,13.37,44.43,0.0,19.48,2.34,0.37,0.48
Bavda,16.5834,73.92,841.0,2006,2,27.35,40.52,16.88,43.41,0.0,22.14,1.98,0.15,0.46
Bavda,16.5834,73.92,841.0,2006,3,27.62,41.88,17.09,54.29,0.42,24.1,2.14,0.23,0.46
Bavda,16.5834,73.92,841.0,2006,4,29.3,41.76,20.12,56.51,0.02,25.59,2.71,0.14,0.46
Bavda,16.5834,73.92,841.0,2006,5,29.24,41.31,23.19,66.86,16.13,22.96,3.07,0.29,0.5
Bavda,16.5834,73.92,841.0,2006,6,25.74,30.52,22.7,90.25,18.76,17.04,3.09,0.92,0.94
Bavda,16.5834,73.92,841.0,2006,7,24.78,27.69,22.48,92.1,19.31,13.38,4.97,0.95,0.99
Bavda,16.5834,73.92,841.0,2006,8,24.28,27.88,21.54,92.39,18.1,14.23,4.03,0.95,0.99
Bavda,16.5834,73.92,841.0,2006,9,24.96,31.98,20.82,91.01,12.65,16.92,2.34,0.92,0.96
Bavda,16.5834,73.92,841.0,2006,10,25.27,32.45,19.23,83.22,4.65,18.16,2.2,0.9,0.93
Bavda,16.5834,73.92,841.0,2006,11,24.26,31.21,16.84,79.73,0.9,17.19,2.08,0.74,0.71
Bavda,16.5834,73.92,841.0,2006,12,23.09,33.3,13.5,59.92,0.0,18.07,2.32,0.55,0.57
Bavda,16.5834,73.92,841.0,2006,13,25.85,41.88,13.37,71.32,7.64,19.08,2.78,0.6,0.71
Bavda,16.5834,73.92,841.0,2007,1,24.67,36.78,14.25,49.58,0.0,18.69,1.78,0.37,0.48
Bavda,16.5834,73.92,841.0,2007,2,25.78,37.77,15.3,53.78,0.0,21.83,2.08,0.17,0.46
Bavda,16.5834,73.92,841.0,2007,3,28.7,42.09,17.42,50.79,0.0,23.44,2.23,0.12,0.46
Bavda,16.5834,73.92,841.0,2007,4,30.54,43.27,20.7,55.83,0.28,24.35,2.21,0.19,0.46
Bavda,16.5834,73.92,841.0,2007,5,29.29,39.74,22.95,66.74,1.73,24.15,2.68,0.36,0.47
Bavda,16.5834,73.92,841.0,2007,6,26.7,35.99,22.66,85.17,29.79,14.42,4.03,0.71,0.69
Bavda,16.5834,73.92,841.0,2007,7,25.31,29.2,22.61,91.98,17.34,13.21,4.2,0.95,0.99
Bavda,16.5834,73.92,841.0,2007,8,24.82,28.28,22.46,92.33,23.85,14.04,3.8,0.96,0.99
Bavda,16.5834,73.92,841.0,2007,9,24.95,29.81,21.51,91.59,13.91,14.92,2.75,0.95,0.99
Bavda,16.5834,73.92,841.0,2007,10,24.78,31.52,17.59,82.14,1.33,17.68,1.77,0.88,0.9
Bavda,16.5834,73.92,841.0,2007,11,22.81,31.23,12.77,72.61,0.84,19.36,2.16,0.73,0.72
Bavda,16.5834,73.92,841.0,2007,12,23.76,35.15,15.42,62.11,0.0,17.36,2.18,0.53,0.55
Bavda,16.5834,73.92,841.0,2007,13,26.01,43.27,12.77,71.31,7.44,18.6,2.66,0.58,0.68
Bavda,16.5834,73.92,841.0,2008,1,23.65,36.15,12.6,47.91,0.0,19.38,2.06,0.34,0.47
Bavda,16.5834,73.92,841.0,2008,2,25.02,39.37,12.02,48.62,0.16,21.54,2.15,0.21,0.46
Bavda,16.5834,73.92,841.0,2008,3,28.39,40.36,18.1,53.01,0.85,23.12,1.8,0.26,0.47
Bavda,16.5834,73.92,841.0,2008,4,29.54,41.15,17.55,56.24,0.33,25.15,2.08,0.26,0.46
Bavda,16.5834,73.92,841.0,2008,5,28.87,39.5,22.38,66.87,2.77,25.41,2.86,0.28,0.48
Bavda,16.5834,73.92,841.0,2008,6,26.05,32.83,23.33,87.39,14.64,14.81,4.14,0.8,0.79
Bavda,16.5834,73.92,841.0,2008,7,25.25,28.79,22.55,89.51,10.27,15.65,3.94,0.87,0.89
Bavda,16.5834,73.92,841.0,2008,8,24.61,29.7,21.38,91.71,16.58,14.83,3.41,0.93,0.96
Bavda,16.5834,73.92,841.0,2008,9,24.53,30.91,19.74,90.43,13.66,15.7,2.56,0.93,0.96
Bavda,16.5834,73.92,841.0,2008,10,24.7,32.8,16.29,79.93,0.84,20.12,2.02,0.83,0.83
Bavda,16.5834,73.92,841.0,2008,11,24.26,33.99,16.38,69.14,0.49,17.95,2.48,0.61,0.61
Bavda,16.5834,73.92,841.0,2008,12,24.16,34.21,14.45,56.98,0.35,17.32,2.15,0.49,0.52
Bavda,16.5834,73.92,841.0,2008,13,25.75,41.15,12.02,69.86,5.08,19.24,2.64,0.57,0.66
Bavda,16.5834,73.92,841.0,2009,1,25.56,38.17,14.74,47.0,0.0,19.16,2.01,0.27,0.46
Bavda,16.5834,73.92,841.0,2009,2,27.28,41.5,16.89,45.51,0.0,21.76,2.0,0.14,0.46
Bavda,16.5834,73.92,841.0,2009,3,29.36,42.13,19.27,48.76,0.08,23.63,2.14,0.13,0.46
Bavda,16.5834,73.92,841.0,2009,4,30.63,43.44,21.06,54.09,0.09,24.04,2.33,0.16,0.46
Bavda,16.5834,73.92,841.0,2009,5,29.95,41.48,22.89,61.58,0.34,23.65,2.89,0.22,0.46
Bavda,16.5834,73.92,841.0,2009,6,26.89,34.85,23.01,80.79,10.48,17.26,3.11,0.61,0.61
Bavda,16.5834,73.92,841.0,2009,7,25.03,28.2,22.78,92.33,29.72,12.29,5.21,0.95,0.97
Bavda,16.5834,73.92,841.0,2009,8,25.04,30.31,22.57,90.78,7.93,16.27,3.1,0.9,0.93
Bavda,16.5834,73.92,841.0,2009,9,25.3,31.15,21.88,90.8,11.74,15.8,2.33,0.92,0.96
Bavda,16.5834,73.92,841.0,2009,10,24.8,31.38,17.19,81.64,6.56,17.46,2.07,0.9,0.93
Bavda,16.5834,73.92,841.0,2009,11,23.78,31.72,14.46,79.29,2.94,17.12,2.44,0.78,0.77
Bavda,16.5834,73.92,841.0,2009,12,23.37,32.16,14.72,68.43,0.02,17.18,2.07,0.61,0.62
Bavda,16.5834,73.92,841.0,2009,13,26.41,43.44,14.46,70.22,5.87,18.78,2.65,0.55,0.68
Bavda,16.5834,73.92,841.0,2010,1,24.69,35.12,15.04,59.4,0.21,17.88,1.88,0.47,0.51
Bavda,16.5834,73.92,841.0,2010,2,26.41,39.52,15.41,50.93,0.0,21.1,2.0,0.24,0.46
Bavda,16.5834,73.92,841.0,2010,3,29.44,41.65,19.63,49.42,0.01,22.69,2.13,0.13,0.46
Bavda,16.5834,73.92,841.0,2010,4,30.29,42.93,19.94,56.92,0.15,24.14,2.06,0.15,0.46
Bavda,16.5834,73.92,841.0,2010,5,30.65,40.78,24.64,62.41,0.42,24.17,3.04,0.19,0.46
Bavda,16.5834,73.92,841.0,2010,6,27.05,36.96,23.3,83.93,18.7,15.81,3.62,0.71,0.72
Bavda,16.5834,73.92,841.0,2010,7,25.2,28.22,21.81,92.41,32.25,11.23,3.87,0.95,0.97
Bavda,16.5834,73.92,841.0,2010,8,24.9,28.84,22.17,92.55,14.87,13.69,3.42,0.95,0.99
Bavda,16.5834,73.92,841.0,2010,9,25.19,31.12,22.07,90.33,9.06,16.82,2.28,0.93,0.98
Bavda,16.5834,73.92,841.0,2010,10,25.15,31.64,17.67,86.44,4.92,17.47,1.9,0.9,0.94
Bavda,16.5834,73.92,841.0,2010,11,24.75,30.57,19.18,85.03,2.63,16.33,1.77,0.85,0.86
Bavda,16.5834,73.92,841.0,2010,12,21.53,30.46,12.29,73.55,0.02,17.21,2.07,0.71,0.7
Bavda,16.5834,73.92,841.0,2010,13,26.26,42.93,12.29,73.74,6.99,18.19,2.51,0.6,0.71
Bavda,16.5834,73.92,841.0,2011,1,22.93,35.55,13.27,54.86,0.0,19.55,2.05,0.51,0.54
Bavda,16.5834,73.92,841.0,2011,2,25.09,37.25,14.59,54.04,0.01,22.08,2.02,0.3,0.47
Bavda,16.5834,73.92,841.0,2011,3,28.94,42.18,18.29,48.33,0.0,24.32,2.14,0.14,0.46
Bavda,16.5834,73.92,841.0,2011,4,29.4,41.51,18.23,55.78,0.31,24.66,2.29,0.2,0.46
Bavda,16.5834,73.92,841.0,2011,5,29.47,38.78,22.76,62.96,0.98,23.84,2.99,0.26,0.47
Bavda,16.5834,73.92,841.0,2011,6,26.24,32.05,23.25,86.1,15.32,13.22,4.57,0.75,0.72
Bavda,16.5834,73.92,841.0,2011,7,25.02,29.0,21.24,91.95,28.49,11.17,4.02,0.94,0.95
Bavda,16.5834,73.92,841.0,2011,8,24.73,28.26,21.55,92.47,18.84,12.73,3.75,0.95,0.99
Bavda,16.5834,73.92,841.0,2011,9,24.6,29.96,20.29,90.58,9.85,17.28,2.67,0.92,0.96
Bavda,16.5834,73.92,841.0,2011,10,25.32,32.01,19.17,83.15,3.06,18.56,1.77,0.83,0.83
Bavda,16.5834,73.92,841.0,2011,11,24.15,34.25,14.95,67.72,0.18,18.37,2.61,0.66,0.65
Bavda,16.5834,73.92,841.0,2011,12,24.47,35.33,13.71,50.96,0.0,17.64,2.23,0.47,0.51
Bavda,16.5834,73.92,841.0,2011,13,25.87,42.18,13.27,69.98,6.47,18.59,2.76,0.58,0.67
Bavda,16.5834,73.92,841.0,2012,1,23.76,36.5,13.42,48.85,0.0,19.26,2.1,0.24,0.46
Bavda,16.5834,73.92,841.0,2012,2,26.53,40.5,15.49,39.65,0.0,21.89,2.03,0.14,0.46
Bavda,16.5834,73.92,841.0,2012,3,27.84,42.73,14.99,46.51,0.0,24.31,2.12,0.1,0.45
Bavda,16.5834,73.92,841.0,2012,4,30.1,41.77,20.48,54.82,0.39,24.25,2.24,0.21,0.46
Bavda,16.5834,73.92,841.0,2012,5,29.58,39.97,22.07,61.32,0.12,25.12,3.41,0.2,0.46
Bavda,16.5834,73.92,841.0,2012,6,26.95,36.5,22.6,80.33,15.4,17.24,3.79,0.62,0.63
Bavda,16.5834,73.92,841.0,2012,7,25.15,28.71,21.99,91.37,20.92,13.13,4.07,0.93,0.96
Bavda,16.5834,73.92,841.0,2012,8,24.95,28.82,22.55,91.71,12.63,14.69,3.82,0.93,0.96
Bavda,16.5834,73.92,841.0,2012,9,24.69,30.18,20.55,90.52,8.05,16.63,2.75,0.92,0.95
Bavda,16.5834,73.92,841.0,2012,10,24.79,32.78,16.6,80.58,4.25,17.95,1.98,0.85,0.87
Bavda,16.5834,73.92,841.0,2012,11,23.93,32.68,13.2,72.94,0.29,17.94,1.56,0.67,0.67
Bavda,16.5834,73.92,841.0,2012,12,24.16,35.0,14.48,58.12,0.0,18.16,2.01,0.49,0.52
Bavda,16.5834,73.92,841.0,2012,13,26.03,42.73,13.2,68.14,5.19,19.2,2.66,0.53,0.65
Bavda,16.5834,73.92,841.0,2013,1,24.78,36.84,14.1,48.8,0.0,19.15,1.96,0.27,0.46
Bavda,16.5834,73.92,841.0,2013,2,26.96,39.13,15.64,48.91,0.07,21.23,2.11,0.16,0.46
Bavda,16.5834,73.92,841.0,2013,3,28.99,40.54,19.76,46.89,0.01,24.03,2.36,0.13,0.46
Bavda,16.5834,73.92,841.0,2013,4,29.07,42.24,19.05,56.86,0.11,26.05,2.5,0.12,0.45
Bavda,16.5834,73.92,841.0,2013,5,29.54,39.39,22.65,64.5,1.0,23.5,3.04,0.29,0.46
Bavda,16.5834,73.92,841.0,2013,6,25.92,32.43,23.55,88.66,21.71,13.44,4.28,0.81,0.81
Bavda,16.5834,73.92,841.0,2013,7,24.62,27.3,22.87,93.31,26.29,10.08,4.96,0.96,0.98
Bavda,16.5834,73.92,841.0,2013,8,24.46,28.12,21.98,91.55,8.0,16.1,3.56,0.93,0.98
Bavda,16.5834,73.92,841.0,2013,9,24.75,30.02,21.15,90.95,9.08,16.49,2.42,0.91,0.94
Bavda,16.5834,73.92,841.0,2013,10,24.82,32.98,18.1,86.61,3.68,17.58,1.92,0.88,0.9
Bavda,16.5834,73.92,841.0,2013,11,23.65,31.46,15.1,75.03,0.02,18.71,2.01,0.74,0.72
Bavda,16.5834,73.92,841.0,2013,12,22.74,33.29,13.32,58.52,0.0,18.29,2.17,0.52,0.55
Bavda,16.5834,73.92,841.0,2013,13,25.85,42.24,13.32,70.99,5.86,18.7,2.78,0.56,0.68
Bavda,16.5834,73.92,841.0,2014,1,24.62,35.45,14.92,54.77,0.0,17.87,1.94,0.35,0.47
Bavda,16.5834,73.92,841.0,2014,2,25.6,38.44,15.01,51.09,0.01,21.12,2.28,0.17,0.46
Bavda,16.5834,73.92,841.0,2014,3,28.39,41.72,14.6,47.2,0.11,24.11,2.19,0.17,0.46
Bavda,16.5834,73.92,841.0,2014,4,30.5,42.51,19.95,50.31,0.11,23.96,2.12,0.14,0.46
Bavda,16.5834,73.92,841.0,2014,5,29.82,41.79,22.45,61.86,1.56,22.98,2.38,0.36,0.47
Bavda,16.5834,73.92,841.0,2014,6,27.82,37.76,23.9,77.98,5.86,19.04,3.67,0.57,0.56
Bavda,16.5834,73.92,841.0,2014,7,25.59,31.69,22.9,89.34,26.18,11.96,4.68,0.85,0.85
Bavda,16.5834,73.92,841.0,2014,8,24.98,31.84,21.72,91.21,16.46,14.92,3.4,0.94,0.97
Bavda,16.5834,73.92,841.0,2014,9,25.05,32.12,21.19,89.51,7.61,17.04,2.56,0.92,0.95
Bavda,16.5834,73.92,841.0,2014,10,25.39,32.71,17.06,81.57,3.54,18.99,1.56,0.85,0.85
Bavda,16.5834,73.92,841.0,2014,11,23.7,31.85,15.07,71.61,0.7,17.62,2.1,0.73,0.72
Bavda,16.5834,73.92,841.0,2014,12,23.31,33.29,14.33,60.95,0.36,16.99,2.14,0.54,0.56
Bavda,16.5834,73.92,841.0,2014,13,26.23,42.51,14.33,69.06,5.27,18.86,2.59,0.55,0.65
Bavda,16.5834,73.92,841.0,2015,1,23.42,36.15,12.64,53.19,0.01,18.35,1.96,0.4,0.48
Bavda,16.5834,73.92,841.0,2015,2,26.17,38.84,16.04,44.68,0.18,21.76,2.03,0.18,0.46
Bavda,16.5834,73.92,841.0,2015,3,27.97,41.58,13.76,55.38,0.76,22.56,2.04,0.31,0.47
Bavda,16.5834,73.92,841.0,2015,4,29.56,41.61,19.83,55.44,0.43,24.88,2.18,0.24,0.46
Bavda,16.5834,73.92,841.0,2015,5,30.31,40.7,23.57,62.22,1.05,23.0,2.61,0.32,0.47
Bavda,16.5834,73.92,841.0,2015,6,26.46,36.21,22.1,84.28,18.5,15.25,3.86,0.71,0.7
Bavda,16.5834,73.92,841.0,2015,7,25.49,29.18,22.43,89.07,8.59,17.24,4.18,0.88,0.91
Bavda,16.5834,73.92,841.0,2015,8,25.16,30.23,22.31,89.89,6.92,16.72,3.09,0.89,0.92
Bavda,16.5834,73.92,841.0,2015,9,25.11,33.3,20.09,87.75,6.26,18.27,1.98,0.87,0.89
Bavda,16.5834,73.92,841.0,2015,10,26.38,34.82,20.6,80.06,2.42,18.89,1.38,0.8,0.81
Bavda,16.5834,73.92,841.0,2015,11,25.76,34.72,17.59,69.83,0.4,17.29,1.77,0.61,0.62
Bavda,16.5834,73.92,841.0,2015,12,25.61,37.34,15.07,51.22,0.01,17.6,2.16,0.43,0.5
Bavda,16.5834,73.92,841.0,2015,13,26.45,41.61,12.64,68.72,3.8,19.3,2.44,0.56,0.64
Bavda,16.5834,73.92,841.0,2016,1,25.11,38.69,15.87,44.38,0.0,18.44,1.94,0.2,0.46
Bavda,16.5834,73.92,841.0,2016,2,26.7,39.82,15.73,51.44,0.05,20.54,2.02,0.14,0.46
Bavda,16.5834,73.92,841.0,2016,3,29.17,42.3,18.01,49.43,0.16,23.38,2.15,0.17,0.46
Bavda,16.5834,73.92,841.0,2016,4,30.18,41.96,20.22,54.83,0.15,25.07,2.57,0.19,0.46
Bavda,16.5834,73.92,841.0,2016,5,30.36,41.09,21.86,62.29,0.33,24.55,3.0,0.23,0.46
Bavda,16.5834,73.92,841.0,2016,6,26.56,37.82,23.08,85.04,22.81,13.0,3.38,0.74,0.72
Bavda,16.5834,73.92,841.0,2016,7,24.84,28.14,22.58,93.35,36.98,10.73,3.97,0.97,1.0
Bavda,16.5834,73.92,841.0,2016,8,24.65,28.27,21.98,91.92,20.04,14.39,3.77,0.95,0.98
Bavda,16.5834,73.92,841.0,2016,9,24.2,28.97,20.5,91.25,8.73,15.94,2.56,0.91,0.95
Bavda,16.5834,73.92,841.0,2016,10,23.75,31.41,15.08,82.61,2.39,18.35,1.89,0.88,0.9
Bavda,16.5834,73.92,841.0,2016,11,22.35,33.83,14.2,65.23,0.27,18.92,2.34,0.69,0.68
Bavda,16.5834,73.92,841.0,2016,12,23.69,35.05,13.1,51.52,0.0,17.55,2.31,0.5,0.53
Bavda,16.5834,73.92,841.0,2016,13,25.96,42.3,13.1,68.64,7.7,18.4,2.66,0.55,0.67
Bavda,16.5834,73.92,841.0,2017,1,24.84,37.61,13.56,43.47,0.0,18.48,2.04,0.27,0.46
Bavda,16.5834,73.92,841.0,2017,2,27.32,41.09,16.55,41.4,0.0,22.32,2.21,0.14,0.46
Bavda,16.5834,73.92,841.0,2017,3,27.8,42.5,15.96,51.62,0.01,24.7,2.14,0.11,0.45
Bavda,16.5834,73.92,841.0,2017,4,29.92,42.87,20.25,55.41,0.05,25.76,2.31,0.1,0.45
Bavda,16.5834,73.92,841.0,2017,5,30.0,41.42,21.48,63.74,2.79,23.26,2.7,0.31,0.47
Bavda,16.5834,73.92,841.0,2017,6,26.51,35.18,22.69,85.55,14.42,15.65,3.66,0.74,0.72
Bavda,16.5834,73.92,841.0,2017,7,25.29,28.52,22.88,90.95,18.78,15.63,4.2,0.93,0.96
Bavda,16.5834,73.92,841.0,2017,8,25.06,28.92,21.66,90.79,12.03,15.05,2.91,0.92,0.95
Bavda,16.5834,73.92,841.0,2017,9,25.46,31.84,22.16,90.41,16.11,16.27,2.0,0.95,0.98
Bavda,16.5834,73.92,841.0,2017,10,25.26,31.62,17.55,85.98,4.44,16.7,1.52,0.92,0.97
Bavda,16.5834,73.92,841.0,2017,11,22.88,30.88,14.11,73.83,0.01,18.37,2.08,0.78,0.78
Bavda,16.5834,73.92,841.0,2017,12,22.63,31.93,14.13,64.02,0.28,16.81,2.49,0.58,0.59
Bavda,16.5834,73.92,841.0,2017,13,26.07,42.87,13.56,69.93,5.77,19.06,2.52,0.57,0.69
Bavda,16.5834,73.92,841.0,2018,1,23.95,36.06,14.26,50.01,0.0,18.02,1.86,0.42,0.49
Bavda,16.5834,73.92,841.0,2018,2,26.99,39.97,16.56,39.36,0.0,20.89,1.86,0.19,0.46
Bavda,16.5834,73.92,841.0,2018,3,28.88,42.41,18.67,48.81,0.17,22.56,2.03,0.16,0.46
Bavda,16.5834,73.92,841.0,2018,4,30.45,41.85,20.08,51.54,0.21,24.84,2.2,0.19,0.46
Bavda,16.5834,73.92,841.0,2018,5,29.3,40.86,22.4,67.62,1.76,21.53,2.35,0.38,0.47
Bavda,16.5834,73.92,841.0,2018,6,26.25,34.91,22.89,89.32,27.12,12.69,3.43,0.85,0.83
Bavda,16.5834,73.92,841.0,2018,7,24.89,27.75,22.82,92.85,24.59,11.2,4.64,0.97,0.99
Bavda,16.5834,73.92,841.0,2018,8,24.43,27.66,22.17,91.78,12.65,13.65,4.27,0.94,0.98
Bavda,16.5834,73.92,841.0,2018,9,24.74,31.96,20.15,87.69,5.37,20.7,1.88,0.89,0.92
Bavda,16.5834,73.92,841.0,2018,10,25.46,32.87,15.62,76.86,2.08,19.59,1.55,0.84,0.84
Bavda,16.5834,73.92,841.0,2018,11,24.47,32.92,14.9,67.76,0.88,17.98,1.89,0.66,0.65
Bavda,16.5834,73.92,841.0,2018,12,23.56,34.06,13.32,56.2,0.03,17.49,2.09,0.49,0.52
Bavda,16.5834,73.92,841.0,2018,13,26.1,42.41,13.32,68.49,6.27,18.4,2.51,0.58,0.67
Bavda,16.5834,73.92,841.0,2019,1,24.11,36.33,13.83,39.31,0.0,19.11,2.08,0.26,0.46
Bavda,16.5834,73.92,841.0,2019,2,26.21,40.1,12.34,43.61,0.0,22.03,2.11,0.14,0.46
Bavda,16.5834,73.92,841.0,2019,3,27.79,41.64,15.83,50.06,0.2,24.4,2.16,0.14,0.46
Bavda,16.5834,73.92,841.0,2019,4,30.34,42.93,20.08,54.32,0.28,25.15,2.25,0.22,0.46
Bavda,16.5834,73.92,841.0,2019,5,30.21,42.94,22.25,58.77,0.02,25.69,2.95,0.15,0.46
Bavda,16.5834,73.92,841.0,2019,6,28.09,39.76,23.42,77.48,18.61,16.27,3.36,0.55,0.59
Bavda,16.5834,73.92,841.0,2019,7,25.57,30.0,23.37,92.9,34.6,13.01,3.81,0.97,0.99
Bavda,16.5834,73.92,841.0,2019,8,25.09,28.41,22.6,92.37,37.44,14.69,3.93,0.96,0.99
Bavda,16.5834,73.92,841.0,2019,9,24.98,29.47,22.02,92.37,18.03,14.11,3.04,0.95,0.99
Bavda,16.5834,73.92,841.0,2019,10,25.24,30.92,20.94,88.42,11.55,16.42,1.87,0.93,0.97
Bavda,16.5834,73.92,841.0,2019,11,24.09,30.71,17.02,81.83,0.3,18.23,2.06,0.86,0.88
Bavda,16.5834,73.92,841.0,2019,12,24.12,31.95,17.73,76.51,0.09,16.14,2.0,0.69,0.68
Bavda,16.5834,73.92,841.0,2019,13,26.31,42.94,12.34,70.82,10.18,18.75,2.64,0.57,0.7
Bavda,16.5834,73.92,841.0,2020,1,23.32,35.63,13.29,67.16,0.0,18.82,1.87,0.51,0.54
Bavda,16.5834,73.92,841.0,2020,2,26.37,38.75,14.06,50.3,0.0,21.24,1.95,0.31,0.47
Bavda,16.5834,73.92,841.0,2020,3,28.01,40.64,17.38,52.77,0.22,24.36,2.28,0.2,0.46
Bavda,16.5834,73.92,841.0,2020,4,30.83,42.21,20.97,53.5,0.8,24.96,2.19,0.28,0.46
Bavda,16.5834,73.92,841.0,2020,5,31.05,42.87,23.8,60.48,1.43,23.73,2.85,0.3,0.46
Bavda,16.5834,73.92,841.0,2020,6,26.27,31.32,23.09,88.38,23.07,15.43,3.18,0.86,0.84
Bavda,16.5834,73.92,841.0,2020,7,25.27,29.13,22.4,92.21,24.53,12.82,3.17,0.96,0.99
Bavda,16.5834,73.92,841.0,2020,8,25.07,28.07,22.49,93.31,30.73,13.3,3.98,0.97,1.0
Bavda,16.5834,73.92,841.0,2020,9,25.04,31.91,21.97,91.42,16.81,16.13,2.21,0.96,0.99
Bavda,16.5834,73.92,841.0,2020,10,25.01,30.38,19.4,89.54,9.96,15.09,1.79,0.93,0.98
Bavda,16.5834,73.92,841.0,2020,11,24.3,30.68,15.54,80.08,0.0,18.52,2.21,0.83,0.84
Bavda,16.5834,73.92,841.0,2020,12,23.28,33.05,13.78,70.61,0.07,17.08,2.19,0.64,0.64
Bavda,16.5834,73.92,841.0,2020,13,26.15,42.87,13.29,74.23,9.0,18.44,2.49,0.65,0.72
Bavda,16.5834,73.92,841.0,2021,1,25.07,34.99,16.56,66.66,0.39,16.97,1.61,0.5,0.53
Bavda,16.5834,73.92,841.0,2021,2,26.26,39.66,16.46,49.82,0.21,20.68,2.09,0.32,0.47
Bavda,16.5834,73.92,841.0,2021,3,29.87,42.42,20.46,47.81,0.03,23.08,1.93,0.16,0.46
Bavda,16.5834,73.92,841.0,2021,4,30.25,42.85,20.52,55.31,1.12,24.28,2.02,0.28,0.47
Bavda,16.5834,73.92,841.0,2021,5,28.87,39.85,23.25,72.7,10.46,20.41,2.71,0.57,0.58
Bavda,16.5834,73.92,841.0,2021,6,26.0,31.56,22.84,89.37,25.42,15.5,3.05,0.89,0.89
Bavda,16.5834,73.92,841.0,2021,7,25.2,29.21,22.83,92.59,42.33,12.16,3.82,0.96,0.99
Bavda,16.5834,73.92,841.0,2021,8,24.89,29.2,21.43,90.39,7.14,15.93,2.71,0.92,0.97
Bavda,16.5834,73.92,841.0,2021,9,24.9,28.87,21.1,91.71,11.78,14.39,2.88,0.93,0.97
Bavda,16.5834,73.92,841.0,2021,10,25.38,31.39,17.84,85.56,4.76,19.22,1.66,0.9,0.93
Bavda,16.5834,73.92,841.0,2021,11,24.8,30.79,16.82,83.42,2.95,15.79,1.81,0.81,0.8
Bavda,16.5834,73.92,841.0,2021,12,22.56,29.79,14.1,79.06,2.69,16.44,1.74,0.78,0.77
Bavda,16.5834,73.92,841.0,2021,13,26.17,42.85,14.1,75.53,9.17,17.89,2.34,0.67,0.74
Bavda,16.5834,73.92,841.0,2022,1,21.77,33.26,11.84,69.95,0.04,18.56,1.79,0.59,0.6
Bavda,16.5834,73.92,841.0,2022,2,24.47,38.01,14.52,58.59,0.0,21.7,1.93,0.44,0.49
Bavda,16.5834,73.92,841.0,2022,3,29.58,41.89,19.74,50.16,0.19,20.78,2.0,0.22,0.46
Bavda,16.5834,73.92,841.0,2022,4,30.31,42.36,21.05,57.18,1.13,21.95,1.73,0.33,0.47
Bavda,16.5834,73.92,841.0,2022,5,29.33,40.2,23.09,67.81,1.84,20.99,3.05,0.35,0.48
Bavda,16.5834,73.92,841.0,2022,6,26.53,34.73,22.62,83.21,16.96,15.56,2.86,0.68,0.66
Bavda,16.5834,73.92,841.0,2022,7,24.95,30.65,22.49,92.14,25.55,13.48,3.94,0.96,0.98
Bavda,16.5834,73.92,841.0,2022,8,24.69,29.32,21.96,91.99,19.66,13.91,3.67,0.95,0.99
Bavda,16.5834,73.92,841.0,2022,9,24.73,30.86,20.76,91.18,11.61,16.91,2.39,0.93,0.97
Bavda,16.5834,73.92,841.0,2022,10,24.32,30.67,16.42,85.3,7.33,17.49,1.91,0.91,0.94
Bavda,16.5834,73.92,841.0,2022,11,23.31,30.6,14.02,77.85,0.03,17.17,2.23,0.79,0.79
Bavda,16.5834,73.92,841.0,2022,12,24.2,34.28,14.37,68.74,0.06,16.99,2.05,0.6,0.61
Bavda,16.5834,73.92,841.0,2022,13,25.69,42.36,11.84,74.61,7.09,17.93,2.47,0.65,0.7
Bavda,16.5834,73.92,841.0,2023,1,23.64,35.51,13.51,56.08,0.0,18.72,1.92,0.44,0.5
Bavda,16.5834,73.92,841.0,2023,2,27.92,40.08,17.68,29.53,0.0,21.56,2.31,0.19,0.46
Bavda,16.5834,73.92,841.0,2023,3,28.31,39.48,18.23,43.93,0.02,23.47,2.19,0.12,0.46
Bavda,16.5834,73.92,841.0,2023,4,29.91,42.78,18.11,52.84,0.36,24.84,2.14,0.21,0.46
Bavda,16.5834,73.92,841.0,2023,5,30.12,40.54,22.09,60.22,0.86,25.03,2.54,0.29,0.46
Bavda,16.5834,73.92,841.0,2023,6,28.41,37.36,23.49,75.36,9.57,20.14,3.46,0.51,0.52
Bavda,16.5834,73.92,841.0,2023,7,25.24,28.78,23.21,92.65,37.37,11.37,4.32,0.94,0.95
Bavda,16.5834,73.92,841.0,2023,8,25.09,30.21,22.01,90.1,5.35,18.01,2.86,0.91,0.95
Bavda,16.5834,73.92,841.0,2023,9,25.29,30.02,22.04,90.66,12.39,15.82,2.43,0.9,0.92
Bavda,16.5834,73.92,841.0,2023,10,25.45,32.78,16.83,81.9,2.07,17.74,1.77,0.88,0.9
Bavda,16.5834,73.92,841.0,2023,11,24.99,32.1,17.18,79.25,1.23,15.93,1.77,0.73,0.71
Bavda,16.5834,73.92,841.0,2023,12,24.74,35.3,16.52,59.75,0.02,17.08,2.28,0.53,0.56
Bavda,16.5834,73.92,841.0,2023,13,26.58,42.78,13.51,67.93,5.82,19.12,2.5,0.56,0.66
Bhudargad,16.2492,74.0368,773.0,1997,1,24.3,33.8,14.31,60.42,0.1,17.87,2.51,0.41,0.48
Bhudargad,16.2492,74.0368,773.0,1997,2,25.19,39.23,16.31,51.55,0.0,21.9,2.52,0.19,0.45
Bhudargad,16.2492,74.0368,773.0,1997,3,28.57,38.89,20.57,57.4,0.11,23.37,2.4,0.14,0.45
Bhudargad,16.2492,74.0368,773.0,1997,4,28.89,38.55,20.55,58.81,0.36,24.02,2.48,0.22,0.45
Bhudargad,16.2492,74.0368,773.0,1997,5,29.6,37.78,23.24,61.86,0.1,24.19,3.1,0.22,0.45
Bhudargad,16.2492,74.0368,773.0,1997,6,27.06,33.75,24.21,83.21,24.93,16.76,4.17,0.71,0.7
Bhudargad,16.2492,74.0368,773.0,1997,7,25.85,28.3,24.06,90.77,29.31,15.25,4.83,0.96,0.99
Bhudargad,16.2492,74.0368,773.0,1997,8,25.27,27.72,23.28,91.61,25.29,15.04,4.37,0.97,1.0
Bhudargad,16.2492,74.0368,773.0,1997,9,25.36,29.3,22.56,86.46,2.52,19.44,2.15,0.88,0.9
Bhudargad,16.2492,74.0368,773.0,1997,10,26.61,32.32,21.52,80.42,1.49,19.06,1.64,0.71,0.7
Bhudargad,16.2492,74.0368,773.0,1997,11,27.02,33.85,22.06,74.98,1.05,17.2,1.79,0.56,0.58
Bhudargad,16.2492,74.0368,773.0,1997,12,25.18,34.53,17.47,72.83,2.03,17.11,2.15,0.53,0.55
Bhudargad,16.2492,74.0368,773.0,1997,13,26.58,39.23,14.31,72.66,7.33,19.25,2.85,0.54,0.64
Bhudargad,16.2492,74.0368,773.0,1998,1,25.53,35.76,16.48,60.18,0.0,18.38,2.4,0.37,0.47
Bhudargad,16.2492,74.0368,773.0,1998,2,26.16,36.67,17.51,55.79,0.01,21.11,2.68,0.18,0.45
Bhudargad,16.2492,74.0368,773.0,1998,3,27.76,41.51,18.73,58.82,0.0,23.77,2.47,0.14,0.45
Bhudargad,16.2492,74.0368,773.0,1998,4,30.94,41.57,23.66,57.98,0.02,24.13,2.77,0.11,0.44
Bhudargad,16.2492,74.0368,773.0,1998,5,30.46,40.57,25.57,67.54,2.05,23.42,2.59,0.37,0.48
Bhudargad,16.2492,74.0368,773.0,1998,6,27.6,35.93,24.14,82.24,27.05,17.91,4.0,0.7,0.69
Bhudargad,16.2492,74.0368,773.0,1998,7,25.88,28.42,23.5,91.06,17.47,15.15,4.48,0.94,0.98
Bhudargad,16.2492,74.0368,773.0,1998,8,25.87,30.75,23.43,91.37,17.27,15.29,3.44,0.96,0.99
Bhudargad,16.2492,74.0368,773.0,1998,9,25.8,30.86,23.34,90.04,12.43,15.98,3.07,0.94,0.99
Bhudargad,16.2492,74.0368,773.0,1998,10,25.3,30.7,20.2,87.11,3.88,16.85,2.54,0.9,0.94
Bhudargad,16.2492,74.0368,773.0,1998,11,24.25,30.69,16.19,77.99,1.63,18.8,2.04,0.8,0.79
Bhudargad,16.2492,74.0368,773.0,1998,12,23.41,32.36,16.3,63.2,0.04,17.88,3.03,0.58,0.6
Bhudargad,16.2492,74.0368,773.0,1998,13,26.58,41.57,16.19,73.72,6.84,19.04,2.96,0.59,0.69
Bhudargad,16.2492,74.0368,773.0,1999,1,24.18,34.27,15.96,55.58,0.0,19.98,2.53,0.4,0.48
Bhudargad,16.2492,74.0368,773.0,1999,2,27.85,39.08,16.71,51.04,0.02,22.53,2.41,0.19,0.45
Bhudargad,16.2492,74.0368,773.0,1999,3,29.13,41.45,20.48,54.99,0.0,25.6,2.56,0.12,0.45
Bhudargad,16.2492,74.0368,773.0,1999,4,28.95,39.02,22.96,65.29,0.0,26.13,2.72,0.11,0.44
Bhudargad,16.2492,74.0368,773.0,1999,5,27.71,37.58,23.81,76.52,7.21,21.17,2.88,0.42,0.54
Bhudargad,16.2492,74.0368,773.0,1999,6,26.16,31.0,23.29,87.79,24.34,16.55,4.16,0.89,0.88
Bhudargad,16.2492,74.0368,773.0,1999,7,25.53,28.49,23.91,90.93,27.4,14.48,4.81,0.96,0.99
Bhudargad,16.2492,74.0368,773.0,1999,8,25.14,28.05,22.87,89.39,5.32,15.09,3.82,0.9,0.94
Bhudargad,16.2492,74.0368,773.0,1999,9,25.17,29.5,22.1,88.8,5.4,17.69,2.69,0.87,0.89
Bhudargad,16.2492,74.0368,773.0,1999,10,25.87,31.9,18.74,83.0,4.07,18.35,2.14,0.82,0.81
Bhudargad,16.2492,74.0368,773.0,1999,11,25.26,34.48,17.05,67.76,0.03,19.69,2.22,0.6,0.61
Bhudargad,16.2492,74.0368,773.0,1999,12,25.41,34.67,15.96,54.6,0.0,19.19,2.09,0.41,0.48
Bhudargad,16.2492,74.0368,773.0,1999,13,26.35,41.45,15.96,72.26,6.19,19.68,2.92,0.56,0.66
Bhudargad,16.2492,74.0368,773.0,2000,1,26.44,37.2,17.62,48.25,0.01,19.66,2.39,0.19,0.45
Bhudargad,16.2492,74.0368,773.0,2000,2,25.44,37.87,17.81,58.51,0.03,22.51,2.6,0.14,0.45
Bhudargad,16.2492,74.0368,773.0,2000,3,27.61,38.44,18.49,56.22,0.0,24.93,2.57,0.12,0.45
Bhudargad,16.2492,74.0368,773.0,2000,4,29.34,40.09,22.78,65.11,0.43,26.31,2.75,0.25,0.45
Bhudargad,16.2492,74.0368,773.0,2000,5,28.22,40.73,23.41,74.07,5.38,22.55,3.14,0.42,0.5
Bhudargad,16.2492,74.0368,773.0,2000,6,26.16,29.37,23.64,88.61,18.04,16.09,4.26,0.88,0.88
Bhudargad,16.2492,74.0368,773.0,2000,7,25.17,28.53,22.79,90.15,21.43,16.34,4.43,0.94,0.98
Bhudargad,16.2492,74.0368,773.0,2000,8,25.23,28.74,22.87,90.04,13.78,15.09,3.93,0.91,0.94
Bhudargad,16.2492,74.0368,773.0,2000,9,25.59,31.83,22.38,88.56,5.08,18.26,2.51,0.89,0.92
Bhudargad,16.2492,74.0368,773.0,2000,10,25.88,32.31,19.22,83.22,3.18,18.95,1.55,0.84,0.85
Bhudargad,16.2492,74.0368,773.0,2000,11,25.38,33.38,18.55,68.61,0.28,19.11,2.14,0.67,0.67
Bhudargad,16.2492,74.0368,773.0,2000,12,24.91,34.8,16.72,51.56,0.29,18.02,2.37,0.47,0.51
Bhudargad,16.2492,74.0368,773.0,2000,13,26.28,40.73,16.72,71.92,5.69,19.8,2.89,0.56,0.67
Bhudargad,16.2492,74.0368,773.0,2001,1,25.97,36.97,17.18,54.05,0.13,18.04,2.27,0.3,0.46
Bhudargad,16.2492,74.0368,773.0,2001,2,26.77,38.82,18.16,51.35,0.0,22.85,2.47,0.14,0.45
Bhudargad,16.2492,74.0368,773.0,2001,3,27.14,38.14,19.06,58.71,0.0,24.88,2.69,0.12,0.45
Bhudargad,16.2492,74.0368,773.0,2001,4,29.77,39.25,21.08,60.1,0.52,24.17,2.28,0.23,0.45
Bhudargad,16.2492,74.0368,773.0,2001,5,28.99,38.83,24.52,69.55,3.68,24.75,3.42,0.32,0.48
Bhudargad,16.2492,74.0368,773.0,2001,6,26.4,31.6,23.68,85.37,12.89,17.39,4.77,0.75,0.74
Bhudargad,16.2492,74.0368,773.0,2001,7,25.4,28.26,22.98,90.49,16.6,14.44,4.6,0.92,0.95
Bhudargad,16.2492,74.0368,773.0,2001,8,24.96,27.49,22.92,91.22,12.57,14.41,4.13,0.94,0.98
Bhudargad,16.2492,74.0368,773.0,2001,9,25.32,30.41,22.4,88.78,4.47,18.55,2.49,0.87,0.88
Bhudargad,16.2492,74.0368,773.0,2001,10,25.36,32.2,18.71,82.76,2.57,18.21,2.43,0.83,0.84
Bhudargad,16.2492,74.0368,773.0,2001,11,25.98,33.29,19.21,69.65,0.34,18.9,2.22,0.61,0.62
Bhudargad,16.2492,74.0368,773.0,2001,12,26.0,34.34,18.05,53.55,0.02,17.93,2.32,0.42,0.49
Bhudargad,16.2492,74.0368,773.0,2001,13,26.5,39.25,17.18,71.41,4.52,19.52,3.01,0.54,0.65
Bhudargad,16.2492,74.0368,773.0,2002,1,25.06,35.57,16.34,54.44,0.0,19.38,2.76,0.2,0.45
Bhudargad,16.2492,74.0368,773.0,2002,2,27.51,37.11,19.67,53.2,0.0,21.33,2.44,0.15,0.45
Bhudargad,16.2492,74.0368,773.0,2002,3,29.07,39.19,21.3,57.03,0.01,24.16,2.48,0.12,0.45
Bhudargad,16.2492,74.0368,773.0,2002,4,30.41,40.28,22.75,59.19,0.17,25.18,2.35,0.17,0.45
Bhudargad,16.2492,74.0368,773.0,2002,5,29.42,39.73,25.41,71.27,1.86,24.57,2.95,0.4,0.47
Bhudargad,16.2492,74.0368,773.0,2002,6,27.02,33.23,24.56,86.03,24.61,16.3,4.05,0.81,0.8
Bhudargad,16.2492,74.0368,773.0,2002,7,25.98,28.47,23.87,88.02,8.09,15.9,4.32,0.91,0.95
Bhudargad,16.2492,74.0368,773.0,2002,8,25.2,28.62,22.93,90.53,15.34,14.19,4.25,0.93,0.97
Bhudargad,16.2492,74.0368,773.0,2002,9,25.3,31.06,21.83,86.81,2.92,20.52,2.45,0.86,0.88
Bhudargad,16.2492,74.0368,773.0,2002,10,26.47,33.24,21.24,81.92,4.76,18.18,1.91,0.8,0.78
Bhudargad,16.2492,74.0368,773.0,2002,11,25.89,34.44,19.68,69.47,0.25,19.27,1.98,0.6,0.61
Bhudargad,16.2492,74.0368,773.0,2002,12,25.57,35.42,17.9,56.79,0.01,18.09,2.2,0.41,0.49
Bhudargad,16.2492,74.0368,773.0,2002,13,26.9,40.28,16.34,71.33,4.85,19.74,2.85,0.53,0.65
Bhudargad,16.2492,74.0368,773.0,2003,1,26.36,35.45,17.09,55.69,0.01,18.13,2.11,0.2,0.45
Bhudargad,16.2492,74.0368,773.0,2003,2,27.44,38.57,19.35,55.74,0.02,22.06,2.52,0.15,0.45
Bhudargad,16.2492,74.0368,773.0,2003,3,28.84,39.18,19.9,55.5,0.18,23.73,2.49,0.17,0.45
Bhudargad,16.2492,74.0368,773.0,2003,4,30.43,39.99,22.16,57.61,0.62,24.85,2.62,0.24,0.45
Bhudargad,16.2492,74.0368,773.0,2003,5,30.22,39.41,23.73,63.71,0.22,26.34,3.31,0.23,0.45
Bhudargad,16.2492,74.0368,773.0,2003,6,27.8,36.35,24.35,81.83,18.56,18.8,3.77,0.61,0.67
Bhudargad,16.2492,74.0368,773.0,2003,7,26.15,28.36,24.32,90.82,18.12,15.2,4.16,0.96,0.99
Bhudargad,16.2492,74.0368,773.0,2003,8,25.89,28.55,23.95,89.01,8.87,15.08,3.94,0.92,0.97
Bhudargad,16.2492,74.0368,773.0,2003,9,25.5,29.69,22.64,88.35,3.98,18.07,3.05,0.87,0.9
Bhudargad,16.2492,74.0368,773.0,2003,10,26.16,32.36,19.56,81.34,2.58,18.95,1.7,0.79,0.78
Bhudargad,16.2492,74.0368,773.0,2003,11,26.21,34.62,19.16,67.64,0.16,18.85,2.03,0.58,0.6
Bhudargad,16.2492,74.0368,773.0,2003,12,25.6,34.74,17.33,53.31,0.01,18.66,2.22,0.39,0.48
Bhudargad,16.2492,74.0368,773.0,2003,13,27.21,39.99,17.09,70.12,4.47,19.87,2.83,0.51,0.64
Bhudargad,16.2492,74.0368,773.0,2004,1,25.48,35.51,17.96,55.35,0.0,19.27,2.31,0.18,0.45
Bhudargad,16.2492,74.0368,773.0,2004,2,27.24,38.01,18.03,52.65,0.0,22.55,2.29,0.13,0.45
Bhudargad,16.2492,74.0368,773.0,2004,3,29.8,40.59,22.74,58.47,0.01,25.04,2.26,0.11,0.44
Bhudargad,16.2492,74.0368,773.0,2004,4,29.87,39.02,22.44,60.66,0.3,25.99,2.54,0.21,0.45
Bhudargad,16.2492,74.0368,773.0,2004,5,28.69,38.88,23.94,74.27,5.96,21.8,2.94,0.51,0.52
Bhudargad,16.2492,74.0368,773.0,2004,6,26.3,30.64,24.05,88.01,19.82,17.08,4.43,0.88,0.88
Bhudargad,16.2492,74.0368,773.0,2004,7,25.85,28.6,23.77,89.01,14.32,15.71,4.13,0.92,0.96
Bhudargad,16.2492,74.0368,773.0,2004,8,25.12,28.02,22.62,90.36,15.27,14.81,4.42,0.94,0.98
Bhudargad,16.2492,74.0368,773.0,2004,9,25.37,30.38,22.08,88.72,4.88,17.19,2.38,0.87,0.89
Bhudargad,16.2492,74.0368,773.0,2004,10,25.64,32.6,18.74,80.23,1.69,20.23,2.3,0.79,0.78
Bhudargad,16.2492,74.0368,773.0,2004,11,25.99,34.09,18.3,65.72,0.84,18.4,2.32,0.58,0.59
Bhudargad,16.2492,74.0368,773.0,2004,12,25.32,35.21,16.92,50.55,0.0,19.21,2.5,0.38,0.48
Bhudargad,16.2492,74.0368,773.0,2004,13,26.72,40.59,16.92,71.22,5.27,19.76,2.9,0.54,0.66
Bhudargad,16.2492,74.0368,773.0,2005,1,25.54,35.96,16.92,54.92,0.03,18.59,2.32,0.18,0.45
Bhudargad,16.2492,74.0368,773.0,2005,2,26.44,38.12,16.65,54.59,0.01,22.64,2.54,0.15,0.45
Bhudargad,16.2492,74.0368,773.0,2005,3,27.97,39.53,19.24,58.51,0.0,24.88,2.57,0.12,0.45
Bhudargad,16.2492,74.0368,773.0,2005,4,29.71,40.1,21.79,60.81,1.11,23.3,2.1,0.28,0.45
Bhudargad,16.2492,74.0368,773.0,2005,5,29.61,38.45,23.13,66.41,1.4,24.97,2.82,0.31,0.46
Bhudargad,16.2492,74.0368,773.0,2005,6,27.41,33.88,24.18,84.53,21.52,18.19,3.95,0.72,0.71
Bhudargad,16.2492,74.0368,773.0,2005,7,25.96,28.21,24.08,91.56,28.71,13.57,4.54,0.96,0.99
Bhudargad,16.2492,74.0368,773.0,2005,8,25.4,28.71,23.23,91.12,16.05,14.36,4.01,0.95,0.99
Bhudargad,16.2492,74.0368,773.0,2005,9,25.37,29.72,22.61,91.3,15.88,14.77,3.58,0.94,0.98
Bhudargad,16.2492,74.0368,773.0,2005,10,25.74,31.79,18.88,82.65,4.3,18.54,2.02,0.89,0.93
Bhudargad,16.2492,74.0368,773.0,2005,11,23.71,30.67,16.44,70.96,0.03,19.47,2.56,0.74,0.73
Bhudargad,16.2492,74.0368,773.0,2005,12,24.12,32.48,16.2,62.26,0.0,18.32,2.44,0.53,0.56
Bhudargad,16.2492,74.0368,773.0,2005,13,26.41,40.1,16.2,72.57,7.46,19.28,2.96,0.57,0.68
Bhudargad,16.2492,74.0368,773.0,2006,1,25.72,36.37,16.05,51.3,0.0,19.95,2.5,0.33,0.47
Bhudargad,16.2492,74.0368,773.0,2006,2,27.6,38.96,19.13,51.17,0.0,23.18,2.2,0.15,0.45
Bhudargad,16.2492,74.0368,773.0,2006,3,27.7,40.07,19.61,59.35,0.71,24.13,2.4,0.27,0.46
Bhudargad,16.2492,74.0368,773.0,2006,4,29.09,39.18,21.79,61.21,0.04,25.45,2.91,0.17,0.45
Bhudargad,16.2492,74.0368,773.0,2006,5,29.02,38.25,24.4,70.69,14.97,23.12,3.18,0.34,0.49
Bhudargad,16.2492,74.0368,773.0,2006,6,26.37,30.15,23.98,89.49,20.08,18.53,3.43,0.93,0.96
Bhudargad,16.2492,74.0368,773.0,2006,7,25.52,27.68,23.61,90.74,18.36,13.43,5.07,0.95,0.99
Bhudargad,16.2492,74.0368,773.0,2006,8,25.04,27.92,22.92,90.99,18.35,13.88,4.21,0.95,0.99
Bhudargad,16.2492,74.0368,773.0,2006,9,25.65,32.03,22.19,89.92,12.45,17.59,2.78,0.92,0.96
Bhudargad,16.2492,74.0368,773.0,2006,10,26.21,31.97,21.3,82.58,6.46,18.21,2.42,0.9,0.93
Bhudargad,16.2492,74.0368,773.0,2006,11,25.63,31.4,19.86,78.83,0.9,16.33,2.17,0.73,0.71
Bhudargad,16.2492,74.0368,773.0,2006,12,24.61,33.62,16.07,62.49,0.0,18.22,2.43,0.53,0.56
Bhudargad,16.2492,74.0368,773.0,2006,13,26.5,40.07,16.05,73.34,7.75,19.3,2.98,0.6,0.7
Bhudargad,16.2492,74.0368,773.0,2007,1,25.55,35.31,16.64,56.44,0.0,19.34,2.09,0.34,0.47
Bhudargad,16.2492,74.0368,773.0,2007,2,26.28,36.93,17.92,58.2,0.0,22.21,2.47,0.17,0.45
Bhudargad,16.2492,74.0368,773.0,2007,3,28.59,39.65,19.54,57.72,0.0,23.51,2.54,0.13,0.45
Bhudargad,16.2492,74.0368,773.0,2007,4,30.17,39.5,22.68,61.69,0.47,24.51,2.34,0.23,0.45
Bhudargad,16.2492,74.0368,773.0,2007,5,29.31,36.72,24.4,69.72,2.49,24.42,2.69,0.37,0.47
Bhudargad,16.2492,74.0368,773.0,2007,6,27.04,34.51,23.48,86.63,32.88,16.36,4.29,0.78,0.76
Bhudargad,16.2492,74.0368,773.0,2007,7,25.99,28.73,23.65,90.85,20.06,14.69,4.45,0.96,0.99
Bhudargad,16.2492,74.0368,773.0,2007,8,25.53,28.14,23.46,91.01,25.04,15.1,4.08,0.95,0.99
Bhudargad,16.2492,74.0368,773.0,2007,9,25.68,29.9,22.76,90.52,15.88,15.41,3.1,0.95,0.99
Bhudargad,16.2492,74.0368,773.0,2007,10,25.77,31.76,19.96,82.4,1.84,18.01,2.01,0.88,0.91
Bhudargad,16.2492,74.0368,773.0,2007,11,24.2,31.11,15.37,72.91,1.41,19.35,2.33,0.76,0.75
Bhudargad,16.2492,74.0368,773.0,2007,12,24.8,34.84,18.11,66.16,0.01,17.42,2.46,0.54,0.57
Bhudargad,16.2492,74.0368,773.0,2007,13,26.58,39.65,15.37,73.77,8.36,19.17,2.91,0.59,0.69
Bhudargad,16.2492,74.0368,773.0,2008,1,24.65,35.5,14.81,55.49,0.0,19.83,2.38,0.34,0.47
Bhudargad,16.2492,74.0368,773.0,2008,2,25.53,38.01,15.55,56.05,0.27,20.87,2.5,0.23,0.45
Bhudargad,16.2492,74.0368,773.0,2008,3,28.19,38.52,19.97,59.48,1.47,22.24,2.1,0.3,0.46
Bhudargad,16.2492,74.0368,773.0,2008,4,29.15,38.33,19.95,62.22,0.67,25.36,2.18,0.35,0.46
Bhudargad,16.2492,74.0368,773.0,2008,5,29.02,36.46,24.05,68.97,2.41,25.89,2.91,0.3,0.47
Bhudargad,16.2492,74.0368,773.0,2008,6,26.73,31.76,24.62,86.87,17.05,16.64,4.35,0.83,0.83
Bhudargad,16.2492,74.0368,773.0,2008,7,25.96,28.67,23.61,88.87,12.05,16.0,4.18,0.9,0.93
Bhudargad,16.2492,74.0368,773.0,2008,8,25.33,29.57,22.72,90.62,20.05,14.72,3.69,0.94,0.98
Bhudargad,16.2492,74.0368,773.0,2008,9,25.33,31.03,21.1,88.89,13.87,16.38,2.86,0.93,0.96
Bhudargad,16.2492,74.0368,773.0,2008,10,25.86,32.72,18.4,79.74,1.07,20.27,2.2,0.82,0.83
Bhudargad,16.2492,74.0368,773.0,2008,11,25.72,34.14,18.68,68.83,0.46,17.54,2.62,0.59,0.6
Bhudargad,16.2492,74.0368,773.0,2008,12,25.6,34.37,17.38,60.13,0.42,17.77,2.29,0.48,0.51
Bhudargad,16.2492,74.0368,773.0,2008,13,26.42,38.52,14.81,72.22,5.82,19.46,2.86,0.59,0.66
Bhudargad,16.2492,74.0368,773.0,2009,1,26.28,37.11,17.74,53.42,0.0,19.74,2.32,0.24,0.46
Bhudargad,16.2492,74.0368,773.0,2009,2,27.49,39.4,19.05,54.15,0.0,22.27,2.41,0.14,0.45
Bhudargad,16.2492,74.0368,773.0,2009,3,29.29,40.6,21.04,55.85,0.12,23.33,2.4,0.15,0.45
Bhudargad,16.2492,74.0368,773.0,2009,4,30.19,41.46,22.97,60.29,0.19,23.9,2.44,0.21,0.45
Bhudargad,16.2492,74.0368,773.0,2009,5,29.75,38.76,24.69,66.13,0.74,24.42,2.86,0.29,0.46
Bhudargad,16.2492,74.0368,773.0,2009,6,27.26,32.88,23.99,83.02,13.18,18.98,3.27,0.69,0.66
Bhudargad,16.2492,74.0368,773.0,2009,7,25.75,28.05,24.11,91.29,32.84,13.51,5.25,0.96,0.99
Bhudargad,16.2492,74.0368,773.0,2009,8,25.68,30.24,23.58,90.2,8.44,16.55,3.35,0.91,0.94
Bhudargad,16.2492,74.0368,773.0,2009,9,25.89,30.97,23.12,90.19,12.29,16.16,2.83,0.93,0.96
Bhudargad,16.2492,74.0368,773.0,2009,10,25.82,31.63,19.68,80.56,7.64,17.51,2.29,0.89,0.92
Bhudargad,16.2492,74.0368,773.0,2009,11,25.06,31.44,17.19,79.52,3.51,16.42,2.65,0.79,0.77
Bhudargad,16.2492,74.0368,773.0,2009,12,24.81,32.21,18.18,70.08,0.05,16.59,2.32,0.61,0.62
Bhudargad,16.2492,74.0368,773.0,2009,13,26.93,41.46,17.19,72.99,6.63,19.09,2.87,0.57,0.68
Bhudargad,16.2492,74.0368,773.0,2010,1,25.68,34.23,17.62,63.93,0.31,17.16,2.15,0.47,0.51
Bhudargad,16.2492,74.0368,773.0,2010,2,26.96,37.99,18.16,56.08,0.0,21.29,2.33,0.24,0.46
Bhudargad,16.2492,74.0368,773.0,2010,3,29.37,39.93,21.41,55.59,0.0,22.76,2.39,0.14,0.45
Bhudargad,16.2492,74.0368,773.0,2010,4,30.08,41.07,22.03,61.66,0.31,24.24,2.19,0.19,0.45
Bhudargad,16.2492,74.0368,773.0,2010,5,30.44,37.66,25.49,66.95,1.01,24.73,3.03,0.25,0.45
Bhudargad,16.2492,74.0368,773.0,2010,6,27.55,34.96,24.57,84.42,22.08,18.24,3.68,0.76,0.74
Bhudargad,16.2492,74.0368,773.0,2010,7,25.83,28.53,23.45,91.45,32.79,13.8,4.02,0.97,0.99
Bhudargad,16.2492,74.0368,773.0,2010,8,25.54,28.56,22.94,91.69,16.76,14.76,3.76,0.96,0.99
Bhudargad,16.2492,74.0368,773.0,2010,9,25.86,30.83,22.78,89.24,11.36,16.59,2.53,0.94,0.99
Bhudargad,16.2492,74.0368,773.0,2010,10,26.07,31.67,19.83,85.55,5.78,17.75,2.19,0.91,0.95
Bhudargad,16.2492,74.0368,773.0,2010,11,25.74,30.73,20.86,83.62,3.4,15.63,2.03,0.87,0.89
Bhudargad,16.2492,74.0368,773.0,2010,12,23.12,30.13,15.3,73.78,0.04,17.05,2.33,0.72,0.71
Bhudargad,16.2492,74.0368,773.0,2010,13,26.85,41.07,15.3,75.44,7.87,18.65,2.72,0.62,0.72
Bhudargad,16.2492,74.0368,773.0,2011,1,24.11,35.31,15.65,60.4,0.0,19.78,2.3,0.51,0.54
Bhudargad,16.2492,74.0368,773.0,2011,2,25.74,35.52,16.77,58.29,0.01,21.94,2.35,0.3,0.46
Bhudargad,16.2492,74.0368,773.0,2011,3,28.81,40.07,20.12,55.71,0.0,24.6,2.36,0.15,0.45
Bhudargad,16.2492,74.0368,773.0,2011,4,29.2,39.03,20.63,60.61,0.62,23.95,2.45,0.25,0.45
Bhudargad,16.2492,74.0368,773.0,2011,5,29.39,38.01,24.45,66.8,1.23,24.21,3.04,0.3,0.46
Bhudargad,16.2492,74.0368,773.0,2011,6,26.94,31.4,24.32,85.59,15.5,14.76,4.8,0.77,0.73
Bhudargad,16.2492,74.0368,773.0,2011,7,25.69,28.63,22.82,91.01,27.26,14.28,4.12,0.95,0.97
Bhudargad,16.2492,74.0368,773.0,2011,8,25.34,28.17,22.6,91.68,20.85,14.0,3.91,0.95,0.99
Bhudargad,16.2492,74.0368,773.0,2011,9,25.43,29.59,22.38,89.05,10.94,17.59,2.95,0.93,0.97
Bhudargad,16.2492,74.0368,773.0,2011,10,26.27,32.22,21.85,82.69,3.24,18.23,1.91,0.83,0.84
Bhudargad,16.2492,74.0368,773.0,2011,11,25.7,33.62,17.46,68.49,0.28,18.05,2.68,0.65,0.65
Bhudargad,16.2492,74.0368,773.0,2011,12,25.81,35.34,16.74,56.6,0.0,17.89,2.24,0.46,0.51
Bhudargad,16.2492,74.0368,773.0,2011,13,26.54,40.07,15.65,72.32,6.71,19.09,2.93,0.59,0.67
Bhudargad,16.2492,74.0368,773.0,2012,1,24.79,34.54,15.99,55.34,0.0,19.59,2.47,0.23,0.46
Bhudargad,16.2492,74.0368,773.0,2012,2,26.86,38.31,18.28,48.39,0.0,22.29,2.33,0.14,0.45
Bhudargad,16.2492,74.0368,773.0,2012,3,27.83,40.45,17.29,54.62,0.0,24.82,2.41,0.11,0.45
Bhudargad,16.2492,74.0368,773.0,2012,4,29.65,39.56,22.6,61.34,0.81,23.96,2.36,0.28,0.45
Bhudargad,16.2492,74.0368,773.0,2012,5,29.35,37.01,23.76,65.33,0.19,24.52,3.45,0.23,0.45
Bhudargad,16.2492,74.0368,773.0,2012,6,27.18,34.65,23.57,82.82,20.16,18.88,3.81,0.69,0.7
Bhudargad,16.2492,74.0368,773.0,2012,7,25.92,28.45,23.54,89.98,19.53,14.17,4.37,0.95,0.99
Bhudargad,16.2492,74.0368,773.0,2012,8,25.63,29.13,23.52,90.67,15.02,15.48,4.1,0.94,0.98
Bhudargad,16.2492,74.0368,773.0,2012,9,25.47,30.54,22.32,89.18,7.42,16.8,3.05,0.92,0.95
Bhudargad,16.2492,74.0368,773.0,2012,10,25.89,32.89,19.73,79.95,3.72,18.24,2.15,0.85,0.86
Bhudargad,16.2492,74.0368,773.0,2012,11,25.34,32.67,16.23,72.41,0.48,17.06,1.87,0.65,0.65
Bhudargad,16.2492,74.0368,773.0,2012,12,25.54,34.36,17.36,61.12,0.0,18.28,2.25,0.47,0.51
Bhudargad,16.2492,74.0368,773.0,2012,13,26.62,40.45,15.99,70.99,5.62,19.5,2.89,0.54,0.66
Bhudargad,16.2492,74.0368,773.0,2013,1,25.77,36.06,17.44,55.31,0.0,19.42,2.41,0.23,0.46
Bhudargad,16.2492,74.0368,773.0,2013,2,27.39,37.76,18.46,54.64,0.14,21.21,2.5,0.18,0.45
Bhudargad,16.2492,74.0368,773.0,2013,3,29.17,39.42,21.32,53.11,0.02,23.66,2.63,0.15,0.45
Bhudargad,16.2492,74.0368,773.0,2013,4,29.03,39.54,21.05,60.89,0.21,25.97,2.69,0.15,0.45
Bhudargad,16.2492,74.0368,773.0,2013,5,29.42,36.7,23.93,68.41,1.76,23.86,3.04,0.35,0.46
Bhudargad,16.2492,74.0368,773.0,2013,6,26.61,30.96,24.55,87.69,21.39,14.91,4.54,0.83,0.83
Bhudargad,16.2492,74.0368,773.0,2013,7,25.31,27.34,23.72,92.2,30.41,11.68,5.18,0.97,1.0
Bhudargad,16.2492,74.0368,773.0,2013,8,25.1,28.08,23.06,90.74,8.97,15.63,3.83,0.93,0.98
Bhudargad,16.2492,74.0368,773.0,2013,9,25.43,29.48,22.65,89.76,10.1,16.75,2.87,0.91,0.94
Bhudargad,16.2492,74.0368,773.0,2013,10,25.76,32.28,20.29,85.27,3.82,17.77,2.21,0.88,0.91
Bhudargad,16.2492,74.0368,773.0,2013,11,24.99,31.59,17.28,74.03,0.03,17.87,2.22,0.72,0.71
Bhudargad,16.2492,74.0368,773.0,2013,12,24.25,33.45,16.13,61.38,0.0,18.72,2.44,0.51,0.54
Bhudargad,16.2492,74.0368,773.0,2013,13,26.51,39.54,16.13,72.88,6.44,18.94,3.05,0.57,0.68
Bhudargad,16.2492,74.0368,773.0,2014,1,25.69,34.87,18.06,58.49,0.0,17.55,2.36,0.31,0.46
Bhudargad,16.2492,74.0368,773.0,2014,2,26.25,36.05,17.63,56.3,0.01,20.67,2.61,0.16,0.45
Bhudargad,16.2492,74.0368,773.0,2014,3,28.53,39.28,17.19,52.76,0.13,23.15,2.46,0.18,0.45
Bhudargad,16.2492,74.0368,773.0,2014,4,30.28,41.12,22.0,56.2,0.21,22.58,2.35,0.18,0.45
Bhudargad,16.2492,74.0368,773.0,2014,5,29.61,39.43,23.77,66.83,2.94,23.09,2.48,0.42,0.48
Bhudargad,16.2492,74.0368,773.0,2014,6,27.83,34.77,24.96,81.8,8.75,20.14,3.75,0.67,0.65
Bhudargad,16.2492,74.0368,773.0,2014,7,26.17,30.19,24.15,89.51,27.85,13.85,4.77,0.9,0.9
Bhudargad,16.2492,74.0368,773.0,2014,8,25.54,32.0,22.84,90.84,20.99,15.16,3.83,0.95,0.99
Bhudargad,16.2492,74.0368,773.0,2014,9,25.77,31.4,22.84,88.84,7.0,16.97,2.91,0.92,0.96
Bhudargad,16.2492,74.0368,773.0,2014,10,26.38,32.2,19.29,81.09,5.77,18.74,1.79,0.87,0.88
Bhudargad,16.2492,74.0368,773.0,2014,11,25.15,32.1,17.66,72.15,0.75,17.58,2.2,0.78,0.76
Bhudargad,16.2492,74.0368,773.0,2014,12,24.58,32.27,16.47,66.09,0.56,16.83,2.23,0.58,0.59
Bhudargad,16.2492,74.0368,773.0,2014,13,26.81,41.12,16.47,71.84,6.32,18.84,2.81,0.58,0.67
Bhudargad,16.2492,74.0368,773.0,2015,1,24.42,35.86,15.29,59.13,0.01,18.12,2.22,0.43,0.49
Bhudargad,16.2492,74.0368,773.0,2015,2,26.66,37.46,18.79,52.6,0.2,22.36,2.31,0.19,0.45
Bhudargad,16.2492,74.0368,773.0,2015,3,28.04,39.16,16.55,60.45,0.88,21.92,2.23,0.33,0.46
Bhudargad,16.2492,74.0368,773.0,2015,4,29.46,39.08,22.0,59.92,0.65,24.93,2.3,0.28,0.46
Bhudargad,16.2492,74.0368,773.0,2015,5,29.96,38.44,24.89,67.59,1.79,23.63,2.51,0.39,0.47
Bhudargad,16.2492,74.0368,773.0,2015,6,26.93,34.06,23.74,85.47,21.68,17.54,4.04,0.76,0.75
Bhudargad,16.2492,74.0368,773.0,2015,7,26.14,28.76,23.69,88.92,12.91,17.12,4.43,0.93,0.97
Bhudargad,16.2492,74.0368,773.0,2015,8,25.83,29.87,23.54,89.52,8.81,16.57,3.45,0.92,0.97
Bhudargad,16.2492,74.0368,773.0,2015,9,25.91,32.83,22.66,86.67,6.75,18.71,2.26,0.9,0.93
Bhudargad,16.2492,74.0368,773.0,2015,10,27.1,33.3,22.23,80.67,2.58,18.75,1.67,0.84,0.85
Bhudargad,16.2492,74.0368,773.0,2015,11,26.65,34.3,20.28,72.84,0.48,17.28,2.03,0.64,0.64
Bhudargad,16.2492,74.0368,773.0,2015,12,26.56,36.63,17.77,58.26,0.02,17.54,2.27,0.46,0.5
Bhudargad,16.2492,74.0368,773.0,2015,13,26.97,39.16,15.29,71.95,4.74,19.52,2.65,0.59,0.66
Bhudargad,16.2492,74.0368,773.0,2016,1,25.99,37.58,17.91,53.04,0.0,18.41,2.27,0.22,0.45
Bhudargad,16.2492,74.0368,773.0,2016,2,27.07,37.94,18.66,57.16,0.02,20.99,2.4,0.15,0.45
Bhudargad,16.2492,74.0368,773.0,2016,3,29.09,40.37,20.11,55.44,0.21,23.37,2.36,0.17,0.45
Bhudargad,16.2492,74.0368,773.0,2016,4,30.06,39.62,22.24,59.58,0.2,24.84,2.82,0.21,0.45
Bhudargad,16.2492,74.0368,773.0,2016,5,30.24,38.47,23.69,66.33,0.53,24.74,3.11,0.28,0.45
Bhudargad,16.2492,74.0368,773.0,2016,6,27.16,35.94,24.2,84.76,26.01,15.37,3.67,0.77,0.75
Bhudargad,16.2492,74.0368,773.0,2016,7,25.5,28.17,23.28,92.23,34.72,12.5,4.23,0.98,1.0
Bhudargad,16.2492,74.0368,773.0,2016,8,25.35,28.2,23.06,90.74,17.97,14.72,3.98,0.94,0.98
Bhudargad,16.2492,74.0368,773.0,2016,9,25.02,28.83,22.03,89.79,7.94,15.93,3.02,0.91,0.95
Bhudargad,16.2492,74.0368,773.0,2016,10,24.72,31.58,17.4,81.86,2.59,18.92,2.16,0.86,0.89
Bhudargad,16.2492,74.0368,773.0,2016,11,23.91,34.26,16.43,66.7,0.37,18.83,2.47,0.67,0.66
Bhudargad,16.2492,74.0368,773.0,2016,12,25.18,35.05,15.58,55.94,0.0,17.9,2.39,0.47,0.51
Bhudargad,16.2492,74.0368,773.0,2016,13,26.61,40.37,15.58,71.16,7.58,18.87,2.91,0.55,0.67
Bhudargad,16.2492,74.0368,773.0,2017,1,25.88,36.86,16.24,51.15,0.0,18.74,2.28,0.23,0.46
Bhudargad,16.2492,74.0368,773.0,2017,2,27.68,40.0,19.19,50.18,0.0,22.65,2.41,0.14,0.45
Bhudargad,16.2492,74.0368,773.0,2017,3,28.0,38.93,19.06,56.98,0.01,24.66,2.47,0.11,0.45
Bhudargad,16.2492,74.0368,773.0,2017,4,29.77,40.67,22.22,60.04,0.1,25.72,2.47,0.11,0.44
Bhudargad,16.2492,74.0368,773.0,2017,5,29.79,38.87,23.0,67.62,3.16,23.62,2.73,0.35,0.46
Bhudargad,16.2492,74.0368,773.0,2017,6,27.04,32.96,24.25,86.01,15.78,17.19,3.86,0.79,0.78
Bhudargad,16.2492,74.0368,773.0,2017,7,26.03,28.42,23.86,89.86,18.42,15.39,4.29,0.94,0.98
Bhudargad,16.2492,74.0368,773.0,2017,8,25.76,28.75,22.99,90.1,12.66,15.7,3.21,0.92,0.96
Bhudargad,16.2492,74.0368,773.0,2017,9,26.07,31.53,23.42,89.33,13.44,16.13,2.42,0.94,0.98
Bhudargad,16.2492,74.0368,773.0,2017,10,26.25,31.43,20.07,84.26,4.51,16.86,1.8,0.91,0.96
Bhudargad,16.2492,74.0368,773.0,2017,11,24.47,31.27,17.02,73.13,0.02,18.07,2.38,0.76,0.75
Bhudargad,16.2492,74.0368,773.0,2017,12,24.36,32.8,17.08,64.32,0.38,16.75,2.71,0.55,0.57
Bhudargad,16.2492,74.0368,773.0,2017,13,26.75,40.67,16.24,72.04,5.74,19.26,2.75,0.57,0.69
Bhudargad,16.2492,74.0368,773.0,2018,1,25.27,36.08,16.9,54.83,0.0,17.99,2.21,0.37,0.48
Bhudargad,16.2492,74.0368,773.0,2018,2,27.5,38.88,18.59,46.47,0.0,20.81,2.22,0.16,0.45
Bhudargad,16.2492,74.0368,773.0,2018,3,28.87,40.87,20.86,54.75,0.24,22.02,2.36,0.19,0.45
Bhudargad,16.2492,74.0368,773.0,2018,4,30.27,39.61,21.7,56.87,0.26,24.03,2.41,0.21,0.45
Bhudargad,16.2492,74.0368,773.0,2018,5,29.25,38.52,24.01,70.95,2.25,22.2,2.44,0.4,0.48
Bhudargad,16.2492,74.0368,773.0,2018,6,26.9,33.53,24.29,88.69,29.63,15.86,3.66,0.87,0.87
Bhudargad,16.2492,74.0368,773.0,2018,7,25.56,27.77,23.88,91.62,22.13,12.03,4.79,0.97,1.0
Bhudargad,16.2492,74.0368,773.0,2018,8,25.12,27.91,23.25,90.52,11.35,12.8,4.42,0.93,0.97
Bhudargad,16.2492,74.0368,773.0,2018,9,25.42,32.33,21.6,86.59,4.77,19.86,2.21,0.88,0.9
Bhudargad,16.2492,74.0368,773.0,2018,10,26.47,32.24,18.35,76.85,2.28,19.72,1.81,0.82,0.82
Bhudargad,16.2492,74.0368,773.0,2018,11,25.99,33.57,17.97,67.14,0.75,17.95,2.12,0.62,0.63
Bhudargad,16.2492,74.0368,773.0,2018,12,25.17,34.32,16.74,58.94,0.06,16.69,2.38,0.46,0.5
Bhudargad,16.2492,74.0368,773.0,2018,13,26.81,40.87,16.74,70.5,6.16,18.47,2.76,0.58,0.67
Bhudargad,16.2492,74.0368,773.0,2019,1,25.34,35.78,16.81,46.05,0.0,18.83,2.27,0.21,0.45
Bhudargad,16.2492,74.0368,773.0,2019,2,26.65,38.56,15.48,51.03,0.0,22.1,2.49,0.14,0.45
Bhudargad,16.2492,74.0368,773.0,2019,3,27.76,38.89,17.92,56.56,0.29,24.41,2.44,0.15,0.45
Bhudargad,16.2492,74.0368,773.0,2019,4,30.0,40.31,22.02,59.23,0.39,24.75,2.45,0.25,0.45
Bhudargad,16.2492,74.0368,773.0,2019,5,29.92,40.03,24.02,63.09,0.03,25.63,2.98,0.17,0.45
Bhudargad,16.2492,74.0368,773.0,2019,6,28.22,38.16,24.48,79.7,21.32,17.72,3.56,0.59,0.61
Bhudargad,16.2492,74.0368,773.0,2019,7,26.23,29.07,24.19,91.85,34.56,14.33,4.01,0.98,1.0
Bhudargad,16.2492,74.0368,773.0,2019,8,25.86,28.76,23.85,91.1,37.41,13.94,4.15,0.96,0.99
Bhudargad,16.2492,74.0368,773.0,2019,9,25.72,29.76,23.38,90.62,17.83,14.34,3.3,0.95,0.99
Bhudargad,16.2492,74.0368,773.0,2019,10,26.23,31.06,23.02,86.27,13.4,15.73,2.27,0.93,0.96
Bhudargad,16.2492,74.0368,773.0,2019,11,25.47,30.94,19.26,79.95,0.34,17.27,2.37,0.85,0.87
Bhudargad,16.2492,74.0368,773.0,2019,12,25.62,32.69,19.95,74.58,0.07,15.39,2.28,0.65,0.65
Bhudargad,16.2492,74.0368,773.0,2019,13,26.92,40.31,15.48,72.63,10.56,18.68,2.88,0.57,0.69
Bhudargad,16.2492,74.0368,773.0,2020,1,24.72,35.2,16.15,68.03,0.0,17.83,2.35,0.47,0.51
Bhudargad,16.2492,74.0368,773.0,2020,2,27.11,38.2,16.7,54.93,0.01,20.73,2.27,0.24,0.46
Bhudargad,16.2492,74.0368,773.0,2020,3,28.24,38.38,20.02,57.87,0.28,23.32,2.56,0.21,0.45
Bhudargad,16.2492,74.0368,773.0,2020,4,30.59,40.02,22.63,59.04,0.75,24.15,2.4,0.28,0.45
Bhudargad,16.2492,74.0368,773.0,2020,5,30.8,40.32,25.61,65.2,1.48,23.69,3.03,0.3,0.46
Bhudargad,16.2492,74.0368,773.0,2020,6,26.97,31.77,24.41,87.32,25.55,17.11,3.49,0.88,0.86
Bhudargad,16.2492,74.0368,773.0,2020,7,25.92,29.35,23.59,91.1,29.42,14.89,3.37,0.97,1.0
Bhudargad,16.2492,74.0368,773.0,2020,8,25.8,28.34,23.8,91.67,28.73,12.62,4.18,0.97,1.0
Bhudargad,16.2492,74.0368,773.0,2020,9,25.76,31.96,23.41,89.97,18.98,16.03,2.62,0.95,0.99
Bhudargad,16.2492,74.0368,773.0,2020,10,25.72,30.77,21.07,88.05,8.63,15.29,2.18,0.93,0.97
Bhudargad,16.2492,74.0368,773.0,2020,11,25.62,31.13,17.88,78.47,0.0,17.18,2.38,0.82,0.82
Bhudargad,16.2492,74.0368,773.0,2020,12,25.04,33.43,17.33,69.29,0.14,17.33,2.31,0.6,0.61
Bhudargad,16.2492,74.0368,773.0,2020,13,26.85,40.32,16.15,75.15,9.53,18.33,2.76,0.64,0.72
Bhudargad,16.2492,74.0368,773.0,2021,1,26.22,34.82,19.11,67.84,0.46,16.84,2.0,0.48,0.51
Bhudargad,16.2492,74.0368,773.0,2021,2,27.12,38.07,19.05,54.83,0.28,20.51,2.31,0.29,0.46
Bhudargad,16.2492,74.0368,773.0,2021,3,29.84,40.09,22.23,53.54,0.06,23.04,2.18,0.18,0.45
Bhudargad,16.2492,74.0368,773.0,2021,4,30.34,40.88,22.38,59.21,0.95,23.31,2.27,0.27,0.45
Bhudargad,16.2492,74.0368,773.0,2021,5,29.1,38.21,24.77,75.1,12.05,20.4,2.97,0.6,0.6
Bhudargad,16.2492,74.0368,773.0,2021,6,26.75,30.93,23.97,87.87,25.74,16.35,3.34,0.9,0.91
Bhudargad,16.2492,74.0368,773.0,2021,7,25.92,28.98,23.82,91.16,38.3,13.98,4.13,0.97,0.99
Bhudargad,16.2492,74.0368,773.0,2021,8,25.64,28.95,22.84,88.83,7.66,15.46,2.98,0.92,0.96
Bhudargad,16.2492,74.0368,773.0,2021,9,25.69,28.93,22.44,90.3,12.43,14.82,3.15,0.93,0.97
Bhudargad,16.2492,74.0368,773.0,2021,10,26.32,31.64,19.8,84.78,5.28,18.62,1.91,0.9,0.94
Bhudargad,16.2492,74.0368,773.0,2021,11,25.93,31.55,19.83,82.36,4.03,14.11,1.99,0.83,0.82
Bhudargad,16.2492,74.0368,773.0,2021,12,24.02,30.19,16.82,77.66,2.59,15.55,1.92,0.8,0.79
Bhudargad,16.2492,74.0368,773.0,2021,13,26.9,40.88,16.82,76.26,9.21,17.73,2.6,0.67,0.74
Bhudargad,16.2492,74.0368,773.0,2022,1,23.31,32.55,15.45,69.63,0.02,18.03,2.06,0.59,0.6
Bhudargad,16.2492,74.0368,773.0,2022,2,25.38,36.22,17.64,61.66,0.0,21.26,2.34,0.42,0.49
Bhudargad,16.2492,74.0368,773.0,2022,3,29.51,40.24,21.26,56.88,0.21,21.01,2.21,0.22,0.45
Bhudargad,16.2492,74.0368,773.0,2022,4,30.08,40.33,23.72,62.63,1.43,22.07,1.83,0.36,0.46
Bhudargad,16.2492,74.0368,773.0,2022,5,29.36,37.06,24.78,70.8,1.82,20.66,3.17,0.39,0.48
Bhudargad,16.2492,74.0368,773.0,2022,6,27.01,34.2,23.63,84.0,20.39,18.17,3.05,0.72,0.69
Bhudargad,16.2492,74.0368,773.0,2022,7,25.7,31.15,23.61,90.88,26.33,12.85,4.21,0.96,0.99
Bhudargad,16.2492,74.0368,773.0,2022,8,25.39,29.32,23.24,90.77,16.34,14.18,3.99,0.94,0.98
Bhudargad,16.2492,74.0368,773.0,2022,9,25.44,30.92,22.01,89.87,10.96,16.2,2.87,0.92,0.96
Bhudargad,16.2492,74.0368,773.0,2022,10,25.33,31.01,18.89,84.0,5.77,16.48,2.28,0.89,0.92
Bhudargad,16.2492,74.0368,773.0,2022,11,24.83,31.04,16.75,76.59,0.04,17.04,2.36,0.76,0.75
Bhudargad,16.2492,74.0368,773.0,2022,12,25.81,34.75,16.76,67.73,0.12,16.24,2.16,0.54,0.57
Bhudargad,16.2492,74.0368,773.0,2022,13,26.43,40.33,15.45,75.54,7.0,17.81,2.72,0.64,0.7
Bhudargad,16.2492,74.0368,773.0,2023,1,25.07,35.05,16.84,58.28,0.0,18.75,2.25,0.36,0.47
Bhudargad,16.2492,74.0368,773.0,2023,2,28.53,39.13,19.94,40.98,0.0,22.15,2.29,0.16,0.45
Bhudargad,16.2492,74.0368,773.0,2023,3,28.69,38.73,20.56,49.09,0.01,23.6,2.39,0.12,0.45
Bhudargad,16.2492,74.0368,773.0,2023,4,29.79,40.18,19.98,57.99,0.31,24.12,2.36,0.2,0.45
Bhudargad,16.2492,74.0368,773.0,2023,5,30.11,38.36,23.77,63.69,0.9,24.36,2.71,0.3,0.45
Bhudargad,16.2492,74.0368,773.0,2023,6,28.69,36.11,24.53,77.09,12.73,20.98,3.43,0.53,0.54
Bhudargad,16.2492,74.0368,773.0,2023,7,25.96,28.66,24.18,91.61,40.47,11.97,4.5,0.97,0.99
Bhudargad,16.2492,74.0368,773.0,2023,8,25.87,29.88,23.24,88.61,6.08,17.02,3.04,0.9,0.94
Bhudargad,16.2492,74.0368,773.0,2023,9,26.05,29.44,23.49,89.54,13.51,15.75,2.7,0.9,0.93
Bhudargad,16.2492,74.0368,773.0,2023,10,26.53,32.27,19.39,81.8,2.45,18.03,2.03,0.88,0.9
Bhudargad,16.2492,74.0368,773.0,2023,11,26.37,32.13,19.87,78.46,1.31,15.31,1.99,0.74,0.72
Bhudargad,16.2492,74.0368,773.0,2023,12,26.25,35.51,19.25,62.59,0.02,16.12,2.28,0.52,0.55
Bhudargad,16.2492,74.0368,773.0,2023,13,27.31,40.18,16.84,70.15,6.53,18.99,2.67,0.55,0.65
Chandgad,15.9012,74.2467,733.0,1997,1,21.26,33.01,9.13,56.13,0.07,18.06,1.83,0.41,0.54
Chandgad,15.9012,74.2467,733.0,1997,2,23.01,37.37,11.2,37.76,0.0,21.6,1.9,0.21,0.51
Chandgad,15.9012,74.2467,733.0,1997,3,27.27,39.36,15.82,43.13,0.19,23.54,1.95,0.17,0.5
Chandgad,15.9012,74.2467,733.0,1997,4,27.32,38.26,15.94,51.27,0.61,24.29,2.17,0.27,0.51
Chandgad,15.9012,74.2467,733.0,1997,5,28.08,38.16,18.89,55.56,0.21,23.43,3.06,0.26,0.51
Chandgad,15.9012,74.2467,733.0,1997,6,24.64,34.44,19.89,81.99,14.76,16.1,4.1,0.66,0.67
Chandgad,15.9012,74.2467,733.0,1997,7,23.25,27.34,20.73,91.46,17.21,13.81,5.04,0.92,0.93
Chandgad,15.9012,74.2467,733.0,1997,8,22.73,26.94,20.02,92.35,16.16,14.31,4.69,0.95,0.97
Chandgad,15.9012,74.2467,733.0,1997,9,22.62,28.21,18.24,88.44,1.33,18.77,2.22,0.85,0.86
Chandgad,15.9012,74.2467,733.0,1997,10,24.03,31.69,17.76,80.08,1.7,18.83,1.27,0.7,0.69
Chandgad,15.9012,74.2467,733.0,1997,11,23.55,31.3,17.76,79.21,1.41,16.94,1.58,0.61,0.62
Chandgad,15.9012,74.2467,733.0,1997,12,22.31,31.41,12.43,72.95,1.26,17.36,1.57,0.56,0.58
Chandgad,15.9012,74.2467,733.0,1997,13,24.18,39.36,9.13,69.39,4.61,18.89,2.62,0.55,0.66
Chandgad,15.9012,74.2467,733.0,1998,1,22.63,34.83,12.0,56.8,0.0,18.33,1.98,0.37,0.52
Chandgad,15.9012,74.2467,733.0,1998,2,23.86,36.84,11.93,48.35,0.01,21.05,2.2,0.19,0.51
Chandgad,15.9012,74.2467,733.0,1998,3,26.69,40.59,13.5,48.74,0.0,23.43,2.24,0.14,0.5
Chandgad,15.9012,74.2467,733.0,1998,4,30.29,42.13,20.55,46.03,0.12,23.56,2.35,0.11,0.5
Chandgad,15.9012,74.2467,733.0,1998,5,28.68,41.94,20.44,64.21,2.48,23.34,2.67,0.45,0.54
Chandgad,15.9012,74.2467,733.0,1998,6,25.17,38.22,20.77,81.73,15.62,15.82,3.92,0.68,0.67
Chandgad,15.9012,74.2467,733.0,1998,7,23.41,28.08,20.12,91.19,10.5,13.96,4.31,0.9,0.91
Chandgad,15.9012,74.2467,733.0,1998,8,23.47,28.0,20.57,91.54,10.29,14.26,3.38,0.92,0.94
Chandgad,15.9012,74.2467,733.0,1998,9,23.21,28.51,20.08,91.11,7.39,14.82,2.79,0.91,0.93
Chandgad,15.9012,74.2467,733.0,1998,10,22.57,28.92,14.25,88.64,2.98,16.51,2.03,0.87,0.88
Chandgad,15.9012,74.2467,733.0,1998,11,20.89,28.71,11.0,79.97,1.38,18.64,1.76,0.77,0.76
Chandgad,15.9012,74.2467,733.0,1998,12,19.66,30.41,10.56,61.49,0.05,17.65,2.6,0.58,0.61
Chandgad,15.9012,74.2467,733.0,1998,13,24.21,42.13,10.56,70.96,4.25,18.43,2.69,0.58,0.69
Chandgad,15.9012,74.2467,733.0,1999,1,21.05,33.88,11.28,47.38,0.0,20.37,1.95,0.38,0.53
Chandgad,15.9012,74.2467,733.0,1999,2,25.7,37.82,12.85,38.1,0.05,22.55,2.02,0.21,0.51
Chandgad,15.9012,74.2467,733.0,1999,3,28.12,41.08,16.61,40.23,0.0,25.11,1.94,0.14,0.5
Chandgad,15.9012,74.2467,733.0,1999,4,28.42,41.93,19.22,54.79,0.01,25.3,2.68,0.11,0.5
Chandgad,15.9012,74.2467,733.0,1999,5,25.88,41.28,20.58,72.05,4.22,19.42,2.81,0.42,0.55
Chandgad,15.9012,74.2467,733.0,1999,6,23.63,31.32,19.42,87.04,13.91,14.93,4.4,0.8,0.78
Chandgad,15.9012,74.2467,733.0,1999,7,22.99,27.55,20.42,91.52,17.06,12.5,4.84,0.91,0.92
Chandgad,15.9012,74.2467,733.0,1999,8,22.68,27.35,19.57,90.01,3.62,14.5,3.84,0.88,0.9
Chandgad,15.9012,74.2467,733.0,1999,9,22.74,28.98,18.39,88.36,3.08,17.14,2.62,0.81,0.81
Chandgad,15.9012,74.2467,733.0,1999,10,23.12,29.68,14.63,83.02,4.13,18.15,1.79,0.79,0.77
Chandgad,15.9012,74.2467,733.0,1999,11,22.03,31.99,12.43,65.89,0.05,19.48,2.0,0.59,0.62
Chandgad,15.9012,74.2467,733.0,1999,12,21.58,32.29,10.73,49.84,0.0,19.27,2.04,0.4,0.53
Chandgad,15.9012,74.2467,733.0,1999,13,23.98,41.93,10.73,67.52,3.87,19.03,2.75,0.54,0.66
Chandgad,15.9012,74.2467,733.0,2000,1,23.37,35.84,12.31,38.34,0.02,19.67,2.05,0.21,0.51
Chandgad,15.9012,74.2467,733.0,2000,2,23.41,35.28,12.35,52.99,0.09,22.3,2.21,0.16,0.5
Chandgad,15.9012,74.2467,733.0,2000,3,26.57,39.27,14.75,42.04,0.0,24.95,1.95,0.15,0.5
Chandgad,15.9012,74.2467,733.0,2000,4,28.59,42.05,18.4,55.29,0.61,25.37,2.62,0.28,0.51
Chandgad,15.9012,74.2467,733.0,2000,5,26.39,42.14,20.68,70.38,3.84,21.87,3.26,0.45,0.54
Chandgad,15.9012,74.2467,733.0,2000,6,23.72,29.2,19.69,87.8,9.81,15.19,4.04,0.79,0.77
Chandgad,15.9012,74.2467,733.0,2000,7,22.65,27.79,19.28,90.53,12.67,14.05,4.64,0.89,0.9
Chandgad,15.9012,74.2467,733.0,2000,8,22.7,27.91,19.21,90.0,7.95,13.48,4.01,0.86,0.87
Chandgad,15.9012,74.2467,733.0,2000,9,23.41,29.72,18.98,87.47,4.87,16.53,2.32,0.85,0.86
Chandgad,15.9012,74.2467,733.0,2000,10,23.31,30.31,15.49,80.61,2.67,17.64,1.15,0.81,0.81
Chandgad,15.9012,74.2467,733.0,2000,11,22.06,31.35,13.72,66.76,0.26,18.75,2.0,0.65,0.66
Chandgad,15.9012,74.2467,733.0,2000,12,21.22,32.86,11.46,45.08,0.19,18.2,2.43,0.43,0.55
Chandgad,15.9012,74.2467,733.0,2000,13,23.95,42.14,11.46,67.28,3.6,18.98,2.73,0.55,0.67
Chandgad,15.9012,74.2467,733.0,2001,1,23.32,35.04,13.18,43.82,0.06,18.42,1.78,0.3,0.52
Chandgad,15.9012,74.2467,733.0,2001,2,24.99,38.14,13.73,36.16,0.0,22.86,1.7,0.15,0.5
Chandgad,15.9012,74.2467,733.0,2001,3,25.79,38.99,14.82,48.62,0.0,24.79,2.37,0.12,0.5
Chandgad,15.9012,74.2467,733.0,2001,4,28.69,40.97,17.25,51.96,0.61,23.6,2.03,0.27,0.51
Chandgad,15.9012,74.2467,733.0,2001,5,27.27,42.25,20.44,64.28,2.0,23.36,3.51,0.32,0.53
Chandgad,15.9012,74.2467,733.0,2001,6,24.04,31.76,20.45,83.31,7.04,15.48,5.0,0.66,0.65
Chandgad,15.9012,74.2467,733.0,2001,7,23.12,27.7,19.53,88.35,10.13,13.28,4.92,0.82,0.82
Chandgad,15.9012,74.2467,733.0,2001,8,22.66,27.19,19.78,90.61,7.17,13.65,4.29,0.87,0.89
Chandgad,15.9012,74.2467,733.0,2001,9,23.19,29.12,18.95,86.76,2.7,18.61,2.33,0.79,0.79
Chandgad,15.9012,74.2467,733.0,2001,10,22.7,30.08,14.49,81.77,2.49,17.21,2.1,0.77,0.77
Chandgad,15.9012,74.2467,733.0,2001,11,22.9,31.77,13.89,68.51,0.55,18.94,2.09,0.59,0.61
Chandgad,15.9012,74.2467,733.0,2001,12,21.98,32.6,12.86,51.52,0.03,18.02,2.43,0.4,0.53
Chandgad,15.9012,74.2467,733.0,2001,13,24.21,42.25,12.86,66.48,2.75,18.99,2.89,0.51,0.64
Chandgad,15.9012,74.2467,733.0,2002,1,22.11,34.99,10.6,50.36,0.01,19.53,2.21,0.23,0.51
Chandgad,15.9012,74.2467,733.0,2002,2,25.35,36.86,15.77,42.05,0.01,21.38,1.86,0.16,0.51
Chandgad,15.9012,74.2467,733.0,2002,3,27.8,40.41,16.9,44.38,0.01,24.16,1.99,0.13,0.5
Chandgad,15.9012,74.2467,733.0,2002,4,29.74,41.49,18.8,49.32,0.31,24.84,2.12,0.2,0.51
Chandgad,15.9012,74.2467,733.0,2002,5,27.65,41.74,20.41,67.41,1.31,22.89,3.17,0.4,0.52
Chandgad,15.9012,74.2467,733.0,2002,6,24.54,33.51,21.36,85.93,13.34,14.7,3.98,0.75,0.73
Chandgad,15.9012,74.2467,733.0,2002,7,23.54,28.25,20.55,87.51,4.6,15.15,4.61,0.82,0.84
Chandgad,15.9012,74.2467,733.0,2002,8,22.88,28.09,19.3,89.61,9.23,13.32,4.46,0.86,0.88
Chandgad,15.9012,74.2467,733.0,2002,9,23.13,31.36,18.29,85.01,1.51,20.22,2.56,0.77,0.79
Chandgad,15.9012,74.2467,733.0,2002,10,24.0,33.16,17.52,79.39,4.09,17.06,1.87,0.74,0.72
Chandgad,15.9012,74.2467,733.0,2002,11,23.26,33.86,14.69,62.73,0.1,19.5,1.77,0.55,0.6
Chandgad,15.9012,74.2467,733.0,2002,12,22.44,33.58,13.49,48.73,0.0,18.33,1.9,0.35,0.52
Chandgad,15.9012,74.2467,733.0,2002,13,24.69,41.74,10.6,66.18,2.89,19.23,2.72,0.5,0.64
Chandgad,15.9012,74.2467,733.0,2003,1,23.61,35.24,12.68,47.0,0.0,18.38,1.66,0.2,0.51
Chandgad,15.9012,74.2467,733.0,2003,2,25.76,37.73,15.32,44.94,0.07,22.05,1.78,0.18,0.51
Chandgad,15.9012,74.2467,733.0,2003,3,27.61,39.65,16.0,45.33,0.41,23.43,2.0,0.22,0.51
Chandgad,15.9012,74.2467,733.0,2003,4,29.2,40.97,18.3,49.41,1.04,24.83,2.0,0.31,0.51
Chandgad,15.9012,74.2467,733.0,2003,5,28.82,41.09,19.76,57.99,0.41,25.41,3.44,0.27,0.51
Chandgad,15.9012,74.2467,733.0,2003,6,25.43,39.13,20.44,80.01,10.15,16.1,4.1,0.56,0.64
Chandgad,15.9012,74.2467,733.0,2003,7,23.6,27.46,20.99,90.68,9.18,14.08,4.34,0.87,0.88
Chandgad,15.9012,74.2467,733.0,2003,8,23.36,27.79,20.85,89.49,5.15,14.77,4.05,0.84,0.86
Chandgad,15.9012,74.2467,733.0,2003,9,23.24,30.52,19.2,86.59,2.28,16.84,3.13,0.78,0.8
Chandgad,15.9012,74.2467,733.0,2003,10,23.57,31.06,14.42,80.05,2.99,18.89,1.53,0.73,0.72
Chandgad,15.9012,74.2467,733.0,2003,11,23.21,32.61,13.64,63.62,0.08,19.09,2.02,0.55,0.6
Chandgad,15.9012,74.2467,733.0,2003,12,22.21,32.87,12.43,46.73,0.05,18.91,2.12,0.36,0.52
Chandgad,15.9012,74.2467,733.0,2003,13,24.96,41.09,12.43,65.27,2.66,19.38,2.69,0.49,0.63
Chandgad,15.9012,74.2467,733.0,2004,1,22.46,34.31,12.76,49.78,0.0,19.34,1.88,0.21,0.51
Chandgad,15.9012,74.2467,733.0,2004,2,24.97,37.89,13.33,38.88,0.01,22.63,1.73,0.15,0.5
Chandgad,15.9012,74.2467,733.0,2004,3,28.49,40.51,17.62,44.57,0.02,24.91,1.79,0.12,0.5
Chandgad,15.9012,74.2467,733.0,2004,4,28.86,41.75,18.21,51.26,0.53,25.48,2.31,0.24,0.51
Chandgad,15.9012,74.2467,733.0,2004,5,26.19,38.74,20.75,73.64,4.96,19.5,3.11,0.55,0.56
Chandgad,15.9012,74.2467,733.0,2004,6,23.76,30.0,20.77,88.45,11.07,15.34,4.39,0.82,0.8
Chandgad,15.9012,74.2467,733.0,2004,7,23.24,28.35,20.17,89.39,7.65,14.47,4.05,0.85,0.86
Chandgad,15.9012,74.2467,733.0,2004,8,22.73,27.38,19.61,90.63,9.84,13.91,4.89,0.9,0.91
Chandgad,15.9012,74.2467,733.0,2004,9,23.0,29.17,18.84,88.15,3.61,16.96,2.21,0.82,0.83
Chandgad,15.9012,74.2467,733.0,2004,10,22.98,31.01,14.8,79.36,1.43,19.91,2.17,0.74,0.74
Chandgad,15.9012,74.2467,733.0,2004,11,22.68,32.11,13.23,62.59,0.64,18.79,2.3,0.56,0.6
Chandgad,15.9012,74.2467,733.0,2004,12,21.65,32.68,12.01,45.18,0.0,19.54,2.38,0.35,0.53
Chandgad,15.9012,74.2467,733.0,2004,13,24.24,41.75,12.01,66.91,3.32,19.21,2.77,0.53,0.65
Chandgad,15.9012,74.2467,733.0,2005,1,23.06,34.73,12.03,46.51,0.03,18.74,1.76,0.19,0.51
Chandgad,15.9012,74.2467,733.0,2005,2,24.9,38.4,13.04,43.37,0.0,22.61,1.98,0.15,0.5
Chandgad,15.9012,74.2467,733.0,2005,3,26.95,40.42,14.93,45.19,0.02,24.67,2.05,0.13,0.5
Chandgad,15.9012,74.2467,733.0,2005,4,28.22,40.14,18.04,53.87,1.52,22.97,1.8,0.34,0.52
Chandgad,15.9012,74.2467,733.0,2005,5,28.01,41.35,19.21,61.08,1.45,23.74,2.86,0.37,0.52
Chandgad,15.9012,74.2467,733.0,2005,6,24.79,34.24,20.27,85.11,14.3,15.82,3.98,0.72,0.7
Chandgad,15.9012,74.2467,733.0,2005,7,23.41,26.84,20.68,92.55,18.87,12.8,4.54,0.93,0.94
Chandgad,15.9012,74.2467,733.0,2005,8,22.9,27.65,19.89,92.27,10.1,13.99,4.12,0.94,0.97
Chandgad,15.9012,74.2467,733.0,2005,9,23.04,28.62,19.26,91.79,10.86,13.6,3.29,0.93,0.96
Chandgad,15.9012,74.2467,733.0,2005,10,22.77,29.23,14.57,85.32,3.72,18.18,1.67,0.89,0.92
Chandgad,15.9012,74.2467,733.0,2005,11,19.45,27.51,11.23,75.43,0.07,19.31,2.37,0.76,0.75
Chandgad,15.9012,74.2467,733.0,2005,12,20.33,29.93,10.88,62.01,0.0,18.42,2.09,0.57,0.6
Chandgad,15.9012,74.2467,733.0,2005,13,23.98,41.35,10.88,69.68,5.1,18.72,2.71,0.58,0.7
Chandgad,15.9012,74.2467,733.0,2006,1,22.14,34.58,10.94,44.72,0.0,20.05,2.1,0.37,0.53
Chandgad,15.9012,74.2467,733.0,2006,2,24.89,37.91,13.45,36.77,0.0,23.25,1.86,0.17,0.51
Chandgad,15.9012,74.2467,733.0,2006,3,26.06,39.34,14.5,52.03,0.7,24.22,2.0,0.29,0.51
Chandgad,15.9012,74.2467,733.0,2006,4,28.46,40.89,18.67,50.58,0.13,24.94,2.62,0.19,0.51
Chandgad,15.9012,74.2467,733.0,2006,5,27.69,40.37,21.05,64.73,8.4,21.66,3.1,0.38,0.54
Chandgad,15.9012,74.2467,733.0,2006,6,23.87,28.76,20.46,89.53,12.89,16.3,3.46,0.87,0.87
Chandgad,15.9012,74.2467,733.0,2006,7,22.98,26.8,20.24,91.4,11.95,12.66,5.49,0.92,0.94
Chandgad,15.9012,74.2467,733.0,2006,8,22.46,27.11,19.54,92.02,11.45,13.21,4.48,0.94,0.96
Chandgad,15.9012,74.2467,733.0,2006,9,23.28,29.93,19.23,90.2,7.5,16.84,2.53,0.9,0.91
Chandgad,15.9012,74.2467,733.0,2006,10,23.12,29.25,17.13,84.02,4.55,17.95,2.17,0.87,0.89
Chandgad,15.9012,74.2467,733.0,2006,11,22.05,28.71,15.35,82.45,1.25,16.43,2.08,0.74,0.72
Chandgad,15.9012,74.2467,733.0,2006,12,20.53,30.68,11.46,63.64,0.0,18.33,2.21,0.57,0.6
Chandgad,15.9012,74.2467,733.0,2006,13,23.95,40.89,10.94,70.36,4.94,18.79,2.85,0.6,0.71
Chandgad,15.9012,74.2467,733.0,2007,1,22.47,34.13,11.89,47.13,0.0,19.53,1.59,0.37,0.53
Chandgad,15.9012,74.2467,733.0,2007,2,23.95,36.37,12.38,49.86,0.0,22.27,1.94,0.19,0.51
Chandgad,15.9012,74.2467,733.0,2007,3,27.66,40.03,15.82,46.13,0.01,23.31,2.03,0.14,0.5
Chandgad,15.9012,74.2467,733.0,2007,4,29.18,41.21,19.01,51.9,0.84,24.09,1.97,0.28,0.51
Chandgad,15.9012,74.2467,733.0,2007,5,27.47,39.76,20.4,66.22,2.25,23.17,2.98,0.41,0.53
Chandgad,15.9012,74.2467,733.0,2007,6,24.62,35.35,20.3,86.42,20.77,14.31,4.09,0.75,0.73
Chandgad,15.9012,74.2467,733.0,2007,7,23.47,27.98,20.22,91.78,13.52,13.15,4.47,0.94,0.96
Chandgad,15.9012,74.2467,733.0,2007,8,22.96,27.16,20.31,92.36,14.44,13.0,4.11,0.94,0.97
Chandgad,15.9012,74.2467,733.0,2007,9,23.07,28.73,19.08,91.48,10.06,14.38,2.93,0.93,0.96
Chandgad,15.9012,74.2467,733.0,2007,10,22.59,28.84,15.18,83.57,1.44,16.67,1.82,0.87,0.88
Chandgad,15.9012,74.2467,733.0,2007,11,20.31,28.0,9.87,74.53,1.31,19.32,2.04,0.75,0.74
Chandgad,15.9012,74.2467,733.0,2007,12,21.37,32.47,12.64,64.37,0.02,17.54,2.13,0.56,0.6
Chandgad,15.9012,74.2467,733.0,2007,13,24.09,41.21,9.87,70.59,5.4,18.37,2.68,0.6,0.7
Chandgad,15.9012,74.2467,733.0,2008,1,21.61,33.39,10.5,48.04,0.0,20.07,1.9,0.35,0.52
Chandgad,15.9012,74.2467,733.0,2008,2,23.45,36.23,11.41,49.14,0.41,20.88,1.84,0.28,0.51
Chandgad,15.9012,74.2467,733.0,2008,3,25.95,37.3,16.19,52.5,2.41,21.75,1.6,0.37,0.53
Chandgad,15.9012,74.2467,733.0,2008,4,27.31,39.67,15.2,58.26,0.99,24.89,1.91,0.46,0.53
Chandgad,15.9012,74.2467,733.0,2008,5,27.0,38.31,20.13,65.38,1.83,24.21,3.26,0.33,0.52
Chandgad,15.9012,74.2467,733.0,2008,6,24.1,31.98,20.48,86.41,9.76,14.33,4.41,0.75,0.73
Chandgad,15.9012,74.2467,733.0,2008,7,23.58,28.42,20.57,87.95,7.5,14.94,4.28,0.81,0.8
Chandgad,15.9012,74.2467,733.0,2008,8,22.95,28.97,19.08,90.97,13.13,13.77,3.69,0.91,0.92
Chandgad,15.9012,74.2467,733.0,2008,9,22.8,28.77,17.81,89.82,7.8,16.23,2.73,0.89,0.91
Chandgad,15.9012,74.2467,733.0,2008,10,22.93,29.84,13.8,79.48,1.34,19.27,2.0,0.8,0.8
Chandgad,15.9012,74.2467,733.0,2008,11,22.45,32.21,13.56,67.13,0.69,17.73,2.36,0.6,0.62
Chandgad,15.9012,74.2467,733.0,2008,12,21.87,32.22,11.76,57.71,0.21,18.22,2.08,0.48,0.56
Chandgad,15.9012,74.2467,733.0,2008,13,23.83,39.67,10.5,69.44,3.85,18.85,2.67,0.59,0.66
Chandgad,15.9012,74.2467,733.0,2009,1,23.1,36.15,13.12,45.02,0.0,20.13,1.94,0.27,0.51
Chandgad,15.9012,74.2467,733.0,2009,2,25.69,39.3,14.86,41.3,0.0,22.29,1.62,0.15,0.51
Chandgad,15.9012,74.2467,733.0,2009,3,28.04,39.33,17.83,42.9,0.19,22.84,1.85,0.17,0.51
Chandgad,15.9012,74.2467,733.0,2009,4,29.18,41.54,19.67,50.87,0.39,23.59,2.24,0.26,0.51
Chandgad,15.9012,74.2467,733.0,2009,5,27.85,40.24,20.63,62.74,1.24,23.4,3.04,0.38,0.52
Chandgad,15.9012,74.2467,733.0,2009,6,24.55,31.76,20.43,83.07,7.88,16.76,3.53,0.65,0.64
Chandgad,15.9012,74.2467,733.0,2009,7,23.17,27.35,20.41,91.63,20.49,11.93,5.7,0.92,0.92
Chandgad,15.9012,74.2467,733.0,2009,8,23.25,28.92,20.29,90.17,5.67,15.68,3.41,0.88,0.9
Chandgad,15.9012,74.2467,733.0,2009,9,23.52,29.28,19.95,89.67,8.49,14.74,2.44,0.89,0.91
Chandgad,15.9012,74.2467,733.0,2009,10,22.56,28.66,14.35,82.41,5.35,17.43,2.1,0.89,0.9
Chandgad,15.9012,74.2467,733.0,2009,11,21.8,28.19,12.23,81.87,2.86,16.33,2.32,0.78,0.77
Chandgad,15.9012,74.2467,733.0,2009,12,21.31,29.64,13.35,71.69,0.29,16.49,1.96,0.63,0.64
Chandgad,15.9012,74.2467,733.0,2009,13,24.49,41.54,12.23,69.6,4.43,18.44,2.69,0.58,0.69
Chandgad,15.9012,74.2467,733.0,2010,1,22.18,32.18,11.62,63.61,0.45,17.6,1.65,0.52,0.56
Chandgad,15.9012,74.2467,733.0,2010,2,24.96,37.84,14.14,49.45,0.0,21.52,1.91,0.3,0.52
Chandgad,15.9012,74.2467,733.0,2010,3,28.37,39.72,17.55,43.02,0.0,22.73,2.07,0.15,0.5
Chandgad,15.9012,74.2467,733.0,2010,4,28.97,41.2,17.61,52.5,0.56,23.77,2.02,0.23,0.51
Chandgad,15.9012,74.2467,733.0,2010,5,28.69,39.95,21.74,62.69,0.86,23.01,3.13,0.28,0.51
Chandgad,15.9012,74.2467,733.0,2010,6,25.01,36.35,21.18,83.25,12.93,17.18,3.83,0.71,0.7
Chandgad,15.9012,74.2467,733.0,2010,7,23.24,27.85,19.11,91.25,18.07,12.27,4.23,0.9,0.91
Chandgad,15.9012,74.2467,733.0,2010,8,23.12,28.06,20.4,91.97,10.38,14.14,3.81,0.92,0.95
Chandgad,15.9012,74.2467,733.0,2010,9,23.24,28.46,19.1,90.38,8.22,15.79,2.64,0.92,0.95
Chandgad,15.9012,74.2467,733.0,2010,10,23.03,29.01,15.29,87.59,4.09,16.37,1.95,0.89,0.91
Chandgad,15.9012,74.2467,733.0,2010,11,22.37,27.72,16.13,87.0,3.2,15.58,1.86,0.85,0.85
Chandgad,15.9012,74.2467,733.0,2010,12,19.7,27.92,9.93,74.18,0.04,17.13,1.91,0.71,0.7
Chandgad,15.9012,74.2467,733.0,2010,13,24.4,41.2,9.93,73.21,4.93,18.06,2.59,0.62,0.72
Chandgad,15.9012,74.2467,733.0,2011,1,21.07,33.15,10.15,53.13,0.0,20.29,1.9,0.51,0.58
Chandgad,15.9012,74.2467,733.0,2011,2,23.2,35.52,12.34,50.79,0.03,22.18,1.9,0.31,0.52
Chandgad,15.9012,74.2467,733.0,2011,3,27.66,39.71,16.83,41.93,0.0,24.4,1.94,0.16,0.51
Chandgad,15.9012,74.2467,733.0,2011,4,27.59,39.9,15.38,54.98,0.99,23.64,2.16,0.3,0.51
Chandgad,15.9012,74.2467,733.0,2011,5,27.59,39.33,20.56,62.73,1.48,23.12,3.08,0.36,0.52
Chandgad,15.9012,74.2467,733.0,2011,6,24.39,29.9,20.68,84.69,8.18,12.88,4.97,0.69,0.67
Chandgad,15.9012,74.2467,733.0,2011,7,23.18,27.93,18.95,89.72,14.2,12.63,4.55,0.86,0.85
Chandgad,15.9012,74.2467,733.0,2011,8,22.9,26.79,19.3,91.55,12.99,12.64,4.17,0.91,0.92
Chandgad,15.9012,74.2467,733.0,2011,9,22.75,28.95,17.73,90.33,6.65,16.57,3.08,0.9,0.92
Chandgad,15.9012,74.2467,733.0,2011,10,23.31,29.44,17.82,84.38,3.26,18.31,1.82,0.81,0.81
Chandgad,15.9012,74.2467,733.0,2011,11,22.15,31.62,12.97,67.64,0.28,18.27,2.49,0.65,0.66
Chandgad,15.9012,74.2467,733.0,2011,12,22.23,32.77,11.22,51.28,0.0,18.18,2.18,0.45,0.55
Chandgad,15.9012,74.2467,733.0,2011,13,24.01,39.9,10.15,68.68,4.04,18.57,2.86,0.58,0.67
Chandgad,15.9012,74.2467,733.0,2012,1,22.17,34.41,11.14,48.81,0.0,19.7,1.83,0.25,0.51
Chandgad,15.9012,74.2467,733.0,2012,2,25.05,38.29,14.87,35.77,0.0,22.32,1.87,0.15,0.51
Chandgad,15.9012,74.2467,733.0,2012,3,26.73,40.1,11.37,39.9,0.0,24.33,1.99,0.12,0.5
Chandgad,15.9012,74.2467,733.0,2012,4,28.18,40.0,18.99,55.3,1.39,22.8,1.95,0.36,0.52
Chandgad,15.9012,74.2467,733.0,2012,5,28.06,40.15,19.27,59.22,0.44,23.31,3.44,0.29,0.51
Chandgad,15.9012,74.2467,733.0,2012,6,24.63,36.28,20.29,80.62,10.96,16.42,4.24,0.63,0.65
Chandgad,15.9012,74.2467,733.0,2012,7,23.35,27.9,20.29,89.66,9.96,13.04,4.55,0.86,0.87
Chandgad,15.9012,74.2467,733.0,2012,8,23.09,27.98,19.63,90.67,8.94,14.1,4.26,0.88,0.89
Chandgad,15.9012,74.2467,733.0,2012,9,23.0,29.62,18.15,89.01,4.54,16.39,3.06,0.85,0.87
Chandgad,15.9012,74.2467,733.0,2012,10,23.25,30.52,15.85,76.94,2.18,18.24,2.05,0.77,0.78
Chandgad,15.9012,74.2467,733.0,2012,11,22.55,32.19,10.99,70.9,0.85,17.0,1.42,0.63,0.64
Chandgad,15.9012,74.2467,733.0,2012,12,22.71,33.05,13.22,56.15,0.0,18.42,1.98,0.42,0.55
Chandgad,15.9012,74.2467,733.0,2012,13,24.39,40.15,10.99,66.16,3.28,18.83,2.73,0.52,0.65
Chandgad,15.9012,74.2467,733.0,2013,1,23.32,34.48,13.57,45.76,0.01,19.69,1.58,0.24,0.51
Chandgad,15.9012,74.2467,733.0,2013,2,25.36,36.61,13.14,45.02,0.18,21.31,1.84,0.2,0.51
Chandgad,15.9012,74.2467,733.0,2013,3,27.52,39.54,15.66,42.94,0.05,23.41,2.26,0.17,0.51
Chandgad,15.9012,74.2467,733.0,2013,4,27.94,40.65,17.22,53.15,0.5,25.35,2.59,0.18,0.5
Chandgad,15.9012,74.2467,733.0,2013,5,27.52,39.07,19.62,65.4,1.93,22.23,3.23,0.43,0.52
Chandgad,15.9012,74.2467,733.0,2013,6,24.13,30.37,21.4,87.08,11.18,13.52,4.75,0.76,0.73
Chandgad,15.9012,74.2467,733.0,2013,7,22.92,26.65,20.26,92.33,17.91,10.36,5.4,0.91,0.91
Chandgad,15.9012,74.2467,733.0,2013,8,22.73,27.56,20.12,90.74,5.61,14.46,3.96,0.9,0.92
Chandgad,15.9012,74.2467,733.0,2013,9,22.92,29.06,19.56,90.35,7.71,15.28,2.53,0.88,0.89
Chandgad,15.9012,74.2467,733.0,2013,10,22.83,29.67,15.27,86.63,2.72,17.06,2.01,0.84,0.85
Chandgad,15.9012,74.2467,733.0,2013,11,21.76,29.76,12.73,73.37,0.04,18.17,1.94,0.69,0.69
Chandgad,15.9012,74.2467,733.0,2013,12,20.85,31.84,10.79,55.27,0.0,19.06,2.01,0.48,0.57
Chandgad,15.9012,74.2467,733.0,2013,13,24.14,40.65,10.79,69.12,4.01,18.3,2.85,0.56,0.68
Chandgad,15.9012,74.2467,733.0,2014,1,22.72,32.77,13.51,52.99,0.0,17.87,1.95,0.31,0.52
Chandgad,15.9012,74.2467,733.0,2014,2,23.79,35.83,12.52,49.97,0.04,20.96,2.13,0.18,0.51
Chandgad,15.9012,74.2467,733.0,2014,3,26.78,40.17,12.05,45.05,0.32,23.44,2.03,0.24,0.51
Chandgad,15.9012,74.2467,733.0,2014,4,29.04,39.97,17.79,47.71,0.46,22.67,1.92,0.23,0.51
Chandgad,15.9012,74.2467,733.0,2014,5,27.71,39.53,19.46,63.82,3.29,22.74,2.26,0.49,0.55
Chandgad,15.9012,74.2467,733.0,2014,6,25.31,36.3,21.14,81.91,5.86,17.74,3.75,0.67,0.65
Chandgad,15.9012,74.2467,733.0,2014,7,23.64,29.88,20.5,89.1,16.99,12.3,5.09,0.83,0.81
Chandgad,15.9012,74.2467,733.0,2014,8,23.2,30.48,19.8,91.11,12.97,14.16,3.66,0.92,0.93
Chandgad,15.9012,74.2467,733.0,2014,9,23.22,29.7,19.5,89.27,3.89,15.81,2.85,0.88,0.9
Chandgad,15.9012,74.2467,733.0,2014,10,23.2,29.87,14.73,81.96,4.73,18.31,1.65,0.82,0.81
Chandgad,15.9012,74.2467,733.0,2014,11,21.47,29.86,12.06,72.15,1.0,17.81,2.02,0.73,0.72
Chandgad,15.9012,74.2467,733.0,2014,12,21.02,30.6,11.28,64.86,0.53,16.79,1.96,0.57,0.6
Chandgad,15.9012,74.2467,733.0,2014,13,24.26,40.17,11.28,69.28,4.22,18.36,2.61,0.58,0.67
Chandgad,15.9012,74.2467,733.0,2015,1,21.19,33.04,9.92,52.66,0.01,18.57,1.72,0.4,0.54
Chandgad,15.9012,74.2467,733.0,2015,2,24.07,36.14,14.36,42.01,0.36,22.67,1.79,0.21,0.51
Chandgad,15.9012,74.2467,733.0,2015,3,26.21,39.06,11.47,53.34,0.68,22.0,1.88,0.35,0.52
Chandgad,15.9012,74.2467,733.0,2015,4,27.96,40.87,17.47,53.85,0.99,24.33,2.02,0.34,0.52
Chandgad,15.9012,74.2467,733.0,2015,5,27.85,39.72,21.64,65.82,2.17,22.35,2.58,0.45,0.53
Chandgad,15.9012,74.2467,733.0,2015,6,24.42,34.67,19.63,84.37,11.54,15.36,4.25,0.72,0.69
Chandgad,15.9012,74.2467,733.0,2015,7,23.76,28.58,20.27,88.02,6.87,15.73,4.63,0.83,0.84
Chandgad,15.9012,74.2467,733.0,2015,8,23.51,29.64,20.12,88.95,6.11,15.76,3.46,0.84,0.86
Chandgad,15.9012,74.2467,733.0,2015,9,23.48,31.02,19.12,86.53,3.68,17.98,2.22,0.81,0.83
Chandgad,15.9012,74.2467,733.0,2015,10,24.43,32.03,18.39,77.71,2.16,18.41,1.34,0.75,0.76
Chandgad,15.9012,74.2467,733.0,2015,11,24.02,32.79,15.17,67.75,0.39,16.77,1.94,0.55,0.61
Chandgad,15.9012,74.2467,733.0,2015,12,23.73,34.34,12.74,52.78,0.04,17.71,2.05,0.39,0.54
Chandgad,15.9012,74.2467,733.0,2015,13,24.55,40.87,9.92,67.97,2.92,18.94,2.49,0.56,0.65
Chandgad,15.9012,74.2467,733.0,2016,1,22.98,35.91,13.84,44.76,0.0,18.32,1.75,0.21,0.51
Chandgad,15.9012,74.2467,733.0,2016,2,25.61,39.31,14.72,47.93,0.0,21.0,1.83,0.15,0.5
Chandgad,15.9012,74.2467,733.0,2016,3,28.15,40.62,16.1,44.99,0.27,23.21,2.05,0.17,0.5
Chandgad,15.9012,74.2467,733.0,2016,4,29.36,41.83,18.28,50.47,0.39,24.79,2.54,0.25,0.51
Chandgad,15.9012,74.2467,733.0,2016,5,28.64,40.9,19.86,61.36,0.87,23.51,3.05,0.34,0.52
Chandgad,15.9012,74.2467,733.0,2016,6,24.54,36.61,20.74,84.27,14.05,13.41,3.69,0.71,0.69
Chandgad,15.9012,74.2467,733.0,2016,7,23.03,27.03,20.22,93.08,22.03,12.08,4.23,0.95,0.96
Chandgad,15.9012,74.2467,733.0,2016,8,22.84,27.55,19.83,91.84,13.25,14.12,4.06,0.94,0.97
Chandgad,15.9012,74.2467,733.0,2016,9,22.32,28.11,17.71,90.71,5.03,15.12,2.83,0.89,0.91
Chandgad,15.9012,74.2467,733.0,2016,10,21.84,29.69,13.28,80.94,1.7,18.9,1.81,0.82,0.83
Chandgad,15.9012,74.2467,733.0,2016,11,20.89,33.05,12.18,61.5,0.54,18.82,2.01,0.64,0.65
Chandgad,15.9012,74.2467,733.0,2016,12,22.05,33.51,10.43,47.04,0.01,18.01,2.08,0.44,0.55
Chandgad,15.9012,74.2467,733.0,2016,13,24.35,41.83,10.43,66.62,4.87,18.43,2.66,0.54,0.68
Chandgad,15.9012,74.2467,733.0,2017,1,22.76,35.24,11.69,42.06,0.0,18.96,1.86,0.23,0.51
Chandgad,15.9012,74.2467,733.0,2017,2,25.12,38.04,13.95,37.27,0.0,22.8,2.03,0.15,0.5
Chandgad,15.9012,74.2467,733.0,2017,3,26.62,40.56,13.13,46.91,0.02,24.46,1.98,0.12,0.5
Chandgad,15.9012,74.2467,733.0,2017,4,29.02,41.38,18.78,49.68,0.23,25.14,2.43,0.12,0.5
Chandgad,15.9012,74.2467,733.0,2017,5,28.32,40.34,19.84,62.68,2.24,22.26,2.83,0.38,0.52
Chandgad,15.9012,74.2467,733.0,2017,6,24.64,33.2,20.76,84.23,8.43,15.14,4.09,0.7,0.67
Chandgad,15.9012,74.2467,733.0,2017,7,23.6,27.64,20.66,89.45,11.6,14.28,4.65,0.86,0.86
Chandgad,15.9012,74.2467,733.0,2017,8,23.32,28.31,19.05,89.64,7.52,15.08,3.3,0.86,0.87
Chandgad,15.9012,74.2467,733.0,2017,9,23.64,29.56,19.5,89.47,10.39,15.53,2.06,0.9,0.91
Chandgad,15.9012,74.2467,733.0,2017,10,23.12,29.4,15.59,86.2,3.97,16.36,1.4,0.89,0.91
Chandgad,15.9012,74.2467,733.0,2017,11,20.88,29.65,12.41,74.78,0.05,17.83,1.87,0.75,0.74
Chandgad,15.9012,74.2467,733.0,2017,12,20.95,30.38,11.85,61.96,0.2,17.26,2.23,0.56,0.6
Chandgad,15.9012,74.2467,733.0,2017,13,24.32,41.38,11.69,68.04,3.74,18.73,2.56,0.55,0.68
Chandgad,15.9012,74.2467,733.0,2018,1,22.14,33.46,11.96,45.4,0.01,18.25,1.59,0.36,0.53
Chandgad,15.9012,74.2467,733.0,2018,2,24.81,36.49,13.06,32.23,0.02,21.04,1.78,0.19,0.51
Chandgad,15.9012,74.2467,733.0,2018,3,27.3,39.45,16.93,43.81,0.26,22.34,1.72,0.2,0.51
Chandgad,15.9012,74.2467,733.0,2018,4,29.3,40.95,18.09,46.87,0.46,23.54,2.02,0.25,0.51
Chandgad,15.9012,74.2467,733.0,2018,5,27.48,40.97,19.78,67.57,3.1,21.44,2.37,0.45,0.55
Chandgad,15.9012,74.2467,733.0,2018,6,24.23,32.97,20.45,88.79,15.59,14.13,3.77,0.82,0.8
Chandgad,15.9012,74.2467,733.0,2018,7,23.05,26.8,20.01,92.0,14.61,11.3,4.98,0.93,0.94
Chandgad,15.9012,74.2467,733.0,2018,8,22.65,26.71,20.12,90.98,7.74,12.08,4.74,0.9,0.92
Chandgad,15.9012,74.2467,733.0,2018,9,22.85,29.3,17.68,86.92,4.47,19.87,2.02,0.85,0.86
Chandgad,15.9012,74.2467,733.0,2018,10,23.44,30.91,13.71,74.66,1.66,19.35,1.59,0.77,0.77
Chandgad,15.9012,74.2467,733.0,2018,11,22.98,32.17,12.94,62.6,0.54,18.27,1.82,0.6,0.62
Chandgad,15.9012,74.2467,733.0,2018,12,22.12,32.68,11.64,54.0,0.11,17.07,1.84,0.42,0.54
Chandgad,15.9012,74.2467,733.0,2018,13,24.35,40.97,11.64,65.7,4.07,18.19,2.53,0.56,0.67
Chandgad,15.9012,74.2467,733.0,2019,1,22.03,33.41,11.34,38.27,0.0,19.21,1.95,0.22,0.51
Chandgad,15.9012,74.2467,733.0,2019,2,24.92,38.2,12.16,39.54,0.0,22.3,1.93,0.15,0.5
Chandgad,15.9012,74.2467,733.0,2019,3,27.02,40.21,13.55,43.47,0.41,24.31,2.0,0.17,0.5
Chandgad,15.9012,74.2467,733.0,2019,4,29.31,41.76,18.12,49.26,0.64,24.25,2.11,0.3,0.51
Chandgad,15.9012,74.2467,733.0,2019,5,29.02,42.34,20.06,54.93,0.12,25.0,3.1,0.2,0.51
Chandgad,15.9012,74.2467,733.0,2019,6,26.06,38.65,21.03,77.58,12.43,15.5,3.62,0.57,0.6
Chandgad,15.9012,74.2467,733.0,2019,7,23.68,28.08,20.95,92.48,21.24,12.83,4.26,0.94,0.94
Chandgad,15.9012,74.2467,733.0,2019,8,23.23,27.53,19.99,92.57,27.77,12.35,4.42,0.96,0.98
Chandgad,15.9012,74.2467,733.0,2019,9,23.09,28.6,19.46,91.87,11.24,13.57,3.23,0.94,0.97
Chandgad,15.9012,74.2467,733.0,2019,10,23.01,28.46,18.53,90.02,10.82,15.45,1.82,0.93,0.96
Chandgad,15.9012,74.2467,733.0,2019,11,21.8,28.42,14.34,84.74,0.49,17.85,1.95,0.87,0.89
Chandgad,15.9012,74.2467,733.0,2019,12,21.76,29.66,15.39,79.67,0.07,16.08,1.97,0.71,0.7
Chandgad,15.9012,74.2467,733.0,2019,13,24.57,42.34,11.34,69.71,7.17,18.2,2.7,0.58,0.72
Chandgad,15.9012,74.2467,733.0,2020,1,21.84,33.25,11.29,66.95,0.01,18.6,1.7,0.53,0.57
Chandgad,15.9012,74.2467,733.0,2020,2,24.55,36.6,12.12,47.71,0.05,21.16,1.84,0.31,0.52
Chandgad,15.9012,74.2467,733.0,2020,3,26.78,39.7,15.74,50.67,0.46,23.59,2.12,0.27,0.51
Chandgad,15.9012,74.2467,733.0,2020,4,29.06,40.5,18.17,52.73,1.24,24.06,1.97,0.36,0.52
Chandgad,15.9012,74.2467,733.0,2020,5,29.32,41.67,21.99,60.04,1.43,22.16,2.66,0.36,0.52
Chandgad,15.9012,74.2467,733.0,2020,6,24.3,29.91,20.49,87.06,14.58,15.29,3.54,0.8,0.77
Chandgad,15.9012,74.2467,733.0,2020,7,23.36,28.07,20.35,91.56,17.3,13.42,3.42,0.93,0.94
Chandgad,15.9012,74.2467,733.0,2020,8,23.24,27.34,20.12,93.36,20.69,11.71,4.33,0.96,0.98
Chandgad,15.9012,74.2467,733.0,2020,9,23.18,29.93,19.61,91.59,12.58,15.12,2.46,0.95,0.98
Chandgad,15.9012,74.2467,733.0,2020,10,22.99,28.7,16.35,89.6,8.15,14.96,1.69,0.94,0.97
Chandgad,15.9012,74.2467,733.0,2020,11,21.75,27.8,13.07,84.11,0.01,17.66,2.32,0.83,0.84
Chandgad,15.9012,74.2467,733.0,2020,12,20.94,30.07,11.66,73.57,0.08,17.53,2.06,0.65,0.66
Chandgad,15.9012,74.2467,733.0,2020,13,24.27,41.67,11.29,74.17,6.41,17.92,2.51,0.66,0.73
Chandgad,15.9012,74.2467,733.0,2021,1,23.19,33.42,15.45,67.05,0.31,17.15,1.45,0.51,0.56
Chandgad,15.9012,74.2467,733.0,2021,2,24.06,36.64,13.81,49.67,0.33,20.55,1.95,0.34,0.52
Chandgad,15.9012,74.2467,733.0,2021,3,28.19,40.11,16.58,41.48,0.08,22.91,1.68,0.2,0.51
Chandgad,15.9012,74.2467,733.0,2021,4,28.69,40.07,18.27,53.1,1.3,23.2,1.92,0.32,0.51
Chandgad,15.9012,74.2467,733.0,2021,5,26.5,37.22,20.96,76.04,8.13,19.47,2.62,0.63,0.62
Chandgad,15.9012,74.2467,733.0,2021,6,23.94,31.03,20.15,88.62,16.71,15.42,3.41,0.85,0.84
Chandgad,15.9012,74.2467,733.0,2021,7,23.26,28.04,20.48,92.69,22.96,12.45,4.23,0.94,0.95
Chandgad,15.9012,74.2467,733.0,2021,8,23.0,28.01,18.91,89.87,4.64,15.08,3.16,0.9,0.93
Chandgad,15.9012,74.2467,733.0,2021,9,23.03,27.86,17.54,91.07,7.56,14.26,3.22,0.89,0.91
Chandgad,15.9012,74.2467,733.0,2021,10,23.51,29.14,15.62,86.48,4.25,17.55,1.56,0.87,0.89
Chandgad,15.9012,74.2467,733.0,2021,11,22.79,28.79,15.33,84.29,2.97,13.9,1.87,0.79,0.77
Chandgad,15.9012,74.2467,733.0,2021,12,20.76,28.28,11.41,78.96,2.05,16.37,1.63,0.75,0.74
Chandgad,15.9012,74.2467,733.0,2021,13,24.24,40.11,11.41,75.1,5.97,17.34,2.39,0.67,0.73
Chandgad,15.9012,74.2467,733.0,2022,1,20.35,32.82,10.38,67.74,0.01,18.65,1.77,0.55,0.6
Chandgad,15.9012,74.2467,733.0,2022,2,23.58,36.34,13.46,51.8,0.0,21.62,1.7,0.35,0.53
Chandgad,15.9012,74.2467,733.0,2022,3,27.77,40.35,16.8,47.38,0.4,20.97,1.84,0.25,0.51
Chandgad,15.9012,74.2467,733.0,2022,4,28.39,40.29,19.03,57.45,1.73,21.52,1.6,0.41,0.52
Chandgad,15.9012,74.2467,733.0,2022,5,27.19,38.84,20.25,69.35,2.24,19.35,3.12,0.46,0.54
Chandgad,15.9012,74.2467,733.0,2022,6,24.56,34.37,20.51,83.03,10.23,16.26,3.18,0.67,0.65
Chandgad,15.9012,74.2467,733.0,2022,7,23.26,29.41,20.76,91.5,16.92,12.04,4.23,0.92,0.92
Chandgad,15.9012,74.2467,733.0,2022,8,22.91,29.02,20.07,91.55,11.85,13.16,3.89,0.93,0.96
Chandgad,15.9012,74.2467,733.0,2022,9,22.89,29.28,18.12,91.08,8.51,16.08,2.61,0.93,0.95
Chandgad,15.9012,74.2467,733.0,2022,10,22.4,28.61,13.91,85.91,5.17,16.96,1.73,0.89,0.91
Chandgad,15.9012,74.2467,733.0,2022,11,21.12,28.56,11.43,80.58,0.07,16.83,2.02,0.77,0.76
Chandgad,15.9012,74.2467,733.0,2022,12,22.38,32.42,11.65,69.25,0.13,16.56,1.87,0.59,0.61
Chandgad,15.9012,74.2467,733.0,2022,13,23.9,40.35,10.38,74.02,4.81,17.46,2.47,0.65,0.71
Chandgad,15.9012,74.2467,733.0,2023,1,22.23,33.31,11.91,51.61,0.0,19.2,1.6,0.4,0.53
Chandgad,15.9012,74.2467,733.0,2023,2,25.68,37.42,14.72,27.31,0.0,22.23,2.09,0.19,0.51
Chandgad,15.9012,74.2467,733.0,2023,3,26.39,38.06,15.15,40.72,0.0,23.78,2.34,0.13,0.5
Chandgad,15.9012,74.2467,733.0,2023,4,28.4,40.83,15.81,48.68,0.45,24.31,1.97,0.24,0.51
Chandgad,15.9012,74.2467,733.0,2023,5,28.42,39.37,19.63,59.16,1.19,24.06,2.48,0.36,0.52
Chandgad,15.9012,74.2467,733.0,2023,6,26.27,37.23,20.87,75.17,5.94,19.31,3.73,0.51,0.55
Chandgad,15.9012,74.2467,733.0,2023,7,23.49,28.02,20.69,91.21,23.71,10.55,4.84,0.89,0.88
Chandgad,15.9012,74.2467,733.0,2023,8,23.32,28.73,19.4,89.35,3.68,16.68,3.21,0.88,0.9
Chandgad,15.9012,74.2467,733.0,2023,9,23.38,29.16,19.52,90.08,8.18,15.55,2.83,0.85,0.85
Chandgad,15.9012,74.2467,733.0,2023,10,23.8,30.73,15.16,79.58,1.39,17.42,1.7,0.81,0.82
Chandgad,15.9012,74.2467,733.0,2023,11,23.55,30.76,15.91,76.82,1.13,15.34,1.75,0.69,0.68
Chandgad,15.9012,74.2467,733.0,2023,12,23.11,33.31,14.75,58.28,0.03,16.48,2.16,0.48,0.57
Chandgad,15.9012,74.2467,733.0,2023,13,24.82,40.83,11.91,65.9,3.84,18.72,2.56,0.54,0.65
Gadhinglaj,16.1329,74.3877,853.0,1997,1,21.26,33.01,9.13,56.13,0.07,17.87,1.83,0.41,0.54
Gadhinglaj,16.1329,74.3877,853.0,1997,2,23.01,37.37,11.2,37.76,0.0,21.9,1.9,0.21,0.51
Gadhinglaj,16.1329,74.3877,853.0,1997,3,27.27,39.36,15.82,43.13,0.19,23.37,1.95,0.17,0.5
Gadhinglaj,16.1329,74.3877,853.0,1997,4,27.32,38.26,15.94,51.27,0.61,24.02,2.17,0.27,0.51
Gadhinglaj,16.1329,74.3877,853.0,1997,5,28.08,38.16,18.89,55.56,0.21,24.19,3.06,0.26,0.51
Gadhinglaj,16.1329,74.3877,853.0,1997,6,24.64,34.44,19.89,81.99,14.76,16.76,4.1,0.66,0.67
Gadhinglaj,16.1329,74.3877,853.0,1997,7,23.25,27.34,20.73,91.46,17.21,15.25,5.04,0.92,0.93
Gadhinglaj,16.1329,74.3877,853.0,1997,8,22.73,26.94,20.02,92.35,16.16,15.04,4.69,0.95,0.97
Gadhinglaj,16.1329,74.3877,853.0,1997,9,22.62,28.21,18.24,88.44,1.33,19.44,2.22,0.85,0.86
Gadhinglaj,16.1329,74.3877,853.0,1997,10,24.03,31.69,17.76,80.08,1.7,19.06,1.27,0.7,0.69
Gadhinglaj,16.1329,74.3877,853.0,1997,11,23.55,31.3,17.76,79.21,1.41,17.2,1.58,0.61,0.62
Gadhinglaj,16.1329,74.3877,853.0,1997,12,22.31,31.41,12.43,72.95,1.26,17.11,1.57,0.56,0.58
Gadhinglaj,16.1329,74.3877,853.0,1997,13,24.18,39.36,9.13,69.39,4.61,19.25,2.62,0.55,0.66
Gadhinglaj,16.1329,74.3877,853.0,1998,1,22.63,34.83,12.0,56.8,0.0,18.38,1.98,0.37,0.52
Gadhinglaj,16.1329,74.3877,853.0,1998,2,23.86,36.84,11.93,48.35,0.01,21.11,2.2,0.19,0.51
Gadhinglaj,16.1329,74.3877,853.0,1998,3,26.69,40.59,13.5,48.74,0.0,23.77,2.24,0.14,0.5
Gadhinglaj,16.1329,74.3877,853.0,1998,4,30.29,42.13,20.55,46.03,0.12,24.13,2.35,0.11,0.5
Gadhinglaj,16.1329,74.3877,853.0,1998,5,28.68,41.94,20.44,64.21,2.48,23.42,2.67,0.45,0.54
Gadhinglaj,16.1329,74.3877,853.0,1998,6,25.17,38.22,20.77,81.73,15.62,17.91,3.92,0.68,0.67
Gadhinglaj,16.1329,74.3877,853.0,1998,7,23.41,28.08,20.12,91.19,10.5,15.15,4.31,0.9,0.91
Gadhinglaj,16.1329,74.3877,853.0,1998,8,23.47,28.0,20.57,91.54,10.29,15.29,3.38,0.92,0.94
Gadhinglaj,16.1329,74.3877,853.0,1998,9,23.21,28.51,20.08,91.11,7.39,15.98,2.79,0.91,0.93
Gadhinglaj,16.1329,74.3877,853.0,1998,10,22.57,28.92,14.25,88.64,2.98,16.85,2.03,0.87,0.88
Gadhinglaj,16.1329,74.3877,853.0,1998,11,20.89,28.71,11.0,79.97,1.38,18.8,1.76,0.77,0.76
Gadhinglaj,16.1329,74.3877,853.0,1998,12,19.66,30.41,10.56,61.49,0.05,17.88,2.6,0.58,0.61
Gadhinglaj,16.1329,74.3877,853.0,1998,13,24.21,42.13,10.56,70.96,4.25,19.04,2.69,0.58,0.69
Gadhinglaj,16.1329,74.3877,853.0,1999,1,21.05,33.88,11.28,47.38,0.0,19.98,1.95,0.38,0.53
Gadhinglaj,16.1329,74.3877,853.0,1999,2,25.7,37.82,12.85,38.1,0.05,22.53,2.02,0.21,0.51
Gadhinglaj,16.1329,74.3877,853.0,1999,3,28.12,41.08,16.61,40.23,0.0,25.6,1.94,0.14,0.5
Gadhinglaj,16.1329,74.3877,853.0,1999,4,28.42,41.93,19.22,54.79,0.01,26.13,2.68,0.11,0.5
Gadhinglaj,16.1329,74.3877,853.0,1999,5,25.88,41.28,20.58,72.05,4.22,21.17,2.81,0.42,0.55
Gadhinglaj,16.1329,74.3877,853.0,1999,6,23.63,31.32,19.42,87.04,13.91,16.55,4.4,0.8,0.78
Gadhinglaj,16.1329,74.3877,853.0,1999,7,22.99,27.55,20.42,91.52,17.06,14.48,4.84,0.91,0.92
Gadhinglaj,16.1329,74.3877,853.0,1999,8,22.68,27.35,19.57,90.01,3.62,15.09,3.84,0.88,0.9
Gadhinglaj,16.1329,74.3877,853.0,1999,9,22.74,28.98,18.39,88.36,3.08,17.69,2.62,0.81,0.81
Gadhinglaj,16.1329,74.3877,853.0,1999,10,23.12,29.68,14.63,83.02,4.13,18.35,1.79,0.79,0.77
Gadhinglaj,16.1329,74.3877,853.0,1999,11,22.03,31.99,12.43,65.89,0.05,19.69,2.0,0.59,0.62
Gadhinglaj,16.1329,74.3877,853.0,1999,12,21.58,32.29,10.73,49.84,0.0,19.19,2.04,0.4,0.53
Gadhinglaj,16.1329,74.3877,853.0,1999,13,23.98,41.93,10.73,67.52,3.87,19.68,2.75,0.54,0.66
Gadhinglaj,16.1329,74.3877,853.0,2000,1,23.37,35.84,12.31,38.34,0.02,19.66,2.05,0.21,0.51
Gadhinglaj,16.1329,74.3877,853.0,2000,2,23.41,35.28,12.35,52.99,0.09,22.51,2.21,0.16,0.5
Gadhinglaj,16.1329,74.3877,853.0,2000,3,26.57,39.27,14.75,42.04,0.0,24.93,1.95,0.15,0.5
Gadhinglaj,16.1329,74.3877,853.0,2000,4,28.59,42.05,18.4,55.29,0.61,26.31,2.62,0.28,0.51
Gadhinglaj,16.1329,74.3877,853.0,2000,5,26.39,42.14,20.68,70.38,3.84,22.55,3.26,0.45,0.54
Gadhinglaj,16.1329,74.3877,853.0,2000,6,23.72,29.2,19.69,87.8,9.81,16.09,4.04,0.79,0.77
Gadhinglaj,16.1329,74.3877,853.0,2000,7,22.65,27.79,19.28,90.53,12.67,16.34,4.64,0.89,0.9
Gadhinglaj,16.1329,74.3877,853.0,2000,8,22.7,27.91,19.21,90.0,7.95,15.09,4.01,0.86,0.87
Gadhinglaj,16.1329,74.3877,853.0,2000,9,23.41,29.72,18.98,87.47,4.87,18.26,2.32,0.85,0.86
Gadhinglaj,16.1329,74.3877,853.0,2000,10,23.31,30.31,15.49,80.61,2.67,18.95,1.15,0.81,0.81
Gadhinglaj,16.1329,74.3877,853.0,2000,11,22.06,31.35,13.72,66.76,0.26,19.11,2.0,0.65,0.66
Gadhinglaj,16.1329,74.3877,853.0,2000,12,21.22,32.86,11.46,45.08,0.19,18.02,2.43,0.43,0.55
Gadhinglaj,16.1329,74.3877,853.0,2000,13,23.95,42.14,11.46,67.28,3.6,19.8,2.73,0.55,0.67
Gadhinglaj,16.1329,74.3877,853.0,2001,1,23.32,35.04,13.18,43.82,0.06,18.04,1.78,0.3,0.52
Gadhinglaj,16.1329,74.3877,853.0,2001,2,24.99,38.14,13.73,36.16,0.0,22.85,1.7,0.15,0.5
Gadhinglaj,16.1329,74.3877,853.0,2001,3,25.79,38.99,14.82,48.62,0.0,24.88,2.37,0.12,0.5
Gadhinglaj,16.1329,74.3877,853.0,2001,4,28.69,40.97,17.25,51.96,0.61,24.17,2.03,0.27,0.51
Gadhinglaj,16.1329,74.3877,853.0,2001,5,27.27,42.25,20.44,64.28,2.0,24.75,3.51,0.32,0.53
Gadhinglaj,16.1329,74.3877,853.0,2001,6,24.04,31.76,20.45,83.31,7.04,17.39,5.0,0.66,0.65
Gadhinglaj,16.1329,74.3877,853.0,2001,7,23.12,27.7,19.53,88.35,10.13,14.44,4.92,0.82,0.82
Gadhinglaj,16.1329,74.3877,853.0,2001,8,22.66,27.19,19.78,90.61,7.17,14.41,4.29,0.87,0.89
Gadhinglaj,16.1329,74.3877,853.0,2001,9,23.19,29.12,18.95,86.76,2.7,18.55,2.33,0.79,0.79
Gadhinglaj,16.1329,74.3877,853.0,2001,10,22.7,30.08,14.49,81.77,2.49,18.21,2.1,0.77,0.77
Gadhinglaj,16.1329,74.3877,853.0,2001,11,22.9,31.77,13.89,68.51,0.55,18.9,2.09,0.59,0.61
Gadhinglaj,16.1329,74.3877,853.0,2001,12,21.98,32.6,12.86,51.52,0.03,17.93,2.43,0.4,0.53
Gadhinglaj,16.1329,74.3877,853.0,2001,13,24.21,42.25,12.86,66.48,2.75,19.52,2.89,0.51,0.64
Gadhinglaj,16.1329,74.3877,853.0,2002,1,22.11,34.99,10.6,50.36,0.01,19.38,2.21,0.23,0.51
Gadhinglaj,16.1329,74.3877,853.0,2002,2,25.35,36.86,15.77,42.05,0.01,21.33,1.86,0.16,0.51
Gadhinglaj,16.1329,74.3877,853.0,2002,3,27.8,40.41,16.9,44.38,0.01,24.16,1.99,0.13,0.5
Gadhinglaj,16.1329,74.3877,853.0,2002,4,29.74,41.49,18.8,49.32,0.31,25.18,2.12,0.2,0.51
Gadhinglaj,16.1329,74.3877,853.0,2002,5,27.65,41.74,20.41,67.41,1.31,24.57,3.17,0.4,0.52
Gadhinglaj,16.1329,74.3877,853.0,2002,6,24.54,33.51,21.36,85.93,13.34,16.3,3.98,0.75,0.73
Gadhinglaj,16.1329,74.3877,853.0,2002,7,23.54,28.25,20.55,87.51,4.6,15.9,4.61,0.82,0.84
Gadhinglaj,16.1329,74.3877,853.0,2002,8,22.88,28.09,19.3,89.61,9.23,14.19,4.46,0.86,0.88
Gadhinglaj,16.1329,74.3877,853.0,2002,9,23.13,31.36,18.29,85.01,1.51,20.52,2.56,0.77,0.79
Gadhinglaj,16.1329,74.3877,853.0,2002,10,24.0,33.16,17.52,79.39,4.09,18.18,1.87,0.74,0.72
Gadhinglaj,16.1329,74.3877,853.0,2002,11,23.26,33.86,14.69,62.73,0.1,19.27,1.77,0.55,0.6
Gadhinglaj,16.1329,74.3877,853.0,2002,12,22.44,33.58,13.49,48.73,0.0,18.09,1.9,0.35,0.52
Gadhinglaj,16.1329,74.3877,853.0,2002,13,24.69,41.74,10.6,66.18,2.89,19.74,2.72,0.5,0.64
Gadhinglaj,16.1329,74.3877,853.0,2003,1,23.61,35.24,12.68,47.0,0.0,18.13,1.66,0.2,0.51
Gadhinglaj,16.1329,74.3877,853.0,2003,2,25.76,37.73,15.32,44.94,0.07,22.06,1.78,0.18,0.51
Gadhinglaj,16.1329,74.3877,853.0,2003,3,27.61,39.65,16.0,45.33,0.41,23.73,2.0,0.22,0.51
Gadhinglaj,16.1329,74.3877,853.0,2003,4,29.2,40.97,18.3,49.41,1.04,24.85,2.0,0.31,0.51
Gadhinglaj,16.1329,74.3877,853.0,2003,5,28.82,41.09,19.76,57.99,0.41,26.34,3.44,0.27,0.51
Gadhinglaj,16.1329,74.3877,853.0,2003,6,25.43,39.13,20.44,80.01,10.15,18.8,4.1,0.56,0.64
Gadhinglaj,16.1329,74.3877,853.0,2003,7,23.6,27.46,20.99,90.68,9.18,15.2,4.34,0.87,0.88
Gadhinglaj,16.1329,74.3877,853.0,2003,8,23.36,27.79,20.85,89.49,5.15,15.08,4.05,0.84,0.86
Gadhinglaj,16.1329,74.3877,853.0,2003,9,23.24,30.52,19.2,86.59,2.28,18.07,3.13,0.78,0.8
Gadhinglaj,16.1329,74.3877,853.0,2003,10,23.57,31.06,14.42,80.05,2.99,18.95,1.53,0.73,0.72
Gadhinglaj,16.1329,74.3877,853.0,2003,11,23.21,32.61,13.64,63.62,0.08,18.85,2.02,0.55,0.6
Gadhinglaj,16.1329,74.3877,853.0,2003,12,22.21,32.87,12.43,46.73,0.05,18.66,2.12,0.36,0.52
Gadhinglaj,16.1329,74.3877,853.0,2003,13,24.96,41.09,12.43,65.27,2.66,19.87,2.69,0.49,0.63
Gadhinglaj,16.1329,74.3877,853.0,2004,1,22.46,34.31,12.76,49.78,0.0,19.27,1.88,0.21,0.51
Gadhinglaj,16.1329,74.3877,853.0,2004,2,24.97,37.89,13.33,38.88,0.01,22.55,1.73,0.15,0.5
Gadhinglaj,16.1329,74.3877,853.0,2004,3,28.49,40.51,17.62,44.57,0.02,25.04,1.79,0.12,0.5
Gadhinglaj,16.1329,74.3877,853.0,2004,4,28.86,41.75,18.21,51.26,0.53,25.99,2.31,0.24,0.51
Gadhinglaj,16.1329,74.3877,853.0,2004,5,26.19,38.74,20.75,73.64,4.96,21.8,3.11,0.55,0.56
Gadhinglaj,16.1329,74.3877,853.0,2004,6,23.76,30.0,20.77,88.45,11.07,17.08,4.39,0.82,0.8
Gadhinglaj,16.1329,74.3877,853.0,2004,7,23.24,28.35,20.17,89.39,7.65,15.71,4.05,0.85,0.86
Gadhinglaj,16.1329,74.3877,853.0,2004,8,22.73,27.38,19.61,90.63,9.84,14.81,4.89,0.9,0.91
Gadhinglaj,16.1329,74.3877,853.0,2004,9,23.0,29.17,18.84,88.15,3.61,17.19,2.21,0.82,0.83
Gadhinglaj,16.1329,74.3877,853.0,2004,10,22.98,31.01,14.8,79.36,1.43,20.23,2.17,0.74,0.74
Gadhinglaj,16.1329,74.3877,853.0,2004,11,22.68,32.11,13.23,62.59,0.64,18.4,2.3,0.56,0.6
Gadhinglaj,16.1329,74.3877,853.0,2004,12,21.65,32.68,12.01,45.18,0.0,19.21,2.38,0.35,0.53
Gadhinglaj,16.1329,74.3877,853.0,2004,13,24.24,41.75,12.01,66.91,3.32,19.76,2.77,0.53,0.65
Gadhinglaj,16.1329,74.3877,853.0,2005,1,23.06,34.73,12.03,46.51,0.03,18.59,1.76,0.19,0.51
Gadhinglaj,16.1329,74.3877,853.0,2005,2,24.9,38.4,13.04,43.37,0.0,22.64,1.98,0.15,0.5
Gadhinglaj,16.1329,74.3877,853.0,2005,3,26.95,40.42,14.93,45.19,0.02,24.88,2.05,0.13,0.5
Gadhinglaj,16.1329,74.3877,853.0,2005,4,28.22,40.14,18.04,53.87,1.52,23.3,1.8,0.34,0.52
Gadhinglaj,16.1329,74.3877,853.0,2005,5,28.01,41.35,19.21,61.08,1.45,24.97,2.86,0.37,0.52
Gadhinglaj,16.1329,74.3877,853.0,2005,6,24.79,34.24,20.27,85.11,14.3,18.19,3.98,0.72,0.7
Gadhinglaj,16.1329,74.3877,853.0,2005,7,23.41,26.84,20.68,92.55,18.87,13.57,4.54,0.93,0.94
Gadhinglaj,16.1329,74.3877,853.0,2005,8,22.9,27.65,19.89,92.27,10.1,14.36,4.12,0.94,0.97
Gadhinglaj,16.1329,74.3877,853.0,2005,9,23.04,28.62,19.26,91.79,10.86,14.77,3.29,0.93,0.96
Gadhinglaj,16.1329,74.3877,853.0,2005,10,22.77,29.23,14.57,85.32,3.72,18.54,1.67,0.89,0.92
Gadhinglaj,16.1329,74.3877,853.0,2005,11,19.45,27.51,11.23,75.43,0.07,19.47,2.37,0.76,0.75
Gadhinglaj,16.1329,74.3877,853.0,2005,12,20.33,29.93,10.88,62.01,0.0,18.32,2.09,0.57,0.6
Gadhinglaj,16.1329,74.3877,853.0,2005,13,23.98,41.35,10.88,69.68,5.1,19.28,2.71,0.58,0.7
Gadhinglaj,16.1329,74.3877,853.0,2006,1,22.14,34.58,10.94,44.72,0.0,19.95,2.1,0.37,0.53
Gadhinglaj,16.1329,74.3877,853.0,2006,2,24.89,37.91,13.45,36.77,0.0,23.18,1.86,0.17,0.51
Gadhinglaj,16.1329,74.3877,853.0,2006,3,26.06,39.34,14.5,52.03,0.7,24.13,2.0,0.29,0.51
Gadhinglaj,16.1329,74.3877,853.0,2006,4,28.46,40.89,18.67,50.58,0.13,25.45,2.62,0.19,0.51
Gadhinglaj,16.1329,74.3877,853.0,2006,5,27.69,40.37,21.05,64.73,8.4,23.12,3.1,0.38,0.54
Gadhinglaj,16.1329,74.3877,853.0,2006,6,23.87,28.76,20.46,89.53,12.89,18.53,3.46,0.87,0.87
Gadhinglaj,16.1329,74.3877,853.0,2006,7,22.98,26.8,20.24,91.4,11.95,13.43,5.49,0.92,0.94
Gadhinglaj,16.1329,74.3877,853.0,2006,8,22.46,27.11,19.54,92.02,11.45,13.88,4.48,0.94,0.96
Gadhinglaj,16.1329,74.3877,853.0,2006,9,23.28,29.93,19.23,90.2,7.5,17.59,2.53,0.9,0.91
Gadhinglaj,16.1329,74.3877,853.0,2006,10,23.12,29.25,17.13,84.02,4.55,18.21,2.17,0.87,0.89
Gadhinglaj,16.1329,74.3877,853.0,2006,11,22.05,28.71,15.35,82.45,1.25,16.33,2.08,0.74,0.72
Gadhinglaj,16.1329,74.3877,853.0,2006,12,20.53,30.68,11.46,63.64,0.0,18.22,2.21,0.57,0.6
Gadhinglaj,16.1329,74.3877,853.0,2006,13,23.95,40.89,10.94,70.36,4.94,19.3,2.85,0.6,0.71
Gadhinglaj,16.1329,74.3877,853.0,2007,1,22.47,34.13,11.89,47.13,0.0,19.34,1.59,0.37,0.53
Gadhinglaj,16.1329,74.3877,853.0,2007,2,23.95,36.37,12.38,49.86,0.0,22.21,1.94,0.19,0.51
Gadhinglaj,16.1329,74.3877,853.0,2007,3,27.66,40.03,15.82,46.13,0.01,23.51,2.03,0.14,0.5
Gadhinglaj,16.1329,74.3877,853.0,2007,4,29.18,41.21,19.01,51.9,0.84,24.51,1.97,0.28,0.51
Gadhinglaj,16.1329,74.3877,853.0,2007,5,27.47,39.76,20.4,66.22,2.25,24.42,2.98,0.41,0.53
Gadhinglaj,16.1329,74.3877,853.0,2007,6,24.62,35.35,20.3,86.42,20.77,16.36,4.09,0.75,0.73
Gadhinglaj,16.1329,74.3877,853.0,2007,7,23.47,27.98,20.22,91.78,13.52,14.69,4.47,0.94,0.96
Gadhinglaj,16.1329,74.3877,853.0,2007,8,22.96,27.16,20.31,92.36,14.44,15.1,4.11,0.94,0.97
Gadhinglaj,16.1329,74.3877,853.0,2007,9,23.07,28.73,19.08,91.48,10.06,15.41,2.93,0.93,0.96
Gadhinglaj,16.1329,74.3877,853.0,2007,10,22.59,28.84,15.18,83.57,1.44,18.01,1.82,0.87,0.88
Gadhinglaj,16.1329,74.3877,853.0,2007,11,20.31,28.0,9.87,74.53,1.31,19.35,2.04,0.75,0.74
Gadhinglaj,16.1329,74.3877,853.0,2007,12,21.37,32.47,12.64,64.37,0.02,17.42,2.13,0.56,0.6
Gadhinglaj,16.1329,74.3877,853.0,2007,13,24.09,41.21,9.87,70.59,5.4,19.17,2.68,0.6,0.7
Gadhinglaj,16.1329,74.3877,853.0,2008,1,21.61,33.39,10.5,48.04,0.0,19.83,1.9,0.35,0.52
Gadhinglaj,16.1329,74.3877,853.0,2008,2,23.45,36.23,11.41,49.14,0.41,20.87,1.84,0.28,0.51
Gadhinglaj,16.1329,74.3877,853.0,2008,3,25.95,37.3,16.19,52.5,2.41,22.24,1.6,0.37,0.53
Gadhinglaj,16.1329,74.3877,853.0,2008,4,27.31,39.67,15.2,58.26,0.99,25.36,1.91,0.46,0.53
Gadhinglaj,16.1329,74.3877,853.0,2008,5,27.0,38.31,20.13,65.38,1.83,25.89,3.26,0.33,0.52
Gadhinglaj,16.1329,74.3877,853.0,2008,6,24.1,31.98,20.48,86.41,9.76,16.64,4.41,0.75,0.73
Gadhinglaj,16.1329,74.3877,853.0,2008,7,23.58,28.42,20.57,87.95,7.5,16.0,4.28,0.81,0.8
Gadhinglaj,16.1329,74.3877,853.0,2008,8,22.95,28.97,19.08,90.97,13.13,14.72,3.69,0.91,0.92
Gadhinglaj,16.1329,74.3877,853.0,2008,9,22.8,28.77,17.81,89.82,7.8,16.38,2.73,0.89,0.91
Gadhinglaj,16.1329,74.3877,853.0,2008,10,22.93,29.84,13.8,79.48,1.34,20.27,2.0,0.8,0.8
Gadhinglaj,16.1329,74.3877,853.0,2008,11,22.45,32.21,13.56,67.13,0.69,17.54,2.36,0.6,0.62
Gadhinglaj,16.1329,74.3877,853.0,2008,12,21.87,32.22,11.76,57.71,0.21,17.77,2.08,0.48,0.56
Gadhinglaj,16.1329,74.3877,853.0,2008,13,23.83,39.67,10.5,69.44,3.85,19.46,2.67,0.59,0.66
Gadhinglaj,16.1329,74.3877,853.0,2009,1,23.1,36.15,13.12,45.02,0.0,19.74,1.94,0.27,0.51
Gadhinglaj,16.1329,74.3877,853.0,2009,2,25.69,39.3,14.86,41.3,0.0,22.27,1.62,0.15,0.51
Gadhinglaj,16.1329,74.3877,853.0,2009,3,28.04,39.33,17.83,42.9,0.19,23.33,1.85,0.17,0.51
Gadhinglaj,16.1329,74.3877,853.0,2009,4,29.18,41.54,19.67,50.87,0.39,23.9,2.24,0.26,0.51
Gadhinglaj,16.1329,74.3877,853.0,2009,5,27.85,40.24,20.63,62.74,1.24,24.42,3.04,0.38,0.52
Gadhinglaj,16.1329,74.3877,853.0,2009,6,24.55,31.76,20.43,83.07,7.88,18.98,3.53,0.65,0.64
Gadhinglaj,16.1329,74.3877,853.0,2009,7,23.17,27.35,20.41,91.63,20.49,13.51,5.7,0.92,0.92
Gadhinglaj,16.1329,74.3877,853.0,2009,8,23.25,28.92,20.29,90.17,5.67,16.55,3.41,0.88,0.9
Gadhinglaj,16.1329,74.3877,853.0,2009,9,23.52,29.28,19.95,89.67,8.49,16.16,2.44,0.89,0.91
Gadhinglaj,16.1329,74.3877,853.0,2009,10,22.56,28.66,14.35,82.41,5.35,17.51,2.1,0.89,0.9
Gadhinglaj,16.1329,74.3877,853.0,2009,11,21.8,28.19,12.23,81.87,2.86,16.42,2.32,0.78,0.77
Gadhinglaj,16.1329,74.3877,853.0,2009,12,21.31,29.64,13.35,71.69,0.29,16.59,1.96,0.63,0.64
Gadhinglaj,16.1329,74.3877,853.0,2009,13,24.49,41.54,12.23,69.6,4.43,19.09,2.69,0.58,0.69
Gadhinglaj,16.1329,74.3877,853.0,2010,1,22.18,32.18,11.62,63.61,0.45,17.16,1.65,0.52,0.56
Gadhinglaj,16.1329,74.3877,853.0,2010,2,24.96,37.84,14.14,49.45,0.0,21.29,1.91,0.3,0.52
Gadhinglaj,16.1329,74.3877,853.0,2010,3,28.37,39.72,17.55,43.02,0.0,22.76,2.07,0.15,0.5
Gadhinglaj,16.1329,74.3877,853.0,2010,4,28.97,41.2,17.61,52.5,0.56,24.24,2.02,0.23,0.51
Gadhinglaj,16.1329,74.3877,853.0,2010,5,28.69,39.95,21.74,62.69,0.86,24.73,3.13,0.28,0.51
Gadhinglaj,16.1329,74.3877,853.0,2010,6,25.01,36.35,21.18,83.25,12.93,18.24,3.83,0.71,0.7
Gadhinglaj,16.1329,74.3877,853.0,2010,7,23.24,27.85,19.11,91.25,18.07,13.8,4.23,0.9,0.91
Gadhinglaj,16.1329,74.3877,853.0,2010,8,23.12,28.06,20.4,91.97,10.38,14.76,3.81,0.92,0.95
Gadhinglaj,16.1329,74.3877,853.0,2010,9,23.24,28.46,19.1,90.38,8.22,16.59,2.64,0.92,0.95
Gadhinglaj,16.1329,74.3877,853.0,2010,10,23.03,29.01,15.29,87.59,4.09,17.75,1.95,0.89,0.91
Gadhinglaj,16.1329,74.3877,853.0,2010,11,22.37,27.72,16.13,87.0,3.2,15.63,1.86,0.85,0.85
Gadhinglaj,16.1329,74.3877,853.0,2010,12,19.7,27.92,9.93,74.18,0.04,17.05,1.91,0.71,0.7
Gadhinglaj,16.1329,74.3877,853.0,2010,13,24.4,41.2,9.93,73.21,4.93,18.65,2.59,0.62,0.72
Gadhinglaj,16.1329,74.3877,853.0,2011,1,21.07,33.15,10.15,53.13,0.0,19.78,1.9,0.51,0.58
Gadhinglaj,16.1329,74.3877,853.0,2011,2,23.2,35.52,12.34,50.79,0.03,21.94,1.9,0.31,0.52
Gadhinglaj,16.1329,74.3877,853.0,2011,3,27.66,39.71,16.83,41.93,0.0,24.6,1.94,0.16,0.51
Gadhinglaj,16.1329,74.3877,853.0,2011,4,27.59,39.9,15.38,54.98,0.99,23.95,2.16,0.3,0.51
Gadhinglaj,16.1329,74.3877,853.0,2011,5,27.59,39.33,20.56,62.73,1.48,24.21,3.08,0.36,0.52
Gadhinglaj,16.1329,74.3877,853.0,2011,6,24.39,29.9,20.68,84.69,8.18,14.76,4.97,0.69,0.67
Gadhinglaj,16.1329,74.3877,853.0,2011,7,23.18,27.93,18.95,89.72,14.2,14.28,4.55,0.86,0.85
Gadhinglaj,16.1329,74.3877,853.0,2011,8,22.9,26.79,19.3,91.55,12.99,14.0,4.17,0.91,0.92
Gadhinglaj,16.1329,74.3877,853.0,2011,9,22.75,28.95,17.73,90.33,6.65,17.59,3.08,0.9,0.92
Gadhinglaj,16.1329,74.3877,853.0,2011,10,23.31,29.44,17.82,84.38,3.26,18.23,1.82,0.81,0.81
Gadhinglaj,16.1329,74.3877,853.0,2011,11,22.15,31.62,12.97,67.64,0.28,18.05,2.49,0.65,0.66
Gadhinglaj,16.1329,74.3877,853.0,2011,12,22.23,32.77,11.22,51.28,0.0,17.89,2.18,0.45,0.55
Gadhinglaj,16.1329,74.3877,853.0,2011,13,24.01,39.9,10.15,68.68,4.04,19.09,2.86,0.58,0.67
Gadhinglaj,16.1329,74.3877,853.0,2012,1,22.17,34.41,11.14,48.81,0.0,19.59,1.83,0.25,0.51
Gadhinglaj,16.1329,74.3877,853.0,2012,2,25.05,38.29,14.87,35.77,0.0,22.29,1.87,0.15,0.51
Gadhinglaj,16.1329,74.3877,853.0,2012,3,26.73,40.1,11.37,39.9,0.0,24.82,1.99,0.12,0.5
Gadhinglaj,16.1329,74.3877,853.0,2012,4,28.18,40.0,18.99,55.3,1.39,23.96,1.95,0.36,0.52
Gadhinglaj,16.1329,74.3877,853.0,2012,5,28.06,40.15,19.27,59.22,0.44,24.52,3.44,0.29,0.51
Gadhinglaj,16.1329,74.3877,853.0,2012,6,24.63,36.28,20.29,80.62,10.96,18.88,4.24,0.63,0.65
Gadhinglaj,16.1329,74.3877,853.0,2012,7,23.35,27.9,20.29,89.66,9.96,14.17,4.55,0.86,0.87
Gadhinglaj,16.1329,74.3877,853.0,2012,8,23.09,27.98,19.63,90.67,8.94,15.48,4.26,0.88,0.89
Gadhinglaj,16.1329,74.3877,853.0,2012,9,23.0,29.62,18.15,89.01,4.54,16.8,3.06,0.85,0.87
Gadhinglaj,16.1329,74.3877,853.0,2012,10,23.25,30.52,15.85,76.94,2.18,18.24,2.05,0.77,0.78
Gadhinglaj,16.1329,74.3877,853.0,2012,11,22.55,32.19,10.99,70.9,0.85,17.06,1.42,0.63,0.64
Gadhinglaj,16.1329,74.3877,853.0,2012,12,22.71,33.05,13.22,56.15,0.0,18.28,1.98,0.42,0.55
Gadhinglaj,16.1329,74.3877,853.0,2012,13,24.39,40.15,10.99,66.16,3.28,19.5,2.73,0.52,0.65
Gadhinglaj,16.1329,74.3877,853.0,2013,1,23.32,34.48,13.57,45.76,0.01,19.42,1.58,0.24,0.51
Gadhinglaj,16.1329,74.3877,853.0,2013,2,25.36,36.61,13.14,45.02,0.18,21.21,1.84,0.2,0.51
Gadhinglaj,16.1329,74.3877,853.0,2013,3,27.52,39.54,15.66,42.94,0.05,23.66,2.26,0.17,0.51
Gadhinglaj,16.1329,74.3877,853.0,2013,4,27.94,40.65,17.22,53.15,0.5,25.97,2.59,0.18,0.5
Gadhinglaj,16.1329,74.3877,853.0,2013,5,27.52,39.07,19.62,65.4,1.93,23.86,3.23,0.43,0.52
Gadhinglaj,16.1329,74.3877,853.0,2013,6,24.13,30.37,21.4,87.08,11.18,14.91,4.75,0.76,0.73
Gadhinglaj,16.1329,74.3877,853.0,2013,7,22.92,26.65,20.26,92.33,17.91,11.68,5.4,0.91,0.91
Gadhinglaj,16.1329,74.3877,853.0,2013,8,22.73,27.56,20.12,90.74,5.61,15.63,3.96,0.9,0.92
Gadhinglaj,16.1329,74.3877,853.0,2013,9,22.92,29.06,19.56,90.35,7.71,16.75,2.53,0.88,0.89
Gadhinglaj,16.1329,74.3877,853.0,2013,10,22.83,29.67,15.27,86.63,2.72,17.77,2.01,0.84,0.85
Gadhinglaj,16.1329,74.3877,853.0,2013,11,21.76,29.76,12.73,73.37,0.04,17.87,1.94,0.69,0.69
Gadhinglaj,16.1329,74.3877,853.0,2013,12,20.85,31.84,10.79,55.27,0.0,18.72,2.01,0.48,0.57
Gadhinglaj,16.1329,74.3877,853.0,2013,13,24.14,40.65,10.79,69.12,4.01,18.94,2.85,0.56,0.68
Gadhinglaj,16.1329,74.3877,853.0,2014,1,22.72,32.77,13.51,52.99,0.0,17.55,1.95,0.31,0.52
Gadhinglaj,16.1329,74.3877,853.0,2014,2,23.79,35.83,12.52,49.97,0.04,20.67,2.13,0.18,0.51
Gadhinglaj,16.1329,74.3877,853.0,2014,3,26.78,40.17,12.05,45.05,0.32,23.15,2.03,0.24,0.51
Gadhinglaj,16.1329,74.3877,853.0,2014,4,29.04,39.97,17.79,47.71,0.46,22.58,1.92,0.23,0.51
Gadhinglaj,16.1329,74.3877,853.0,2014,5,27.71,39.53,19.46,63.82,3.29,23.09,2.26,0.49,0.55
Gadhinglaj,16.1329,74.3877,853.0,2014,6,25.31,36.3,21.14,81.91,5.86,20.14,3.75,0.67,0.65
Gadhinglaj,16.1329,74.3877,853.0,2014,7,23.64,29.88,20.5,89.1,16.99,13.85,5.09,0.83,0.81
Gadhinglaj,16.1329,74.3877,853.0,2014,8,23.2,30.48,19.8,91.11,12.97,15.16,3.66,0.92,0.93
Gadhinglaj,16.1329,74.3877,853.0,2014,9,23.22,29.7,19.5,89.27,3.89,16.97,2.85,0.88,0.9
Gadhinglaj,16.1329,74.3877,853.0,2014,10,23.2,29.87,14.73,81.96,4.73,18.74,1.65,0.82,0.81
Gadhinglaj,16.1329,74.3877,853.0,2014,11,21.47,29.86,12.06,72.15,1.0,17.58,2.02,0.73,0.72
Gadhinglaj,16.1329,74.3877,853.0,2014,12,21.02,30.6,11.28,64.86,0.53,16.83,1.96,0.57,0.6
Gadhinglaj,16.1329,74.3877,853.0,2014,13,24.26,40.17,11.28,69.28,4.22,18.84,2.61,0.58,0.67
Gadhinglaj,16.1329,74.3877,853.0,2015,1,21.19,33.04,9.92,52.66,0.01,18.12,1.72,0.4,0.54
Gadhinglaj,16.1329,74.3877,853.0,2015,2,24.07,36.14,14.36,42.01,0.36,22.36,1.79,0.21,0.51
Gadhinglaj,16.1329,74.3877,853.0,2015,3,26.21,39.06,11.47,53.34,0.68,21.92,1.88,0.35,0.52
Gadhinglaj,16.1329,74.3877,853.0,2015,4,27.96,40.87,17.47,53.85,0.99,24.93,2.02,0.34,0.52
Gadhinglaj,16.1329,74.3877,853.0,2015,5,27.85,39.72,21.64,65.82,2.17,23.63,2.58,0.45,0.53
Gadhinglaj,16.1329,74.3877,853.0,2015,6,24.42,34.67,19.63,84.37,11.54,17.54,4.25,0.72,0.69
Gadhinglaj,16.1329,74.3877,853.0,2015,7,23.76,28.58,20.27,88.02,6.87,17.12,4.63,0.83,0.84
Gadhinglaj,16.1329,74.3877,853.0,2015,8,23.51,29.64,20.12,88.95,6.11,16.57,3.46,0.84,0.86
Gadhinglaj,16.1329,74.3877,853.0,2015,9,23.48,31.02,19.12,86.53,3.68,18.71,2.22,0.81,0.83
Gadhinglaj,16.1329,74.3877,853.0,2015,10,24.43,32.03,18.39,77.71,2.16,18.75,1.34,0.75,0.76
Gadhinglaj,16.1329,74.3877,853.0,2015,11,24.02,32.79,15.17,67.75,0.39,17.28,1.94,0.55,0.61
Gadhinglaj,16.1329,74.3877,853.0,2015,12,23.73,34.34,12.74,52.78,0.04,17.54,2.05,0.39,0.54
Gadhinglaj,16.1329,74.3877,853.0,2015,13,24.55,40.87,9.92,67.97,2.92,19.52,2.49,0.56,0.65
Gadhinglaj,16.1329,74.3877,853.0,2016,1,22.98,35.91,13.84,44.76,0.0,18.41,1.75,0.21,0.51
Gadhinglaj,16.1329,74.3877,853.0,2016,2,25.61,39.31,14.72,47.93,0.0,20.99,1.83,0.15,0.5
Gadhinglaj,16.1329,74.3877,853.0,2016,3,28.15,40.62,16.1,44.99,0.27,23.37,2.05,0.17,0.5
Gadhinglaj,16.1329,74.3877,853.0,2016,4,29.36,41.83,18.28,50.47,0.39,24.84,2.54,0.25,0.51
Gadhinglaj,16.1329,74.3877,853.0,2016,5,28.64,40.9,19.86,61.36,0.87,24.74,3.05,0.34,0.52
Gadhinglaj,16.1329,74.3877,853.0,2016,6,24.54,36.61,20.74,84.27,14.05,15.37,3.69,0.71,0.69
Gadhinglaj,16.1329,74.3877,853.0,2016,7,23.03,27.03,20.22,93.08,22.03,12.5,4.23,0.95,0.96
Gadhinglaj,16.1329,74.3877,853.0,2016,8,22.84,27.55,19.83,91.84,13.25,14.72,4.06,0.94,0.97
Gadhinglaj,16.1329,74.3877,853.0,2016,9,22.32,28.11,17.71,90.71,5.03,15.93,2.83,0.89,0.91
Gadhinglaj,16.1329,74.3877,853.0,2016,10,21.84,29.69,13.28,80.94,1.7,18.92,1.81,0.82,0.83
Gadhinglaj,16.1329,74.3877,853.0,2016,11,20.89,33.05,12.18,61.5,0.54,18.83,2.01,0.64,0.65
Gadhinglaj,16.1329,74.3877,853.0,2016,12,22.05,33.51,10.43,47.04,0.01,17.9,2.08,0.44,0.55
Gadhinglaj,16.1329,74.3877,853.0,2016,13,24.35,41.83,10.43,66.62,4.87,18.87,2.66,0.54,0.68
Gadhinglaj,16.1329,74.3877,853.0,2017,1,22.76,35.24,11.69,42.06,0.0,18.74,1.86,0.23,0.51
Gadhinglaj,16.1329,74.3877,853.0,2017,2,25.12,38.04,13.95,37.27,0.0,22.65,2.03,0.15,0.5
Gadhinglaj,16.1329,74.3877,853.0,2017,3,26.62,40.56,13.13,46.91,0.02,24.66,1.98,0.12,0.5
Gadhinglaj,16.1329,74.3877,853.0,2017,4,29.02,41.38,18.78,49.68,0.23,25.72,2.43,0.12,0.5
Gadhinglaj,16.1329,74.3877,853.0,2017,5,28.32,40.34,19.84,62.68,2.24,23.62,2.83,0.38,0.52
Gadhinglaj,16.1329,74.3877,853.0,2017,6,24.64,33.2,20.76,84.23,8.43,17.19,4.09,0.7,0.67
Gadhinglaj,16.1329,74.3877,853.0,2017,7,23.6,27.64,20.66,89.45,11.6,15.39,4.65,0.86,0.86
Gadhinglaj,16.1329,74.3877,853.0,2017,8,23.32,28.31,19.05,89.64,7.52,15.7,3.3,0.86,0.87
Gadhinglaj,16.1329,74.3877,853.0,2017,9,23.64,29.56,19.5,89.47,10.39,16.13,2.06,0.9,0.91
Gadhinglaj,16.1329,74.3877,853.0,2017,10,23.12,29.4,15.59,86.2,3.97,16.86,1.4,0.89,0.91
Gadhinglaj,16.1329,74.3877,853.0,2017,11,20.88,29.65,12.41,74.78,0.05,18.07,1.87,0.75,0.74
Gadhinglaj,16.1329,74.3877,853.0,2017,12,20.95,30.38,11.85,61.96,0.2,16.75,2.23,0.56,0.6
Gadhinglaj,16.1329,74.3877,853.0,2017,13,24.32,41.38,11.69,68.04,3.74,19.26,2.56,0.55,0.68
Gadhinglaj,16.1329,74.3877,853.0,2018,1,22.14,33.46,11.96,45.4,0.01,17.99,1.59,0.36,0.53
Gadhinglaj,16.1329,74.3877,853.0,2018,2,24.81,36.49,13.06,32.23,0.02,20.81,1.78,0.19,0.51
Gadhinglaj,16.1329,74.3877,853.0,2018,3,27.3,39.45,16.93,43.81,0.26,22.02,1.72,0.2,0.51
Gadhinglaj,16.1329,74.3877,853.0,2018,4,29.3,40.95,18.09,46.87,0.46,24.03,2.02,0.25,0.51
Gadhinglaj,16.1329,74.3877,853.0,2018,5,27.48,40.97,19.78,67.57,3.1,22.2,2.37,0.45,0.55
Gadhinglaj,16.1329,74.3877,853.0,2018,6,24.23,32.97,20.45,88.79,15.59,15.86,3.77,0.82,0.8
Gadhinglaj,16.1329,74.3877,853.0,2018,7,23.05,26.8,20.01,92.0,14.61,12.03,4.98,0.93,0.94
Gadhinglaj,16.1329,74.3877,853.0,2018,8,22.65,26.71,20.12,90.98,7.74,12.8,4.74,0.9,0.92
Gadhinglaj,16.1329,74.3877,853.0,2018,9,22.85,29.3,17.68,86.92,4.47,19.86,2.02,0.85,0.86
Gadhinglaj,16.1329,74.3877,853.0,2018,10,23.44,30.91,13.71,74.66,1.66,19.72,1.59,0.77,0.77
Gadhinglaj,16.1329,74.3877,853.0,2018,11,22.98,32.17,12.94,62.6,0.54,17.95,1.82,0.6,0.62
Gadhinglaj,16.1329,74.3877,853.0,2018,12,22.12,32.68,11.64,54.0,0.11,16.69,1.84,0.42,0.54
Gadhinglaj,16.1329,74.3877,853.0,2018,13,24.35,40.97,11.64,65.7,4.07,18.47,2.53,0.56,0.67
Gadhinglaj,16.1329,74.3877,853.0,2019,1,22.03,33.41,11.34,38.27,0.0,18.83,1.95,0.22,0.51
Gadhinglaj,16.1329,74.3877,853.0,2019,2,24.92,38.2,12.16,39.54,0.0,22.1,1.93,0.15,0.5
Gadhinglaj,16.1329,74.3877,853.0,2019,3,27.02,40.21,13.55,43.47,0.41,24.41,2.0,0.17,0.5
Gadhinglaj,16.1329,74.3877,853.0,2019,4,29.31,41.76,18.12,49.26,0.64,24.75,2.11,0.3,0.51
Gadhinglaj,16.1329,74.3877,853.0,2019,5,29.02,42.34,20.06,54.93,0.12,25.63,3.1,0.2,0.51
Gadhinglaj,16.1329,74.3877,853.0,2019,6,26.06,38.65,21.03,77.58,12.43,17.72,3.62,0.57,0.6
Gadhinglaj,16.1329,74.3877,853.0,2019,7,23.68,28.08,20.95,92.48,21.24,14.33,4.26,0.94,0.94
Gadhinglaj,16.1329,74.3877,853.0,2019,8,23.23,27.53,19.99,92.57,27.77,13.94,4.42,0.96,0.98
Gadhinglaj,16.1329,74.3877,853.0,2019,9,23.09,28.6,19.46,91.87,11.24,14.34,3.23,0.94,0.97
Gadhinglaj,16.1329,74.3877,853.0,2019,10,23.01,28.46,18.53,90.02,10.82,15.73,1.82,0.93,0.96
Gadhinglaj,16.1329,74.3877,853.0,2019,11,21.8,28.42,14.34,84.74,0.49,17.27,1.95,0.87,0.89
Gadhinglaj,16.1329,74.3877,853.0,2019,12,21.76,29.66,15.39,79.67,0.07,15.39,1.97,0.71,0.7
Gadhinglaj,16.1329,74.3877,853.0,2019,13,24.57,42.34,11.34,69.71,7.17,18.68,2.7,0.58,0.72
Gadhinglaj,16.1329,74.3877,853.0,2020,1,21.84,33.25,11.29,66.95,0.01,17.83,1.7,0.53,0.57
Gadhinglaj,16.1329,74.3877,853.0,2020,2,24.55,36.6,12.12,47.71,0.05,20.73,1.84,0.31,0.52
Gadhinglaj,16.1329,74.3877,853.0,2020,3,26.78,39.7,15.74,50.67,0.46,23.32,2.12,0.27,0.51
Gadhinglaj,16.1329,74.3877,853.0,2020,4,29.06,40.5,18.17,52.73,1.24,24.15,1.97,0.36,0.52
Gadhinglaj,16.1329,74.3877,853.0,2020,5,29.32,41.67,21.99,60.04,1.43,23.69,2.66,0.36,0.52
Gadhinglaj,16.1329,74.3877,853.0,2020,6,24.3,29.91,20.49,87.06,14.58,17.11,3.54,0.8,0.77
Gadhinglaj,16.1329,74.3877,853.0,2020,7,23.36,28.07,20.35,91.56,17.3,14.89,3.42,0.93,0.94
Gadhinglaj,16.1329,74.3877,853.0,2020,8,23.24,27.34,20.12,93.36,20.69,12.62,4.33,0.96,0.98
Gadhinglaj,16.1329,74.3877,853.0,2020,9,23.18,29.93,19.61,91.59,12.58,16.03,2.46,0.95,0.98
Gadhinglaj,16.1329,74.3877,853.0,2020,10,22.99,28.7,16.35,89.6,8.15,15.29,1.69,0.94,0.97
Gadhinglaj,16.1329,74.3877,853.0,2020,11,21.75,27.8,13.07,84.11,0.01,17.18,2.32,0.83,0.84
Gadhinglaj,16.1329,74.3877,853.0,2020,12,20.94,30.07,11.66,73.57,0.08,17.33,2.06,0.65,0.66
Gadhinglaj,16.1329,74.3877,853.0,2020,13,24.27,41.67,11.29,74.17,6.41,18.33,2.51,0.66,0.73
Gadhinglaj,16.1329,74.3877,853.0,2021,1,23.19,33.42,15.45,67.05,0.31,16.84,1.45,0.51,0.56
Gadhinglaj,16.1329,74.3877,853.0,2021,2,24.06,36.64,13.81,49.67,0.33,20.51,1.95,0.34,0.52
Gadhinglaj,16.1329,74.3877,853.0,2021,3,28.19,40.11,16.58,41.48,0.08,23.04,1.68,0.2,0.51
Gadhinglaj,16.1329,74.3877,853.0,2021,4,28.69,40.07,18.27,53.1,1.3,23.31,1.92,0.32,0.51
Gadhinglaj,16.1329,74.3877,853.0,2021,5,26.5,37.22,20.96,76.04,8.13,20.4,2.62,0.63,0.62
Gadhinglaj,16.1329,74.3877,853.0,2021,6,23.94,31.03,20.15,88.62,16.71,16.35,3.41,0.85,0.84
Gadhinglaj,16.1329,74.3877,853.0,2021,7,23.26,28.04,20.48,92.69,22.96,13.98,4.23,0.94,0.95
Gadhinglaj,16.1329,74.3877,853.0,2021,8,23.0,28.01,18.91,89.87,4.64,15.46,3.16,0.9,0.93
Gadhinglaj,16.1329,74.3877,853.0,2021,9,23.03,27.86,17.54,91.07,7.56,14.82,3.22,0.89,0.91
Gadhinglaj,16.1329,74.3877,853.0,2021,10,23.51,29.14,15.62,86.48,4.25,18.62,1.56,0.87,0.89
Gadhinglaj,16.1329,74.3877,853.0,2021,11,22.79,28.79,15.33,84.29,2.97,14.11,1.87,0.79,0.77
Gadhinglaj,16.1329,74.3877,853.0,2021,12,20.76,28.28,11.41,78.96,2.05,15.55,1.63,0.75,0.74
Gadhinglaj,16.1329,74.3877,853.0,2021,13,24.24,40.11,11.41,75.1,5.97,17.73,2.39,0.67,0.73
Gadhinglaj,16.1329,74.3877,853.0,2022,1,20.35,32.82,10.38,67.74,0.01,18.03,1.77,0.55,0.6
Gadhinglaj,16.1329,74.3877,853.0,2022,2,23.58,36.34,13.46,51.8,0.0,21.26,1.7,0.35,0.53
Gadhinglaj,16.1329,74.3877,853.0,2022,3,27.77,40.35,16.8,47.38,0.4,21.01,1.84,0.25,0.51
Gadhinglaj,16.1329,74.3877,853.0,2022,4,28.39,40.29,19.03,57.45,1.73,22.07,1.6,0.41,0.52
Gadhinglaj,16.1329,74.3877,853.0,2022,5,27.19,38.84,20.25,69.35,2.24,20.66,3.12,0.46,0.54
Gadhinglaj,16.1329,74.3877,853.0,2022,6,24.56,34.37,20.51,83.03,10.23,18.17,3.18,0.67,0.65
Gadhinglaj,16.1329,74.3877,853.0,2022,7,23.26,29.41,20.76,91.5,16.92,12.85,4.23,0.92,0.92
Gadhinglaj,16.1329,74.3877,853.0,2022,8,22.91,29.02,20.07,91.55,11.85,14.18,3.89,0.93,0.96
Gadhinglaj,16.1329,74.3877,853.0,2022,9,22.89,29.28,18.12,91.08,8.51,16.2,2.61,0.93,0.95
Gadhinglaj,16.1329,74.3877,853.0,2022,10,22.4,28.61,13.91,85.91,5.17,16.48,1.73,0.89,0.91
Gadhinglaj,16.1329,74.3877,853.0,2022,11,21.12,28.56,11.43,80.58,0.07,17.04,2.02,0.77,0.76
Gadhinglaj,16.1329,74.3877,853.0,2022,12,22.38,32.42,11.65,69.25,0.13,16.24,1.87,0.59,0.61
Gadhinglaj,16.1329,74.3877,853.0,2022,13,23.9,40.35,10.38,74.02,4.81,17.81,2.47,0.65,0.71
Gadhinglaj,16.1329,74.3877,853.0,2023,1,22.23,33.31,11.91,51.61,0.0,18.75,1.6,0.4,0.53
Gadhinglaj,16.1329,74.3877,853.0,2023,2,25.68,37.42,14.72,27.31,0.0,22.15,2.09,0.19,0.51
Gadhinglaj,16.1329,74.3877,853.0,2023,3,26.39,38.06,15.15,40.72,0.0,23.6,2.34,0.13,0.5
Gadhinglaj,16.1329,74.3877,853.0,2023,4,28.4,40.83,15.81,48.68,0.45,24.12,1.97,0.24,0.51
Gadhinglaj,16.1329,74.3877,853.0,2023,5,28.42,39.37,19.63,59.16,1.19,24.36,2.48,0.36,0.52
Gadhinglaj,16.1329,74.3877,853.0,2023,6,26.27,37.23,20.87,75.17,5.94,20.98,3.73,0.51,0.55
Gadhinglaj,16.1329,74.3877,853.0,2023,7,23.49,28.02,20.69,91.21,23.71,11.97,4.84,0.89,0.88
Gadhinglaj,16.1329,74.3877,853.0,2023,8,23.32,28.73,19.4,89.35,3.68,17.02,3.21,0.88,0.9
Gadhinglaj,16.1329,74.3877,853.0,2023,9,23.38,29.16,19.52,90.08,8.18,15.75,2.83,0.85,0.85
Gadhinglaj,16.1329,74.3877,853.0,2023,10,23.8,30.73,15.16,79.58,1.39,18.03,1.7,0.81,0.82
Gadhinglaj,16.1329,74.3877,853.0,2023,11,23.55,30.76,15.91,76.82,1.13,15.31,1.75,0.69,0.68
Gadhinglaj,16.1329,74.3877,853.0,2023,12,23.11,33.31,14.75,58.28,0.03,16.12,2.16,0.48,0.57
Gadhinglaj,16.1329,74.3877,853.0,2023,13,24.82,40.83,11.91,65.9,3.84,18.99,2.56,0.54,0.65
Hatkanangle,16.7467,74.3559,566.0,1997,1,21.46,32.9,9.19,53.31,0.05,17.87,1.98,0.41,0.54
Hatkanangle,16.7467,74.3559,566.0,1997,2,23.1,37.57,11.92,34.66,0.0,21.9,2.05,0.23,0.51
Hatkanangle,16.7467,74.3559,566.0,1997,3,27.83,39.78,16.07,38.64,0.17,23.37,2.16,0.16,0.5
Hatkanangle,16.7467,74.3559,566.0,1997,4,27.95,38.73,16.27,47.35,0.47,24.02,2.4,0.25,0.51
Hatkanangle,16.7467,74.3559,566.0,1997,5,28.82,40.56,19.27,52.52,0.19,24.19,3.47,0.24,0.51
Hatkanangle,16.7467,74.3559,566.0,1997,6,25.18,34.35,20.61,79.58,11.3,16.76,4.54,0.63,0.63
Hatkanangle,16.7467,74.3559,566.0,1997,7,23.67,28.12,20.83,88.99,13.26,15.25,5.63,0.87,0.88
Hatkanangle,16.7467,74.3559,566.0,1997,8,23.01,27.44,19.89,90.77,12.83,15.04,5.17,0.91,0.93
Hatkanangle,16.7467,74.3559,566.0,1997,9,23.09,29.11,18.45,86.65,1.51,19.44,2.53,0.82,0.83
Hatkanangle,16.7467,74.3559,566.0,1997,10,24.58,32.21,18.42,77.41,1.48,19.06,1.38,0.7,0.69
Hatkanangle,16.7467,74.3559,566.0,1997,11,23.85,31.47,18.06,78.02,1.45,17.2,1.65,0.63,0.63
Hatkanangle,16.7467,74.3559,566.0,1997,12,22.33,31.38,12.29,72.13,1.36,17.11,1.71,0.57,0.59
Hatkanangle,16.7467,74.3559,566.0,1997,13,24.58,40.56,9.19,66.86,3.7,19.25,2.9,0.54,0.65
Hatkanangle,16.7467,74.3559,566.0,1998,1,22.55,34.75,12.34,55.5,0.0,18.38,2.16,0.4,0.53
Hatkanangle,16.7467,74.3559,566.0,1998,2,24.06,37.06,12.08,44.7,0.03,21.11,2.43,0.21,0.51
Hatkanangle,16.7467,74.3559,566.0,1998,3,27.21,41.05,14.16,43.89,0.0,23.77,2.47,0.14,0.5
Hatkanangle,16.7467,74.3559,566.0,1998,4,31.0,42.68,20.52,41.72,0.08,24.13,2.62,0.11,0.5
Hatkanangle,16.7467,74.3559,566.0,1998,5,29.96,42.97,21.04,57.55,1.42,23.42,3.19,0.36,0.52
Hatkanangle,16.7467,74.3559,566.0,1998,6,26.06,41.03,21.02,77.31,12.39,17.91,4.41,0.6,0.62
Hatkanangle,16.7467,74.3559,566.0,1998,7,23.88,28.84,19.87,88.77,9.96,15.15,4.74,0.86,0.86
Hatkanangle,16.7467,74.3559,566.0,1998,8,23.86,29.04,20.67,90.28,9.46,15.29,3.76,0.9,0.91
Hatkanangle,16.7467,74.3559,566.0,1998,9,23.48,29.2,20.27,90.25,7.2,15.98,3.0,0.9,0.92
Hatkanangle,16.7467,74.3559,566.0,1998,10,22.86,29.23,15.19,87.58,2.97,16.85,2.2,0.86,0.87
Hatkanangle,16.7467,74.3559,566.0,1998,11,21.17,29.18,11.14,78.37,1.25,18.8,1.92,0.77,0.76
Hatkanangle,16.7467,74.3559,566.0,1998,12,19.28,29.89,10.36,62.97,0.04,17.88,2.82,0.6,0.63
Hatkanangle,16.7467,74.3559,566.0,1998,13,24.61,42.97,10.36,68.39,3.75,19.04,2.98,0.56,0.68
Hatkanangle,16.7467,74.3559,566.0,1999,1,20.84,33.34,10.94,47.86,0.0,19.98,2.17,0.41,0.55
Hatkanangle,16.7467,74.3559,566.0,1999,2,25.87,37.97,12.76,36.68,0.08,22.53,2.24,0.27,0.51
Hatkanangle,16.7467,74.3559,566.0,1999,3,28.68,41.75,17.14,34.88,0.0,25.6,2.1,0.14,0.5
Hatkanangle,16.7467,74.3559,566.0,1999,4,29.31,42.76,19.0,50.49,0.0,26.13,2.97,0.1,0.5
Hatkanangle,16.7467,74.3559,566.0,1999,5,26.7,42.29,20.97,68.48,3.46,21.17,3.22,0.39,0.54
Hatkanangle,16.7467,74.3559,566.0,1999,6,24.23,33.45,19.57,84.04,11.3,16.55,4.97,0.73,0.71
Hatkanangle,16.7467,74.3559,566.0,1999,7,23.46,28.38,21.01,89.47,13.06,14.48,5.33,0.87,0.87
Hatkanangle,16.7467,74.3559,566.0,1999,8,23.02,27.77,19.83,88.7,2.88,15.09,4.25,0.85,0.86
Hatkanangle,16.7467,74.3559,566.0,1999,9,23.14,30.04,18.5,86.84,3.04,17.69,2.98,0.79,0.79
Hatkanangle,16.7467,74.3559,566.0,1999,10,23.61,30.86,14.86,79.44,3.22,18.35,1.96,0.76,0.74
Hatkanangle,16.7467,74.3559,566.0,1999,11,22.35,32.48,12.26,60.3,0.03,19.69,2.24,0.57,0.61
Hatkanangle,16.7467,74.3559,566.0,1999,12,21.52,32.13,11.11,45.78,0.0,19.19,2.27,0.4,0.53
Hatkanangle,16.7467,74.3559,566.0,1999,13,24.38,42.76,10.94,64.58,3.11,19.68,3.06,0.53,0.64
Hatkanangle,16.7467,74.3559,566.0,2000,1,23.52,36.08,11.9,34.94,0.01,19.66,2.3,0.22,0.51
Hatkanangle,16.7467,74.3559,566.0,2000,2,23.67,35.79,12.62,49.38,0.12,22.51,2.38,0.16,0.5
Hatkanangle,16.7467,74.3559,566.0,2000,3,26.99,39.85,15.27,38.04,0.01,24.93,2.14,0.15,0.5
Hatkanangle,16.7467,74.3559,566.0,2000,4,29.64,42.55,18.46,49.47,0.45,26.31,2.98,0.24,0.51
Hatkanangle,16.7467,74.3559,566.0,2000,5,27.2,42.9,20.87,66.7,2.91,22.55,3.68,0.41,0.53
Hatkanangle,16.7467,74.3559,566.0,2000,6,24.33,32.32,20.32,84.85,7.17,16.09,4.4,0.71,0.68
Hatkanangle,16.7467,74.3559,566.0,2000,7,23.16,28.67,19.77,87.9,10.34,16.34,5.27,0.84,0.84
Hatkanangle,16.7467,74.3559,566.0,2000,8,23.03,28.84,19.9,88.54,7.86,15.09,4.41,0.83,0.83
Hatkanangle,16.7467,74.3559,566.0,2000,9,23.92,31.14,18.9,85.27,3.59,18.26,2.53,0.82,0.83
Hatkanangle,16.7467,74.3559,566.0,2000,10,24.01,31.39,15.73,76.47,2.48,18.95,1.22,0.78,0.77
Hatkanangle,16.7467,74.3559,566.0,2000,11,22.56,32.08,13.74,63.03,0.24,19.11,2.1,0.62,0.64
Hatkanangle,16.7467,74.3559,566.0,2000,12,21.27,32.76,11.59,42.28,0.31,18.02,2.61,0.42,0.55
Hatkanangle,16.7467,74.3559,566.0,2000,13,24.44,42.9,11.59,63.91,2.97,19.8,3.01,0.52,0.64
Hatkanangle,16.7467,74.3559,566.0,2001,1,23.3,35.07,12.71,42.89,0.06,18.04,1.92,0.34,0.52
Hatkanangle,16.7467,74.3559,566.0,2001,2,25.3,38.36,13.7,31.84,0.0,22.85,1.83,0.15,0.5
Hatkanangle,16.7467,74.3559,566.0,2001,3,26.28,39.22,15.13,45.49,0.0,24.88,2.6,0.11,0.5
Hatkanangle,16.7467,74.3559,566.0,2001,4,29.37,41.0,17.2,47.84,0.67,24.17,2.23,0.26,0.51
Hatkanangle,16.7467,74.3559,566.0,2001,5,28.06,43.07,20.68,61.14,1.61,24.75,4.0,0.29,0.51
Hatkanangle,16.7467,74.3559,566.0,2001,6,24.6,33.18,20.86,80.79,5.96,17.39,5.61,0.63,0.62
Hatkanangle,16.7467,74.3559,566.0,2001,7,23.62,28.94,19.76,85.38,7.51,14.44,5.51,0.75,0.72
Hatkanangle,16.7467,74.3559,566.0,2001,8,23.11,27.79,20.22,88.31,6.53,14.41,4.74,0.82,0.82
Hatkanangle,16.7467,74.3559,566.0,2001,9,23.63,30.21,19.23,85.36,2.81,18.55,2.58,0.76,0.76
Hatkanangle,16.7467,74.3559,566.0,2001,10,23.13,30.88,14.51,79.67,1.92,18.21,2.35,0.74,0.72
Hatkanangle,16.7467,74.3559,566.0,2001,11,23.28,32.82,13.76,64.88,0.37,18.9,2.39,0.55,0.59
Hatkanangle,16.7467,74.3559,566.0,2001,12,22.15,32.88,13.09,48.42,0.02,17.93,2.65,0.39,0.53
Hatkanangle,16.7467,74.3559,566.0,2001,13,24.64,43.07,12.71,63.69,2.31,19.52,3.21,0.48,0.61
Hatkanangle,16.7467,74.3559,566.0,2002,1,22.23,35.1,10.67,46.7,0.02,19.38,2.43,0.22,0.51
Hatkanangle,16.7467,74.3559,566.0,2002,2,25.76,37.28,15.73,39.35,0.0,21.33,1.98,0.15,0.5
Hatkanangle,16.7467,74.3559,566.0,2002,3,28.34,40.95,17.03,39.69,0.02,24.16,2.17,0.12,0.5
Hatkanangle,16.7467,74.3559,566.0,2002,4,30.59,42.66,19.27,44.01,0.18,25.18,2.41,0.17,0.5
Hatkanangle,16.7467,74.3559,566.0,2002,5,28.6,42.47,20.41,62.94,1.03,24.57,3.71,0.35,0.51
Hatkanangle,16.7467,74.3559,566.0,2002,6,25.22,35.13,21.73,82.32,9.79,16.3,4.44,0.68,0.66
Hatkanangle,16.7467,74.3559,566.0,2002,7,24.11,29.52,20.85,84.64,3.61,15.9,5.23,0.74,0.73
Hatkanangle,16.7467,74.3559,566.0,2002,8,23.33,29.39,19.66,86.98,7.64,14.19,4.95,0.8,0.79
Hatkanangle,16.7467,74.3559,566.0,2002,9,23.57,32.86,18.29,83.22,1.35,20.52,2.86,0.73,0.74
Hatkanangle,16.7467,74.3559,566.0,2002,10,24.57,34.19,16.44,74.83,3.43,18.18,2.06,0.68,0.67
Hatkanangle,16.7467,74.3559,566.0,2002,11,23.78,34.39,14.89,56.0,0.15,19.27,1.98,0.5,0.58
Hatkanangle,16.7467,74.3559,566.0,2002,12,22.77,33.98,13.45,44.59,0.01,18.09,2.01,0.33,0.52
Hatkanangle,16.7467,74.3559,566.0,2002,13,25.23,42.66,10.67,62.25,2.28,19.74,3.03,0.46,0.6
Hatkanangle,16.7467,74.3559,566.0,2003,1,23.93,35.74,12.35,43.14,0.0,18.13,1.88,0.19,0.5
Hatkanangle,16.7467,74.3559,566.0,2003,2,26.13,38.0,15.42,40.16,0.06,22.06,1.91,0.16,0.5
Hatkanangle,16.7467,74.3559,566.0,2003,3,28.25,40.02,16.53,40.14,0.3,23.73,2.13,0.19,0.5
Hatkanangle,16.7467,74.3559,566.0,2003,4,30.26,41.83,18.67,43.57,0.87,24.85,2.29,0.27,0.51
Hatkanangle,16.7467,74.3559,566.0,2003,5,29.59,41.72,19.2,54.84,0.24,26.34,3.91,0.24,0.51
Hatkanangle,16.7467,74.3559,566.0,2003,6,26.14,40.77,20.69,76.2,7.46,18.8,4.65,0.49,0.59
Hatkanangle,16.7467,74.3559,566.0,2003,7,24.07,28.75,21.05,87.74,6.73,15.2,4.87,0.79,0.78
Hatkanangle,16.7467,74.3559,566.0,2003,8,23.76,28.76,20.94,87.19,3.95,15.08,4.47,0.78,0.78
Hatkanangle,16.7467,74.3559,566.0,2003,9,23.7,31.67,19.5,84.7,1.77,18.07,3.5,0.73,0.72
Hatkanangle,16.7467,74.3559,566.0,2003,10,24.3,32.37,14.77,75.47,2.13,18.95,1.75,0.66,0.65
Hatkanangle,16.7467,74.3559,566.0,2003,11,24.08,33.68,14.0,56.88,0.07,18.85,2.23,0.46,0.56
Hatkanangle,16.7467,74.3559,566.0,2003,12,22.61,33.22,12.79,42.54,0.03,18.66,2.35,0.3,0.51
Hatkanangle,16.7467,74.3559,566.0,2003,13,25.56,41.83,12.35,61.17,1.98,19.87,3.0,0.44,0.59
Hatkanangle,16.7467,74.3559,566.0,2004,1,22.74,34.34,12.83,45.95,0.0,19.27,2.06,0.19,0.5
Hatkanangle,16.7467,74.3559,566.0,2004,2,25.28,38.05,13.23,35.4,0.02,22.55,1.91,0.14,0.5
Hatkanangle,16.7467,74.3559,566.0,2004,3,29.1,41.07,18.99,39.96,0.01,25.04,2.03,0.11,0.5
Hatkanangle,16.7467,74.3559,566.0,2004,4,29.6,42.28,18.74,47.2,0.42,25.99,2.62,0.21,0.5
Hatkanangle,16.7467,74.3559,566.0,2004,5,27.2,40.58,20.66,68.36,3.18,21.8,3.57,0.49,0.54
Hatkanangle,16.7467,74.3559,566.0,2004,6,24.43,32.08,21.0,84.95,9.58,17.08,4.92,0.74,0.71
Hatkanangle,16.7467,74.3559,566.0,2004,7,23.73,29.75,20.81,86.75,5.99,15.71,4.48,0.77,0.75
Hatkanangle,16.7467,74.3559,566.0,2004,8,23.1,28.38,19.72,88.54,8.01,14.81,5.49,0.86,0.87
Hatkanangle,16.7467,74.3559,566.0,2004,9,23.56,30.55,19.04,85.92,3.57,17.19,2.48,0.8,0.8
Hatkanangle,16.7467,74.3559,566.0,2004,10,23.39,31.57,14.96,76.58,0.83,20.23,2.42,0.71,0.71
Hatkanangle,16.7467,74.3559,566.0,2004,11,23.02,32.49,13.35,59.79,0.45,18.4,2.52,0.52,0.59
Hatkanangle,16.7467,74.3559,566.0,2004,12,21.66,32.72,11.7,43.92,0.0,19.21,2.57,0.36,0.53
Hatkanangle,16.7467,74.3559,566.0,2004,13,24.73,42.28,11.7,63.7,2.68,19.76,3.1,0.49,0.63
Hatkanangle,16.7467,74.3559,566.0,2005,1,23.2,35.11,11.83,42.29,0.03,18.59,1.96,0.19,0.5
Hatkanangle,16.7467,74.3559,566.0,2005,2,25.21,38.68,13.09,40.01,0.0,22.64,2.13,0.15,0.5
Hatkanangle,16.7467,74.3559,566.0,2005,3,27.44,40.89,14.59,41.38,0.04,24.88,2.23,0.14,0.5
Hatkanangle,16.7467,74.3559,566.0,2005,4,29.16,40.44,18.78,47.91,0.84,23.3,2.05,0.28,0.51
Hatkanangle,16.7467,74.3559,566.0,2005,5,28.6,42.19,19.23,58.39,1.42,24.97,3.22,0.36,0.52
Hatkanangle,16.7467,74.3559,566.0,2005,6,25.64,36.37,21.74,80.37,9.33,18.19,4.58,0.63,0.61
Hatkanangle,16.7467,74.3559,566.0,2005,7,23.96,28.38,21.23,89.35,14.32,13.57,5.09,0.85,0.83
Hatkanangle,16.7467,74.3559,566.0,2005,8,23.27,27.91,20.09,90.65,8.69,14.36,4.58,0.91,0.93
Hatkanangle,16.7467,74.3559,566.0,2005,9,23.4,29.65,19.37,90.37,7.96,14.77,3.57,0.89,0.91
Hatkanangle,16.7467,74.3559,566.0,2005,10,23.05,29.89,14.71,83.07,3.2,18.54,1.85,0.86,0.87
Hatkanangle,16.7467,74.3559,566.0,2005,11,20.02,28.99,11.77,71.06,0.03,19.47,2.54,0.73,0.72
Hatkanangle,16.7467,74.3559,566.0,2005,12,20.44,30.5,11.2,59.3,0.0,18.32,2.3,0.54,0.6
Hatkanangle,16.7467,74.3559,566.0,2005,13,24.44,42.19,11.2,66.33,3.85,19.28,3.01,0.55,0.67
Hatkanangle,16.7467,74.3559,566.0,2006,1,22.01,34.39,10.66,42.83,0.0,19.95,2.37,0.38,0.53
Hatkanangle,16.7467,74.3559,566.0,2006,2,25.26,38.19,13.4,33.4,0.0,23.18,2.12,0.19,0.5
Hatkanangle,16.7467,74.3559,566.0,2006,3,26.81,40.05,15.02,46.86,0.43,24.13,2.22,0.24,0.51
Hatkanangle,16.7467,74.3559,566.0,2006,4,29.21,41.01,18.88,46.88,0.08,25.45,2.89,0.16,0.5
Hatkanangle,16.7467,74.3559,566.0,2006,5,28.63,41.32,21.17,60.53,7.87,23.12,3.52,0.33,0.53
Hatkanangle,16.7467,74.3559,566.0,2006,6,24.46,30.01,20.59,86.88,9.98,18.53,3.82,0.82,0.8
Hatkanangle,16.7467,74.3559,566.0,2006,7,23.33,27.63,20.46,89.47,10.39,13.43,6.12,0.88,0.9
Hatkanangle,16.7467,74.3559,566.0,2006,8,22.78,27.66,19.77,90.73,9.73,13.88,5.02,0.91,0.92
Hatkanangle,16.7467,74.3559,566.0,2006,9,23.62,30.48,19.53,89.07,6.34,17.59,2.7,0.86,0.87
Hatkanangle,16.7467,74.3559,566.0,2006,10,23.7,30.52,17.62,80.94,3.0,18.21,2.33,0.83,0.84
Hatkanangle,16.7467,74.3559,566.0,2006,11,22.45,29.87,14.98,79.1,1.24,16.33,2.25,0.72,0.7
Hatkanangle,16.7467,74.3559,566.0,2006,12,20.84,31.08,11.41,60.45,0.0,18.22,2.39,0.55,0.6
Hatkanangle,16.7467,74.3559,566.0,2006,13,24.41,41.32,10.66,67.45,4.12,19.3,3.16,0.57,0.68
Hatkanangle,16.7467,74.3559,566.0,2007,1,22.55,34.06,12.01,44.88,0.0,19.34,1.78,0.39,0.53
Hatkanangle,16.7467,74.3559,566.0,2007,2,24.3,36.75,12.6,46.78,0.0,22.21,2.11,0.21,0.51
Hatkanangle,16.7467,74.3559,566.0,2007,3,28.26,40.47,15.95,40.51,0.0,23.51,2.14,0.13,0.5
Hatkanangle,16.7467,74.3559,566.0,2007,4,30.16,41.86,19.23,45.96,0.46,24.51,2.24,0.22,0.51
Hatkanangle,16.7467,74.3559,566.0,2007,5,28.27,41.42,20.71,62.77,1.62,24.42,3.49,0.39,0.52
Hatkanangle,16.7467,74.3559,566.0,2007,6,25.49,36.83,20.74,81.66,16.0,16.36,4.61,0.65,0.64
Hatkanangle,16.7467,74.3559,566.0,2007,7,23.91,28.76,20.5,89.69,9.18,14.69,4.98,0.89,0.91
Hatkanangle,16.7467,74.3559,566.0,2007,8,23.37,27.98,20.6,90.54,11.0,15.1,4.58,0.9,0.92
Hatkanangle,16.7467,74.3559,566.0,2007,9,23.41,29.22,19.44,89.89,7.3,15.41,3.19,0.89,0.91
Hatkanangle,16.7467,74.3559,566.0,2007,10,23.22,30.12,15.37,78.63,0.81,18.01,1.94,0.81,0.82
Hatkanangle,16.7467,74.3559,566.0,2007,11,21.21,29.64,10.41,68.83,0.72,19.35,2.2,0.68,0.69
Hatkanangle,16.7467,74.3559,566.0,2007,12,22.12,33.19,12.97,57.98,0.01,17.42,2.27,0.48,0.58
Hatkanangle,16.7467,74.3559,566.0,2007,13,24.69,41.86,10.41,66.62,3.93,19.17,2.97,0.56,0.67
Hatkanangle,16.7467,74.3559,566.0,2008,1,21.8,33.66,10.53,43.76,0.0,19.83,2.08,0.33,0.52
Hatkanangle,16.7467,74.3559,566.0,2008,2,23.78,36.48,11.34,43.66,0.25,20.87,2.02,0.24,0.51
Hatkanangle,16.7467,74.3559,566.0,2008,3,26.87,37.63,16.66,47.03,1.49,22.24,1.8,0.32,0.52
Hatkanangle,16.7467,74.3559,566.0,2008,4,28.79,41.12,15.63,50.35,0.53,25.36,2.31,0.34,0.51
Hatkanangle,16.7467,74.3559,566.0,2008,5,27.77,39.98,20.44,62.4,2.01,25.89,3.81,0.3,0.52
Hatkanangle,16.7467,74.3559,566.0,2008,6,24.71,33.67,20.87,83.4,6.52,16.64,5.07,0.68,0.65
Hatkanangle,16.7467,74.3559,566.0,2008,7,24.14,29.64,21.08,84.85,5.2,16.0,4.83,0.71,0.68
Hatkanangle,16.7467,74.3559,566.0,2008,8,23.4,29.83,19.29,88.56,9.31,14.72,4.14,0.84,0.83
Hatkanangle,16.7467,74.3559,566.0,2008,9,23.25,30.71,17.92,87.81,6.3,16.38,3.04,0.85,0.85
Hatkanangle,16.7467,74.3559,566.0,2008,10,23.43,31.08,14.13,75.94,1.04,20.27,2.19,0.76,0.76
Hatkanangle,16.7467,74.3559,566.0,2008,11,22.86,33.05,14.4,65.18,0.58,17.54,2.61,0.57,0.61
Hatkanangle,16.7467,74.3559,566.0,2008,12,22.14,32.18,11.69,54.95,0.15,17.77,2.25,0.46,0.55
Hatkanangle,16.7467,74.3559,566.0,2008,13,24.41,41.12,10.53,65.71,2.79,19.46,3.02,0.53,0.63
Hatkanangle,16.7467,74.3559,566.0,2009,1,23.35,36.48,12.81,42.6,0.0,19.74,2.13,0.29,0.51
Hatkanangle,16.7467,74.3559,566.0,2009,2,26.12,39.47,14.97,36.1,0.0,22.27,1.75,0.15,0.5
Hatkanangle,16.7467,74.3559,566.0,2009,3,28.58,39.44,17.95,38.01,0.13,23.33,2.0,0.15,0.5
Hatkanangle,16.7467,74.3559,566.0,2009,4,30.3,42.26,20.14,44.83,0.22,23.9,2.49,0.21,0.51
Hatkanangle,16.7467,74.3559,566.0,2009,5,29.05,41.52,20.83,56.9,0.68,24.42,3.57,0.29,0.51
Hatkanangle,16.7467,74.3559,566.0,2009,6,25.47,34.54,20.89,77.69,4.65,18.98,4.11,0.55,0.57
Hatkanangle,16.7467,74.3559,566.0,2009,7,23.67,28.24,20.78,88.54,14.95,13.51,6.48,0.85,0.84
Hatkanangle,16.7467,74.3559,566.0,2009,8,23.73,29.77,20.52,87.7,4.2,16.55,3.84,0.82,0.83
Hatkanangle,16.7467,74.3559,566.0,2009,9,24.11,30.46,19.8,87.0,6.67,16.16,2.59,0.84,0.84
Hatkanangle,16.7467,74.3559,566.0,2009,10,23.12,29.53,14.9,79.57,4.02,17.51,2.26,0.84,0.85
Hatkanangle,16.7467,74.3559,566.0,2009,11,22.27,29.75,12.42,76.87,2.11,16.42,2.55,0.74,0.72
Hatkanangle,16.7467,74.3559,566.0,2009,12,21.93,30.65,12.93,65.91,0.12,16.59,2.1,0.58,0.62
Hatkanangle,16.7467,74.3559,566.0,2009,13,25.13,42.26,12.42,65.31,3.17,19.09,3.0,0.53,0.65
Hatkanangle,16.7467,74.3559,566.0,2010,1,22.65,32.14,12.05,58.3,0.38,17.16,1.84,0.48,0.55
Hatkanangle,16.7467,74.3559,566.0,2010,2,25.34,38.04,13.51,46.27,0.0,21.29,2.11,0.29,0.51
Hatkanangle,16.7467,74.3559,566.0,2010,3,28.99,40.56,17.62,39.11,0.0,22.76,2.26,0.14,0.5
Hatkanangle,16.7467,74.3559,566.0,2010,4,29.92,41.41,17.85,47.55,0.3,24.24,2.36,0.18,0.5
Hatkanangle,16.7467,74.3559,566.0,2010,5,29.82,41.19,22.02,57.39,0.33,24.73,3.67,0.21,0.51
Hatkanangle,16.7467,74.3559,566.0,2010,6,25.77,38.04,21.46,79.27,8.52,18.24,4.42,0.61,0.62
Hatkanangle,16.7467,74.3559,566.0,2010,7,23.9,28.61,19.43,87.75,14.1,13.8,4.86,0.81,0.8
Hatkanangle,16.7467,74.3559,566.0,2010,8,23.48,28.84,20.35,90.19,7.11,14.76,4.2,0.88,0.9
Hatkanangle,16.7467,74.3559,566.0,2010,9,23.73,28.9,19.78,88.26,5.25,16.59,2.92,0.86,0.88
Hatkanangle,16.7467,74.3559,566.0,2010,10,23.58,30.01,15.84,84.13,3.05,17.75,2.18,0.82,0.84
Hatkanangle,16.7467,74.3559,566.0,2010,11,23.2,29.23,17.0,82.77,2.2,15.63,2.02,0.77,0.77
Hatkanangle,16.7467,74.3559,566.0,2010,12,20.29,29.46,10.46,69.08,0.02,17.05,2.09,0.63,0.65
Hatkanangle,16.7467,74.3559,566.0,2010,13,25.05,41.41,10.46,69.3,3.46,18.65,2.92,0.56,0.67
Hatkanangle,16.7467,74.3559,566.0,2011,1,21.67,33.61,10.77,47.05,0.0,19.78,2.08,0.44,0.56
Hatkanangle,16.7467,74.3559,566.0,2011,2,23.65,35.69,12.7,47.75,0.02,21.94,2.06,0.29,0.51
Hatkanangle,16.7467,74.3559,566.0,2011,3,28.3,39.99,17.13,37.17,0.0,24.6,2.17,0.15,0.5
Hatkanangle,16.7467,74.3559,566.0,2011,4,28.7,40.45,15.65,49.44,0.54,23.95,2.46,0.23,0.51
Hatkanangle,16.7467,74.3559,566.0,2011,5,28.48,40.4,21.0,58.65,1.09,24.21,3.52,0.3,0.51
Hatkanangle,16.7467,74.3559,566.0,2011,6,24.91,30.68,20.71,81.99,6.52,14.76,5.56,0.64,0.62
Hatkanangle,16.7467,74.3559,566.0,2011,7,23.77,29.05,19.36,86.54,11.35,14.28,5.24,0.79,0.76
Hatkanangle,16.7467,74.3559,566.0,2011,8,23.37,28.25,19.75,89.24,9.35,14.0,4.71,0.86,0.88
Hatkanangle,16.7467,74.3559,566.0,2011,9,23.14,30.06,17.82,88.25,5.08,17.59,3.43,0.86,0.88
Hatkanangle,16.7467,74.3559,566.0,2011,10,23.89,30.91,17.28,80.47,2.82,18.23,1.99,0.78,0.77
Hatkanangle,16.7467,74.3559,566.0,2011,11,22.58,32.52,12.96,63.67,0.16,18.05,2.73,0.62,0.64
Hatkanangle,16.7467,74.3559,566.0,2011,12,22.35,33.02,11.13,47.76,0.0,17.89,2.39,0.43,0.55
Hatkanangle,16.7467,74.3559,566.0,2011,13,24.57,40.45,10.77,64.91,3.1,19.09,3.2,0.53,0.64
Hatkanangle,16.7467,74.3559,566.0,2012,1,22.18,34.31,10.98,45.66,0.0,19.59,1.97,0.27,0.51
Hatkanangle,16.7467,74.3559,566.0,2012,2,25.4,38.6,14.78,32.21,0.0,22.29,2.05,0.15,0.5
Hatkanangle,16.7467,74.3559,566.0,2012,3,27.19,40.43,12.2,33.91,0.0,24.82,2.21,0.11,0.5
Hatkanangle,16.7467,74.3559,566.0,2012,4,29.42,40.86,19.15,46.96,0.74,23.96,2.26,0.28,0.51
Hatkanangle,16.7467,74.3559,566.0,2012,5,28.95,41.68,19.49,55.65,0.27,24.52,3.89,0.23,0.51
Hatkanangle,16.7467,74.3559,566.0,2012,6,25.58,37.34,20.83,75.47,6.19,18.88,4.94,0.51,0.57
Hatkanangle,16.7467,74.3559,566.0,2012,7,23.94,29.25,20.45,86.44,8.52,14.17,5.16,0.77,0.74
Hatkanangle,16.7467,74.3559,566.0,2012,8,23.67,29.32,20.54,87.6,6.05,15.48,4.8,0.81,0.81
Hatkanangle,16.7467,74.3559,566.0,2012,9,23.5,30.72,18.46,86.48,3.82,16.8,3.44,0.81,0.82
Hatkanangle,16.7467,74.3559,566.0,2012,10,23.83,31.75,15.7,73.4,2.08,18.24,2.26,0.73,0.74
Hatkanangle,16.7467,74.3559,566.0,2012,11,23.15,32.99,11.68,66.77,0.54,17.06,1.52,0.57,0.62
Hatkanangle,16.7467,74.3559,566.0,2012,12,22.92,33.39,12.77,52.63,0.0,18.28,2.1,0.4,0.54
Hatkanangle,16.7467,74.3559,566.0,2012,13,24.97,41.68,10.98,62.02,2.36,19.5,3.06,0.47,0.61
Hatkanangle,16.7467,74.3559,566.0,2013,1,23.46,34.59,12.77,42.71,0.01,19.42,1.74,0.25,0.51
Hatkanangle,16.7467,74.3559,566.0,2013,2,25.8,36.8,13.45,41.64,0.12,21.21,2.03,0.18,0.5
Hatkanangle,16.7467,74.3559,566.0,2013,3,28.06,40.36,16.5,38.76,0.03,23.66,2.52,0.15,0.5
Hatkanangle,16.7467,74.3559,566.0,2013,4,28.73,41.08,17.58,49.28,0.27,25.97,2.92,0.15,0.5
Hatkanangle,16.7467,74.3559,566.0,2013,5,28.7,40.85,20.7,59.96,0.98,23.86,3.89,0.33,0.51
Hatkanangle,16.7467,74.3559,566.0,2013,6,24.67,31.98,21.69,84.47,9.06,14.91,5.33,0.69,0.66
Hatkanangle,16.7467,74.3559,566.0,2013,7,23.4,27.94,20.64,89.57,12.51,11.68,6.07,0.84,0.83
Hatkanangle,16.7467,74.3559,566.0,2013,8,23.14,28.42,20.32,88.62,3.99,15.63,4.42,0.85,0.87
Hatkanangle,16.7467,74.3559,566.0,2013,9,23.47,29.81,19.79,88.32,6.17,16.75,2.72,0.83,0.84
Hatkanangle,16.7467,74.3559,566.0,2013,10,23.41,31.23,15.72,83.7,2.23,17.77,2.28,0.79,0.79
Hatkanangle,16.7467,74.3559,566.0,2013,11,22.31,30.67,12.79,70.64,0.03,17.87,2.1,0.65,0.67
Hatkanangle,16.7467,74.3559,566.0,2013,12,21.04,31.86,10.77,52.78,0.0,18.72,2.18,0.45,0.57
Hatkanangle,16.7467,74.3559,566.0,2013,13,24.67,41.08,10.77,65.99,2.96,18.94,3.19,0.52,0.65
Hatkanangle,16.7467,74.3559,566.0,2014,1,22.82,32.66,13.11,51.2,0.0,17.55,2.13,0.33,0.52
Hatkanangle,16.7467,74.3559,566.0,2014,2,24.04,36.02,12.77,46.89,0.07,20.67,2.35,0.19,0.5
Hatkanangle,16.7467,74.3559,566.0,2014,3,27.3,40.73,12.02,42.25,0.33,23.15,2.2,0.25,0.51
Hatkanangle,16.7467,74.3559,566.0,2014,4,29.81,40.5,18.36,43.21,0.3,22.58,2.15,0.2,0.5
Hatkanangle,16.7467,74.3559,566.0,2014,5,28.91,40.15,19.78,57.46,1.8,23.09,2.69,0.41,0.52
Hatkanangle,16.7467,74.3559,566.0,2014,6,26.59,39.13,21.65,74.65,3.12,20.14,4.48,0.53,0.56
Hatkanangle,16.7467,74.3559,566.0,2014,7,24.35,32.36,20.84,84.94,12.6,13.85,5.83,0.72,0.7
Hatkanangle,16.7467,74.3559,566.0,2014,8,23.85,30.76,19.92,87.59,8.36,15.16,3.95,0.84,0.85
Hatkanangle,16.7467,74.3559,566.0,2014,9,23.78,31.79,19.34,85.9,3.29,16.97,3.15,0.83,0.85
Hatkanangle,16.7467,74.3559,566.0,2014,10,24.1,31.82,15.04,76.4,2.82,18.74,1.79,0.75,0.75
Hatkanangle,16.7467,74.3559,566.0,2014,11,22.12,30.94,12.44,68.02,0.82,17.58,2.2,0.67,0.66
Hatkanangle,16.7467,74.3559,566.0,2014,12,21.52,32.04,11.57,58.2,0.37,16.83,2.2,0.5,0.57
Hatkanangle,16.7467,74.3559,566.0,2014,13,24.93,40.73,11.57,64.84,2.86,18.84,2.93,0.52,0.62
Hatkanangle,16.7467,74.3559,566.0,2015,1,21.48,33.25,9.82,48.51,0.01,18.12,1.92,0.37,0.52
Hatkanangle,16.7467,74.3559,566.0,2015,2,24.43,36.36,14.69,37.41,0.28,22.36,2.0,0.19,0.5
Hatkanangle,16.7467,74.3559,566.0,2015,3,26.98,39.78,11.24,48.76,0.54,21.92,2.09,0.32,0.51
Hatkanangle,16.7467,74.3559,566.0,2015,4,28.86,41.74,18.14,48.78,0.56,24.93,2.36,0.27,0.51
Hatkanangle,16.7467,74.3559,566.0,2015,5,29.23,40.65,21.71,58.68,1.16,23.63,3.14,0.34,0.51
Hatkanangle,16.7467,74.3559,566.0,2015,6,25.28,36.93,20.07,79.45,8.5,17.54,4.9,0.62,0.62
Hatkanangle,16.7467,74.3559,566.0,2015,7,24.38,29.94,20.66,84.33,3.95,17.12,5.25,0.72,0.7
Hatkanangle,16.7467,74.3559,566.0,2015,8,24.15,31.31,20.6,85.06,3.79,16.57,3.89,0.72,0.7
Hatkanangle,16.7467,74.3559,566.0,2015,9,24.17,32.5,18.87,82.75,3.24,18.71,2.58,0.7,0.68
Hatkanangle,16.7467,74.3559,566.0,2015,10,25.68,33.97,18.67,69.81,1.84,18.75,1.52,0.61,0.64
Hatkanangle,16.7467,74.3559,566.0,2015,11,25.05,34.03,15.71,59.58,0.28,17.28,2.17,0.45,0.55
Hatkanangle,16.7467,74.3559,566.0,2015,12,24.5,35.86,12.68,44.6,0.02,17.54,2.29,0.29,0.51
Hatkanangle,16.7467,74.3559,566.0,2015,13,25.35,41.74,9.82,62.46,2.02,19.52,2.85,0.47,0.58
Hatkanangle,16.7467,74.3559,566.0,2016,1,23.19,36.02,13.92,39.41,0.0,18.41,1.97,0.17,0.5
Hatkanangle,16.7467,74.3559,566.0,2016,2,26.04,40.04,14.39,43.81,0.04,20.99,1.97,0.13,0.5
Hatkanangle,16.7467,74.3559,566.0,2016,3,28.75,40.81,16.18,41.31,0.22,23.37,2.2,0.19,0.5
Hatkanangle,16.7467,74.3559,566.0,2016,4,30.23,42.77,18.32,45.63,0.25,24.84,2.82,0.21,0.51
Hatkanangle,16.7467,74.3559,566.0,2016,5,29.73,41.87,20.3,56.21,0.45,24.74,3.57,0.26,0.51
Hatkanangle,16.7467,74.3559,566.0,2016,6,25.11,37.83,21.02,81.95,10.74,15.37,4.19,0.67,0.64
Hatkanangle,16.7467,74.3559,566.0,2016,7,23.42,28.0,20.61,91.35,20.79,12.5,4.71,0.92,0.92
Hatkanangle,16.7467,74.3559,566.0,2016,8,23.16,28.18,20.2,90.66,12.27,14.72,4.54,0.93,0.95
Hatkanangle,16.7467,74.3559,566.0,2016,9,22.6,28.42,17.79,89.89,5.0,15.93,3.08,0.87,0.87
Hatkanangle,16.7467,74.3559,566.0,2016,10,22.23,30.32,13.24,78.99,1.32,18.92,1.98,0.8,0.81
Hatkanangle,16.7467,74.3559,566.0,2016,11,20.91,33.08,12.23,60.51,0.42,18.83,2.19,0.65,0.65
Hatkanangle,16.7467,74.3559,566.0,2016,12,21.92,33.18,10.6,46.44,0.0,17.9,2.35,0.44,0.56
Hatkanangle,16.7467,74.3559,566.0,2016,13,24.77,42.77,10.6,63.89,4.32,18.87,2.97,0.52,0.66
Hatkanangle,16.7467,74.3559,566.0,2017,1,22.59,35.14,11.46,39.89,0.0,18.74,2.07,0.29,0.51
Hatkanangle,16.7467,74.3559,566.0,2017,2,25.47,38.25,14.38,32.64,0.0,22.65,2.23,0.15,0.5
Hatkanangle,16.7467,74.3559,566.0,2017,3,27.16,41.19,13.18,42.86,0.01,24.66,2.14,0.12,0.5
Hatkanangle,16.7467,74.3559,566.0,2017,4,29.66,42.04,19.06,45.26,0.13,25.72,2.71,0.11,0.5
Hatkanangle,16.7467,74.3559,566.0,2017,5,29.27,40.4,20.61,58.25,1.87,23.62,3.25,0.33,0.51
Hatkanangle,16.7467,74.3559,566.0,2017,6,25.36,35.74,20.24,80.71,6.97,17.19,4.57,0.63,0.62
Hatkanangle,16.7467,74.3559,566.0,2017,7,24.07,28.93,20.77,87.06,10.23,15.39,5.32,0.81,0.79
Hatkanangle,16.7467,74.3559,566.0,2017,8,23.74,29.17,19.69,87.35,6.39,15.7,3.71,0.82,0.82
Hatkanangle,16.7467,74.3559,566.0,2017,9,24.1,30.05,19.71,87.88,11.27,16.13,2.21,0.88,0.89
Hatkanangle,16.7467,74.3559,566.0,2017,10,23.49,30.12,15.63,84.31,3.81,16.86,1.53,0.89,0.91
Hatkanangle,16.7467,74.3559,566.0,2017,11,21.09,30.11,12.6,73.22,0.03,18.07,1.96,0.76,0.75
Hatkanangle,16.7467,74.3559,566.0,2017,12,20.7,29.96,11.67,62.83,0.15,16.75,2.35,0.59,0.62
Hatkanangle,16.7467,74.3559,566.0,2017,13,24.72,42.04,11.46,65.38,3.42,19.26,2.84,0.53,0.66
Hatkanangle,16.7467,74.3559,566.0,2018,1,21.87,33.26,11.72,45.71,0.0,17.99,1.78,0.41,0.54
Hatkanangle,16.7467,74.3559,566.0,2018,2,24.9,36.85,12.47,31.65,0.01,20.81,1.93,0.24,0.51
Hatkanangle,16.7467,74.3559,566.0,2018,3,27.94,39.64,16.85,40.44,0.18,22.02,1.9,0.19,0.5
Hatkanangle,16.7467,74.3559,566.0,2018,4,30.13,41.48,18.78,42.52,0.31,24.03,2.25,0.21,0.5
Hatkanangle,16.7467,74.3559,566.0,2018,5,28.4,41.8,20.05,63.01,2.24,22.2,2.81,0.42,0.53
Hatkanangle,16.7467,74.3559,566.0,2018,6,24.88,33.72,20.54,85.25,12.52,15.86,4.3,0.75,0.71
Hatkanangle,16.7467,74.3559,566.0,2018,7,23.45,28.09,20.08,90.16,13.91,12.03,5.58,0.89,0.9
Hatkanangle,16.7467,74.3559,566.0,2018,8,22.95,27.35,20.19,89.83,7.43,12.8,5.26,0.88,0.9
Hatkanangle,16.7467,74.3559,566.0,2018,9,23.34,29.9,17.77,85.08,4.42,19.86,2.28,0.83,0.83
Hatkanangle,16.7467,74.3559,566.0,2018,10,24.07,31.92,14.09,71.51,1.25,19.72,1.7,0.76,0.76
Hatkanangle,16.7467,74.3559,566.0,2018,11,23.29,32.3,13.15,61.14,0.65,17.95,1.91,0.6,0.62
Hatkanangle,16.7467,74.3559,566.0,2018,12,21.95,32.44,10.65,52.77,0.06,16.69,2.01,0.43,0.55
Hatkanangle,16.7467,74.3559,566.0,2018,13,24.76,41.8,10.65,63.46,3.6,18.47,2.82,0.55,0.66
Hatkanangle,16.7467,74.3559,566.0,2019,1,21.94,33.31,10.84,36.45,0.0,18.83,2.12,0.26,0.51
Hatkanangle,16.7467,74.3559,566.0,2019,2,25.19,38.36,11.06,36.8,0.0,22.1,2.11,0.15,0.5
Hatkanangle,16.7467,74.3559,566.0,2019,3,27.66,41.18,13.92,38.93,0.22,24.41,2.22,0.14,0.5
Hatkanangle,16.7467,74.3559,566.0,2019,4,30.27,42.75,18.59,44.29,0.39,24.75,2.47,0.25,0.51
Hatkanangle,16.7467,74.3559,566.0,2019,5,29.89,42.91,20.39,51.26,0.05,25.63,3.54,0.17,0.5
Hatkanangle,16.7467,74.3559,566.0,2019,6,26.91,40.75,21.39,73.74,9.62,17.72,4.01,0.51,0.57
Hatkanangle,16.7467,74.3559,566.0,2019,7,24.14,29.29,21.29,90.32,19.0,14.33,4.75,0.9,0.89
Hatkanangle,16.7467,74.3559,566.0,2019,8,23.48,27.91,20.51,91.55,22.92,13.94,4.86,0.94,0.96
Hatkanangle,16.7467,74.3559,566.0,2019,9,23.43,28.75,19.53,91.01,10.14,14.34,3.59,0.92,0.95
Hatkanangle,16.7467,74.3559,566.0,2019,10,23.33,28.85,18.06,88.61,8.6,15.73,1.91,0.92,0.94
Hatkanangle,16.7467,74.3559,566.0,2019,11,22.03,28.94,14.72,83.3,0.31,17.27,2.06,0.86,0.87
Hatkanangle,16.7467,74.3559,566.0,2019,12,21.91,29.14,15.49,78.58,0.09,15.39,2.09,0.73,0.71
Hatkanangle,16.7467,74.3559,566.0,2019,13,25.01,42.91,10.84,67.25,6.0,18.68,2.98,0.57,0.7
Hatkanangle,16.7467,74.3559,566.0,2020,1,21.64,33.09,11.57,66.78,0.0,17.83,1.86,0.56,0.59
Hatkanangle,16.7467,74.3559,566.0,2020,2,24.47,36.35,12.16,46.96,0.02,20.73,2.04,0.38,0.53
Hatkanangle,16.7467,74.3559,566.0,2020,3,27.31,40.24,15.59,46.76,0.34,23.32,2.32,0.26,0.51
Hatkanangle,16.7467,74.3559,566.0,2020,4,29.95,40.98,18.41,47.84,1.23,24.15,2.23,0.34,0.51
Hatkanangle,16.7467,74.3559,566.0,2020,5,30.25,42.3,22.06,55.71,1.37,23.69,2.97,0.34,0.51
Hatkanangle,16.7467,74.3559,566.0,2020,6,24.9,31.44,20.56,84.43,12.09,17.11,3.93,0.75,0.71
Hatkanangle,16.7467,74.3559,566.0,2020,7,23.85,28.65,20.58,89.35,12.18,14.89,3.85,0.89,0.89
Hatkanangle,16.7467,74.3559,566.0,2020,8,23.58,27.86,20.53,92.14,18.02,12.62,4.79,0.94,0.95
Hatkanangle,16.7467,74.3559,566.0,2020,9,23.63,30.39,19.91,90.18,9.75,16.03,2.69,0.92,0.95
Hatkanangle,16.7467,74.3559,566.0,2020,10,23.4,29.39,16.54,88.19,8.24,15.29,1.82,0.92,0.94
Hatkanangle,16.7467,74.3559,566.0,2020,11,22.02,28.33,13.28,82.37,0.01,17.18,2.4,0.83,0.83
Hatkanangle,16.7467,74.3559,566.0,2020,12,20.96,30.06,10.89,72.52,0.04,17.33,2.19,0.68,0.67
Hatkanangle,16.7467,74.3559,566.0,2020,13,24.66,42.3,10.89,72.03,5.3,18.33,2.76,0.65,0.72
Hatkanangle,16.7467,74.3559,566.0,2021,1,23.28,33.37,14.62,65.3,0.29,16.84,1.51,0.53,0.58
Hatkanangle,16.7467,74.3559,566.0,2021,2,24.01,36.83,13.26,48.38,0.25,20.51,2.12,0.39,0.52
Hatkanangle,16.7467,74.3559,566.0,2021,3,28.72,40.52,16.68,37.52,0.03,23.04,1.84,0.19,0.5
Hatkanangle,16.7467,74.3559,566.0,2021,4,29.26,40.43,17.94,49.46,1.39,23.31,2.12,0.32,0.51
Hatkanangle,16.7467,74.3559,566.0,2021,5,27.38,38.03,21.44,70.98,6.0,20.4,3.0,0.57,0.58
Hatkanangle,16.7467,74.3559,566.0,2021,6,24.5,31.95,20.66,86.7,14.5,16.35,3.85,0.81,0.79
Hatkanangle,16.7467,74.3559,566.0,2021,7,23.65,28.39,20.89,91.15,22.69,13.98,4.67,0.92,0.92
Hatkanangle,16.7467,74.3559,566.0,2021,8,23.34,28.46,19.27,88.95,3.85,15.46,3.48,0.89,0.91
Hatkanangle,16.7467,74.3559,566.0,2021,9,23.34,28.35,17.69,90.1,6.41,14.82,3.58,0.87,0.88
Hatkanangle,16.7467,74.3559,566.0,2021,10,23.87,29.79,15.84,84.13,3.61,18.62,1.75,0.84,0.85
Hatkanangle,16.7467,74.3559,566.0,2021,11,23.26,30.01,14.96,81.23,2.0,14.11,2.05,0.75,0.73
Hatkanangle,16.7467,74.3559,566.0,2021,12,21.11,28.81,11.7,77.18,2.2,15.55,1.78,0.72,0.71
Hatkanangle,16.7467,74.3559,566.0,2021,13,24.64,40.52,11.7,72.74,5.3,17.73,2.65,0.65,0.71
Hatkanangle,16.7467,74.3559,566.0,2022,1,20.44,32.84,10.15,65.69,0.02,18.03,1.94,0.54,0.59
Hatkanangle,16.7467,74.3559,566.0,2022,2,23.63,36.22,12.75,50.26,0.0,21.26,1.86,0.37,0.53
Hatkanangle,16.7467,74.3559,566.0,2022,3,28.38,40.92,17.23,42.63,0.35,21.01,2.05,0.25,0.51
Hatkanangle,16.7467,74.3559,566.0,2022,4,29.16,40.83,19.52,52.35,1.53,22.07,1.91,0.39,0.52
Hatkanangle,16.7467,74.3559,566.0,2022,5,28.15,40.41,20.86,64.97,2.19,20.66,3.65,0.41,0.53
Hatkanangle,16.7467,74.3559,566.0,2022,6,25.25,33.81,20.77,79.56,7.31,18.17,3.62,0.62,0.61
Hatkanangle,16.7467,74.3559,566.0,2022,7,23.61,29.43,20.82,89.77,14.76,12.85,4.74,0.88,0.88
Hatkanangle,16.7467,74.3559,566.0,2022,8,23.24,29.13,20.13,90.46,11.56,14.18,4.28,0.92,0.93
Hatkanangle,16.7467,74.3559,566.0,2022,9,23.25,29.92,18.4,90.17,7.66,16.2,2.74,0.91,0.92
Hatkanangle,16.7467,74.3559,566.0,2022,10,22.69,29.25,14.1,84.57,6.18,16.48,1.82,0.88,0.9
Hatkanangle,16.7467,74.3559,566.0,2022,11,21.33,29.05,11.55,78.57,0.05,17.04,2.16,0.78,0.77
Hatkanangle,16.7467,74.3559,566.0,2022,12,22.34,32.02,11.59,69.24,0.06,16.24,2.06,0.63,0.63
Hatkanangle,16.7467,74.3559,566.0,2022,13,24.29,40.92,10.15,71.65,4.34,17.81,2.74,0.63,0.69
Hatkanangle,16.7467,74.3559,566.0,2023,1,22.06,32.95,11.07,51.88,0.0,18.75,1.72,0.43,0.55
Hatkanangle,16.7467,74.3559,566.0,2023,2,25.36,37.5,14.99,25.67,0.0,22.15,2.4,0.25,0.51
Hatkanangle,16.7467,74.3559,566.0,2023,3,26.72,38.61,14.91,38.86,0.02,23.6,2.52,0.15,0.5
Hatkanangle,16.7467,74.3559,566.0,2023,4,29.08,41.2,16.52,45.42,0.46,24.12,2.2,0.24,0.51
Hatkanangle,16.7467,74.3559,566.0,2023,5,29.25,40.3,19.96,55.47,0.98,24.36,2.82,0.33,0.51
Hatkanangle,16.7467,74.3559,566.0,2023,6,27.04,37.55,21.34,71.68,4.2,20.98,4.32,0.47,0.53
Hatkanangle,16.7467,74.3559,566.0,2023,7,23.89,28.97,21.19,88.97,19.04,11.97,5.46,0.83,0.8
Hatkanangle,16.7467,74.3559,566.0,2023,8,23.65,29.7,19.76,88.29,3.0,17.02,3.7,0.85,0.87
Hatkanangle,16.7467,74.3559,566.0,2023,9,23.85,30.24,19.76,88.27,6.58,15.75,3.23,0.81,0.81
Hatkanangle,16.7467,74.3559,566.0,2023,10,24.21,31.44,15.69,76.18,1.17,18.03,1.9,0.78,0.79
Hatkanangle,16.7467,74.3559,566.0,2023,11,23.86,31.59,15.53,74.17,1.25,15.31,1.9,0.66,0.66
Hatkanangle,16.7467,74.3559,566.0,2023,12,23.0,33.24,14.52,56.67,0.05,16.12,2.44,0.48,0.57
Hatkanangle,16.7467,74.3559,566.0,2023,13,25.15,41.2,11.07,63.7,3.09,18.99,2.89,0.53,0.64
Kagal,16.4403,74.249,557.0,1997,1,21.46,32.9,9.19,53.31,0.05,17.87,1.98,0.41,0.54
Kagal,16.4403,74.249,557.0,1997,2,23.1,37.57,11.92,34.66,0.0,21.9,2.05,0.23,0.51
Kagal,16.4403,74.249,557.0,1997,3,27.83,39.78,16.07,38.64,0.17,23.37,2.16,0.16,0.5
Kagal,16.4403,74.249,557.0,1997,4,27.95,38.73,16.27,47.35,0.47,24.02,2.4,0.25,0.51
Kagal,16.4403,74.249,557.0,1997,5,28.82,40.56,19.27,52.52,0.19,24.19,3.47,0.24,0.51
Kagal,16.4403,74.249,557.0,1997,6,25.18,34.35,20.61,79.58,11.3,16.76,4.54,0.63,0.63
Kagal,16.4403,74.249,557.0,1997,7,23.67,28.12,20.83,88.99,13.26,15.25,5.63,0.87,0.88
Kagal,16.4403,74.249,557.0,1997,8,23.01,27.44,19.89,90.77,12.83,15.04,5.17,0.91,0.93
Kagal,16.4403,74.249,557.0,1997,9,23.09,29.11,18.45,86.65,1.51,19.44,2.53,0.82,0.83
Kagal,16.4403,74.249,557.0,1997,10,24.58,32.21,18.42,77.41,1.48,19.06,1.38,0.7,0.69
Kagal,16.4403,74.249,557.0,1997,11,23.85,31.47,18.06,78.02,1.45,17.2,1.65,0.63,0.63
Kagal,16.4403,74.249,557.0,1997,12,22.33,31.38,12.29,72.13,1.36,17.11,1.71,0.57,0.59
Kagal,16.4403,74.249,557.0,1997,13,24.58,40.56,9.19,66.86,3.7,19.25,2.9,0.54,0.65
Kagal,16.4403,74.249,557.0,1998,1,22.55,34.75,12.34,55.5,0.0,18.38,2.16,0.4,0.53
Kagal,16.4403,74.249,557.0,1998,2,24.06,37.06,12.08,44.7,0.03,21.11,2.43,0.21,0.51
Kagal,16.4403,74.249,557.0,1998,3,27.21,41.05,14.16,43.89,0.0,23.77,2.47,0.14,0.5
Kagal,16.4403,74.249,557.0,1998,4,31.0,42.68,20.52,41.72,0.08,24.13,2.62,0.11,0.5
Kagal,16.4403,74.249,557.0,1998,5,29.96,42.97,21.04,57.55,1.42,23.42,3.19,0.36,0.52
Kagal,16.4403,74.249,557.0,1998,6,26.06,41.03,21.02,77.31,12.39,17.91,4.41,0.6,0.62
Kagal,16.4403,74.249,557.0,1998,7,23.88,28.84,19.87,88.77,9.96,15.15,4.74,0.86,0.86
Kagal,16.4403,74.249,557.0,1998,8,23.86,29.04,20.67,90.28,9.46,15.29,3.76,0.9,0.91
Kagal,16.4403,74.249,557.0,1998,9,23.48,29.2,20.27,90.25,7.2,15.98,3.0,0.9,0.92
Kagal,16.4403,74.249,557.0,1998,10,22.86,29.23,15.19,87.58,2.97,16.85,2.2,0.86,0.87
Kagal,16.4403,74.249,557.0,1998,11,21.17,29.18,11.14,78.37,1.25,18.8,1.92,0.77,0.76
Kagal,16.4403,74.249,557.0,1998,12,19.28,29.89,10.36,62.97,0.04,17.88,2.82,0.6,0.63
Kagal,16.4403,74.249,557.0,1998,13,24.61,42.97,10.36,68.39,3.75,19.04,2.98,0.56,0.68
Kagal,16.4403,74.249,557.0,1999,1,20.84,33.34,10.94,47.86,0.0,19.98,2.17,0.41,0.55
Kagal,16.4403,74.249,557.0,1999,2,25.87,37.97,12.76,36.68,0.08,22.53,2.24,0.27,0.51
Kagal,16.4403,74.249,557.0,1999,3,28.68,41.75,17.14,34.88,0.0,25.6,2.1,0.14,0.5
Kagal,16.4403,74.249,557.0,1999,4,29.31,42.76,19.0,50.49,0.0,26.13,2.97,0.1,0.5
Kagal,16.4403,74.249,557.0,1999,5,26.7,42.29,20.97,68.48,3.46,21.17,3.22,0.39,0.54
Kagal,16.4403,74.249,557.0,1999,6,24.23,33.45,19.57,84.04,11.3,16.55,4.97,0.73,0.71
Kagal,16.4403,74.249,557.0,1999,7,23.46,28.38,21.01,89.47,13.06,14.48,5.33,0.87,0.87
Kagal,16.4403,74.249,557.0,1999,8,23.02,27.77,19.83,88.7,2.88,15.09,4.25,0.85,0.86
Kagal,16.4403,74.249,557.0,1999,9,23.14,30.04,18.5,86.84,3.04,17.69,2.98,0.79,0.79
Kagal,16.4403,74.249,557.0,1999,10,23.61,30.86,14.86,79.44,3.22,18.35,1.96,0.76,0.74
Kagal,16.4403,74.249,557.0,1999,11,22.35,32.48,12.26,60.3,0.03,19.69,2.24,0.57,0.61
Kagal,16.4403,74.249,557.0,1999,12,21.52,32.13,11.11,45.78,0.0,19.19,2.27,0.4,0.53
Kagal,16.4403,74.249,557.0,1999,13,24.38,42.76,10.94,64.58,3.11,19.68,3.06,0.53,0.64
Kagal,16.4403,74.249,557.0,2000,1,23.52,36.08,11.9,34.94,0.01,19.66,2.3,0.22,0.51
Kagal,16.4403,74.249,557.0,2000,2,23.67,35.79,12.62,49.38,0.12,22.51,2.38,0.16,0.5
Kagal,16.4403,74.249,557.0,2000,3,26.99,39.85,15.27,38.04,0.01,24.93,2.14,0.15,0.5
Kagal,16.4403,74.249,557.0,2000,4,29.64,42.55,18.46,49.47,0.45,26.31,2.98,0.24,0.51
Kagal,16.4403,74.249,557.0,2000,5,27.2,42.9,20.87,66.7,2.91,22.55,3.68,0.41,0.53
Kagal,16.4403,74.249,557.0,2000,6,24.33,32.32,20.32,84.85,7.17,16.09,4.4,0.71,0.68
Kagal,16.4403,74.249,557.0,2000,7,23.16,28.67,19.77,87.9,10.34,16.34,5.27,0.84,0.84
Kagal,16.4403,74.249,557.0,2000,8,23.03,28.84,19.9,88.54,7.86,15.09,4.41,0.83,0.83
Kagal,16.4403,74.249,557.0,2000,9,23.92,31.14,18.9,85.27,3.59,18.26,2.53,0.82,0.83
Kagal,16.4403,74.249,557.0,2000,10,24.01,31.39,15.73,76.47,2.48,18.95,1.22,0.78,0.77
Kagal,16.4403,74.249,557.0,2000,11,22.56,32.08,13.74,63.03,0.24,19.11,2.1,0.62,0.64
Kagal,16.4403,74.249,557.0,2000,12,21.27,32.76,11.59,42.28,0.31,18.02,2.61,0.42,0.55
Kagal,16.4403,74.249,557.0,2000,13,24.44,42.9,11.59,63.91,2.97,19.8,3.01,0.52,0.64
Kagal,16.4403,74.249,557.0,2001,1,23.3,35.07,12.71,42.89,0.06,18.04,1.92,0.34,0.52
Kagal,16.4403,74.249,557.0,2001,2,25.3,38.36,13.7,31.84,0.0,22.85,1.83,0.15,0.5
Kagal,16.4403,74.249,557.0,2001,3,26.28,39.22,15.13,45.49,0.0,24.88,2.6,0.11,0.5
Kagal,16.4403,74.249,557.0,2001,4,29.37,41.0,17.2,47.84,0.67,24.17,2.23,0.26,0.51
Kagal,16.4403,74.249,557.0,2001,5,28.06,43.07,20.68,61.14,1.61,24.75,4.0,0.29,0.51
Kagal,16.4403,74.249,557.0,2001,6,24.6,33.18,20.86,80.79,5.96,17.39,5.61,0.63,0.62
Kagal,16.4403,74.249,557.0,2001,7,23.62,28.94,19.76,85.38,7.51,14.44,5.51,0.75,0.72
Kagal,16.4403,74.249,557.0,2001,8,23.11,27.79,20.22,88.31,6.53,14.41,4.74,0.82,0.82
Kagal,16.4403,74.249,557.0,2001,9,23.63,30.21,19.23,85.36,2.81,18.55,2.58,0.76,0.76
Kagal,16.4403,74.249,557.0,2001,10,23.13,30.88,14.51,79.67,1.92,18.21,2.35,0.74,0.72
Kagal,16.4403,74.249,557.0,2001,11,23.28,32.82,13.76,64.88,0.37,18.9,2.39,0.55,0.59
Kagal,16.4403,74.249,557.0,2001,12,22.15,32.88,13.09,48.42,0.02,17.93,2.65,0.39,0.53
Kagal,16.4403,74.249,557.0,2001,13,24.64,43.07,12.71,63.69,2.31,19.52,3.21,0.48,0.61
Kagal,16.4403,74.249,557.0,2002,1,22.23,35.1,10.67,46.7,0.02,19.38,2.43,0.22,0.51
Kagal,16.4403,74.249,557.0,2002,2,25.76,37.28,15.73,39.35,0.0,21.33,1.98,0.15,0.5
Kagal,16.4403,74.249,557.0,2002,3,28.34,40.95,17.03,39.69,0.02,24.16,2.17,0.12,0.5
Kagal,16.4403,74.249,557.0,2002,4,30.59,42.66,19.27,44.01,0.18,25.18,2.41,0.17,0.5
Kagal,16.4403,74.249,557.0,2002,5,28.6,42.47,20.41,62.94,1.03,24.57,3.71,0.35,0.51
Kagal,16.4403,74.249,557.0,2002,6,25.22,35.13,21.73,82.32,9.79,16.3,4.44,0.68,0.66
Kagal,16.4403,74.249,557.0,2002,7,24.11,29.52,20.85,84.64,3.61,15.9,5.23,0.74,0.73
Kagal,16.4403,74.249,557.0,2002,8,23.33,29.39,19.66,86.98,7.64,14.19,4.95,0.8,0.79
Kagal,16.4403,74.249,557.0,2002,9,23.57,32.86,18.29,83.22,1.35,20.52,2.86,0.73,0.74
Kagal,16.4403,74.249,557.0,2002,10,24.57,34.19,16.44,74.83,3.43,18.18,2.06,0.68,0.67
Kagal,16.4403,74.249,557.0,2002,11,23.78,34.39,14.89,56.0,0.15,19.27,1.98,0.5,0.58
Kagal,16.4403,74.249,557.0,2002,12,22.77,33.98,13.45,44.59,0.01,18.09,2.01,0.33,0.52
Kagal,16.4403,74.249,557.0,2002,13,25.23,42.66,10.67,62.25,2.28,19.74,3.03,0.46,0.6
Kagal,16.4403,74.249,557.0,2003,1,23.93,35.74,12.35,43.14,0.0,18.13,1.88,0.19,0.5
Kagal,16.4403,74.249,557.0,2003,2,26.13,38.0,15.42,40.16,0.06,22.06,1.91,0.16,0.5
Kagal,16.4403,74.249,557.0,2003,3,28.25,40.02,16.53,40.14,0.3,23.73,2.13,0.19,0.5
Kagal,16.4403,74.249,557.0,2003,4,30.26,41.83,18.67,43.57,0.87,24.85,2.29,0.27,0.51
Kagal,16.4403,74.249,557.0,2003,5,29.59,41.72,19.2,54.84,0.24,26.34,3.91,0.24,0.51
Kagal,16.4403,74.249,557.0,2003,6,26.14,40.77,20.69,76.2,7.46,18.8,4.65,0.49,0.59
Kagal,16.4403,74.249,557.0,2003,7,24.07,28.75,21.05,87.74,6.73,15.2,4.87,0.79,0.78
Kagal,16.4403,74.249,557.0,2003,8,23.76,28.76,20.94,87.19,3.95,15.08,4.47,0.78,0.78
Kagal,16.4403,74.249,557.0,2003,9,23.7,31.67,19.5,84.7,1.77,18.07,3.5,0.73,0.72
Kagal,16.4403,74.249,557.0,2003,10,24.3,32.37,14.77,75.47,2.13,18.95,1.75,0.66,0.65
Kagal,16.4403,74.249,557.0,2003,11,24.08,33.68,14.0,56.88,0.07,18.85,2.23,0.46,0.56
Kagal,16.4403,74.249,557.0,2003,12,22.61,33.22,12.79,42.54,0.03,18.66,2.35,0.3,0.51
Kagal,16.4403,74.249,557.0,2003,13,25.56,41.83,12.35,61.17,1.98,19.87,3.0,0.44,0.59
Kagal,16.4403,74.249,557.0,2004,1,22.74,34.34,12.83,45.95,0.0,19.27,2.06,0.19,0.5
Kagal,16.4403,74.249,557.0,2004,2,25.28,38.05,13.23,35.4,0.02,22.55,1.91,0.14,0.5
Kagal,16.4403,74.249,557.0,2004,3,29.1,41.07,18.99,39.96,0.01,25.04,2.03,0.11,0.5
Kagal,16.4403,74.249,557.0,2004,4,29.6,42.28,18.74,47.2,0.42,25.99,2.62,0.21,0.5
Kagal,16.4403,74.249,557.0,2004,5,27.2,40.58,20.66,68.36,3.18,21.8,3.57,0.49,0.54
Kagal,16.4403,74.249,557.0,2004,6,24.43,32.08,21.0,84.95,9.58,17.08,4.92,0.74,0.71
Kagal,16.4403,74.249,557.0,2004,7,23.73,29.75,20.81,86.75,5.99,15.71,4.48,0.77,0.75
Kagal,16.4403,74.249,557.0,2004,8,23.1,28.38,19.72,88.54,8.01,14.81,5.49,0.86,0.87
Kagal,16.4403,74.249,557.0,2004,9,23.56,30.55,19.04,85.92,3.57,17.19,2.48,0.8,0.8
Kagal,16.4403,74.249,557.0,2004,10,23.39,31.57,14.96,76.58,0.83,20.23,2.42,0.71,0.71
Kagal,16.4403,74.249,557.0,2004,11,23.02,32.49,13.35,59.79,0.45,18.4,2.52,0.52,0.59
Kagal,16.4403,74.249,557.0,2004,12,21.66,32.72,11.7,43.92,0.0,19.21,2.57,0.36,0.53
Kagal,16.4403,74.249,557.0,2004,13,24.73,42.28,11.7,63.7,2.68,19.76,3.1,0.49,0.63
Kagal,16.4403,74.249,557.0,2005,1,23.2,35.11,11.83,42.29,0.03,18.59,1.96,0.19,0.5
Kagal,16.4403,74.249,557.0,2005,2,25.21,38.68,13.09,40.01,0.0,22.64,2.13,0.15,0.5
Kagal,16.4403,74.249,557.0,2005,3,27.44,40.89,14.59,41.38,0.04,24.88,2.23,0.14,0.5
Kagal,16.4403,74.249,557.0,2005,4,29.16,40.44,18.78,47.91,0.84,23.3,2.05,0.28,0.51
Kagal,16.4403,74.249,557.0,2005,5,28.6,42.19,19.23,58.39,1.42,24.97,3.22,0.36,0.52
Kagal,16.4403,74.249,557.0,2005,6,25.64,36.37,21.74,80.37,9.33,18.19,4.58,0.63,0.61
Kagal,16.4403,74.249,557.0,2005,7,23.96,28.38,21.23,89.35,14.32,13.57,5.09,0.85,0.83
Kagal,16.4403,74.249,557.0,2005,8,23.27,27.91,20.09,90.65,8.69,14.36,4.58,0.91,0.93
Kagal,16.4403,74.249,557.0,2005,9,23.4,29.65,19.37,90.37,7.96,14.77,3.57,0.89,0.91
Kagal,16.4403,74.249,557.0,2005,10,23.05,29.89,14.71,83.07,3.2,18.54,1.85,0.86,0.87
Kagal,16.4403,74.249,557.0,2005,11,20.02,28.99,11.77,71.06,0.03,19.47,2.54,0.73,0.72
Kagal,16.4403,74.249,557.0,2005,12,20.44,30.5,11.2,59.3,0.0,18.32,2.3,0.54,0.6
Kagal,16.4403,74.249,557.0,2005,13,24.44,42.19,11.2,66.33,3.85,19.28,3.01,0.55,0.67
Kagal,16.4403,74.249,557.0,2006,1,22.01,34.39,10.66,42.83,0.0,19.95,2.37,0.38,0.53
Kagal,16.4403,74.249,557.0,2006,2,25.26,38.19,13.4,33.4,0.0,23.18,2.12,0.19,0.5
Kagal,16.4403,74.249,557.0,2006,3,26.81,40.05,15.02,46.86,0.43,24.13,2.22,0.24,0.51
Kagal,16.4403,74.249,557.0,2006,4,29.21,41.01,18.88,46.88,0.08,25.45,2.89,0.16,0.5
Kagal,16.4403,74.249,557.0,2006,5,28.63,41.32,21.17,60.53,7.87,23.12,3.52,0.33,0.53
Kagal,16.4403,74.249,557.0,2006,6,24.46,30.01,20.59,86.88,9.98,18.53,3.82,0.82,0.8
Kagal,16.4403,74.249,557.0,2006,7,23.33,27.63,20.46,89.47,10.39,13.43,6.12,0.88,0.9
Kagal,16.4403,74.249,557.0,2006,8,22.78,27.66,19.77,90.73,9.73,13.88,5.02,0.91,0.92
Kagal,16.4403,74.249,557.0,2006,9,23.62,30.48,19.53,89.07,6.34,17.59,2.7,0.86,0.87
Kagal,16.4403,74.249,557.0,2006,10,23.7,30.52,17.62,80.94,3.0,18.21,2.33,0.83,0.84
Kagal,16.4403,74.249,557.0,2006,11,22.45,29.87,14.98,79.1,1.24,16.33,2.25,0.72,0.7
Kagal,16.4403,74.249,557.0,2006,12,20.84,31.08,11.41,60.45,0.0,18.22,2.39,0.55,0.6
Kagal,16.4403,74.249,557.0,2006,13,24.41,41.32,10.66,67.45,4.12,19.3,3.16,0.57,0.68
Kagal,16.4403,74.249,557.0,2007,1,22.55,34.06,12.01,44.88,0.0,19.34,1.78,0.39,0.53
Kagal,16.4403,74.249,557.0,2007,2,24.3,36.75,12.6,46.78,0.0,22.21,2.11,0.21,0.51
Kagal,16.4403,74.249,557.0,2007,3,28.26,40.47,15.95,40.51,0.0,23.51,2.14,0.13,0.5
Kagal,16.4403,74.249,557.0,2007,4,30.16,41.86,19.23,45.96,0.46,24.51,2.24,0.22,0.51
Kagal,16.4403,74.249,557.0,2007,5,28.27,41.42,20.71,62.77,1.62,24.42,3.49,0.39,0.52
Kagal,16.4403,74.249,557.0,2007,6,25.49,36.83,20.74,81.66,16.0,16.36,4.61,0.65,0.64
Kagal,16.4403,74.249,557.0,2007,7,23.91,28.76,20.5,89.69,9.18,14.69,4.98,0.89,0.91
Kagal,16.4403,74.249,557.0,2007,8,23.37,27.98,20.6,90.54,11.0,15.1,4.58,0.9,0.92
Kagal,16.4403,74.249,557.0,2007,9,23.41,29.22,19.44,89.89,7.3,15.41,3.19,0.89,0.91
Kagal,16.4403,74.249,557.0,2007,10,23.22,30.12,15.37,78.63,0.81,18.01,1.94,0.81,0.82
Kagal,16.4403,74.249,557.0,2007,11,21.21,29.64,10.41,68.83,0.72,19.35,2.2,0.68,0.69
Kagal,16.4403,74.249,557.0,2007,12,22.12,33.19,12.97,57.98,0.01,17.42,2.27,0.48,0.58
Kagal,16.4403,74.249,557.0,2007,13,24.69,41.86,10.41,66.62,3.93,19.17,2.97,0.56,0.67
Kagal,16.4403,74.249,557.0,2008,1,21.8,33.66,10.53,43.76,0.0,19.83,2.08,0.33,0.52
Kagal,16.4403,74.249,557.0,2008,2,23.78,36.48,11.34,43.66,0.25,20.87,2.02,0.24,0.51
Kagal,16.4403,74.249,557.0,2008,3,26.87,37.63,16.66,47.03,1.49,22.24,1.8,0.32,0.52
Kagal,16.4403,74.249,557.0,2008,4,28.79,41.12,15.63,50.35,0.53,25.36,2.31,0.34,0.51
Kagal,16.4403,74.249,557.0,2008,5,27.77,39.98,20.44,62.4,2.01,25.89,3.81,0.3,0.52
Kagal,16.4403,74.249,557.0,2008,6,24.71,33.67,20.87,83.4,6.52,16.64,5.07,0.68,0.65
Kagal,16.4403,74.249,557.0,2008,7,24.14,29.64,21.08,84.85,5.2,16.0,4.83,0.71,0.68
Kagal,16.4403,74.249,557.0,2008,8,23.4,29.83,19.29,88.56,9.31,14.72,4.14,0.84,0.83
Kagal,16.4403,74.249,557.0,2008,9,23.25,30.71,17.92,87.81,6.3,16.38,3.04,0.85,0.85
Kagal,16.4403,74.249,557.0,2008,10,23.43,31.08,14.13,75.94,1.04,20.27,2.19,0.76,0.76
Kagal,16.4403,74.249,557.0,2008,11,22.86,33.05,14.4,65.18,0.58,17.54,2.61,0.57,0.61
Kagal,16.4403,74.249,557.0,2008,12,22.14,32.18,11.69,54.95,0.15,17.77,2.25,0.46,0.55
Kagal,16.4403,74.249,557.0,2008,13,24.41,41.12,10.53,65.71,2.79,19.46,3.02,0.53,0.63
Kagal,16.4403,74.249,557.0,2009,1,23.35,36.48,12.81,42.6,0.0,19.74,2.13,0.29,0.51
Kagal,16.4403,74.249,557.0,2009,2,26.12,39.47,14.97,36.1,0.0,22.27,1.75,0.15,0.5
Kagal,16.4403,74.249,557.0,2009,3,28.58,39.44,17.95,38.01,0.13,23.33,2.0,0.15,0.5
Kagal,16.4403,74.249,557.0,2009,4,30.3,42.26,20.14,44.83,0.22,23.9,2.49,0.21,0.51
Kagal,16.4403,74.249,557.0,2009,5,29.05,41.52,20.83,56.9,0.68,24.42,3.57,0.29,0.51
Kagal,16.4403,74.249,557.0,2009,6,25.47,34.54,20.89,77.69,4.65,18.98,4.11,0.55,0.57
Kagal,16.4403,74.249,557.0,2009,7,23.67,28.24,20.78,88.54,14.95,13.51,6.48,0.85,0.84
Kagal,16.4403,74.249,557.0,2009,8,23.73,29.77,20.52,87.7,4.2,16.55,3.84,0.82,0.83
Kagal,16.4403,74.249,557.0,2009,9,24.11,30.46,19.8,87.0,6.67,16.16,2.59,0.84,0.84
Kagal,16.4403,74.249,557.0,2009,10,23.12,29.53,14.9,79.57,4.02,17.51,2.26,0.84,0.85
Kagal,16.4403,74.249,557.0,2009,11,22.27,29.75,12.42,76.87,2.11,16.42,2.55,0.74,0.72
Kagal,16.4403,74.249,557.0,2009,12,21.93,30.65,12.93,65.91,0.12,16.59,2.1,0.58,0.62
Kagal,16.4403,74.249,557.0,2009,13,25.13,42.26,12.42,65.31,3.17,19.09,3.0,0.53,0.65
Kagal,16.4403,74.249,557.0,2010,1,22.65,32.14,12.05,58.3,0.38,17.16,1.84,0.48,0.55
Kagal,16.4403,74.249,557.0,2010,2,25.34,38.04,13.51,46.27,0.0,21.29,2.11,0.29,0.51
Kagal,16.4403,74.249,557.0,2010,3,28.99,40.56,17.62,39.11,0.0,22.76,2.26,0.14,0.5
Kagal,16.4403,74.249,557.0,2010,4,29.92,41.41,17.85,47.55,0.3,24.24,2.36,0.18,0.5
Kagal,16.4403,74.249,557.0,2010,5,29.82,41.19,22.02,57.39,0.33,24.73,3.67,0.21,0.51
Kagal,16.4403,74.249,557.0,2010,6,25.77,38.04,21.46,79.27,8.52,18.24,4.42,0.61,0.62
Kagal,16.4403,74.249,557.0,2010,7,23.9,28.61,19.43,87.75,14.1,13.8,4.86,0.81,0.8
Kagal,16.4403,74.249,557.0,2010,8,23.48,28.84,20.35,90.19,7.11,14.76,4.2,0.88,0.9
Kagal,16.4403,74.249,557.0,2010,9,23.73,28.9,19.78,88.26,5.25,16.59,2.92,0.86,0.88
Kagal,16.4403,74.249,557.0,2010,10,23.58,30.01,15.84,84.13,3.05,17.75,2.18,0.82,0.84
Kagal,16.4403,74.249,557.0,2010,11,23.2,29.23,17.0,82.77,2.2,15.63,2.02,0.77,0.77
Kagal,16.4403,74.249,557.0,2010,12,20.29,29.46,10.46,69.08,0.02,17.05,2.09,0.63,0.65
Kagal,16.4403,74.249,557.0,2010,13,25.05,41.41,10.46,69.3,3.46,18.65,2.92,0.56,0.67
Kagal,16.4403,74.249,557.0,2011,1,21.67,33.61,10.77,47.05,0.0,19.78,2.08,0.44,0.56
Kagal,16.4403,74.249,557.0,2011,2,23.65,35.69,12.7,47.75,0.02,21.94,2.06,0.29,0.51
Kagal,16.4403,74.249,557.0,2011,3,28.3,39.99,17.13,37.17,0.0,24.6,2.17,0.15,0.5
Kagal,16.4403,74.249,557.0,2011,4,28.7,40.45,15.65,49.44,0.54,23.95,2.46,0.23,0.51
Kagal,16.4403,74.249,557.0,2011,5,28.48,40.4,21.0,58.65,1.09,24.21,3.52,0.3,0.51
Kagal,16.4403,74.249,557.0,2011,6,24.91,30.68,20.71,81.99,6.52,14.76,5.56,0.64,0.62
Kagal,16.4403,74.249,557.0,2011,7,23.77,29.05,19.36,86.54,11.35,14.28,5.24,0.79,0.76
Kagal,16.4403,74.249,557.0,2011,8,23.37,28.25,19.75,89.24,9.35,14.0,4.71,0.86,0.88
Kagal,16.4403,74.249,557.0,2011,9,23.14,30.06,17.82,88.25,5.08,17.59,3.43,0.86,0.88
Kagal,16.4403,74.249,557.0,2011,10,23.89,30.91,17.28,80.47,2.82,18.23,1.99,0.78,0.77
Kagal,16.4403,74.249,557.0,2011,11,22.58,32.52,12.96,63.67,0.16,18.05,2.73,0.62,0.64
Kagal,16.4403,74.249,557.0,2011,12,22.35,33.02,11.13,47.76,0.0,17.89,2.39,0.43,0.55
Kagal,16.4403,74.249,557.0,2011,13,24.57,40.45,10.77,64.91,3.1,19.09,3.2,0.53,0.64
Kagal,16.4403,74.249,557.0,2012,1,22.18,34.31,10.98,45.66,0.0,19.59,1.97,0.27,0.51
Kagal,16.4403,74.249,557.0,2012,2,25.4,38.6,14.78,32.21,0.0,22.29,2.05,0.15,0.5
Kagal,16.4403,74.249,557.0,2012,3,27.19,40.43,12.2,33.91,0.0,24.82,2.21,0.11,0.5
Kagal,16.4403,74.249,557.0,2012,4,29.42,40.86,19.15,46.96,0.74,23.96,2.26,0.28,0.51
Kagal,16.4403,74.249,557.0,2012,5,28.95,41.68,19.49,55.65,0.27,24.52,3.89,0.23,0.51
Kagal,16.4403,74.249,557.0,2012,6,25.58,37.34,20.83,75.47,6.19,18.88,4.94,0.51,0.57
Kagal,16.4403,74.249,557.0,2012,7,23.94,29.25,20.45,86.44,8.52,14.17,5.16,0.77,0.74
Kagal,16.4403,74.249,557.0,2012,8,23.67,29.32,20.54,87.6,6.05,15.48,4.8,0.81,0.81
Kagal,16.4403,74.249,557.0,2012,9,23.5,30.72,18.46,86.48,3.82,16.8,3.44,0.81,0.82
Kagal,16.4403,74.249,557.0,2012,10,23.83,31.75,15.7,73.4,2.08,18.24,2.26,0.73,0.74
Kagal,16.4403,74.249,557.0,2012,11,23.15,32.99,11.68,66.77,0.54,17.06,1.52,0.57,0.62
Kagal,16.4403,74.249,557.0,2012,12,22.92,33.39,12.77,52.63,0.0,18.28,2.1,0.4,0.54
Kagal,16.4403,74.249,557.0,2012,13,24.97,41.68,10.98,62.02,2.36,19.5,3.06,0.47,0.61
Kagal,16.4403,74.249,557.0,2013,1,23.46,34.59,12.77,42.71,0.01,19.42,1.74,0.25,0.51
Kagal,16.4403,74.249,557.0,2013,2,25.8,36.8,13.45,41.64,0.12,21.21,2.03,0.18,0.5
Kagal,16.4403,74.249,557.0,2013,3,28.06,40.36,16.5,38.76,0.03,23.66,2.52,0.15,0.5
Kagal,16.4403,74.249,557.0,2013,4,28.73,41.08,17.58,49.28,0.27,25.97,2.92,0.15,0.5
Kagal,16.4403,74.249,557.0,2013,5,28.7,40.85,20.7,59.96,0.98,23.86,3.89,0.33,0.51
Kagal,16.4403,74.249,557.0,2013,6,24.67,31.98,21.69,84.47,9.06,14.91,5.33,0.69,0.66
Kagal,16.4403,74.249,557.0,2013,7,23.4,27.94,20.64,89.57,12.51,11.68,6.07,0.84,0.83
Kagal,16.4403,74.249,557.0,2013,8,23.14,28.42,20.32,88.62,3.99,15.63,4.42,0.85,0.87
Kagal,16.4403,74.249,557.0,2013,9,23.47,29.81,19.79,88.32,6.17,16.75,2.72,0.83,0.84
Kagal,16.4403,74.249,557.0,2013,10,23.41,31.23,15.72,83.7,2.23,17.77,2.28,0.79,0.79
Kagal,16.4403,74.249,557.0,2013,11,22.31,30.67,12.79,70.64,0.03,17.87,2.1,0.65,0.67
Kagal,16.4403,74.249,557.0,2013,12,21.04,31.86,10.77,52.78,0.0,18.72,2.18,0.45,0.57
Kagal,16.4403,74.249,557.0,2013,13,24.67,41.08,10.77,65.99,2.96,18.94,3.19,0.52,0.65
Kagal,16.4403,74.249,557.0,2014,1,22.82,32.66,13.11,51.2,0.0,17.55,2.13,0.33,0.52
Kagal,16.4403,74.249,557.0,2014,2,24.04,36.02,12.77,46.89,0.07,20.67,2.35,0.19,0.5
Kagal,16.4403,74.249,557.0,2014,3,27.3,40.73,12.02,42.25,0.33,23.15,2.2,0.25,0.51
Kagal,16.4403,74.249,557.0,2014,4,29.81,40.5,18.36,43.21,0.3,22.58,2.15,0.2,0.5
Kagal,16.4403,74.249,557.0,2014,5,28.91,40.15,19.78,57.46,1.8,23.09,2.69,0.41,0.52
Kagal,16.4403,74.249,557.0,2014,6,26.59,39.13,21.65,74.65,3.12,20.14,4.48,0.53,0.56
Kagal,16.4403,74.249,557.0,2014,7,24.35,32.36,20.84,84.94,12.6,13.85,5.83,0.72,0.7
Kagal,16.4403,74.249,557.0,2014,8,23.85,30.76,19.92,87.59,8.36,15.16,3.95,0.84,0.85
Kagal,16.4403,74.249,557.0,2014,9,23.78,31.79,19.34,85.9,3.29,16.97,3.15,0.83,0.85
Kagal,16.4403,74.249,557.0,2014,10,24.1,31.82,15.04,76.4,2.82,18.74,1.79,0.75,0.75
Kagal,16.4403,74.249,557.0,2014,11,22.12,30.94,12.44,68.02,0.82,17.58,2.2,0.67,0.66
Kagal,16.4403,74.249,557.0,2014,12,21.52,32.04,11.57,58.2,0.37,16.83,2.2,0.5,0.57
Kagal,16.4403,74.249,557.0,2014,13,24.93,40.73,11.57,64.84,2.86,18.84,2.93,0.52,0.62
Kagal,16.4403,74.249,557.0,2015,1,21.48,33.25,9.82,48.51,0.01,18.12,1.92,0.37,0.52
Kagal,16.4403,74.249,557.0,2015,2,24.43,36.36,14.69,37.41,0.28,22.36,2.0,0.19,0.5
Kagal,16.4403,74.249,557.0,2015,3,26.98,39.78,11.24,48.76,0.54,21.92,2.09,0.32,0.51
Kagal,16.4403,74.249,557.0,2015,4,28.86,41.74,18.14,48.78,0.56,24.93,2.36,0.27,0.51
Kagal,16.4403,74.249,557.0,2015,5,29.23,40.65,21.71,58.68,1.16,23.63,3.14,0.34,0.51
Kagal,16.4403,74.249,557.0,2015,6,25.28,36.93,20.07,79.45,8.5,17.54,4.9,0.62,0.62
Kagal,16.4403,74.249,557.0,2015,7,24.38,29.94,20.66,84.33,3.95,17.12,5.25,0.72,0.7
Kagal,16.4403,74.249,557.0,2015,8,24.15,31.31,20.6,85.06,3.79,16.57,3.89,0.72,0.7
Kagal,16.4403,74.249,557.0,2015,9,24.17,32.5,18.87,82.75,3.24,18.71,2.58,0.7,0.68
Kagal,16.4403,74.249,557.0,2015,10,25.68,33.97,18.67,69.81,1.84,18.75,1.52,0.61,0.64
Kagal,16.4403,74.249,557.0,2015,11,25.05,34.03,15.71,59.58,0.28,17.28,2.17,0.45,0.55
Kagal,16.4403,74.249,557.0,2015,12,24.5,35.86,12.68,44.6,0.02,17.54,2.29,0.29,0.51
Kagal,16.4403,74.249,557.0,2015,13,25.35,41.74,9.82,62.46,2.02,19.52,2.85,0.47,0.58
Kagal,16.4403,74.249,557.0,2016,1,23.19,36.02,13.92,39.41,0.0,18.41,1.97,0.17,0.5
Kagal,16.4403,74.249,557.0,2016,2,26.04,40.04,14.39,43.81,0.04,20.99,1.97,0.13,0.5
Kagal,16.4403,74.249,557.0,2016,3,28.75,40.81,16.18,41.31,0.22,23.37,2.2,0.19,0.5
Kagal,16.4403,74.249,557.0,2016,4,30.23,42.77,18.32,45.63,0.25,24.84,2.82,0.21,0.51
Kagal,16.4403,74.249,557.0,2016,5,29.73,41.87,20.3,56.21,0.45,24.74,3.57,0.26,0.51
Kagal,16.4403,74.249,557.0,2016,6,25.11,37.83,21.02,81.95,10.74,15.37,4.19,0.67,0.64
Kagal,16.4403,74.249,557.0,2016,7,23.42,28.0,20.61,91.35,20.79,12.5,4.71,0.92,0.92
Kagal,16.4403,74.249,557.0,2016,8,23.16,28.18,20.2,90.66,12.27,14.72,4.54,0.93,0.95
Kagal,16.4403,74.249,557.0,2016,9,22.6,28.42,17.79,89.89,5.0,15.93,3.08,0.87,0.87
Kagal,16.4403,74.249,557.0,2016,10,22.23,30.32,13.24,78.99,1.32,18.92,1.98,0.8,0.81
Kagal,16.4403,74.249,557.0,2016,11,20.91,33.08,12.23,60.51,0.42,18.83,2.19,0.65,0.65
Kagal,16.4403,74.249,557.0,2016,12,21.92,33.18,10.6,46.44,0.0,17.9,2.35,0.44,0.56
Kagal,16.4403,74.249,557.0,2016,13,24.77,42.77,10.6,63.89,4.32,18.87,2.97,0.52,0.66
Kagal,16.4403,74.249,557.0,2017,1,22.59,35.14,11.46,39.89,0.0,18.74,2.07,0.29,0.51
Kagal,16.4403,74.249,557.0,2017,2,25.47,38.25,14.38,32.64,0.0,22.65,2.23,0.15,0.5
Kagal,16.4403,74.249,557.0,2017,3,27.16,41.19,13.18,42.86,0.01,24.66,2.14,0.12,0.5
Kagal,16.4403,74.249,557.0,2017,4,29.66,42.04,19.06,45.26,0.13,25.72,2.71,0.11,0.5
Kagal,16.4403,74.249,557.0,2017,5,29.27,40.4,20.61,58.25,1.87,23.62,3.25,0.33,0.51
Kagal,16.4403,74.249,557.0,2017,6,25.36,35.74,20.24,80.71,6.97,17.19,4.57,0.63,0.62
Kagal,16.4403,74.249,557.0,2017,7,24.07,28.93,20.77,87.06,10.23,15.39,5.32,0.81,0.79
Kagal,16.4403,74.249,557.0,2017,8,23.74,29.17,19.69,87.35,6.39,15.7,3.71,0.82,0.82
Kagal,16.4403,74.249,557.0,2017,9,24.1,30.05,19.71,87.88,11.27,16.13,2.21,0.88,0.89
Kagal,16.4403,74.249,557.0,2017,10,23.49,30.12,15.63,84.31,3.81,16.86,1.53,0.89,0.91
Kagal,16.4403,74.249,557.0,2017,11,21.09,30.11,12.6,73.22,0.03,18.07,1.96,0.76,0.75
Kagal,16.4403,74.249,557.0,2017,12,20.7,29.96,11.67,62.83,0.15,16.75,2.35,0.59,0.62
Kagal,16.4403,74.249,557.0,2017,13,24.72,42.04,11.46,65.38,3.42,19.26,2.84,0.53,0.66
Kagal,16.4403,74.249,557.0,2018,1,21.87,33.26,11.72,45.71,0.0,17.99,1.78,0.41,0.54
Kagal,16.4403,74.249,557.0,2018,2,24.9,36.85,12.47,31.65,0.01,20.81,1.93,0.24,0.51
Kagal,16.4403,74.249,557.0,2018,3,27.94,39.64,16.85,40.44,0.18,22.02,1.9,0.19,0.5
Kagal,16.4403,74.249,557.0,2018,4,30.13,41.48,18.78,42.52,0.31,24.03,2.25,0.21,0.5
Kagal,16.4403,74.249,557.0,2018,5,28.4,41.8,20.05,63.01,2.24,22.2,2.81,0.42,0.53
Kagal,16.4403,74.249,557.0,2018,6,24.88,33.72,20.54,85.25,12.52,15.86,4.3,0.75,0.71
Kagal,16.4403,74.249,557.0,2018,7,23.45,28.09,20.08,90.16,13.91,12.03,5.58,0.89,0.9
Kagal,16.4403,74.249,557.0,2018,8,22.95,27.35,20.19,89.83,7.43,12.8,5.26,0.88,0.9
Kagal,16.4403,74.249,557.0,2018,9,23.34,29.9,17.77,85.08,4.42,19.86,2.28,0.83,0.83
Kagal,16.4403,74.249,557.0,2018,10,24.07,31.92,14.09,71.51,1.25,19.72,1.7,0.76,0.76
Kagal,16.4403,74.249,557.0,2018,11,23.29,32.3,13.15,61.14,0.65,17.95,1.91,0.6,0.62
Kagal,16.4403,74.249,557.0,2018,12,21.95,32.44,10.65,52.77,0.06,16.69,2.01,0.43,0.55
Kagal,16.4403,74.249,557.0,2018,13,24.76,41.8,10.65,63.46,3.6,18.47,2.82,0.55,0.66
Kagal,16.4403,74.249,557.0,2019,1,21.94,33.31,10.84,36.45,0.0,18.83,2.12,0.26,0.51
Kagal,16.4403,74.249,557.0,2019,2,25.19,38.36,11.06,36.8,0.0,22.1,2.11,0.15,0.5
Kagal,16.4403,74.249,557.0,2019,3,27.66,41.18,13.92,38.93,0.22,24.41,2.22,0.14,0.5
Kagal,16.4403,74.249,557.0,2019,4,30.27,42.75,18.59,44.29,0.39,24.75,2.47,0.25,0.51
Kagal,16.4403,74.249,557.0,2019,5,29.89,42.91,20.39,51.26,0.05,25.63,3.54,0.17,0.5
Kagal,16.4403,74.249,557.0,2019,6,26.91,40.75,21.39,73.74,9.62,17.72,4.01,0.51,0.57
Kagal,16.4403,74.249,557.0,2019,7,24.14,29.29,21.29,90.32,19.0,14.33,4.75,0.9,0.89
Kagal,16.4403,74.249,557.0,2019,8,23.48,27.91,20.51,91.55,22.92,13.94,4.86,0.94,0.96
Kagal,16.4403,74.249,557.0,2019,9,23.43,28.75,19.53,91.01,10.14,14.34,3.59,0.92,0.95
Kagal,16.4403,74.249,557.0,2019,10,23.33,28.85,18.06,88.61,8.6,15.73,1.91,0.92,0.94
Kagal,16.4403,74.249,557.0,2019,11,22.03,28.94,14.72,83.3,0.31,17.27,2.06,0.86,0.87
Kagal,16.4403,74.249,557.0,2019,12,21.91,29.14,15.49,78.58,0.09,15.39,2.09,0.73,0.71
Kagal,16.4403,74.249,557.0,2019,13,25.01,42.91,10.84,67.25,6.0,18.68,2.98,0.57,0.7
Kagal,16.4403,74.249,557.0,2020,1,21.64,33.09,11.57,66.78,0.0,17.83,1.86,0.56,0.59
Kagal,16.4403,74.249,557.0,2020,2,24.47,36.35,12.16,46.96,0.02,20.73,2.04,0.38,0.53
Kagal,16.4403,74.249,557.0,2020,3,27.31,40.24,15.59,46.76,0.34,23.32,2.32,0.26,0.51
Kagal,16.4403,74.249,557.0,2020,4,29.95,40.98,18.41,47.84,1.23,24.15,2.23,0.34,0.51
Kagal,16.4403,74.249,557.0,2020,5,30.25,42.3,22.06,55.71,1.37,23.69,2.97,0.34,0.51
Kagal,16.4403,74.249,557.0,2020,6,24.9,31.44,20.56,84.43,12.09,17.11,3.93,0.75,0.71
Kagal,16.4403,74.249,557.0,2020,7,23.85,28.65,20.58,89.35,12.18,14.89,3.85,0.89,0.89
Kagal,16.4403,74.249,557.0,2020,8,23.58,27.86,20.53,92.14,18.02,12.62,4.79,0.94,0.95
Kagal,16.4403,74.249,557.0,2020,9,23.63,30.39,19.91,90.18,9.75,16.03,2.69,0.92,0.95
Kagal,16.4403,74.249,557.0,2020,10,23.4,29.39,16.54,88.19,8.24,15.29,1.82,0.92,0.94
Kagal,16.4403,74.249,557.0,2020,11,22.02,28.33,13.28,82.37,0.01,17.18,2.4,0.83,0.83
Kagal,16.4403,74.249,557.0,2020,12,20.96,30.06,10.89,72.52,0.04,17.33,2.19,0.68,0.67
Kagal,16.4403,74.249,557.0,2020,13,24.66,42.3,10.89,72.03,5.3,18.33,2.76,0.65,0.72
Kagal,16.4403,74.249,557.0,2021,1,23.28,33.37,14.62,65.3,0.29,16.84,1.51,0.53,0.58
Kagal,16.4403,74.249,557.0,2021,2,24.01,36.83,13.26,48.38,0.25,20.51,2.12,0.39,0.52
Kagal,16.4403,74.249,557.0,2021,3,28.72,40.52,16.68,37.52,0.03,23.04,1.84,0.19,0.5
Kagal,16.4403,74.249,557.0,2021,4,29.26,40.43,17.94,49.46,1.39,23.31,2.12,0.32,0.51
Kagal,16.4403,74.249,557.0,2021,5,27.38,38.03,21.44,70.98,6.0,20.4,3.0,0.57,0.58
Kagal,16.4403,74.249,557.0,2021,6,24.5,31.95,20.66,86.7,14.5,16.35,3.85,0.81,0.79
Kagal,16.4403,74.249,557.0,2021,7,23.65,28.39,20.89,91.15,22.69,13.98,4.67,0.92,0.92
Kagal,16.4403,74.249,557.0,2021,8,23.34,28.46,19.27,88.95,3.85,15.46,3.48,0.89,0.91
Kagal,16.4403,74.249,557.0,2021,9,23.34,28.35,17.69,90.1,6.41,14.82,3.58,0.87,0.88
Kagal,16.4403,74.249,557.0,2021,10,23.87,29.79,15.84,84.13,3.61,18.62,1.75,0.84,0.85
Kagal,16.4403,74.249,557.0,2021,11,23.26,30.01,14.96,81.23,2.0,14.11,2.05,0.75,0.73
Kagal,16.4403,74.249,557.0,2021,12,21.11,28.81,11.7,77.18,2.2,15.55,1.78,0.72,0.71
Kagal,16.4403,74.249,557.0,2021,13,24.64,40.52,11.7,72.74,5.3,17.73,2.65,0.65,0.71
Kagal,16.4403,74.249,557.0,2022,1,20.44,32.84,10.15,65.69,0.02,18.03,1.94,0.54,0.59
Kagal,16.4403,74.249,557.0,2022,2,23.63,36.22,12.75,50.26,0.0,21.26,1.86,0.37,0.53
Kagal,16.4403,74.249,557.0,2022,3,28.38,40.92,17.23,42.63,0.35,21.01,2.05,0.25,0.51
Kagal,16.4403,74.249,557.0,2022,4,29.16,40.83,19.52,52.35,1.53,22.07,1.91,0.39,0.52
Kagal,16.4403,74.249,557.0,2022,5,28.15,40.41,20.86,64.97,2.19,20.66,3.65,0.41,0.53
Kagal,16.4403,74.249,557.0,2022,6,25.25,33.81,20.77,79.56,7.31,18.17,3.62,0.62,0.61
Kagal,16.4403,74.249,557.0,2022,7,23.61,29.43,20.82,89.77,14.76,12.85,4.74,0.88,0.88
Kagal,16.4403,74.249,557.0,2022,8,23.24,29.13,20.13,90.46,11.56,14.18,4.28,0.92,0.93
Kagal,16.4403,74.249,557.0,2022,9,23.25,29.92,18.4,90.17,7.66,16.2,2.74,0.91,0.92
Kagal,16.4403,74.249,557.0,2022,10,22.69,29.25,14.1,84.57,6.18,16.48,1.82,0.88,0.9
Kagal,16.4403,74.249,557.0,2022,11,21.33,29.05,11.55,78.57,0.05,17.04,2.16,0.78,0.77
Kagal,16.4403,74.249,557.0,2022,12,22.34,32.02,11.59,69.24,0.06,16.24,2.06,0.63,0.63
Kagal,16.4403,74.249,557.0,2022,13,24.29,40.92,10.15,71.65,4.34,17.81,2.74,0.63,0.69
Kagal,16.4403,74.249,557.0,2023,1,22.06,32.95,11.07,51.88,0.0,18.75,1.72,0.43,0.55
Kagal,16.4403,74.249,557.0,2023,2,25.36,37.5,14.99,25.67,0.0,22.15,2.4,0.25,0.51
Kagal,16.4403,74.249,557.0,2023,3,26.72,38.61,14.91,38.86,0.02,23.6,2.52,0.15,0.5
Kagal,16.4403,74.249,557.0,2023,4,29.08,41.2,16.52,45.42,0.46,24.12,2.2,0.24,0.51
Kagal,16.4403,74.249,557.0,2023,5,29.25,40.3,19.96,55.47,0.98,24.36,2.82,0.33,0.51
Kagal,16.4403,74.249,557.0,2023,6,27.04,37.55,21.34,71.68,4.2,20.98,4.32,0.47,0.53
Kagal,16.4403,74.249,557.0,2023,7,23.89,28.97,21.19,88.97,19.04,11.97,5.46,0.83,0.8
Kagal,16.4403,74.249,557.0,2023,8,23.65,29.7,19.76,88.29,3.0,17.02,3.7,0.85,0.87
Kagal,16.4403,74.249,557.0,2023,9,23.85,30.24,19.76,88.27,6.58,15.75,3.23,0.81,0.81
Kagal,16.4403,74.249,557.0,2023,10,24.21,31.44,15.69,76.18,1.17,18.03,1.9,0.78,0.79
Kagal,16.4403,74.249,557.0,2023,11,23.86,31.59,15.53,74.17,1.25,15.31,1.9,0.66,0.66
Kagal,16.4403,74.249,557.0,2023,12,23.0,33.24,14.52,56.67,0.05,16.12,2.44,0.48,0.57
Kagal,16.4403,74.249,557.0,2023,13,25.15,41.2,11.07,63.7,3.09,18.99,2.89,0.53,0.64
Karvir,16.648,74.1852,606.0,1997,1,21.46,32.9,9.19,53.31,0.05,17.87,1.98,0.41,0.54
Karvir,16.648,74.1852,606.0,1997,2,23.1,37.57,11.92,34.66,0.0,21.9,2.05,0.23,0.51
Karvir,16.648,74.1852,606.0,1997,3,27.83,39.78,16.07,38.64,0.17,23.37,2.16,0.16,0.5
Karvir,16.648,74.1852,606.0,1997,4,27.95,38.73,16.27,47.35,0.47,24.02,2.4,0.25,0.51
Karvir,16.648,74.1852,606.0,1997,5,28.82,40.56,19.27,52.52,0.19,24.19,3.47,0.24,0.51
Karvir,16.648,74.1852,606.0,1997,6,25.18,34.35,20.61,79.58,11.3,16.76,4.54,0.63,0.63
Karvir,16.648,74.1852,606.0,1997,7,23.67,28.12,20.83,88.99,13.26,15.25,5.63,0.87,0.88
Karvir,16.648,74.1852,606.0,1997,8,23.01,27.44,19.89,90.77,12.83,15.04,5.17,0.91,0.93
Karvir,16.648,74.1852,606.0,1997,9,23.09,29.11,18.45,86.65,1.51,19.44,2.53,0.82,0.83
Karvir,16.648,74.1852,606.0,1997,10,24.58,32.21,18.42,77.41,1.48,19.06,1.38,0.7,0.69
Karvir,16.648,74.1852,606.0,1997,11,23.85,31.47,18.06,78.02,1.45,17.2,1.65,0.63,0.63
Karvir,16.648,74.1852,606.0,1997,12,22.33,31.38,12.29,72.13,1.36,17.11,1.71,0.57,0.59
Karvir,16.648,74.1852,606.0,1997,13,24.58,40.56,9.19,66.86,3.7,19.25,2.9,0.54,0.65
Karvir,16.648,74.1852,606.0,1998,1,22.55,34.75,12.34,55.5,0.0,18.38,2.16,0.4,0.53
Karvir,16.648,74.1852,606.0,1998,2,24.06,37.06,12.08,44.7,0.03,21.11,2.43,0.21,0.51
Karvir,16.648,74.1852,606.0,1998,3,27.21,41.05,14.16,43.89,0.0,23.77,2.47,0.14,0.5
Karvir,16.648,74.1852,606.0,1998,4,31.0,42.68,20.52,41.72,0.08,24.13,2.62,0.11,0.5
Karvir,16.648,74.1852,606.0,1998,5,29.96,42.97,21.04,57.55,1.42,23.42,3.19,0.36,0.52
Karvir,16.648,74.1852,606.0,1998,6,26.06,41.03,21.02,77.31,12.39,17.91,4.41,0.6,0.62
Karvir,16.648,74.1852,606.0,1998,7,23.88,28.84,19.87,88.77,9.96,15.15,4.74,0.86,0.86
Karvir,16.648,74.1852,606.0,1998,8,23.86,29.04,20.67,90.28,9.46,15.29,3.76,0.9,0.91
Karvir,16.648,74.1852,606.0,1998,9,23.48,29.2,20.27,90.25,7.2,15.98,3.0,0.9,0.92
Karvir,16.648,74.1852,606.0,1998,10,22.86,29.23,15.19,87.58,2.97,16.85,2.2,0.86,0.87
Karvir,16.648,74.1852,606.0,1998,11,21.17,29.18,11.14,78.37,1.25,18.8,1.92,0.77,0.76
Karvir,16.648,74.1852,606.0,1998,12,19.28,29.89,10.36,62.97,0.04,17.88,2.82,0.6,0.63
Karvir,16.648,74.1852,606.0,1998,13,24.61,42.97,10.36,68.39,3.75,19.04,2.98,0.56,0.68
Karvir,16.648,74.1852,606.0,1999,1,20.84,33.34,10.94,47.86,0.0,19.98,2.17,0.41,0.55
Karvir,16.648,74.1852,606.0,1999,2,25.87,37.97,12.76,36.68,0.08,22.53,2.24,0.27,0.51
Karvir,16.648,74.1852,606.0,1999,3,28.68,41.75,17.14,34.88,0.0,25.6,2.1,0.14,0.5
Karvir,16.648,74.1852,606.0,1999,4,29.31,42.76,19.0,50.49,0.0,26.13,2.97,0.1,0.5
Karvir,16.648,74.1852,606.0,1999,5,26.7,42.29,20.97,68.48,3.46,21.17,3.22,0.39,0.54
Karvir,16.648,74.1852,606.0,1999,6,24.23,33.45,19.57,84.04,11.3,16.55,4.97,0.73,0.71
Karvir,16.648,74.1852,606.0,1999,7,23.46,28.38,21.01,89.47,13.06,14.48,5.33,0.87,0.87
Karvir,16.648,74.1852,606.0,1999,8,23.02,27.77,19.83,88.7,2.88,15.09,4.25,0.85,0.86
Karvir,16.648,74.1852,606.0,1999,9,23.14,30.04,18.5,86.84,3.04,17.69,2.98,0.79,0.79
Karvir,16.648,74.1852,606.0,1999,10,23.61,30.86,14.86,79.44,3.22,18.35,1.96,0.76,0.74
Karvir,16.648,74.1852,606.0,1999,11,22.35,32.48,12.26,60.3,0.03,19.69,2.24,0.57,0.61
Karvir,16.648,74.1852,606.0,1999,12,21.52,32.13,11.11,45.78,0.0,19.19,2.27,0.4,0.53
Karvir,16.648,74.1852,606.0,1999,13,24.38,42.76,10.94,64.58,3.11,19.68,3.06,0.53,0.64
Karvir,16.648,74.1852,606.0,2000,1,23.52,36.08,11.9,34.94,0.01,19.66,2.3,0.22,0.51
Karvir,16.648,74.1852,606.0,2000,2,23.67,35.79,12.62,49.38,0.12,22.51,2.38,0.16,0.5
Karvir,16.648,74.1852,606.0,2000,3,26.99,39.85,15.27,38.04,0.01,24.93,2.14,0.15,0.5
Karvir,16.648,74.1852,606.0,2000,4,29.64,42.55,18.46,49.47,0.45,26.31,2.98,0.24,0.51
Karvir,16.648,74.1852,606.0,2000,5,27.2,42.9,20.87,66.7,2.91,22.55,3.68,0.41,0.53
Karvir,16.648,74.1852,606.0,2000,6,24.33,32.32,20.32,84.85,7.17,16.09,4.4,0.71,0.68
Karvir,16.648,74.1852,606.0,2000,7,23.16,28.67,19.77,87.9,10.34,16.34,5.27,0.84,0.84
Karvir,16.648,74.1852,606.0,2000,8,23.03,28.84,19.9,88.54,7.86,15.09,4.41,0.83,0.83
Karvir,16.648,74.1852,606.0,2000,9,23.92,31.14,18.9,85.27,3.59,18.26,2.53,0.82,0.83
Karvir,16.648,74.1852,606.0,2000,10,24.01,31.39,15.73,76.47,2.48,18.95,1.22,0.78,0.77
Karvir,16.648,74.1852,606.0,2000,11,22.56,32.08,13.74,63.03,0.24,19.11,2.1,0.62,0.64
Karvir,16.648,74.1852,606.0,2000,12,21.27,32.76,11.59,42.28,0.31,18.02,2.61,0.42,0.55
Karvir,16.648,74.1852,606.0,2000,13,24.44,42.9,11.59,63.91,2.97,19.8,3.01,0.52,0.64
Karvir,16.648,74.1852,606.0,2001,1,23.3,35.07,12.71,42.89,0.06,18.04,1.92,0.34,0.52
Karvir,16.648,74.1852,606.0,2001,2,25.3,38.36,13.7,31.84,0.0,22.85,1.83,0.15,0.5
Karvir,16.648,74.1852,606.0,2001,3,26.28,39.22,15.13,45.49,0.0,24.88,2.6,0.11,0.5
Karvir,16.648,74.1852,606.0,2001,4,29.37,41.0,17.2,47.84,0.67,24.17,2.23,0.26,0.51
Karvir,16.648,74.1852,606.0,2001,5,28.06,43.07,20.68,61.14,1.61,24.75,4.0,0.29,0.51
Karvir,16.648,74.1852,606.0,2001,6,24.6,33.18,20.86,80.79,5.96,17.39,5.61,0.63,0.62
Karvir,16.648,74.1852,606.0,2001,7,23.62,28.94,19.76,85.38,7.51,14.44,5.51,0.75,0.72
Karvir,16.648,74.1852,606.0,2001,8,23.11,27.79,20.22,88.31,6.53,14.41,4.74,0.82,0.82
Karvir,16.648,74.1852,606.0,2001,9,23.63,30.21,19.23,85.36,2.81,18.55,2.58,0.76,0.76
Karvir,16.648,74.1852,606.0,2001,10,23.13,30.88,14.51,79.67,1.92,18.21,2.35,0.74,0.72
Karvir,16.648,74.1852,606.0,2001,11,23.28,32.82,13.76,64.88,0.37,18.9,2.39,0.55,0.59
Karvir,16.648,74.1852,606.0,2001,12,22.15,32.88,13.09,48.42,0.02,17.93,2.65,0.39,0.53
Karvir,16.648,74.1852,606.0,2001,13,24.64,43.07,12.71,63.69,2.31,19.52,3.21,0.48,0.61
Karvir,16.648,74.1852,606.0,2002,1,22.23,35.1,10.67,46.7,0.02,19.38,2.43,0.22,0.51
Karvir,16.648,74.1852,606.0,2002,2,25.76,37.28,15.73,39.35,0.0,21.33,1.98,0.15,0.5
Karvir,16.648,74.1852,606.0,2002,3,28.34,40.95,17.03,39.69,0.02,24.16,2.17,0.12,0.5
Karvir,16.648,74.1852,606.0,2002,4,30.59,42.66,19.27,44.01,0.18,25.18,2.41,0.17,0.5
Karvir,16.648,74.1852,606.0,2002,5,28.6,42.47,20.41,62.94,1.03,24.57,3.71,0.35,0.51
Karvir,16.648,74.1852,606.0,2002,6,25.22,35.13,21.73,82.32,9.79,16.3,4.44,0.68,0.66
Karvir,16.648,74.1852,606.0,2002,7,24.11,29.52,20.85,84.64,3.61,15.9,5.23,0.74,0.73
Karvir,16.648,74.1852,606.0,2002,8,23.33,29.39,19.66,86.98,7.64,14.19,4.95,0.8,0.79
Karvir,16.648,74.1852,606.0,2002,9,23.57,32.86,18.29,83.22,1.35,20.52,2.86,0.73,0.74
Karvir,16.648,74.1852,606.0,2002,10,24.57,34.19,16.44,74.83,3.43,18.18,2.06,0.68,0.67
Karvir,16.648,74.1852,606.0,2002,11,23.78,34.39,14.89,56.0,0.15,19.27,1.98,0.5,0.58
Karvir,16.648,74.1852,606.0,2002,12,22.77,33.98,13.45,44.59,0.01,18.09,2.01,0.33,0.52
Karvir,16.648,74.1852,606.0,2002,13,25.23,42.66,10.67,62.25,2.28,19.74,3.03,0.46,0.6
Karvir,16.648,74.1852,606.0,2003,1,23.93,35.74,12.35,43.14,0.0,18.13,1.88,0.19,0.5
Karvir,16.648,74.1852,606.0,2003,2,26.13,38.0,15.42,40.16,0.06,22.06,1.91,0.16,0.5
Karvir,16.648,74.1852,606.0,2003,3,28.25,40.02,16.53,40.14,0.3,23.73,2.13,0.19,0.5
Karvir,16.648,74.1852,606.0,2003,4,30.26,41.83,18.67,43.57,0.87,24.85,2.29,0.27,0.51
Karvir,16.648,74.1852,606.0,2003,5,29.59,41.72,19.2,54.84,0.24,26.34,3.91,0.24,0.51
Karvir,16.648,74.1852,606.0,2003,6,26.14,40.77,20.69,76.2,7.46,18.8,4.65,0.49,0.59
Karvir,16.648,74.1852,606.0,2003,7,24.07,28.75,21.05,87.74,6.73,15.2,4.87,0.79,0.78
Karvir,16.648,74.1852,606.0,2003,8,23.76,28.76,20.94,87.19,3.95,15.08,4.47,0.78,0.78
Karvir,16.648,74.1852,606.0,2003,9,23.7,31.67,19.5,84.7,1.77,18.07,3.5,0.73,0.72
Karvir,16.648,74.1852,606.0,2003,10,24.3,32.37,14.77,75.47,2.13,18.95,1.75,0.66,0.65
Karvir,16.648,74.1852,606.0,2003,11,24.08,33.68,14.0,56.88,0.07,18.85,2.23,0.46,0.56
Karvir,16.648,74.1852,606.0,2003,12,22.61,33.22,12.79,42.54,0.03,18.66,2.35,0.3,0.51
Karvir,16.648,74.1852,606.0,2003,13,25.56,41.83,12.35,61.17,1.98,19.87,3.0,0.44,0.59
Karvir,16.648,74.1852,606.0,2004,1,22.74,34.34,12.83,45.95,0.0,19.27,2.06,0.19,0.5
Karvir,16.648,74.1852,606.0,2004,2,25.28,38.05,13.23,35.4,0.02,22.55,1.91,0.14,0.5
Karvir,16.648,74.1852,606.0,2004,3,29.1,41.07,18.99,39.96,0.01,25.04,2.03,0.11,0.5
Karvir,16.648,74.1852,606.0,2004,4,29.6,42.28,18.74,47.2,0.42,25.99,2.62,0.21,0.5
Karvir,16.648,74.1852,606.0,2004,5,27.2,40.58,20.66,68.36,3.18,21.8,3.57,0.49,0.54
Karvir,16.648,74.1852,606.0,2004,6,24.43,32.08,21.0,84.95,9.58,17.08,4.92,0.74,0.71
Karvir,16.648,74.1852,606.0,2004,7,23.73,29.75,20.81,86.75,5.99,15.71,4.48,0.77,0.75
Karvir,16.648,74.1852,606.0,2004,8,23.1,28.38,19.72,88.54,8.01,14.81,5.49,0.86,0.87
Karvir,16.648,74.1852,606.0,2004,9,23.56,30.55,19.04,85.92,3.57,17.19,2.48,0.8,0.8
Karvir,16.648,74.1852,606.0,2004,10,23.39,31.57,14.96,76.58,0.83,20.23,2.42,0.71,0.71
Karvir,16.648,74.1852,606.0,2004,11,23.02,32.49,13.35,59.79,0.45,18.4,2.52,0.52,0.59
Karvir,16.648,74.1852,606.0,2004,12,21.66,32.72,11.7,43.92,0.0,19.21,2.57,0.36,0.53
Karvir,16.648,74.1852,606.0,2004,13,24.73,42.28,11.7,63.7,2.68,19.76,3.1,0.49,0.63
Karvir,16.648,74.1852,606.0,2005,1,23.2,35.11,11.83,42.29,0.03,18.59,1.96,0.19,0.5
Karvir,16.648,74.1852,606.0,2005,2,25.21,38.68,13.09,40.01,0.0,22.64,2.13,0.15,0.5
Karvir,16.648,74.1852,606.0,2005,3,27.44,40.89,14.59,41.38,0.04,24.88,2.23,0.14,0.5
Karvir,16.648,74.1852,606.0,2005,4,29.16,40.44,18.78,47.91,0.84,23.3,2.05,0.28,0.51
Karvir,16.648,74.1852,606.0,2005,5,28.6,42.19,19.23,58.39,1.42,24.97,3.22,0.36,0.52
Karvir,16.648,74.1852,606.0,2005,6,25.64,36.37,21.74,80.37,9.33,18.19,4.58,0.63,0.61
Karvir,16.648,74.1852,606.0,2005,7,23.96,28.38,21.23,89.35,14.32,13.57,5.09,0.85,0.83
Karvir,16.648,74.1852,606.0,2005,8,23.27,27.91,20.09,90.65,8.69,14.36,4.58,0.91,0.93
Karvir,16.648,74.1852,606.0,2005,9,23.4,29.65,19.37,90.37,7.96,14.77,3.57,0.89,0.91
Karvir,16.648,74.1852,606.0,2005,10,23.05,29.89,14.71,83.07,3.2,18.54,1.85,0.86,0.87
Karvir,16.648,74.1852,606.0,2005,11,20.02,28.99,11.77,71.06,0.03,19.47,2.54,0.73,0.72
Karvir,16.648,74.1852,606.0,2005,12,20.44,30.5,11.2,59.3,0.0,18.32,2.3,0.54,0.6
Karvir,16.648,74.1852,606.0,2005,13,24.44,42.19,11.2,66.33,3.85,19.28,3.01,0.55,0.67
Karvir,16.648,74.1852,606.0,2006,1,22.01,34.39,10.66,42.83,0.0,19.95,2.37,0.38,0.53
Karvir,16.648,74.1852,606.0,2006,2,25.26,38.19,13.4,33.4,0.0,23.18,2.12,0.19,0.5
Karvir,16.648,74.1852,606.0,2006,3,26.81,40.05,15.02,46.86,0.43,24.13,2.22,0.24,0.51
Karvir,16.648,74.1852,606.0,2006,4,29.21,41.01,18.88,46.88,0.08,25.45,2.89,0.16,0.5
Karvir,16.648,74.1852,606.0,2006,5,28.63,41.32,21.17,60.53,7.87,23.12,3.52,0.33,0.53
Karvir,16.648,74.1852,606.0,2006,6,24.46,30.01,20.59,86.88,9.98,18.53,3.82,0.82,0.8
Karvir,16.648,74.1852,606.0,2006,7,23.33,27.63,20.46,89.47,10.39,13.43,6.12,0.88,0.9
Karvir,16.648,74.1852,606.0,2006,8,22.78,27.66,19.77,90.73,9.73,13.88,5.02,0.91,0.92
Karvir,16.648,74.1852,606.0,2006,9,23.62,30.48,19.53,89.07,6.34,17.59,2.7,0.86,0.87
Karvir,16.648,74.1852,606.0,2006,10,23.7,30.52,17.62,80.94,3.0,18.21,2.33,0.83,0.84
Karvir,16.648,74.1852,606.0,2006,11,22.45,29.87,14.98,79.1,1.24,16.33,2.25,0.72,0.7
Karvir,16.648,74.1852,606.0,2006,12,20.84,31.08,11.41,60.45,0.0,18.22,2.39,0.55,0.6
Karvir,16.648,74.1852,606.0,2006,13,24.41,41.32,10.66,67.45,4.12,19.3,3.16,0.57,0.68
Karvir,16.648,74.1852,606.0,2007,1,22.55,34.06,12.01,44.88,0.0,19.34,1.78,0.39,0.53
Karvir,16.648,74.1852,606.0,2007,2,24.3,36.75,12.6,46.78,0.0,22.21,2.11,0.21,0.51
Karvir,16.648,74.1852,606.0,2007,3,28.26,40.47,15.95,40.51,0.0,23.51,2.14,0.13,0.5
Karvir,16.648,74.1852,606.0,2007,4,30.16,41.86,19.23,45.96,0.46,24.51,2.24,0.22,0.51
Karvir,16.648,74.1852,606.0,2007,5,28.27,41.42,20.71,62.77,1.62,24.42,3.49,0.39,0.52
Karvir,16.648,74.1852,606.0,2007,6,25.49,36.83,20.74,81.66,16.0,16.36,4.61,0.65,0.64
Karvir,16.648,74.1852,606.0,2007,7,23.91,28.76,20.5,89.69,9.18,14.69,4.98,0.89,0.91
Karvir,16.648,74.1852,606.0,2007,8,23.37,27.98,20.6,90.54,11.0,15.1,4.58,0.9,0.92
Karvir,16.648,74.1852,606.0,2007,9,23.41,29.22,19.44,89.89,7.3,15.41,3.19,0.89,0.91
Karvir,16.648,74.1852,606.0,2007,10,23.22,30.12,15.37,78.63,0.81,18.01,1.94,0.81,0.82
Karvir,16.648,74.1852,606.0,2007,11,21.21,29.64,10.41,68.83,0.72,19.35,2.2,0.68,0.69
Karvir,16.648,74.1852,606.0,2007,12,22.12,33.19,12.97,57.98,0.01,17.42,2.27,0.48,0.58
Karvir,16.648,74.1852,606.0,2007,13,24.69,41.86,10.41,66.62,3.93,19.17,2.97,0.56,0.67
Karvir,16.648,74.1852,606.0,2008,1,21.8,33.66,10.53,43.76,0.0,19.83,2.08,0.33,0.52
Karvir,16.648,74.1852,606.0,2008,2,23.78,36.48,11.34,43.66,0.25,20.87,2.02,0.24,0.51
Karvir,16.648,74.1852,606.0,2008,3,26.87,37.63,16.66,47.03,1.49,22.24,1.8,0.32,0.52
Karvir,16.648,74.1852,606.0,2008,4,28.79,41.12,15.63,50.35,0.53,25.36,2.31,0.34,0.51
Karvir,16.648,74.1852,606.0,2008,5,27.77,39.98,20.44,62.4,2.01,25.89,3.81,0.3,0.52
Karvir,16.648,74.1852,606.0,2008,6,24.71,33.67,20.87,83.4,6.52,16.64,5.07,0.68,0.65
Karvir,16.648,74.1852,606.0,2008,7,24.14,29.64,21.08,84.85,5.2,16.0,4.83,0.71,0.68
Karvir,16.648,74.1852,606.0,2008,8,23.4,29.83,19.29,88.56,9.31,14.72,4.14,0.84,0.83
Karvir,16.648,74.1852,606.0,2008,9,23.25,30.71,17.92,87.81,6.3,16.38,3.04,0.85,0.85
Karvir,16.648,74.1852,606.0,2008,10,23.43,31.08,14.13,75.94,1.04,20.27,2.19,0.76,0.76
Karvir,16.648,74.1852,606.0,2008,11,22.86,33.05,14.4,65.18,0.58,17.54,2.61,0.57,0.61
Karvir,16.648,74.1852,606.0,2008,12,22.14,32.18,11.69,54.95,0.15,17.77,2.25,0.46,0.55
Karvir,16.648,74.1852,606.0,2008,13,24.41,41.12,10.53,65.71,2.79,19.46,3.02,0.53,0.63
Karvir,16.648,74.1852,606.0,2009,1,23.35,36.48,12.81,42.6,0.0,19.74,2.13,0.29,0.51
Karvir,16.648,74.1852,606.0,2009,2,26.12,39.47,14.97,36.1,0.0,22.27,1.75,0.15,0.5
Karvir,16.648,74.1852,606.0,2009,3,28.58,39.44,17.95,38.01,0.13,23.33,2.0,0.15,0.5
Karvir,16.648,74.1852,606.0,2009,4,30.3,42.26,20.14,44.83,0.22,23.9,2.49,0.21,0.51
Karvir,16.648,74.1852,606.0,2009,5,29.05,41.52,20.83,56.9,0.68,24.42,3.57,0.29,0.51
Karvir,16.648,74.1852,606.0,2009,6,25.47,34.54,20.89,77.69,4.65,18.98,4.11,0.55,0.57
Karvir,16.648,74.1852,606.0,2009,7,23.67,28.24,20.78,88.54,14.95,13.51,6.48,0.85,0.84
Karvir,16.648,74.1852,606.0,2009,8,23.73,29.77,20.52,87.7,4.2,16.55,3.84,0.82,0.83
Karvir,16.648,74.1852,606.0,2009,9,24.11,30.46,19.8,87.0,6.67,16.16,2.59,0.84,0.84
Karvir,16.648,74.1852,606.0,2009,10,23.12,29.53,14.9,79.57,4.02,17.51,2.26,0.84,0.85
Karvir,16.648,74.1852,606.0,2009,11,22.27,29.75,12.42,76.87,2.11,16.42,2.55,0.74,0.72
Karvir,16.648,74.1852,606.0,2009,12,21.93,30.65,12.93,65.91,0.12,16.59,2.1,0.58,0.62
Karvir,16.648,74.1852,606.0,2009,13,25.13,42.26,12.42,65.31,3.17,19.09,3.0,0.53,0.65
Karvir,16.648,74.1852,606.0,2010,1,22.65,32.14,12.05,58.3,0.38,17.16,1.84,0.48,0.55
Karvir,16.648,74.1852,606.0,2010,2,25.34,38.04,13.51,46.27,0.0,21.29,2.11,0.29,0.51
Karvir,16.648,74.1852,606.0,2010,3,28.99,40.56,17.62,39.11,0.0,22.76,2.26,0.14,0.5
Karvir,16.648,74.1852,606.0,2010,4,29.92,41.41,17.85,47.55,0.3,24.24,2.36,0.18,0.5
Karvir,16.648,74.1852,606.0,2010,5,29.82,41.19,22.02,57.39,0.33,24.73,3.67,0.21,0.51
Karvir,16.648,74.1852,606.0,2010,6,25.77,38.04,21.46,79.27,8.52,18.24,4.42,0.61,0.62
Karvir,16.648,74.1852,606.0,2010,7,23.9,28.61,19.43,87.75,14.1,13.8,4.86,0.81,0.8
Karvir,16.648,74.1852,606.0,2010,8,23.48,28.84,20.35,90.19,7.11,14.76,4.2,0.88,0.9
Karvir,16.648,74.1852,606.0,2010,9,23.73,28.9,19.78,88.26,5.25,16.59,2.92,0.86,0.88
Karvir,16.648,74.1852,606.0,2010,10,23.58,30.01,15.84,84.13,3.05,17.75,2.18,0.82,0.84
Karvir,16.648,74.1852,606.0,2010,11,23.2,29.23,17.0,82.77,2.2,15.63,2.02,0.77,0.77
Karvir,16.648,74.1852,606.0,2010,12,20.29,29.46,10.46,69.08,0.02,17.05,2.09,0.63,0.65
Karvir,16.648,74.1852,606.0,2010,13,25.05,41.41,10.46,69.3,3.46,18.65,2.92,0.56,0.67
Karvir,16.648,74.1852,606.0,2011,1,21.67,33.61,10.77,47.05,0.0,19.78,2.08,0.44,0.56
Karvir,16.648,74.1852,606.0,2011,2,23.65,35.69,12.7,47.75,0.02,21.94,2.06,0.29,0.51
Karvir,16.648,74.1852,606.0,2011,3,28.3,39.99,17.13,37.17,0.0,24.6,2.17,0.15,0.5
Karvir,16.648,74.1852,606.0,2011,4,28.7,40.45,15.65,49.44,0.54,23.95,2.46,0.23,0.51
Karvir,16.648,74.1852,606.0,2011,5,28.48,40.4,21.0,58.65,1.09,24.21,3.52,0.3,0.51
Karvir,16.648,74.1852,606.0,2011,6,24.91,30.68,20.71,81.99,6.52,14.76,5.56,0.64,0.62
Karvir,16.648,74.1852,606.0,2011,7,23.77,29.05,19.36,86.54,11.35,14.28,5.24,0.79,0.76
Karvir,16.648,74.1852,606.0,2011,8,23.37,28.25,19.75,89.24,9.35,14.0,4.71,0.86,0.88
Karvir,16.648,74.1852,606.0,2011,9,23.14,30.06,17.82,88.25,5.08,17.59,3.43,0.86,0.88
Karvir,16.648,74.1852,606.0,2011,10,23.89,30.91,17.28,80.47,2.82,18.23,1.99,0.78,0.77
Karvir,16.648,74.1852,606.0,2011,11,22.58,32.52,12.96,63.67,0.16,18.05,2.73,0.62,0.64
Karvir,16.648,74.1852,606.0,2011,12,22.35,33.02,11.13,47.76,0.0,17.89,2.39,0.43,0.55
Karvir,16.648,74.1852,606.0,2011,13,24.57,40.45,10.77,64.91,3.1,19.09,3.2,0.53,0.64
Karvir,16.648,74.1852,606.0,2012,1,22.18,34.31,10.98,45.66,0.0,19.59,1.97,0.27,0.51
Karvir,16.648,74.1852,606.0,2012,2,25.4,38.6,14.78,32.21,0.0,22.29,2.05,0.15,0.5
Karvir,16.648,74.1852,606.0,2012,3,27.19,40.43,12.2,33.91,0.0,24.82,2.21,0.11,0.5
Karvir,16.648,74.1852,606.0,2012,4,29.42,40.86,19.15,46.96,0.74,23.96,2.26,0.28,0.51
Karvir,16.648,74.1852,606.0,2012,5,28.95,41.68,19.49,55.65,0.27,24.52,3.89,0.23,0.51
Karvir,16.648,74.1852,606.0,2012,6,25.58,37.34,20.83,75.47,6.19,18.88,4.94,0.51,0.57
Karvir,16.648,74.1852,606.0,2012,7,23.94,29.25,20.45,86.44,8.52,14.17,5.16,0.77,0.74
Karvir,16.648,74.1852,606.0,2012,8,23.67,29.32,20.54,87.6,6.05,15.48,4.8,0.81,0.81
Karvir,16.648,74.1852,606.0,2012,9,23.5,30.72,18.46,86.48,3.82,16.8,3.44,0.81,0.82
Karvir,16.648,74.1852,606.0,2012,10,23.83,31.75,15.7,73.4,2.08,18.24,2.26,0.73,0.74
Karvir,16.648,74.1852,606.0,2012,11,23.15,32.99,11.68,66.77,0.54,17.06,1.52,0.57,0.62
Karvir,16.648,74.1852,606.0,2012,12,22.92,33.39,12.77,52.63,0.0,18.28,2.1,0.4,0.54
Karvir,16.648,74.1852,606.0,2012,13,24.97,41.68,10.98,62.02,2.36,19.5,3.06,0.47,0.61
Karvir,16.648,74.1852,606.0,2013,1,23.46,34.59,12.77,42.71,0.01,19.42,1.74,0.25,0.51
Karvir,16.648,74.1852,606.0,2013,2,25.8,36.8,13.45,41.64,0.12,21.21,2.03,0.18,0.5
Karvir,16.648,74.1852,606.0,2013,3,28.06,40.36,16.5,38.76,0.03,23.66,2.52,0.15,0.5
Karvir,16.648,74.1852,606.0,2013,4,28.73,41.08,17.58,49.28,0.27,25.97,2.92,0.15,0.5
Karvir,16.648,74.1852,606.0,2013,5,28.7,40.85,20.7,59.96,0.98,23.86,3.89,0.33,0.51
Karvir,16.648,74.1852,606.0,2013,6,24.67,31.98,21.69,84.47,9.06,14.91,5.33,0.69,0.66
Karvir,16.648,74.1852,606.0,2013,7,23.4,27.94,20.64,89.57,12.51,11.68,6.07,0.84,0.83
Karvir,16.648,74.1852,606.0,2013,8,23.14,28.42,20.32,88.62,3.99,15.63,4.42,0.85,0.87
Karvir,16.648,74.1852,606.0,2013,9,23.47,29.81,19.79,88.32,6.17,16.75,2.72,0.83,0.84
Karvir,16.648,74.1852,606.0,2013,10,23.41,31.23,15.72,83.7,2.23,17.77,2.28,0.79,0.79
Karvir,16.648,74.1852,606.0,2013,11,22.31,30.67,12.79,70.64,0.03,17.87,2.1,0.65,0.67
Karvir,16.648,74.1852,606.0,2013,12,21.04,31.86,10.77,52.78,0.0,18.72,2.18,0.45,0.57
Karvir,16.648,74.1852,606.0,2013,13,24.67,41.08,10.77,65.99,2.96,18.94,3.19,0.52,0.65
Karvir,16.648,74.1852,606.0,2014,1,22.82,32.66,13.11,51.2,0.0,17.55,2.13,0.33,0.52
Karvir,16.648,74.1852,606.0,2014,2,24.04,36.02,12.77,46.89,0.07,20.67,2.35,0.19,0.5
Karvir,16.648,74.1852,606.0,2014,3,27.3,40.73,12.02,42.25,0.33,23.15,2.2,0.25,0.51
Karvir,16.648,74.1852,606.0,2014,4,29.81,40.5,18.36,43.21,0.3,22.58,2.15,0.2,0.5
Karvir,16.648,74.1852,606.0,2014,5,28.91,40.15,19.78,57.46,1.8,23.09,2.69,0.41,0.52
Karvir,16.648,74.1852,606.0,2014,6,26.59,39.13,21.65,74.65,3.12,20.14,4.48,0.53,0.56
Karvir,16.648,74.1852,606.0,2014,7,24.35,32.36,20.84,84.94,12.6,13.85,5.83,0.72,0.7
Karvir,16.648,74.1852,606.0,2014,8,23.85,30.76,19.92,87.59,8.36,15.16,3.95,0.84,0.85
Karvir,16.648,74.1852,606.0,2014,9,23.78,31.79,19.34,85.9,3.29,16.97,3.15,0.83,0.85
Karvir,16.648,74.1852,606.0,2014,10,24.1,31.82,15.04,76.4,2.82,18.74,1.79,0.75,0.75
Karvir,16.648,74.1852,606.0,2014,11,22.12,30.94,12.44,68.02,0.82,17.58,2.2,0.67,0.66
Karvir,16.648,74.1852,606.0,2014,12,21.52,32.04,11.57,58.2,0.37,16.83,2.2,0.5,0.57
Karvir,16.648,74.1852,606.0,2014,13,24.93,40.73,11.57,64.84,2.86,18.84,2.93,0.52,0.62
Karvir,16.648,74.1852,606.0,2015,1,21.48,33.25,9.82,48.51,0.01,18.12,1.92,0.37,0.52
Karvir,16.648,74.1852,606.0,2015,2,24.43,36.36,14.69,37.41,0.28,22.36,2.0,0.19,0.5
Karvir,16.648,74.1852,606.0,2015,3,26.98,39.78,11.24,48.76,0.54,21.92,2.09,0.32,0.51
Karvir,16.648,74.1852,606.0,2015,4,28.86,41.74,18.14,48.78,0.56,24.93,2.36,0.27,0.51
Karvir,16.648,74.1852,606.0,2015,5,29.23,40.65,21.71,58.68,1.16,23.63,3.14,0.34,0.51
Karvir,16.648,74.1852,606.0,2015,6,25.28,36.93,20.07,79.45,8.5,17.54,4.9,0.62,0.62
Karvir,16.648,74.1852,606.0,2015,7,24.38,29.94,20.66,84.33,3.95,17.12,5.25,0.72,0.7
Karvir,16.648,74.1852,606.0,2015,8,24.15,31.31,20.6,85.06,3.79,16.57,3.89,0.72,0.7
Karvir,16.648,74.1852,606.0,2015,9,24.17,32.5,18.87,82.75,3.24,18.71,2.58,0.7,0.68
Karvir,16.648,74.1852,606.0,2015,10,25.68,33.97,18.67,69.81,1.84,18.75,1.52,0.61,0.64
Karvir,16.648,74.1852,606.0,2015,11,25.05,34.03,15.71,59.58,0.28,17.28,2.17,0.45,0.55
Karvir,16.648,74.1852,606.0,2015,12,24.5,35.86,12.68,44.6,0.02,17.54,2.29,0.29,0.51
Karvir,16.648,74.1852,606.0,2015,13,25.35,41.74,9.82,62.46,2.02,19.52,2.85,0.47,0.58
Karvir,16.648,74.1852,606.0,2016,1,23.19,36.02,13.92,39.41,0.0,18.41,1.97,0.17,0.5
Karvir,16.648,74.1852,606.0,2016,2,26.04,40.04,14.39,43.81,0.04,20.99,1.97,0.13,0.5
Karvir,16.648,74.1852,606.0,2016,3,28.75,40.81,16.18,41.31,0.22,23.37,2.2,0.19,0.5
Karvir,16.648,74.1852,606.0,2016,4,30.23,42.77,18.32,45.63,0.25,24.84,2.82,0.21,0.51
Karvir,16.648,74.1852,606.0,2016,5,29.73,41.87,20.3,56.21,0.45,24.74,3.57,0.26,0.51
Karvir,16.648,74.1852,606.0,2016,6,25.11,37.83,21.02,81.95,10.74,15.37,4.19,0.67,0.64
Karvir,16.648,74.1852,606.0,2016,7,23.42,28.0,20.61,91.35,20.79,12.5,4.71,0.92,0.92
Karvir,16.648,74.1852,606.0,2016,8,23.16,28.18,20.2,90.66,12.27,14.72,4.54,0.93,0.95
Karvir,16.648,74.1852,606.0,2016,9,22.6,28.42,17.79,89.89,5.0,15.93,3.08,0.87,0.87
Karvir,16.648,74.1852,606.0,2016,10,22.23,30.32,13.24,78.99,1.32,18.92,1.98,0.8,0.81
Karvir,16.648,74.1852,606.0,2016,11,20.91,33.08,12.23,60.51,0.42,18.83,2.19,0.65,0.65
Karvir,16.648,74.1852,606.0,2016,12,21.92,33.18,10.6,46.44,0.0,17.9,2.35,0.44,0.56
Karvir,16.648,74.1852,606.0,2016,13,24.77,42.77,10.6,63.89,4.32,18.87,2.97,0.52,0.66
Karvir,16.648,74.1852,606.0,2017,1,22.59,35.14,11.46,39.89,0.0,18.74,2.07,0.29,0.51
Karvir,16.648,74.1852,606.0,2017,2,25.47,38.25,14.38,32.64,0.0,22.65,2.23,0.15,0.5
Karvir,16.648,74.1852,606.0,2017,3,27.16,41.19,13.18,42.86,0.01,24.66,2.14,0.12,0.5
Karvir,16.648,74.1852,606.0,2017,4,29.66,42.04,19.06,45.26,0.13,25.72,2.71,0.11,0.5
Karvir,16.648,74.1852,606.0,2017,5,29.27,40.4,20.61,58.25,1.87,23.62,3.25,0.33,0.51
Karvir,16.648,74.1852,606.0,2017,6,25.36,35.74,20.24,80.71,6.97,17.19,4.57,0.63,0.62
Karvir,16.648,74.1852,606.0,2017,7,24.07,28.93,20.77,87.06,10.23,15.39,5.32,0.81,0.79
Karvir,16.648,74.1852,606.0,2017,8,23.74,29.17,19.69,87.35,6.39,15.7,3.71,0.82,0.82
Karvir,16.648,74.1852,606.0,2017,9,24.1,30.05,19.71,87.88,11.27,16.13,2.21,0.88,0.89
Karvir,16.648,74.1852,606.0,2017,10,23.49,30.12,15.63,84.31,3.81,16.86,1.53,0.89,0.91
Karvir,16.648,74.1852,606.0,2017,11,21.09,30.11,12.6,73.22,0.03,18.07,1.96,0.76,0.75
Karvir,16.648,74.1852,606.0,2017,12,20.7,29.96,11.67,62.83,0.15,16.75,2.35,0.59,0.62
Karvir,16.648,74.1852,606.0,2017,13,24.72,42.04,11.46,65.38,3.42,19.26,2.84,0.53,0.66
Karvir,16.648,74.1852,606.0,2018,1,21.87,33.26,11.72,45.71,0.0,17.99,1.78,0.41,0.54
Karvir,16.648,74.1852,606.0,2018,2,24.9,36.85,12.47,31.65,0.01,20.81,1.93,0.24,0.51
Karvir,16.648,74.1852,606.0,2018,3,27.94,39.64,16.85,40.44,0.18,22.02,1.9,0.19,0.5
Karvir,16.648,74.1852,606.0,2018,4,30.13,41.48,18.78,42.52,0.31,24.03,2.25,0.21,0.5
Karvir,16.648,74.1852,606.0,2018,5,28.4,41.8,20.05,63.01,2.24,22.2,2.81,0.42,0.53
Karvir,16.648,74.1852,606.0,2018,6,24.88,33.72,20.54,85.25,12.52,15.86,4.3,0.75,0.71
Karvir,16.648,74.1852,606.0,2018,7,23.45,28.09,20.08,90.16,13.91,12.03,5.58,0.89,0.9
Karvir,16.648,74.1852,606.0,2018,8,22.95,27.35,20.19,89.83,7.43,12.8,5.26,0.88,0.9
Karvir,16.648,74.1852,606.0,2018,9,23.34,29.9,17.77,85.08,4.42,19.86,2.28,0.83,0.83
Karvir,16.648,74.1852,606.0,2018,10,24.07,31.92,14.09,71.51,1.25,19.72,1.7,0.76,0.76
Karvir,16.648,74.1852,606.0,2018,11,23.29,32.3,13.15,61.14,0.65,17.95,1.91,0.6,0.62
Karvir,16.648,74.1852,606.0,2018,12,21.95,32.44,10.65,52.77,0.06,16.69,2.01,0.43,0.55
Karvir,16.648,74.1852,606.0,2018,13,24.76,41.8,10.65,63.46,3.6,18.47,2.82,0.55,0.66
Karvir,16.648,74.1852,606.0,2019,1,21.94,33.31,10.84,36.45,0.0,18.83,2.12,0.26,0.51
Karvir,16.648,74.1852,606.0,2019,2,25.19,38.36,11.06,36.8,0.0,22.1,2.11,0.15,0.5
Karvir,16.648,74.1852,606.0,2019,3,27.66,41.18,13.92,38.93,0.22,24.41,2.22,0.14,0.5
Karvir,16.648,74.1852,606.0,2019,4,30.27,42.75,18.59,44.29,0.39,24.75,2.47,0.25,0.51
Karvir,16.648,74.1852,606.0,2019,5,29.89,42.91,20.39,51.26,0.05,25.63,3.54,0.17,0.5
Karvir,16.648,74.1852,606.0,2019,6,26.91,40.75,21.39,73.74,9.62,17.72,4.01,0.51,0.57
Karvir,16.648,74.1852,606.0,2019,7,24.14,29.29,21.29,90.32,19.0,14.33,4.75,0.9,0.89
Karvir,16.648,74.1852,606.0,2019,8,23.48,27.91,20.51,91.55,22.92,13.94,4.86,0.94,0.96
Karvir,16.648,74.1852,606.0,2019,9,23.43,28.75,19.53,91.01,10.14,14.34,3.59,0.92,0.95
Karvir,16.648,74.1852,606.0,2019,10,23.33,28.85,18.06,88.61,8.6,15.73,1.91,0.92,0.94
Karvir,16.648,74.1852,606.0,2019,11,22.03,28.94,14.72,83.3,0.31,17.27,2.06,0.86,0.87
Karvir,16.648,74.1852,606.0,2019,12,21.91,29.14,15.49,78.58,0.09,15.39,2.09,0.73,0.71
Karvir,16.648,74.1852,606.0,2019,13,25.01,42.91,10.84,67.25,6.0,18.68,2.98,0.57,0.7
Karvir,16.648,74.1852,606.0,2020,1,21.64,33.09,11.57,66.78,0.0,17.83,1.86,0.56,0.59
Karvir,16.648,74.1852,606.0,2020,2,24.47,36.35,12.16,46.96,0.02,20.73,2.04,0.38,0.53
Karvir,16.648,74.1852,606.0,2020,3,27.31,40.24,15.59,46.76,0.34,23.32,2.32,0.26,0.51
Karvir,16.648,74.1852,606.0,2020,4,29.95,40.98,18.41,47.84,1.23,24.15,2.23,0.34,0.51
Karvir,16.648,74.1852,606.0,2020,5,30.25,42.3,22.06,55.71,1.37,23.69,2.97,0.34,0.51
Karvir,16.648,74.1852,606.0,2020,6,24.9,31.44,20.56,84.43,12.09,17.11,3.93,0.75,0.71
Karvir,16.648,74.1852,606.0,2020,7,23.85,28.65,20.58,89.35,12.18,14.89,3.85,0.89,0.89
Karvir,16.648,74.1852,606.0,2020,8,23.58,27.86,20.53,92.14,18.02,12.62,4.79,0.94,0.95
Karvir,16.648,74.1852,606.0,2020,9,23.63,30.39,19.91,90.18,9.75,16.03,2.69,0.92,0.95
Karvir,16.648,74.1852,606.0,2020,10,23.4,29.39,16.54,88.19,8.24,15.29,1.82,0.92,0.94
Karvir,16.648,74.1852,606.0,2020,11,22.02,28.33,13.28,82.37,0.01,17.18,2.4,0.83,0.83
Karvir,16.648,74.1852,606.0,2020,12,20.96,30.06,10.89,72.52,0.04,17.33,2.19,0.68,0.67
Karvir,16.648,74.1852,606.0,2020,13,24.66,42.3,10.89,72.03,5.3,18.33,2.76,0.65,0.72
Karvir,16.648,74.1852,606.0,2021,1,23.28,33.37,14.62,65.3,0.29,16.84,1.51,0.53,0.58
Karvir,16.648,74.1852,606.0,2021,2,24.01,36.83,13.26,48.38,0.25,20.51,2.12,0.39,0.52
Karvir,16.648,74.1852,606.0,2021,3,28.72,40.52,16.68,37.52,0.03,23.04,1.84,0.19,0.5
Karvir,16.648,74.1852,606.0,2021,4,29.26,40.43,17.94,49.46,1.39,23.31,2.12,0.32,0.51
Karvir,16.648,74.1852,606.0,2021,5,27.38,38.03,21.44,70.98,6.0,20.4,3.0,0.57,0.58
Karvir,16.648,74.1852,606.0,2021,6,24.5,31.95,20.66,86.7,14.5,16.35,3.85,0.81,0.79
Karvir,16.648,74.1852,606.0,2021,7,23.65,28.39,20.89,91.15,22.69,13.98,4.67,0.92,0.92
Karvir,16.648,74.1852,606.0,2021,8,23.34,28.46,19.27,88.95,3.85,15.46,3.48,0.89,0.91
Karvir,16.648,74.1852,606.0,2021,9,23.34,28.35,17.69,90.1,6.41,14.82,3.58,0.87,0.88
Karvir,16.648,74.1852,606.0,2021,10,23.87,29.79,15.84,84.13,3.61,18.62,1.75,0.84,0.85
Karvir,16.648,74.1852,606.0,2021,11,23.26,30.01,14.96,81.23,2.0,14.11,2.05,0.75,0.73
Karvir,16.648,74.1852,606.0,2021,12,21.11,28.81,11.7,77.18,2.2,15.55,1.78,0.72,0.71
Karvir,16.648,74.1852,606.0,2021,13,24.64,40.52,11.7,72.74,5.3,17.73,2.65,0.65,0.71
Karvir,16.648,74.1852,606.0,2022,1,20.44,32.84,10.15,65.69,0.02,18.03,1.94,0.54,0.59
Karvir,16.648,74.1852,606.0,2022,2,23.63,36.22,12.75,50.26,0.0,21.26,1.86,0.37,0.53
Karvir,16.648,74.1852,606.0,2022,3,28.38,40.92,17.23,42.63,0.35,21.01,2.05,0.25,0.51
Karvir,16.648,74.1852,606.0,2022,4,29.16,40.83,19.52,52.35,1.53,22.07,1.91,0.39,0.52
Karvir,16.648,74.1852,606.0,2022,5,28.15,40.41,20.86,64.97,2.19,20.66,3.65,0.41,0.53
Karvir,16.648,74.1852,606.0,2022,6,25.25,33.81,20.77,79.56,7.31,18.17,3.62,0.62,0.61
Karvir,16.648,74.1852,606.0,2022,7,23.61,29.43,20.82,89.77,14.76,12.85,4.74,0.88,0.88
Karvir,16.648,74.1852,606.0,2022,8,23.24,29.13,20.13,90.46,11.56,14.18,4.28,0.92,0.93
Karvir,16.648,74.1852,606.0,2022,9,23.25,29.92,18.4,90.17,7.66,16.2,2.74,0.91,0.92
Karvir,16.648,74.1852,606.0,2022,10,22.69,29.25,14.1,84.57,6.18,16.48,1.82,0.88,0.9
Karvir,16.648,74.1852,606.0,2022,11,21.33,29.05,11.55,78.57,0.05,17.04,2.16,0.78,0.77
Karvir,16.648,74.1852,606.0,2022,12,22.34,32.02,11.59,69.24,0.06,16.24,2.06,0.63,0.63
Karvir,16.648,74.1852,606.0,2022,13,24.29,40.92,10.15,71.65,4.34,17.81,2.74,0.63,0.69
Karvir,16.648,74.1852,606.0,2023,1,22.06,32.95,11.07,51.88,0.0,18.75,1.72,0.43,0.55
Karvir,16.648,74.1852,606.0,2023,2,25.36,37.5,14.99,25.67,0.0,22.15,2.4,0.25,0.51
Karvir,16.648,74.1852,606.0,2023,3,26.72,38.61,14.91,38.86,0.02,23.6,2.52,0.15,0.5
Karvir,16.648,74.1852,606.0,2023,4,29.08,41.2,16.52,45.42,0.46,24.12,2.2,0.24,0.51
Karvir,16.648,74.1852,606.0,2023,5,29.25,40.3,19.96,55.47,0.98,24.36,2.82,0.33,0.51
Karvir,16.648,74.1852,606.0,2023,6,27.04,37.55,21.34,71.68,4.2,20.98,4.32,0.47,0.53
Karvir,16.648,74.1852,606.0,2023,7,23.89,28.97,21.19,88.97,19.04,11.97,5.46,0.83,0.8
Karvir,16.648,74.1852,606.0,2023,8,23.65,29.7,19.76,88.29,3.0,17.02,3.7,0.85,0.87
Karvir,16.648,74.1852,606.0,2023,9,23.85,30.24,19.76,88.27,6.58,15.75,3.23,0.81,0.81
Karvir,16.648,74.1852,606.0,2023,10,24.21,31.44,15.69,76.18,1.17,18.03,1.9,0.78,0.79
Karvir,16.648,74.1852,606.0,2023,11,23.86,31.59,15.53,74.17,1.25,15.31,1.9,0.66,0.66
Karvir,16.648,74.1852,606.0,2023,12,23.0,33.24,14.52,56.67,0.05,16.12,2.44,0.48,0.57
Karvir,16.648,74.1852,606.0,2023,13,25.15,41.2,11.07,63.7,3.09,18.99,2.89,0.53,0.64
Panhala,16.7545,74.0178,603.0,1997,1,22.24,34.67,10.25,54.09,0.08,17.87,2.04,0.42,0.49
Panhala,16.7545,74.0178,603.0,1997,2,23.97,39.76,12.55,39.7,0.0,21.9,2.08,0.19,0.46
Panhala,16.7545,74.0178,603.0,1997,3,28.27,41.58,17.75,43.9,0.07,23.37,2.15,0.12,0.46
Panhala,16.7545,74.0178,603.0,1997,4,28.27,40.03,16.93,52.18,0.2,24.02,2.25,0.17,0.46
Panhala,16.7545,74.0178,603.0,1997,5,29.25,40.01,20.83,56.42,0.07,24.19,3.11,0.18,0.46
Panhala,16.7545,74.0178,603.0,1997,6,25.85,33.83,22.42,83.44,19.3,16.76,3.93,0.7,0.7
Panhala,16.7545,74.0178,603.0,1997,7,24.51,28.11,22.0,91.8,22.47,15.25,4.73,0.94,0.96
Panhala,16.7545,74.0178,603.0,1997,8,23.87,27.23,20.99,92.96,20.33,15.04,4.28,0.96,0.99
Panhala,16.7545,74.0178,603.0,1997,9,23.76,29.12,20.09,89.31,3.24,19.44,1.92,0.88,0.91
Panhala,16.7545,74.0178,603.0,1997,10,24.76,31.87,18.44,82.06,1.02,19.06,1.35,0.75,0.73
Panhala,16.7545,74.0178,603.0,1997,11,25.02,32.82,18.02,76.46,1.28,17.2,1.48,0.58,0.6
Panhala,16.7545,74.0178,603.0,1997,12,22.59,32.94,12.9,74.64,2.34,17.11,1.61,0.56,0.58
Panhala,16.7545,74.0178,603.0,1997,13,25.2,41.58,10.25,69.93,5.91,19.25,2.58,0.54,0.65
Panhala,16.7545,74.0178,603.0,1998,1,22.84,36.38,11.84,58.06,0.0,18.38,1.95,0.44,0.5
Panhala,16.7545,74.0178,603.0,1998,2,24.55,38.29,13.25,47.59,0.02,21.11,2.34,0.2,0.46
Panhala,16.7545,74.0178,603.0,1998,3,27.13,42.61,15.39,48.94,0.0,23.77,2.29,0.14,0.46
Panhala,16.7545,74.0178,603.0,1998,4,30.87,43.14,21.16,48.15,0.01,24.13,2.67,0.1,0.46
Panhala,16.7545,74.0178,603.0,1998,5,30.9,44.48,22.48,57.85,0.45,23.42,2.84,0.22,0.46
Panhala,16.7545,74.0178,603.0,1998,6,26.94,40.63,22.19,79.41,21.91,17.91,3.9,0.61,0.63
Panhala,16.7545,74.0178,603.0,1998,7,24.63,28.42,21.13,92.12,20.88,15.15,4.1,0.94,0.96
Panhala,16.7545,74.0178,603.0,1998,8,24.76,29.96,21.93,92.58,17.42,15.29,3.26,0.95,0.99
Panhala,16.7545,74.0178,603.0,1998,9,24.39,29.56,21.05,91.9,12.46,15.98,2.55,0.95,0.99
Panhala,16.7545,74.0178,603.0,1998,10,23.88,30.14,16.92,88.28,3.79,16.85,1.99,0.91,0.94
Panhala,16.7545,74.0178,603.0,1998,11,21.97,30.38,12.35,79.58,1.45,18.8,1.73,0.81,0.8
Panhala,16.7545,74.0178,603.0,1998,12,20.0,30.36,11.43,64.01,0.02,17.88,2.74,0.62,0.63
Panhala,16.7545,74.0178,603.0,1998,13,25.24,44.48,11.43,70.85,6.56,19.04,2.7,0.58,0.69
Panhala,16.7545,74.0178,603.0,1999,1,21.45,33.94,11.65,51.96,0.0,19.98,2.15,0.46,0.51
Panhala,16.7545,74.0178,603.0,1999,2,26.75,40.13,12.51,40.63,0.05,22.53,2.03,0.23,0.46
Panhala,16.7545,74.0178,603.0,1999,3,29.08,44.24,17.2,40.26,0.0,25.6,2.25,0.12,0.46
Panhala,16.7545,74.0178,603.0,1999,4,29.16,42.43,19.79,57.05,0.0,26.13,2.73,0.1,0.46
Panhala,16.7545,74.0178,603.0,1999,5,27.19,41.08,22.19,72.99,5.68,21.17,2.77,0.37,0.53
Panhala,16.7545,74.0178,603.0,1999,6,24.94,31.74,21.02,87.82,19.98,16.55,4.0,0.82,0.8
Panhala,16.7545,74.0178,603.0,1999,7,24.29,28.08,21.71,92.45,20.06,14.48,4.53,0.94,0.97
Panhala,16.7545,74.0178,603.0,1999,8,23.85,28.04,20.82,90.76,4.24,15.09,3.59,0.9,0.93
Panhala,16.7545,74.0178,603.0,1999,9,23.74,28.77,19.96,90.64,6.17,17.69,2.39,0.87,0.89
Panhala,16.7545,74.0178,603.0,1999,10,24.1,31.2,15.61,82.55,3.0,18.35,1.84,0.83,0.84
Panhala,16.7545,74.0178,603.0,1999,11,22.6,33.39,13.88,63.21,0.01,19.69,2.35,0.62,0.63
Panhala,16.7545,74.0178,603.0,1999,12,22.57,33.9,12.29,45.89,0.0,19.19,2.13,0.44,0.5
Panhala,16.7545,74.0178,603.0,1999,13,24.96,44.24,11.65,68.17,4.96,19.68,2.73,0.56,0.67
Panhala,16.7545,74.0178,603.0,2000,1,24.69,37.12,14.33,35.64,0.0,19.66,2.13,0.2,0.46
Panhala,16.7545,74.0178,603.0,2000,2,23.85,37.84,13.72,52.66,0.06,22.51,2.22,0.14,0.46
Panhala,16.7545,74.0178,603.0,2000,3,27.02,41.62,15.24,43.92,0.0,24.93,2.2,0.13,0.46
Panhala,16.7545,74.0178,603.0,2000,4,29.79,42.99,19.71,54.47,0.14,26.31,2.84,0.17,0.46
Panhala,16.7545,74.0178,603.0,2000,5,27.78,43.89,20.73,69.93,3.73,22.55,3.13,0.36,0.5
Panhala,16.7545,74.0178,603.0,2000,6,25.05,31.29,21.94,88.57,12.95,16.09,3.65,0.81,0.79
Panhala,16.7545,74.0178,603.0,2000,7,23.85,28.12,20.73,91.32,17.98,16.34,4.42,0.93,0.95
Panhala,16.7545,74.0178,603.0,2000,8,23.86,28.36,21.04,91.65,14.81,15.09,3.67,0.91,0.93
Panhala,16.7545,74.0178,603.0,2000,9,24.44,31.73,20.32,88.81,3.0,18.26,2.18,0.88,0.91
Panhala,16.7545,74.0178,603.0,2000,10,24.39,32.31,15.05,82.27,3.29,18.95,1.18,0.83,0.82
Panhala,16.7545,74.0178,603.0,2000,11,23.0,32.59,14.18,67.24,0.25,19.11,1.83,0.66,0.66
Panhala,16.7545,74.0178,603.0,2000,12,22.32,34.12,12.65,42.83,0.64,18.02,2.36,0.48,0.52
Panhala,16.7545,74.0178,603.0,2000,13,25.0,43.89,12.65,67.44,4.77,19.8,2.65,0.54,0.66
Panhala,16.7545,74.0178,603.0,2001,1,24.04,36.68,13.0,47.53,0.04,18.04,1.83,0.35,0.48
Panhala,16.7545,74.0178,603.0,2001,2,25.68,39.8,14.56,38.16,0.0,22.85,2.01,0.14,0.46
Panhala,16.7545,74.0178,603.0,2001,3,26.2,40.03,15.92,52.6,0.0,24.88,2.38,0.11,0.46
Panhala,16.7545,74.0178,603.0,2001,4,29.86,42.32,18.09,49.94,0.43,24.17,2.15,0.21,0.46
Panhala,16.7545,74.0178,603.0,2001,5,28.41,43.3,22.19,66.22,3.2,24.75,3.41,0.3,0.49
Panhala,16.7545,74.0178,603.0,2001,6,25.22,32.65,22.37,85.65,10.93,17.39,4.61,0.74,0.72
Panhala,16.7545,74.0178,603.0,2001,7,24.31,28.54,20.65,89.94,12.16,14.44,4.61,0.87,0.89
Panhala,16.7545,74.0178,603.0,2001,8,23.78,27.43,21.13,92.33,13.15,14.41,3.92,0.93,0.96
Panhala,16.7545,74.0178,603.0,2001,9,24.04,30.61,19.93,90.45,6.66,18.55,2.04,0.88,0.9
Panhala,16.7545,74.0178,603.0,2001,10,23.75,31.07,15.33,83.52,2.57,18.21,2.15,0.86,0.88
Panhala,16.7545,74.0178,603.0,2001,11,23.21,31.75,15.37,69.48,0.17,18.9,2.12,0.66,0.66
Panhala,16.7545,74.0178,603.0,2001,12,23.01,33.06,13.77,50.77,0.0,17.93,2.16,0.48,0.52
Panhala,16.7545,74.0178,603.0,2001,13,25.12,43.3,13.0,68.23,4.14,19.52,2.79,0.55,0.66
Panhala,16.7545,74.0178,603.0,2002,1,22.59,35.62,10.68,48.93,0.01,19.38,2.3,0.26,0.46
Panhala,16.7545,74.0178,603.0,2002,2,26.47,39.0,15.71,44.39,0.0,21.33,1.91,0.15,0.46
Panhala,16.7545,74.0178,603.0,2002,3,28.6,41.2,17.45,45.47,0.01,24.16,2.23,0.11,0.46
Panhala,16.7545,74.0178,603.0,2002,4,30.72,43.79,20.03,47.75,0.05,25.18,2.34,0.12,0.46
Panhala,16.7545,74.0178,603.0,2002,5,28.98,43.29,22.42,66.88,1.74,24.57,3.08,0.36,0.47
Panhala,16.7545,74.0178,603.0,2002,6,25.96,34.77,23.12,85.48,22.03,16.3,3.72,0.77,0.76
Panhala,16.7545,74.0178,603.0,2002,7,24.67,28.21,22.25,89.44,7.07,15.9,4.32,0.89,0.92
Panhala,16.7545,74.0178,603.0,2002,8,23.87,28.45,20.23,91.58,14.36,14.19,4.07,0.92,0.95
Panhala,16.7545,74.0178,603.0,2002,9,23.86,32.31,19.45,88.7,3.22,20.52,2.15,0.87,0.89
Panhala,16.7545,74.0178,603.0,2002,10,24.86,33.41,16.2,78.46,3.78,18.18,1.74,0.78,0.77
Panhala,16.7545,74.0178,603.0,2002,11,23.64,34.4,15.04,63.3,0.46,19.27,1.77,0.6,0.61
Panhala,16.7545,74.0178,603.0,2002,12,23.13,35.01,14.14,50.88,0.03,18.09,1.88,0.43,0.5
Panhala,16.7545,74.0178,603.0,2002,13,25.6,43.79,10.68,66.91,4.41,19.74,2.63,0.52,0.64
Panhala,16.7545,74.0178,603.0,2003,1,24.9,36.76,12.84,46.28,0.0,18.13,1.77,0.21,0.46
Panhala,16.7545,74.0178,603.0,2003,2,26.38,39.86,15.88,45.13,0.03,22.06,2.08,0.14,0.46
Panhala,16.7545,74.0178,603.0,2003,3,28.41,41.36,16.24,43.18,0.07,23.73,2.22,0.13,0.46
Panhala,16.7545,74.0178,603.0,2003,4,30.65,43.24,18.97,47.25,0.31,24.85,2.47,0.17,0.46
Panhala,16.7545,74.0178,603.0,2003,5,29.9,43.3,20.27,58.51,0.07,26.34,3.39,0.19,0.46
Panhala,16.7545,74.0178,603.0,2003,6,26.82,39.26,21.74,80.12,15.99,18.8,3.82,0.57,0.63
Panhala,16.7545,74.0178,603.0,2003,7,24.72,28.4,22.07,92.61,16.23,15.2,3.95,0.94,0.96
Panhala,16.7545,74.0178,603.0,2003,8,24.35,28.05,22.0,91.24,7.65,15.08,3.65,0.9,0.94
Panhala,16.7545,74.0178,603.0,2003,9,24.06,30.19,20.43,90.01,3.71,18.07,2.7,0.86,0.88
Panhala,16.7545,74.0178,603.0,2003,10,24.6,32.63,15.42,80.43,1.53,18.95,1.56,0.76,0.75
Panhala,16.7545,74.0178,603.0,2003,11,24.5,34.28,14.65,62.51,0.16,18.85,1.88,0.55,0.58
Panhala,16.7545,74.0178,603.0,2003,12,23.66,34.56,13.57,44.69,0.01,18.66,1.97,0.37,0.48
Panhala,16.7545,74.0178,603.0,2003,13,26.07,43.3,12.84,65.28,3.83,19.87,2.63,0.48,0.63
Panhala,16.7545,74.0178,603.0,2004,1,23.67,36.43,13.23,47.97,0.0,19.27,1.98,0.17,0.46
Panhala,16.7545,74.0178,603.0,2004,2,26.25,39.72,13.97,39.67,0.01,22.55,1.89,0.13,0.46
Panhala,16.7545,74.0178,603.0,2004,3,29.67,42.5,19.29,46.13,0.0,25.04,2.04,0.1,0.46
Panhala,16.7545,74.0178,603.0,2004,4,29.61,41.92,19.22,53.16,0.16,25.99,2.56,0.16,0.46
Panhala,16.7545,74.0178,603.0,2004,5,28.2,42.28,22.1,69.34,4.44,21.8,2.9,0.47,0.52
Panhala,16.7545,74.0178,603.0,2004,6,25.06,31.95,22.25,89.16,20.79,17.08,4.14,0.85,0.84
Panhala,16.7545,74.0178,603.0,2004,7,24.48,28.58,22.14,90.53,13.7,15.71,3.77,0.9,0.92
Panhala,16.7545,74.0178,603.0,2004,8,23.8,27.7,20.42,92.36,15.36,14.81,4.54,0.94,0.97
Panhala,16.7545,74.0178,603.0,2004,9,24.23,30.62,20.22,89.67,5.32,17.19,2.08,0.88,0.91
Panhala,16.7545,74.0178,603.0,2004,10,23.7,31.26,15.71,80.47,0.82,20.23,2.12,0.79,0.79
Panhala,16.7545,74.0178,603.0,2004,11,23.71,32.89,14.57,63.61,0.33,18.4,2.31,0.58,0.59
Panhala,16.7545,74.0178,603.0,2004,12,22.88,34.37,12.86,44.72,0.0,19.21,2.49,0.4,0.49
Panhala,16.7545,74.0178,603.0,2004,13,25.43,42.5,12.86,67.31,5.09,19.76,2.74,0.53,0.66
Panhala,16.7545,74.0178,603.0,2005,1,23.76,35.52,12.06,45.26,0.07,18.59,1.93,0.18,0.46
Panhala,16.7545,74.0178,603.0,2005,2,25.33,39.82,12.56,45.21,0.0,22.64,2.06,0.17,0.46
Panhala,16.7545,74.0178,603.0,2005,3,27.51,41.64,15.3,47.59,0.02,24.88,2.24,0.12,0.46
Panhala,16.7545,74.0178,603.0,2005,4,29.8,42.16,19.18,49.81,0.3,23.3,2.02,0.19,0.46
Panhala,16.7545,74.0178,603.0,2005,5,29.23,41.91,20.71,61.12,1.1,24.97,2.83,0.28,0.47
Panhala,16.7545,74.0178,603.0,2005,6,26.82,37.03,23.11,81.24,15.72,18.19,4.0,0.64,0.62
Panhala,16.7545,74.0178,603.0,2005,7,24.82,28.13,22.6,92.25,23.22,13.57,4.4,0.93,0.95
Panhala,16.7545,74.0178,603.0,2005,8,24.15,28.04,21.29,92.61,16.46,14.36,3.99,0.95,0.99
Panhala,16.7545,74.0178,603.0,2005,9,24.23,29.77,20.45,92.44,13.15,14.77,3.2,0.94,0.98
Panhala,16.7545,74.0178,603.0,2005,10,23.9,31.12,15.49,82.59,3.24,18.54,1.77,0.89,0.91
Panhala,16.7545,74.0178,603.0,2005,11,20.97,30.03,12.99,71.21,0.01,19.47,2.48,0.73,0.72
Panhala,16.7545,74.0178,603.0,2005,12,21.3,31.44,12.18,58.55,0.0,18.32,2.27,0.53,0.56
Panhala,16.7545,74.0178,603.0,2005,13,25.15,42.16,12.06,68.45,6.14,19.28,2.77,0.55,0.67
Panhala,16.7545,74.0178,603.0,2006,1,23.4,36.08,12.35,42.4,0.0,19.95,2.32,0.36,0.48
Panhala,16.7545,74.0178,603.0,2006,2,26.62,40.03,15.29,38.44,0.0,23.18,1.93,0.16,0.46
Panhala,16.7545,74.0178,603.0,2006,3,27.16,41.86,15.93,51.2,0.23,24.13,2.18,0.2,0.46
Panhala,16.7545,74.0178,603.0,2006,4,29.08,41.77,19.26,52.96,0.02,25.45,2.83,0.13,0.46
Panhala,16.7545,74.0178,603.0,2006,5,28.95,42.0,22.21,64.7,15.6,23.12,3.19,0.25,0.49
Panhala,16.7545,74.0178,603.0,2006,6,25.27,30.61,21.86,89.71,17.27,18.53,3.05,0.9,0.91
Panhala,16.7545,74.0178,603.0,2006,7,24.17,27.26,22.01,92.5,20.51,13.43,5.19,0.95,0.98
Panhala,16.7545,74.0178,603.0,2006,8,23.64,27.44,21.04,93.04,18.27,13.88,4.25,0.95,0.98
Panhala,16.7545,74.0178,603.0,2006,9,24.35,31.31,20.2,91.48,12.93,17.59,2.29,0.92,0.95
Panhala,16.7545,74.0178,603.0,2006,10,24.54,31.74,18.31,83.04,3.16,18.21,2.12,0.89,0.91
Panhala,16.7545,74.0178,603.0,2006,11,23.23,30.59,15.79,79.01,1.02,16.33,2.08,0.73,0.71
Panhala,16.7545,74.0178,603.0,2006,12,21.98,32.26,12.65,59.39,0.0,18.22,2.29,0.54,0.57
Panhala,16.7545,74.0178,603.0,2006,13,25.18,42.0,12.35,69.99,7.47,19.3,2.82,0.58,0.7
Panhala,16.7545,74.0178,603.0,2007,1,23.74,36.54,12.93,46.95,0.0,19.34,1.73,0.37,0.48
Panhala,16.7545,74.0178,603.0,2007,2,25.03,37.0,13.99,51.98,0.0,22.21,2.0,0.17,0.46
Panhala,16.7545,74.0178,603.0,2007,3,28.35,42.23,16.33,45.3,0.0,23.51,2.21,0.12,0.46
Panhala,16.7545,74.0178,603.0,2007,4,30.41,43.68,19.67,51.1,0.17,24.51,2.28,0.17,0.46
Panhala,16.7545,74.0178,603.0,2007,5,29.03,41.17,22.18,64.37,1.12,24.42,2.95,0.32,0.47
Panhala,16.7545,74.0178,603.0,2007,6,26.43,36.1,22.14,83.45,26.43,16.36,4.08,0.65,0.66
Panhala,16.7545,74.0178,603.0,2007,7,24.78,28.93,21.99,92.17,16.27,14.69,4.32,0.94,0.97
Panhala,16.7545,74.0178,603.0,2007,8,24.26,28.1,22.01,92.67,22.75,15.1,3.9,0.96,0.98
Panhala,16.7545,74.0178,603.0,2007,9,24.33,29.35,21.37,91.8,12.71,15.41,2.78,0.95,0.98
Panhala,16.7545,74.0178,603.0,2007,10,23.92,30.62,16.46,80.97,1.0,18.01,1.77,0.87,0.89
Panhala,16.7545,74.0178,603.0,2007,11,22.05,30.55,11.91,71.2,0.5,19.35,2.07,0.7,0.69
Panhala,16.7545,74.0178,603.0,2007,12,22.87,34.33,13.87,60.54,0.0,17.42,2.13,0.51,0.54
Panhala,16.7545,74.0178,603.0,2007,13,25.43,43.68,11.91,69.46,6.77,19.17,2.69,0.56,0.67
Panhala,16.7545,74.0178,603.0,2008,1,22.74,35.29,11.59,44.43,0.0,19.83,2.05,0.31,0.47
Panhala,16.7545,74.0178,603.0,2008,2,24.33,38.59,10.17,43.88,0.06,20.87,2.11,0.18,0.46
Panhala,16.7545,74.0178,603.0,2008,3,28.14,40.05,17.49,47.73,0.48,22.24,1.75,0.21,0.46
Panhala,16.7545,74.0178,603.0,2008,4,29.41,42.07,16.07,52.57,0.1,25.36,2.21,0.19,0.46
Panhala,16.7545,74.0178,603.0,2008,5,28.43,39.97,21.32,65.54,2.45,25.89,3.08,0.25,0.48
Panhala,16.7545,74.0178,603.0,2008,6,25.51,33.22,22.96,87.11,13.52,16.64,4.32,0.78,0.77
Panhala,16.7545,74.0178,603.0,2008,7,24.66,28.53,21.96,89.73,9.28,16.0,4.06,0.85,0.87
Panhala,16.7545,74.0178,603.0,2008,8,24.05,29.63,20.51,91.93,14.42,14.72,3.51,0.93,0.95
Panhala,16.7545,74.0178,603.0,2008,9,23.93,30.98,19.03,90.76,14.01,16.38,2.58,0.93,0.95
Panhala,16.7545,74.0178,603.0,2008,10,23.83,31.63,15.39,79.45,0.68,20.27,1.98,0.82,0.82
Panhala,16.7545,74.0178,603.0,2008,11,23.36,33.11,15.01,69.06,0.52,17.54,2.4,0.6,0.61
Panhala,16.7545,74.0178,603.0,2008,12,23.09,33.24,12.69,56.67,0.35,17.77,2.03,0.5,0.53
Panhala,16.7545,74.0178,603.0,2008,13,25.12,42.07,10.17,68.3,4.65,19.46,2.67,0.55,0.65
Panhala,16.7545,74.0178,603.0,2009,1,24.54,37.89,13.16,45.25,0.0,19.74,1.9,0.29,0.47
Panhala,16.7545,74.0178,603.0,2009,2,26.71,41.38,15.15,40.07,0.0,22.27,1.92,0.14,0.46
Panhala,16.7545,74.0178,603.0,2009,3,28.93,41.52,18.73,43.19,0.07,23.33,2.12,0.13,0.46
Panhala,16.7545,74.0178,603.0,2009,4,30.49,43.49,19.92,49.81,0.03,23.9,2.34,0.13,0.46
Panhala,16.7545,74.0178,603.0,2009,5,29.61,41.26,21.77,59.26,0.12,24.42,3.08,0.14,0.46
Panhala,16.7545,74.0178,603.0,2009,6,26.36,34.9,21.73,80.26,9.53,18.98,3.27,0.58,0.59
Panhala,16.7545,74.0178,603.0,2009,7,24.44,27.91,21.98,92.82,27.03,13.51,5.42,0.94,0.96
Panhala,16.7545,74.0178,603.0,2009,8,24.47,29.63,21.97,90.85,8.66,16.55,3.21,0.9,0.92
Panhala,16.7545,74.0178,603.0,2009,9,24.85,30.91,20.79,90.26,11.21,16.16,2.27,0.91,0.94
Panhala,16.7545,74.0178,603.0,2009,10,24.03,30.85,15.91,81.55,5.7,17.51,2.07,0.89,0.92
Panhala,16.7545,74.0178,603.0,2009,11,22.85,30.33,13.27,79.08,2.85,16.42,2.35,0.78,0.76
Panhala,16.7545,74.0178,603.0,2009,12,22.25,31.43,13.51,67.17,0.01,16.59,2.02,0.6,0.61
Panhala,16.7545,74.0178,603.0,2009,13,25.78,43.49,13.16,68.46,5.47,19.09,2.67,0.54,0.67
Panhala,16.7545,74.0178,603.0,2010,1,23.63,34.17,13.92,57.83,0.11,17.16,1.85,0.47,0.51
Panhala,16.7545,74.0178,603.0,2010,2,25.66,39.4,13.97,48.92,0.0,21.29,1.98,0.23,0.46
Panhala,16.7545,74.0178,603.0,2010,3,29.07,41.41,18.42,44.97,0.06,22.76,2.18,0.15,0.46
Panhala,16.7545,74.0178,603.0,2010,4,30.13,42.81,18.91,52.72,0.05,24.24,2.14,0.13,0.46
Panhala,16.7545,74.0178,603.0,2010,5,30.36,41.88,23.56,60.56,0.19,24.73,3.22,0.14,0.46
Panhala,16.7545,74.0178,603.0,2010,6,26.44,36.4,22.54,84.45,17.31,18.24,3.6,0.72,0.71
Panhala,16.7545,74.0178,603.0,2010,7,24.65,27.9,20.84,92.51,31.63,13.8,4.02,0.94,0.96
Panhala,16.7545,74.0178,603.0,2010,8,24.29,28.53,21.37,92.66,14.51,14.76,3.52,0.95,0.99
Panhala,16.7545,74.0178,603.0,2010,9,24.57,30.74,21.52,90.6,7.61,16.59,2.3,0.93,0.97
Panhala,16.7545,74.0178,603.0,2010,10,24.51,30.92,16.75,86.07,4.77,17.75,1.85,0.89,0.93
Panhala,16.7545,74.0178,603.0,2010,11,24.06,29.76,18.04,85.13,2.22,15.63,1.75,0.83,0.83
Panhala,16.7545,74.0178,603.0,2010,12,20.61,29.35,11.47,72.37,0.01,17.05,2.02,0.67,0.67
Panhala,16.7545,74.0178,603.0,2010,13,25.66,42.81,11.47,72.53,6.59,18.65,2.54,0.59,0.7
Panhala,16.7545,74.0178,603.0,2011,1,22.07,34.64,12.13,52.27,0.0,19.78,1.99,0.5,0.54
Panhala,16.7545,74.0178,603.0,2011,2,24.5,36.94,13.94,51.0,0.0,21.94,2.01,0.28,0.47
Panhala,16.7545,74.0178,603.0,2011,3,28.63,41.86,17.4,41.68,0.0,24.6,2.19,0.14,0.46
Panhala,16.7545,74.0178,603.0,2011,4,29.18,41.73,17.65,53.09,0.16,23.95,2.33,0.15,0.46
Panhala,16.7545,74.0178,603.0,2011,5,29.06,39.86,21.62,61.58,0.63,24.21,3.15,0.23,0.46
Panhala,16.7545,74.0178,603.0,2011,6,25.58,31.96,22.42,86.84,15.09,14.76,4.69,0.75,0.73
Panhala,16.7545,74.0178,603.0,2011,7,24.48,28.67,20.6,92.12,29.73,14.28,4.23,0.93,0.95
Panhala,16.7545,74.0178,603.0,2011,8,24.16,27.83,20.99,92.72,17.32,14.0,3.89,0.95,0.98
Panhala,16.7545,74.0178,603.0,2011,9,23.92,29.59,19.43,90.97,9.18,17.59,2.7,0.92,0.95
Panhala,16.7545,74.0178,603.0,2011,10,24.56,31.05,17.86,83.03,3.24,18.23,1.79,0.83,0.83
Panhala,16.7545,74.0178,603.0,2011,11,23.11,33.44,14.05,67.49,0.12,18.05,2.59,0.66,0.66
Panhala,16.7545,74.0178,603.0,2011,12,23.27,34.49,12.09,49.45,0.0,17.89,2.23,0.48,0.52
Panhala,16.7545,74.0178,603.0,2011,13,25.21,41.86,12.09,68.6,6.34,19.09,2.82,0.57,0.67
Panhala,16.7545,74.0178,603.0,2012,1,22.65,35.84,11.81,47.66,0.0,19.59,2.05,0.25,0.46
Panhala,16.7545,74.0178,603.0,2012,2,25.83,40.02,13.94,34.57,0.0,22.29,2.03,0.14,0.46
Panhala,16.7545,74.0178,603.0,2012,3,27.49,42.12,13.71,38.97,0.0,24.82,2.13,0.1,0.46
Panhala,16.7545,74.0178,603.0,2012,4,29.93,41.75,19.35,50.19,0.16,23.96,2.29,0.15,0.46
Panhala,16.7545,74.0178,603.0,2012,5,29.21,40.64,21.71,59.96,0.07,24.52,3.59,0.16,0.46
Panhala,16.7545,74.0178,603.0,2012,6,26.53,36.81,22.07,79.04,12.89,18.88,3.95,0.57,0.59
Panhala,16.7545,74.0178,603.0,2012,7,24.55,28.32,21.56,91.79,21.16,14.17,4.2,0.93,0.94
Panhala,16.7545,74.0178,603.0,2012,8,24.37,28.62,21.7,91.97,11.47,15.48,3.92,0.92,0.95
Panhala,16.7545,74.0178,603.0,2012,9,24.05,29.76,19.63,90.91,8.45,16.8,2.78,0.91,0.94
Panhala,16.7545,74.0178,603.0,2012,10,24.04,31.39,15.64,80.88,4.75,18.24,1.99,0.86,0.88
Panhala,16.7545,74.0178,603.0,2012,11,23.0,31.67,12.32,72.87,0.16,17.06,1.51,0.68,0.68
Panhala,16.7545,74.0178,603.0,2012,12,23.06,33.95,12.75,57.24,0.0,18.28,1.94,0.5,0.53
Panhala,16.7545,74.0178,603.0,2012,13,25.38,42.12,11.81,66.44,4.95,19.5,2.7,0.52,0.65
Panhala,16.7545,74.0178,603.0,2013,1,23.62,36.14,12.06,47.95,0.0,19.42,1.86,0.29,0.47
Panhala,16.7545,74.0178,603.0,2013,2,26.19,38.28,14.34,46.65,0.03,21.21,2.05,0.16,0.46
Panhala,16.7545,74.0178,603.0,2013,3,28.41,40.34,18.65,43.19,0.01,23.66,2.43,0.12,0.46
Panhala,16.7545,74.0178,603.0,2013,4,28.69,41.82,17.93,54.75,0.04,25.97,2.63,0.11,0.46
Panhala,16.7545,74.0178,603.0,2013,5,29.25,40.08,22.13,62.69,0.55,23.86,3.28,0.2,0.46
Panhala,16.7545,74.0178,603.0,2013,6,25.39,32.79,22.81,88.91,22.31,14.91,4.35,0.81,0.8
Panhala,16.7545,74.0178,603.0,2013,7,24.07,26.93,22.48,93.71,23.6,11.68,5.15,0.96,0.97
Panhala,16.7545,74.0178,603.0,2013,8,23.87,27.99,21.32,91.79,7.23,15.63,3.65,0.93,0.97
Panhala,16.7545,74.0178,603.0,2013,9,24.26,29.88,20.67,90.81,8.32,16.75,2.29,0.9,0.93
Panhala,16.7545,74.0178,603.0,2013,10,24.15,32.01,16.97,86.93,3.47,17.77,1.88,0.87,0.89
Panhala,16.7545,74.0178,603.0,2013,11,22.87,30.94,13.99,74.45,0.04,17.87,1.99,0.72,0.71
Panhala,16.7545,74.0178,603.0,2013,12,21.82,32.53,12.17,57.65,0.01,18.72,2.05,0.52,0.55
Panhala,16.7545,74.0178,603.0,2013,13,25.21,41.82,12.06,70.07,5.49,18.94,2.81,0.55,0.68
Panhala,16.7545,74.0178,603.0,2014,1,23.54,34.41,12.91,54.34,0.0,17.55,1.88,0.36,0.47
Panhala,16.7545,74.0178,603.0,2014,2,24.66,37.83,13.7,49.92,0.03,20.67,2.27,0.17,0.46
Panhala,16.7545,74.0178,603.0,2014,3,27.86,41.65,13.14,44.9,0.11,23.15,2.17,0.17,0.46
Panhala,16.7545,74.0178,603.0,2014,4,30.17,42.13,18.84,46.94,0.06,22.58,2.17,0.13,0.46
Panhala,16.7545,74.0178,603.0,2014,5,29.78,41.73,21.6,58.44,0.71,23.09,2.59,0.27,0.47
Panhala,16.7545,74.0178,603.0,2014,6,27.6,39.71,23.09,75.6,4.04,20.14,3.91,0.51,0.52
Panhala,16.7545,74.0178,603.0,2014,7,25.08,32.38,22.5,89.25,25.16,13.85,4.92,0.83,0.82
Panhala,16.7545,74.0178,603.0,2014,8,24.47,31.08,20.92,91.09,14.47,15.16,3.38,0.93,0.96
Panhala,16.7545,74.0178,603.0,2014,9,24.4,31.83,19.71,89.28,8.19,16.97,2.55,0.92,0.95
Panhala,16.7545,74.0178,603.0,2014,10,24.62,32.04,15.95,80.28,2.05,18.74,1.55,0.82,0.82
Panhala,16.7545,74.0178,603.0,2014,11,23.01,31.47,13.85,69.45,0.67,17.58,2.06,0.67,0.67
Panhala,16.7545,74.0178,603.0,2014,12,22.45,33.24,13.15,57.58,0.35,16.83,2.15,0.51,0.54
Panhala,16.7545,74.0178,603.0,2014,13,25.64,42.13,12.91,67.36,4.71,18.84,2.64,0.53,0.63
Panhala,16.7545,74.0178,603.0,2015,1,22.6,35.31,12.1,50.62,0.01,18.12,1.97,0.35,0.47
Panhala,16.7545,74.0178,603.0,2015,2,25.43,38.29,14.63,40.55,0.22,22.36,2.01,0.16,0.46
Panhala,16.7545,74.0178,603.0,2015,3,27.55,41.59,12.31,51.95,0.71,21.92,2.03,0.31,0.47
Panhala,16.7545,74.0178,603.0,2015,4,29.18,41.44,18.14,52.99,0.2,24.93,2.32,0.2,0.46
Panhala,16.7545,74.0178,603.0,2015,5,29.87,41.08,22.0,61.0,0.75,23.63,2.79,0.28,0.47
Panhala,16.7545,74.0178,603.0,2015,6,26.02,37.57,21.44,83.05,16.74,17.54,3.99,0.68,0.68
Panhala,16.7545,74.0178,603.0,2015,7,24.96,29.07,21.83,88.79,6.4,17.12,4.37,0.86,0.87
Panhala,16.7545,74.0178,603.0,2015,8,24.63,30.0,21.73,89.53,5.62,16.57,3.12,0.86,0.88
Panhala,16.7545,74.0178,603.0,2015,9,24.53,32.41,19.02,87.64,6.42,18.71,2.03,0.85,0.86
Panhala,16.7545,74.0178,603.0,2015,10,25.64,33.66,19.16,78.89,2.29,18.75,1.41,0.79,0.79
Panhala,16.7545,74.0178,603.0,2015,11,24.91,33.9,16.31,67.09,0.49,17.28,1.83,0.59,0.61
Panhala,16.7545,74.0178,603.0,2015,12,24.5,36.51,13.43,49.66,0.0,17.54,2.13,0.43,0.5
Panhala,16.7545,74.0178,603.0,2015,13,25.82,41.59,12.1,66.96,3.32,19.52,2.5,0.53,0.63
Panhala,16.7545,74.0178,603.0,2016,1,24.02,37.99,14.35,40.93,0.0,18.41,1.89,0.2,0.46
Panhala,16.7545,74.0178,603.0,2016,2,25.94,39.74,14.05,48.91,0.14,20.99,1.94,0.14,0.46
Panhala,16.7545,74.0178,603.0,2016,3,28.81,41.84,16.87,46.02,0.14,23.37,2.14,0.19,0.46
Panhala,16.7545,74.0178,603.0,2016,4,29.97,42.44,19.82,51.13,0.12,24.84,2.64,0.16,0.46
Panhala,16.7545,74.0178,603.0,2016,5,30.02,41.64,20.59,60.53,0.2,24.74,3.15,0.2,0.46
Panhala,16.7545,74.0178,603.0,2016,6,26.06,37.88,22.35,84.69,19.15,15.37,3.54,0.71,0.69
Panhala,16.7545,74.0178,603.0,2016,7,24.31,27.52,21.83,93.54,34.35,12.5,4.11,0.97,0.99
Panhala,16.7545,74.0178,603.0,2016,8,24.06,27.86,21.37,92.3,20.82,14.72,3.92,0.95,0.98
Panhala,16.7545,74.0178,603.0,2016,9,23.53,28.58,19.34,91.63,9.81,15.93,2.56,0.92,0.95
Panhala,16.7545,74.0178,603.0,2016,10,23.01,30.36,14.2,82.55,2.37,18.92,1.82,0.88,0.91
Panhala,16.7545,74.0178,603.0,2016,11,21.38,32.86,13.12,64.22,0.15,18.83,2.19,0.7,0.69
Panhala,16.7545,74.0178,603.0,2016,12,22.48,34.18,11.63,51.21,0.0,17.9,2.25,0.5,0.54
Panhala,16.7545,74.0178,603.0,2016,13,25.3,42.44,11.63,67.34,7.31,18.87,2.68,0.54,0.67
Panhala,16.7545,74.0178,603.0,2017,1,23.59,36.77,11.77,41.63,0.0,18.74,1.97,0.29,0.47
Panhala,16.7545,74.0178,603.0,2017,2,26.53,40.2,15.28,36.75,0.0,22.65,2.16,0.14,0.46
Panhala,16.7545,74.0178,603.0,2017,3,27.32,42.91,14.17,48.43,0.02,24.66,2.12,0.11,0.46
Panhala,16.7545,74.0178,603.0,2017,4,29.54,43.17,19.0,52.35,0.02,25.72,2.38,0.11,0.46
Panhala,16.7545,74.0178,603.0,2017,5,29.75,41.38,20.9,61.39,2.09,23.62,2.88,0.28,0.47
Panhala,16.7545,74.0178,603.0,2017,6,26.05,35.74,22.07,84.92,13.59,17.19,3.73,0.71,0.68
Panhala,16.7545,74.0178,603.0,2017,7,24.72,28.47,22.18,91.27,19.51,15.39,4.49,0.92,0.95
Panhala,16.7545,74.0178,603.0,2017,8,24.37,28.62,19.71,91.12,11.56,15.7,2.99,0.92,0.95
Panhala,16.7545,74.0178,603.0,2017,9,24.89,31.19,21.19,90.64,16.9,16.13,1.96,0.95,0.98
Panhala,16.7545,74.0178,603.0,2017,10,24.48,31.5,16.44,85.14,4.89,16.86,1.43,0.92,0.97
Panhala,16.7545,74.0178,603.0,2017,11,21.94,30.25,13.15,73.28,0.02,18.07,1.95,0.79,0.78
Panhala,16.7545,74.0178,603.0,2017,12,21.4,30.69,13.0,64.81,0.19,16.75,2.27,0.59,0.6
Panhala,16.7545,74.0178,603.0,2017,13,25.37,43.17,11.77,68.66,5.76,19.26,2.53,0.56,0.69
Panhala,16.7545,74.0178,603.0,2018,1,22.75,34.94,12.98,49.46,0.0,17.99,1.75,0.44,0.5
Panhala,16.7545,74.0178,603.0,2018,2,26.03,39.13,15.01,36.8,0.0,20.81,1.78,0.2,0.46
Panhala,16.7545,74.0178,603.0,2018,3,28.42,41.63,17.12,44.74,0.11,22.02,1.97,0.15,0.46
Panhala,16.7545,74.0178,603.0,2018,4,30.12,41.98,19.41,48.38,0.15,24.03,2.26,0.17,0.46
Panhala,16.7545,74.0178,603.0,2018,5,29.26,41.95,20.95,63.89,1.33,22.2,2.62,0.33,0.47
Panhala,16.7545,74.0178,603.0,2018,6,25.77,34.52,22.07,88.85,23.08,15.86,3.57,0.82,0.79
Panhala,16.7545,74.0178,603.0,2018,7,24.34,27.79,22.2,93.14,24.37,12.03,4.8,0.96,0.98
Panhala,16.7545,74.0178,603.0,2018,8,23.82,27.15,21.33,92.23,13.19,12.8,4.44,0.94,0.98
Panhala,16.7545,74.0178,603.0,2018,9,24.09,31.77,19.55,87.98,4.64,19.86,1.86,0.89,0.91
Panhala,16.7545,74.0178,603.0,2018,10,24.78,32.33,15.04,75.43,1.82,19.72,1.51,0.82,0.81
Panhala,16.7545,74.0178,603.0,2018,11,23.77,32.57,13.75,65.93,0.78,17.95,1.76,0.63,0.63
Panhala,16.7545,74.0178,603.0,2018,12,22.56,33.31,12.07,54.11,0.01,16.69,2.02,0.48,0.52
Panhala,16.7545,74.0178,603.0,2018,13,25.47,41.98,12.07,66.92,5.82,18.47,2.54,0.57,0.67
Panhala,16.7545,74.0178,603.0,2019,1,23.09,35.31,12.23,36.17,0.0,18.83,1.99,0.24,0.46
Panhala,16.7545,74.0178,603.0,2019,2,25.45,39.76,10.57,40.96,0.0,22.1,2.06,0.14,0.46
Panhala,16.7545,74.0178,603.0,2019,3,27.54,42.51,14.76,45.19,0.09,24.41,2.19,0.12,0.46
Panhala,16.7545,74.0178,603.0,2019,4,30.23,44.19,18.64,50.03,0.19,24.75,2.31,0.18,0.46
Panhala,16.7545,74.0178,603.0,2019,5,29.88,43.23,20.93,56.77,0.01,25.63,3.14,0.14,0.46
Panhala,16.7545,74.0178,603.0,2019,6,27.64,40.55,22.5,76.5,14.87,17.72,3.38,0.52,0.58
Panhala,16.7545,74.0178,603.0,2019,7,25.06,29.64,22.79,92.91,32.87,14.33,3.97,0.96,0.98
Panhala,16.7545,74.0178,603.0,2019,8,24.41,27.99,21.76,92.82,33.13,13.94,4.04,0.95,0.98
Panhala,16.7545,74.0178,603.0,2019,9,24.4,28.97,21.13,92.89,17.83,14.34,3.11,0.95,0.99
Panhala,16.7545,74.0178,603.0,2019,10,24.54,30.48,19.17,88.42,10.14,15.73,1.72,0.93,0.97
Panhala,16.7545,74.0178,603.0,2019,11,23.23,29.87,16.08,82.47,0.35,17.27,1.93,0.86,0.88
Panhala,16.7545,74.0178,603.0,2019,12,23.05,30.75,16.17,77.84,0.07,15.39,1.92,0.7,0.69
Panhala,16.7545,74.0178,603.0,2019,13,25.7,44.19,10.57,69.58,9.21,18.68,2.65,0.56,0.7
Panhala,16.7545,74.0178,603.0,2020,1,22.18,34.47,11.31,67.56,0.0,17.83,1.8,0.52,0.55
Panhala,16.7545,74.0178,603.0,2020,2,25.42,38.11,12.31,48.76,0.0,20.73,1.93,0.35,0.48
Panhala,16.7545,74.0178,603.0,2020,3,27.42,41.01,15.73,50.28,0.17,23.32,2.31,0.19,0.46
Panhala,16.7545,74.0178,603.0,2020,4,30.64,42.14,19.61,49.23,0.67,24.15,2.25,0.26,0.46
Panhala,16.7545,74.0178,603.0,2020,5,30.8,42.65,22.47,58.13,1.08,23.69,2.94,0.29,0.47
Panhala,16.7545,74.0178,603.0,2020,6,25.65,30.63,22.17,88.41,19.71,17.11,3.14,0.84,0.82
Panhala,16.7545,74.0178,603.0,2020,7,24.75,28.57,21.71,92.18,20.31,14.89,3.24,0.95,0.98
Panhala,16.7545,74.0178,603.0,2020,8,24.49,27.67,21.83,93.87,30.28,12.62,4.1,0.97,1.0
Panhala,16.7545,74.0178,603.0,2020,9,24.5,31.96,21.05,91.87,12.94,16.03,2.15,0.95,0.99
Panhala,16.7545,74.0178,603.0,2020,10,24.52,30.48,18.56,89.48,10.0,15.29,1.7,0.93,0.97
Panhala,16.7545,74.0178,603.0,2020,11,23.44,30.23,14.25,80.45,0.01,17.18,2.06,0.84,0.84
Panhala,16.7545,74.0178,603.0,2020,12,22.15,31.68,12.16,71.35,0.05,17.33,2.04,0.65,0.65
Panhala,16.7545,74.0178,603.0,2020,13,25.49,42.65,11.31,73.56,7.97,18.33,2.48,0.65,0.72
Panhala,16.7545,74.0178,603.0,2021,1,24.11,34.08,15.31,66.81,0.33,16.84,1.53,0.51,0.54
Panhala,16.7545,74.0178,603.0,2021,2,25.28,38.82,14.94,47.84,0.18,20.51,2.12,0.34,0.47
Panhala,16.7545,74.0178,603.0,2021,3,29.4,42.22,19.13,42.51,0.03,23.04,1.89,0.16,0.46
Panhala,16.7545,74.0178,603.0,2021,4,29.92,42.63,19.55,51.66,1.0,23.31,2.02,0.26,0.47
Panhala,16.7545,74.0178,603.0,2021,5,28.48,40.01,22.6,71.26,8.83,20.4,2.69,0.56,0.57
Panhala,16.7545,74.0178,603.0,2021,6,25.39,31.02,21.92,89.72,23.27,16.35,3.08,0.88,0.88
Panhala,16.7545,74.0178,603.0,2021,7,24.62,28.48,22.57,92.9,40.09,13.98,3.92,0.96,0.98
Panhala,16.7545,74.0178,603.0,2021,8,24.24,28.7,20.5,90.78,6.76,15.46,2.72,0.92,0.97
Panhala,16.7545,74.0178,603.0,2021,9,24.27,28.62,20.58,92.1,10.93,14.82,2.94,0.93,0.96
Panhala,16.7545,74.0178,603.0,2021,10,24.61,30.95,17.02,85.22,3.96,18.62,1.6,0.89,0.92
Panhala,16.7545,74.0178,603.0,2021,11,24.03,30.48,15.55,83.07,2.13,14.11,1.84,0.79,0.77
Panhala,16.7545,74.0178,603.0,2021,12,21.53,28.91,12.85,79.2,2.77,15.55,1.73,0.75,0.74
Panhala,16.7545,74.0178,603.0,2021,13,25.49,42.63,12.85,74.59,8.41,17.73,2.34,0.66,0.73
Panhala,16.7545,74.0178,603.0,2022,1,20.91,32.84,9.97,68.77,0.06,18.03,1.76,0.56,0.59
Panhala,16.7545,74.0178,603.0,2022,2,23.72,37.61,13.1,56.11,0.0,21.26,1.89,0.42,0.49
Panhala,16.7545,74.0178,603.0,2022,3,29.26,42.09,19.3,44.71,0.13,21.01,1.93,0.2,0.46
Panhala,16.7545,74.0178,603.0,2022,4,30.11,42.1,20.11,52.6,0.88,22.07,1.8,0.3,0.47
Panhala,16.7545,74.0178,603.0,2022,5,28.94,41.24,22.64,66.4,1.48,20.66,3.24,0.33,0.48
Panhala,16.7545,74.0178,603.0,2022,6,26.19,34.79,21.5,81.47,13.82,18.17,3.02,0.64,0.62
Panhala,16.7545,74.0178,603.0,2022,7,24.39,29.33,21.82,92.42,24.02,12.85,4.11,0.95,0.97
Panhala,16.7545,74.0178,603.0,2022,8,24.1,29.47,21.16,92.37,19.71,14.18,3.76,0.95,0.99
Panhala,16.7545,74.0178,603.0,2022,9,24.12,30.08,19.95,91.57,10.6,16.2,2.31,0.93,0.97
Panhala,16.7545,74.0178,603.0,2022,10,23.64,29.69,15.33,85.23,7.04,16.48,1.83,0.91,0.95
Panhala,16.7545,74.0178,603.0,2022,11,22.28,29.73,12.8,77.81,0.03,17.04,2.14,0.79,0.79
Panhala,16.7545,74.0178,603.0,2022,12,23.16,33.08,13.12,69.14,0.04,16.24,1.98,0.6,0.61
Panhala,16.7545,74.0178,603.0,2022,13,25.07,42.1,9.97,73.33,6.54,17.81,2.49,0.63,0.7
Panhala,16.7545,74.0178,603.0,2023,1,22.52,34.46,11.65,56.27,0.0,18.75,1.84,0.46,0.5
Panhala,16.7545,74.0178,603.0,2023,2,27.0,39.38,16.45,24.67,0.0,22.15,2.34,0.2,0.46
Panhala,16.7545,74.0178,603.0,2023,3,27.55,38.92,16.74,42.53,0.1,23.6,2.14,0.16,0.46
Panhala,16.7545,74.0178,603.0,2023,4,29.54,42.44,17.48,50.08,0.53,24.12,2.15,0.24,0.46
Panhala,16.7545,74.0178,603.0,2023,5,29.8,40.92,20.73,58.33,0.74,24.36,2.7,0.28,0.47
Panhala,16.7545,74.0178,603.0,2023,6,27.79,37.3,22.67,75.16,9.14,20.98,3.65,0.5,0.52
Panhala,16.7545,74.0178,603.0,2023,7,24.7,28.51,22.52,92.9,33.05,11.97,4.56,0.94,0.94
Panhala,16.7545,74.0178,603.0,2023,8,24.43,29.85,21.22,90.71,5.42,17.02,3.06,0.91,0.95
Panhala,16.7545,74.0178,603.0,2023,9,24.65,30.13,21.3,91.01,11.59,15.75,2.45,0.89,0.92
Panhala,16.7545,74.0178,603.0,2023,10,24.62,32.13,16.16,80.85,1.77,18.03,1.76,0.87,0.89
Panhala,16.7545,74.0178,603.0,2023,11,24.04,31.15,16.28,78.67,1.29,15.31,1.8,0.72,0.7
Panhala,16.7545,74.0178,603.0,2023,12,23.52,34.06,15.23,60.04,0.02,16.12,2.29,0.54,0.56
Panhala,16.7545,74.0178,603.0,2023,13,25.83,42.44,11.65,67.04,5.34,18.99,2.56,0.56,0.65
Radhanagari,16.4157,74.0105,621.0,1997,1,23.22,35.38,11.37,55.63,0.08,17.87,2.09,0.43,0.49
Radhanagari,16.4157,74.0105,621.0,1997,2,24.65,40.66,14.04,43.8,0.0,21.9,2.14,0.19,0.46
Radhanagari,16.4157,74.0105,621.0,1997,3,28.65,41.75,18.53,50.66,0.08,23.37,2.15,0.13,0.46
Radhanagari,16.4157,74.0105,621.0,1997,4,28.75,40.94,18.05,54.67,0.28,24.02,2.22,0.21,0.46
Radhanagari,16.4157,74.0105,621.0,1997,5,29.69,39.54,21.58,57.93,0.08,24.19,2.96,0.2,0.46
Radhanagari,16.4157,74.0105,621.0,1997,6,26.46,33.99,22.81,83.22,22.04,16.76,3.9,0.7,0.7
Radhanagari,16.4157,74.0105,621.0,1997,7,25.13,28.4,22.84,91.55,26.22,15.25,4.61,0.95,0.98
Radhanagari,16.4157,74.0105,621.0,1997,8,24.49,27.79,21.83,92.84,23.03,15.04,4.14,0.97,1.0
Radhanagari,16.4157,74.0105,621.0,1997,9,24.48,29.46,21.15,88.64,3.13,19.44,1.89,0.88,0.91
Radhanagari,16.4157,74.0105,621.0,1997,10,25.5,32.36,19.41,82.38,1.23,19.06,1.35,0.75,0.73
Radhanagari,16.4157,74.0105,621.0,1997,11,25.87,33.83,19.57,76.01,0.95,17.2,1.56,0.58,0.59
Radhanagari,16.4157,74.0105,621.0,1997,12,23.76,34.1,14.42,73.32,2.24,17.11,1.69,0.54,0.56
Radhanagari,16.4157,74.0105,621.0,1997,13,25.89,41.75,11.37,71.06,6.67,19.25,2.56,0.55,0.65
Radhanagari,16.4157,74.0105,621.0,1998,1,24.13,37.43,13.86,57.66,0.0,18.38,2.03,0.42,0.48
Radhanagari,16.4157,74.0105,621.0,1998,2,25.46,38.54,14.79,49.91,0.02,21.11,2.32,0.19,0.46
Radhanagari,16.4157,74.0105,621.0,1998,3,27.58,43.23,16.39,53.6,0.0,23.77,2.25,0.13,0.46
Radhanagari,16.4157,74.0105,621.0,1998,4,31.21,43.7,22.04,52.27,0.01,24.13,2.59,0.1,0.45
Radhanagari,16.4157,74.0105,621.0,1998,5,30.95,44.11,23.9,61.69,1.1,23.42,2.63,0.3,0.47
Radhanagari,16.4157,74.0105,621.0,1998,6,27.34,39.19,22.91,80.3,25.0,17.91,3.77,0.64,0.65
Radhanagari,16.4157,74.0105,621.0,1998,7,25.21,28.84,22.03,91.96,19.34,15.15,4.06,0.94,0.97
Radhanagari,16.4157,74.0105,621.0,1998,8,25.25,30.15,22.7,92.5,17.87,15.29,3.18,0.96,0.99
Radhanagari,16.4157,74.0105,621.0,1998,9,25.02,30.31,21.87,91.46,12.67,15.98,2.59,0.95,0.99
Radhanagari,16.4157,74.0105,621.0,1998,10,24.52,30.68,18.34,88.19,3.68,16.85,2.09,0.9,0.95
Radhanagari,16.4157,74.0105,621.0,1998,11,22.89,31.09,13.41,79.35,1.55,18.8,1.81,0.81,0.8
Radhanagari,16.4157,74.0105,621.0,1998,12,21.37,31.89,13.37,62.88,0.03,17.88,2.97,0.61,0.61
Radhanagari,16.4157,74.0105,621.0,1998,13,25.91,44.11,13.37,71.95,6.79,19.04,2.69,0.58,0.69
Radhanagari,16.4157,74.0105,621.0,1999,1,22.73,35.02,13.1,51.54,0.0,19.98,2.31,0.44,0.5
Radhanagari,16.4157,74.0105,621.0,1999,2,27.59,40.91,14.01,43.37,0.03,22.53,2.1,0.21,0.46
Radhanagari,16.4157,74.0105,621.0,1999,3,29.36,44.18,18.31,47.23,0.0,25.6,2.26,0.12,0.46
Radhanagari,16.4157,74.0105,621.0,1999,4,29.33,42.07,20.94,60.43,0.0,26.13,2.64,0.1,0.45
Radhanagari,16.4157,74.0105,621.0,1999,5,27.59,40.66,22.52,74.1,6.51,21.17,2.66,0.4,0.54
Radhanagari,16.4157,74.0105,621.0,1999,6,25.47,31.47,22.25,88.21,22.41,16.55,3.9,0.85,0.84
Radhanagari,16.4157,74.0105,621.0,1999,7,24.84,28.5,22.84,92.13,24.24,14.48,4.44,0.95,0.98
Radhanagari,16.4157,74.0105,621.0,1999,8,24.41,28.23,21.59,90.57,4.86,15.09,3.49,0.9,0.94
Radhanagari,16.4157,74.0105,621.0,1999,9,24.37,29.71,20.44,90.28,5.88,17.69,2.31,0.88,0.9
Radhanagari,16.4157,74.0105,621.0,1999,10,24.9,31.96,16.56,83.0,3.33,18.35,1.87,0.83,0.83
Radhanagari,16.4157,74.0105,621.0,1999,11,23.7,34.47,14.12,65.33,0.02,19.69,2.24,0.62,0.62
Radhanagari,16.4157,74.0105,621.0,1999,12,23.9,34.79,13.25,48.99,0.0,19.19,2.05,0.44,0.5
Radhanagari,16.4157,74.0105,621.0,1999,13,25.67,44.18,13.1,69.74,5.64,19.68,2.69,0.56,0.67
Radhanagari,16.4157,74.0105,621.0,2000,1,25.74,37.98,15.51,39.01,0.01,19.66,2.17,0.19,0.46
Radhanagari,16.4157,74.0105,621.0,2000,2,24.73,38.67,15.08,54.17,0.04,22.51,2.27,0.14,0.46
Radhanagari,16.4157,74.0105,621.0,2000,3,27.49,41.37,16.43,49.35,0.0,24.93,2.23,0.12,0.46
Radhanagari,16.4157,74.0105,621.0,2000,4,29.82,43.11,20.69,59.36,0.29,26.31,2.67,0.21,0.46
Radhanagari,16.4157,74.0105,621.0,2000,5,28.19,43.82,21.84,71.13,4.43,22.55,3.02,0.39,0.5
Radhanagari,16.4157,74.0105,621.0,2000,6,25.54,30.68,22.4,88.81,15.28,16.09,3.72,0.84,0.83
Radhanagari,16.4157,74.0105,621.0,2000,7,24.48,28.5,21.52,91.0,20.18,16.34,4.24,0.94,0.97
Radhanagari,16.4157,74.0105,621.0,2000,8,24.47,28.58,21.88,91.27,14.99,15.09,3.55,0.91,0.94
Radhanagari,16.4157,74.0105,621.0,2000,9,25.04,32.11,21.07,88.87,4.0,18.26,2.17,0.89,0.92
Radhanagari,16.4157,74.0105,621.0,2000,10,24.99,32.73,16.38,83.46,3.4,18.95,1.25,0.84,0.85
Radhanagari,16.4157,74.0105,621.0,2000,11,23.83,32.96,15.51,68.93,0.26,19.11,1.95,0.69,0.68
Radhanagari,16.4157,74.0105,621.0,2000,12,23.38,34.73,14.12,46.33,0.48,18.02,2.43,0.49,0.52
Radhanagari,16.4157,74.0105,621.0,2000,13,25.64,43.82,14.12,69.31,5.31,19.8,2.64,0.56,0.67
Radhanagari,16.4157,74.0105,621.0,2001,1,24.99,37.58,14.43,49.07,0.1,18.04,1.92,0.35,0.47
Radhanagari,16.4157,74.0105,621.0,2001,2,26.35,40.08,16.0,42.69,0.0,22.85,2.08,0.14,0.46
Radhanagari,16.4157,74.0105,621.0,2001,3,26.78,40.13,17.12,54.58,0.0,24.88,2.37,0.11,0.45
Radhanagari,16.4157,74.0105,621.0,2001,4,29.99,41.86,19.22,55.04,0.53,24.17,2.1,0.23,0.46
Radhanagari,16.4157,74.0105,621.0,2001,5,28.84,42.15,23.27,67.27,3.48,24.75,3.3,0.31,0.49
Radhanagari,16.4157,74.0105,621.0,2001,6,25.84,32.76,23.1,85.2,12.06,17.39,4.51,0.75,0.74
Radhanagari,16.4157,74.0105,621.0,2001,7,24.8,28.66,21.49,90.65,14.16,14.44,4.39,0.9,0.92
Radhanagari,16.4157,74.0105,621.0,2001,8,24.33,27.51,21.83,92.13,13.42,14.41,3.84,0.94,0.97
Radhanagari,16.4157,74.0105,621.0,2001,9,24.64,30.67,20.7,90.09,5.63,18.55,2.13,0.88,0.9
Radhanagari,16.4157,74.0105,621.0,2001,10,24.43,31.96,16.26,83.43,2.38,18.21,2.24,0.85,0.86
Radhanagari,16.4157,74.0105,621.0,2001,11,24.38,33.12,16.59,69.69,0.23,18.9,2.17,0.65,0.65
Radhanagari,16.4157,74.0105,621.0,2001,12,24.36,34.15,14.95,50.42,0.01,17.93,2.28,0.46,0.51
Radhanagari,16.4157,74.0105,621.0,2001,13,25.8,42.15,14.43,69.34,4.37,19.52,2.78,0.55,0.66
Radhanagari,16.4157,74.0105,621.0,2002,1,23.93,36.39,12.82,49.18,0.0,19.38,2.41,0.22,0.46
Radhanagari,16.4157,74.0105,621.0,2002,2,27.22,39.09,17.48,46.92,0.0,21.33,2.01,0.14,0.46
Radhanagari,16.4157,74.0105,621.0,2002,3,29.06,41.32,18.96,50.33,0.01,24.16,2.19,0.11,0.45
Radhanagari,16.4157,74.0105,621.0,2002,4,30.9,43.67,21.19,52.59,0.09,25.18,2.26,0.14,0.46
Radhanagari,16.4157,74.0105,621.0,2002,5,29.42,42.38,23.44,67.88,1.75,24.57,2.9,0.38,0.47
Radhanagari,16.4157,74.0105,621.0,2002,6,26.48,34.76,23.66,85.69,23.07,16.3,3.67,0.78,0.77
Radhanagari,16.4157,74.0105,621.0,2002,7,25.25,28.63,22.65,89.09,7.63,15.9,4.09,0.9,0.93
Radhanagari,16.4157,74.0105,621.0,2002,8,24.48,28.81,21.51,91.38,15.1,14.19,3.94,0.93,0.96
Radhanagari,16.4157,74.0105,621.0,2002,9,24.51,32.23,20.23,88.22,3.04,20.52,2.12,0.87,0.89
Radhanagari,16.4157,74.0105,621.0,2002,10,25.57,33.84,17.8,80.96,4.39,18.18,1.7,0.8,0.78
Radhanagari,16.4157,74.0105,621.0,2002,11,24.54,34.7,16.59,66.51,0.38,19.27,1.78,0.62,0.62
Radhanagari,16.4157,74.0105,621.0,2002,12,24.14,35.89,15.3,52.6,0.02,18.09,1.97,0.44,0.5
Radhanagari,16.4157,74.0105,621.0,2002,13,26.28,43.67,12.82,68.57,4.64,19.74,2.59,0.53,0.65
Radhanagari,16.4157,74.0105,621.0,2003,1,25.77,36.67,14.33,48.95,0.0,18.13,1.83,0.21,0.46
Radhanagari,16.4157,74.0105,621.0,2003,2,27.07,40.01,17.2,48.59,0.02,22.06,2.11,0.14,0.46
Radhanagari,16.4157,74.0105,621.0,2003,3,28.79,41.32,17.4,49.01,0.12,23.73,2.21,0.14,0.46
Radhanagari,16.4157,74.0105,621.0,2003,4,30.79,42.94,19.92,51.42,0.48,24.85,2.44,0.21,0.46
Radhanagari,16.4157,74.0105,621.0,2003,5,30.34,42.11,21.52,60.08,0.13,26.34,3.25,0.21,0.46
Radhanagari,16.4157,74.0105,621.0,2003,6,27.41,38.87,22.86,80.43,16.91,18.8,3.65,0.57,0.65
Radhanagari,16.4157,74.0105,621.0,2003,7,25.32,28.42,22.72,92.33,17.07,15.2,3.83,0.94,0.97
Radhanagari,16.4157,74.0105,621.0,2003,8,25.01,28.44,22.79,90.59,8.07,15.08,3.54,0.91,0.95
Radhanagari,16.4157,74.0105,621.0,2003,9,24.73,30.27,21.25,89.52,3.77,18.07,2.7,0.87,0.89
Radhanagari,16.4157,74.0105,621.0,2003,10,25.21,32.85,16.74,81.66,1.98,18.95,1.51,0.77,0.76
Radhanagari,16.4157,74.0105,621.0,2003,11,25.25,34.97,16.46,64.64,0.16,18.85,1.9,0.57,0.59
Radhanagari,16.4157,74.0105,621.0,2003,12,24.58,35.15,14.88,46.71,0.01,18.66,2.07,0.39,0.48
Radhanagari,16.4157,74.0105,621.0,2003,13,26.68,42.94,14.33,67.1,4.08,19.87,2.59,0.5,0.63
Radhanagari,16.4157,74.0105,621.0,2004,1,24.68,37.12,15.03,49.63,0.0,19.27,2.02,0.18,0.46
Radhanagari,16.4157,74.0105,621.0,2004,2,26.94,39.77,15.57,44.44,0.0,22.55,1.94,0.13,0.46
Radhanagari,16.4157,74.0105,621.0,2004,3,30.06,42.41,20.48,52.67,0.0,25.04,2.05,0.1,0.45
Radhanagari,16.4157,74.0105,621.0,2004,4,29.95,41.53,20.41,56.23,0.25,25.99,2.39,0.19,0.46
Radhanagari,16.4157,74.0105,621.0,2004,5,28.56,41.54,22.74,71.19,4.93,21.8,2.79,0.48,0.52
Radhanagari,16.4157,74.0105,621.0,2004,6,25.6,31.75,22.84,88.86,20.8,17.08,4.08,0.86,0.86
Radhanagari,16.4157,74.0105,621.0,2004,7,25.07,28.91,22.79,90.16,13.87,15.71,3.7,0.91,0.93
Radhanagari,16.4157,74.0105,621.0,2004,8,24.4,28.09,21.29,91.81,15.0,14.81,4.28,0.94,0.98
Radhanagari,16.4157,74.0105,621.0,2004,9,24.73,30.98,21.08,89.55,5.1,17.19,2.09,0.88,0.91
Radhanagari,16.4157,74.0105,621.0,2004,10,24.53,32.2,16.59,80.84,1.19,20.23,2.09,0.8,0.79
Radhanagari,16.4157,74.0105,621.0,2004,11,24.6,33.81,15.49,64.09,0.53,18.4,2.32,0.59,0.6
Radhanagari,16.4157,74.0105,621.0,2004,12,24.02,35.4,14.28,45.13,0.0,19.21,2.62,0.4,0.48
Radhanagari,16.4157,74.0105,621.0,2004,13,26.09,42.41,14.28,68.78,5.15,19.76,2.7,0.54,0.66
Radhanagari,16.4157,74.0105,621.0,2005,1,24.75,36.47,14.11,47.63,0.04,18.59,1.98,0.18,0.46
Radhanagari,16.4157,74.0105,621.0,2005,2,26.03,40.04,14.22,47.93,0.01,22.64,2.11,0.15,0.46
Radhanagari,16.4157,74.0105,621.0,2005,3,27.92,41.64,16.64,52.12,0.01,24.88,2.24,0.12,0.46
Radhanagari,16.4157,74.0105,621.0,2005,4,30.05,42.3,19.72,54.0,0.56,23.3,1.97,0.22,0.46
Radhanagari,16.4157,74.0105,621.0,2005,5,29.61,41.59,21.2,63.06,1.24,24.97,2.66,0.3,0.47
Radhanagari,16.4157,74.0105,621.0,2005,6,27.16,36.39,23.82,82.34,17.47,18.19,3.86,0.66,0.65
Radhanagari,16.4157,74.0105,621.0,2005,7,25.31,28.33,23.15,92.21,25.41,13.57,4.24,0.94,0.97
Radhanagari,16.4157,74.0105,621.0,2005,8,24.71,28.49,21.95,92.28,16.55,14.36,3.83,0.95,0.99
Radhanagari,16.4157,74.0105,621.0,2005,9,24.76,30.18,21.17,92.29,14.01,14.77,3.2,0.94,0.98
Radhanagari,16.4157,74.0105,621.0,2005,10,24.72,31.6,16.7,83.13,3.81,18.54,1.78,0.89,0.93
Radhanagari,16.4157,74.0105,621.0,2005,11,22.03,30.95,13.9,71.16,0.02,19.47,2.52,0.75,0.74
Radhanagari,16.4157,74.0105,621.0,2005,12,22.41,32.26,13.37,59.63,0.0,18.32,2.35,0.54,0.57
Radhanagari,16.4157,74.0105,621.0,2005,13,25.78,42.3,13.37,69.94,6.63,19.28,2.73,0.56,0.68
Radhanagari,16.4157,74.0105,621.0,2006,1,24.45,36.85,13.37,44.43,0.0,19.95,2.34,0.37,0.48
Radhanagari,16.4157,74.0105,621.0,2006,2,27.35,40.52,16.88,43.41,0.0,23.18,1.98,0.15,0.46
Radhanagari,16.4157,74.0105,621.0,2006,3,27.62,41.88,17.09,54.29,0.42,24.13,2.14,0.23,0.46
Radhanagari,16.4157,74.0105,621.0,2006,4,29.3,41.76,20.12,56.51,0.02,25.45,2.71,0.14,0.46
Radhanagari,16.4157,74.0105,621.0,2006,5,29.24,41.31,23.19,66.86,16.13,23.12,3.07,0.29,0.5
Radhanagari,16.4157,74.0105,621.0,2006,6,25.74,30.52,22.7,90.25,18.76,18.53,3.09,0.92,0.94
Radhanagari,16.4157,74.0105,621.0,2006,7,24.78,27.69,22.48,92.1,19.31,13.43,4.97,0.95,0.99
Radhanagari,16.4157,74.0105,621.0,2006,8,24.28,27.88,21.54,92.39,18.1,13.88,4.03,0.95,0.99
Radhanagari,16.4157,74.0105,621.0,2006,9,24.96,31.98,20.82,91.01,12.65,17.59,2.34,0.92,0.96
Radhanagari,16.4157,74.0105,621.0,2006,10,25.27,32.45,19.23,83.22,4.65,18.21,2.2,0.9,0.93
Radhanagari,16.4157,74.0105,621.0,2006,11,24.26,31.21,16.84,79.73,0.9,16.33,2.08,0.74,0.71
Radhanagari,16.4157,74.0105,621.0,2006,12,23.09,33.3,13.5,59.92,0.0,18.22,2.32,0.55,0.57
Radhanagari,16.4157,74.0105,621.0,2006,13,25.85,41.88,13.37,71.32,7.64,19.3,2.78,0.6,0.71
Radhanagari,16.4157,74.0105,621.0,2007,1,24.67,36.78,14.25,49.58,0.0,19.34,1.78,0.37,0.48
Radhanagari,16.4157,74.0105,621.0,2007,2,25.78,37.77,15.3,53.78,0.0,22.21,2.08,0.17,0.46
Radhanagari,16.4157,74.0105,621.0,2007,3,28.7,42.09,17.42,50.79,0.0,23.51,2.23,0.12,0.46
Radhanagari,16.4157,74.0105,621.0,2007,4,30.54,43.27,20.7,55.83,0.28,24.51,2.21,0.19,0.46
Radhanagari,16.4157,74.0105,621.0,2007,5,29.29,39.74,22.95,66.74,1.73,24.42,2.68,0.36,0.47
Radhanagari,16.4157,74.0105,621.0,2007,6,26.7,35.99,22.66,85.17,29.79,16.36,4.03,0.71,0.69
Radhanagari,16.4157,74.0105,621.0,2007,7,25.31,29.2,22.61,91.98,17.34,14.69,4.2,0.95,0.99
Radhanagari,16.4157,74.0105,621.0,2007,8,24.82,28.28,22.46,92.33,23.85,15.1,3.8,0.96,0.99
Radhanagari,16.4157,74.0105,621.0,2007,9,24.95,29.81,21.51,91.59,13.91,15.41,2.75,0.95,0.99
Radhanagari,16.4157,74.0105,621.0,2007,10,24.78,31.52,17.59,82.14,1.33,18.01,1.77,0.88,0.9
Radhanagari,16.4157,74.0105,621.0,2007,11,22.81,31.23,12.77,72.61,0.84,19.35,2.16,0.73,0.72
Radhanagari,16.4157,74.0105,621.0,2007,12,23.76,35.15,15.42,62.11,0.0,17.42,2.18,0.53,0.55
Radhanagari,16.4157,74.0105,621.0,2007,13,26.01,43.27,12.77,71.31,7.44,19.17,2.66,0.58,0.68
Radhanagari,16.4157,74.0105,621.0,2008,1,23.65,36.15,12.6,47.91,0.0,19.83,2.06,0.34,0.47
Radhanagari,16.4157,74.0105,621.0,2008,2,25.02,39.37,12.02,48.62,0.16,20.87,2.15,0.21,0.46
Radhanagari,16.4157,74.0105,621.0,2008,3,28.39,40.36,18.1,53.01,0.85,22.24,1.8,0.26,0.47
Radhanagari,16.4157,74.0105,621.0,2008,4,29.54,41.15,17.55,56.24,0.33,25.36,2.08,0.26,0.46
Radhanagari,16.4157,74.0105,621.0,2008,5,28.87,39.5,22.38,66.87,2.77,25.89,2.86,0.28,0.48
Radhanagari,16.4157,74.0105,621.0,2008,6,26.05,32.83,23.33,87.39,14.64,16.64,4.14,0.8,0.79
Radhanagari,16.4157,74.0105,621.0,2008,7,25.25,28.79,22.55,89.51,10.27,16.0,3.94,0.87,0.89
Radhanagari,16.4157,74.0105,621.0,2008,8,24.61,29.7,21.38,91.71,16.58,14.72,3.41,0.93,0.96
Radhanagari,16.4157,74.0105,621.0,2008,9,24.53,30.91,19.74,90.43,13.66,16.38,2.56,0.93,0.96
Radhanagari,16.4157,74.0105,621.0,2008,10,24.7,32.8,16.29,79.93,0.84,20.27,2.02,0.83,0.83
Radhanagari,16.4157,74.0105,621.0,2008,11,24.26,33.99,16.38,69.14,0.49,17.54,2.48,0.61,0.61
Radhanagari,16.4157,74.0105,621.0,2008,12,24.16,34.21,14.45,56.98,0.35,17.77,2.15,0.49,0.52
Radhanagari,16.4157,74.0105,621.0,2008,13,25.75,41.15,12.02,69.86,5.08,19.46,2.64,0.57,0.66
Radhanagari,16.4157,74.0105,621.0,2009,1,25.56,38.17,14.74,47.0,0.0,19.74,2.01,0.27,0.46
Radhanagari,16.4157,74.0105,621.0,2009,2,27.28,41.5,16.89,45.51,0.0,22.27,2.0,0.14,0.46
Radhanagari,16.4157,74.0105,621.0,2009,3,29.36,42.13,19.27,48.76,0.08,23.33,2.14,0.13,0.46
Radhanagari,16.4157,74.0105,621.0,2009,4,30.63,43.44,21.06,54.09,0.09,23.9,2.33,0.16,0.46
Radhanagari,16.4157,74.0105,621.0,2009,5,29.95,41.48,22.89,61.58,0.34,24.42,2.89,0.22,0.46
Radhanagari,16.4157,74.0105,621.0,2009,6,26.89,34.85,23.01,80.79,10.48,18.98,3.11,0.61,0.61
Radhanagari,16.4157,74.0105,621.0,2009,7,25.03,28.2,22.78,92.33,29.72,13.51,5.21,0.95,0.97
Radhanagari,16.4157,74.0105,621.0,2009,8,25.04,30.31,22.57,90.78,7.93,16.55,3.1,0.9,0.93
Radhanagari,16.4157,74.0105,621.0,2009,9,25.3,31.15,21.88,90.8,11.74,16.16,2.33,0.92,0.96
Radhanagari,16.4157,74.0105,621.0,2009,10,24.8,31.38,17.19,81.64,6.56,17.51,2.07,0.9,0.93
Radhanagari,16.4157,74.0105,621.0,2009,11,23.78,31.72,14.46,79.29,2.94,16.42,2.44,0.78,0.77
Radhanagari,16.4157,74.0105,621.0,2009,12,23.37,32.16,14.72,68.43,0.02,16.59,2.07,0.61,0.62
Radhanagari,16.4157,74.0105,621.0,2009,13,26.41,43.44,14.46,70.22,5.87,19.09,2.65,0.55,0.68
Radhanagari,16.4157,74.0105,621.0,2010,1,24.69,35.12,15.04,59.4,0.21,17.16,1.88,0.47,0.51
Radhanagari,16.4157,74.0105,621.0,2010,2,26.41,39.52,15.41,50.93,0.0,21.29,2.0,0.24,0.46
Radhanagari,16.4157,74.0105,621.0,2010,3,29.44,41.65,19.63,49.42,0.01,22.76,2.13,0.13,0.46
Radhanagari,16.4157,74.0105,621.0,2010,4,30.29,42.93,19.94,56.92,0.15,24.24,2.06,0.15,0.46
Radhanagari,16.4157,74.0105,621.0,2010,5,30.65,40.78,24.64,62.41,0.42,24.73,3.04,0.19,0.46
Radhanagari,16.4157,74.0105,621.0,2010,6,27.05,36.96,23.3,83.93,18.7,18.24,3.62,0.71,0.72
Radhanagari,16.4157,74.0105,621.0,2010,7,25.2,28.22,21.81,92.41,32.25,13.8,3.87,0.95,0.97
Radhanagari,16.4157,74.0105,621.0,2010,8,24.9,28.84,22.17,92.55,14.87,14.76,3.42,0.95,0.99
Radhanagari,16.4157,74.0105,621.0,2010,9,25.19,31.12,22.07,90.33,9.06,16.59,2.28,0.93,0.98
Radhanagari,16.4157,74.0105,621.0,2010,10,25.15,31.64,17.67,86.44,4.92,17.75,1.9,0.9,0.94
Radhanagari,16.4157,74.0105,621.0,2010,11,24.75,30.57,19.18,85.03,2.63,15.63,1.77,0.85,0.86
Radhanagari,16.4157,74.0105,621.0,2010,12,21.53,30.46,12.29,73.55,0.02,17.05,2.07,0.71,0.7
Radhanagari,16.4157,74.0105,621.0,2010,13,26.26,42.93,12.29,73.74,6.99,18.65,2.51,0.6,0.71
Radhanagari,16.4157,74.0105,621.0,2011,1,22.93,35.55,13.27,54.86,0.0,19.78,2.05,0.51,0.54
Radhanagari,16.4157,74.0105,621.0,2011,2,25.09,37.25,14.59,54.04,0.01,21.94,2.02,0.3,0.47
Radhanagari,16.4157,74.0105,621.0,2011,3,28.94,42.18,18.29,48.33,0.0,24.6,2.14,0.14,0.46
Radhanagari,16.4157,74.0105,621.0,2011,4,29.4,41.51,18.23,55.78,0.31,23.95,2.29,0.2,0.46
Radhanagari,16.4157,74.0105,621.0,2011,5,29.47,38.78,22.76,62.96,0.98,24.21,2.99,0.26,0.47
Radhanagari,16.4157,74.0105,621.0,2011,6,26.24,32.05,23.25,86.1,15.32,14.76,4.57,0.75,0.72
Radhanagari,16.4157,74.0105,621.0,2011,7,25.02,29.0,21.24,91.95,28.49,14.28,4.02,0.94,0.95
Radhanagari,16.4157,74.0105,621.0,2011,8,24.73,28.26,21.55,92.47,18.84,14.0,3.75,0.95,0.99
Radhanagari,16.4157,74.0105,621.0,2011,9,24.6,29.96,20.29,90.58,9.85,17.59,2.67,0.92,0.96
Radhanagari,16.4157,74.0105,621.0,2011,10,25.32,32.01,19.17,83.15,3.06,18.23,1.77,0.83,0.83
Radhanagari,16.4157,74.0105,621.0,2011,11,24.15,34.25,14.95,67.72,0.18,18.05,2.61,0.66,0.65
Radhanagari,16.4157,74.0105,621.0,2011,12,24.47,35.33,13.71,50.96,0.0,17.89,2.23,0.47,0.51
Radhanagari,16.4157,74.0105,621.0,2011,13,25.87,42.18,13.27,69.98,6.47,19.09,2.76,0.58,0.67
Radhanagari,16.4157,74.0105,621.0,2012,1,23.76,36.5,13.42,48.85,0.0,19.59,2.1,0.24,0.46
Radhanagari,16.4157,74.0105,621.0,2012,2,26.53,40.5,15.49,39.65,0.0,22.29,2.03,0.14,0.46
Radhanagari,16.4157,74.0105,621.0,2012,3,27.84,42.73,14.99,46.51,0.0,24.82,2.12,0.1,0.45
Radhanagari,16.4157,74.0105,621.0,2012,4,30.1,41.77,20.48,54.82,0.39,23.96,2.24,0.21,0.46
Radhanagari,16.4157,74.0105,621.0,2012,5,29.58,39.97,22.07,61.32,0.12,24.52,3.41,0.2,0.46
Radhanagari,16.4157,74.0105,621.0,2012,6,26.95,36.5,22.6,80.33,15.4,18.88,3.79,0.62,0.63
Radhanagari,16.4157,74.0105,621.0,2012,7,25.15,28.71,21.99,91.37,20.92,14.17,4.07,0.93,0.96
Radhanagari,16.4157,74.0105,621.0,2012,8,24.95,28.82,22.55,91.71,12.63,15.48,3.82,0.93,0.96
Radhanagari,16.4157,74.0105,621.0,2012,9,24.69,30.18,20.55,90.52,8.05,16.8,2.75,0.92,0.95
Radhanagari,16.4157,74.0105,621.0,2012,10,24.79,32.78,16.6,80.58,4.25,18.24,1.98,0.85,0.87
Radhanagari,16.4157,74.0105,621.0,2012,11,23.93,32.68,13.2,72.94,0.29,17.06,1.56,0.67,0.67
Radhanagari,16.4157,74.0105,621.0,2012,12,24.16,35.0,14.48,58.12,0.0,18.28,2.01,0.49,0.52
Radhanagari,16.4157,74.0105,621.0,2012,13,26.03,42.73,13.2,68.14,5.19,19.5,2.66,0.53,0.65
Radhanagari,16.4157,74.0105,621.0,2013,1,24.78,36.84,14.1,48.8,0.0,19.42,1.96,0.27,0.46
Radhanagari,16.4157,74.0105,621.0,2013,2,26.96,39.13,15.64,48.91,0.07,21.21,2.11,0.16,0.46
Radhanagari,16.4157,74.0105,621.0,2013,3,28.99,40.54,19.76,46.89,0.01,23.66,2.36,0.13,0.46
Radhanagari,16.4157,74.0105,621.0,2013,4,29.07,42.24,19.05,56.86,0.11,25.97,2.5,0.12,0.45
Radhanagari,16.4157,74.0105,621.0,2013,5,29.54,39.39,22.65,64.5,1.0,23.86,3.04,0.29,0.46
Radhanagari,16.4157,74.0105,621.0,2013,6,25.92,32.43,23.55,88.66,21.71,14.91,4.28,0.81,0.81
Radhanagari,16.4157,74.0105,621.0,2013,7,24.62,27.3,22.87,93.31,26.29,11.68,4.96,0.96,0.98
Radhanagari,16.4157,74.0105,621.0,2013,8,24.46,28.12,21.98,91.55,8.0,15.63,3.56,0.93,0.98
Radhanagari,16.4157,74.0105,621.0,2013,9,24.75,30.02,21.15,90.95,9.08,16.75,2.42,0.91,0.94
Radhanagari,16.4157,74.0105,621.0,2013,10,24.82,32.98,18.1,86.61,3.68,17.77,1.92,0.88,0.9
Radhanagari,16.4157,74.0105,621.0,2013,11,23.65,31.46,15.1,75.03,0.02,17.87,2.01,0.74,0.72
Radhanagari,16.4157,74.0105,621.0,2013,12,22.74,33.29,13.32,58.52,0.0,18.72,2.17,0.52,0.55
Radhanagari,16.4157,74.0105,621.0,2013,13,25.85,42.24,13.32,70.99,5.86,18.94,2.78,0.56,0.68
Radhanagari,16.4157,74.0105,621.0,2014,1,24.62,35.45,14.92,54.77,0.0,17.55,1.94,0.35,0.47
Radhanagari,16.4157,74.0105,621.0,2014,2,25.6,38.44,15.01,51.09,0.01,20.67,2.28,0.17,0.46
Radhanagari,16.4157,74.0105,621.0,2014,3,28.39,41.72,14.6,47.2,0.11,23.15,2.19,0.17,0.46
Radhanagari,16.4157,74.0105,621.0,2014,4,30.5,42.51,19.95,50.31,0.11,22.58,2.12,0.14,0.46
Radhanagari,16.4157,74.0105,621.0,2014,5,29.82,41.79,22.45,61.86,1.56,23.09,2.38,0.36,0.47
Radhanagari,16.4157,74.0105,621.0,2014,6,27.82,37.76,23.9,77.98,5.86,20.14,3.67,0.57,0.56
Radhanagari,16.4157,74.0105,621.0,2014,7,25.59,31.69,22.9,89.34,26.18,13.85,4.68,0.85,0.85
Radhanagari,16.4157,74.0105,621.0,2014,8,24.98,31.84,21.72,91.21,16.46,15.16,3.4,0.94,0.97
Radhanagari,16.4157,74.0105,621.0,2014,9,25.05,32.12,21.19,89.51,7.61,16.97,2.56,0.92,0.95
Radhanagari,16.4157,74.0105,621.0,2014,10,25.39,32.71,17.06,81.57,3.54,18.74,1.56,0.85,0.85
Radhanagari,16.4157,74.0105,621.0,2014,11,23.7,31.85,15.07,71.61,0.7,17.58,2.1,0.73,0.72
Radhanagari,16.4157,74.0105,621.0,2014,12,23.31,33.29,14.33,60.95,0.36,16.83,2.14,0.54,0.56
Radhanagari,16.4157,74.0105,621.0,2014,13,26.23,42.51,14.33,69.06,5.27,18.84,2.59,0.55,0.65
Radhanagari,16.4157,74.0105,621.0,2015,1,23.42,36.15,12.64,53.19,0.01,18.12,1.96,0.4,0.48
Radhanagari,16.4157,74.0105,621.0,2015,2,26.17,38.84,16.04,44.68,0.18,22.36,2.03,0.18,0.46
Radhanagari,16.4157,74.0105,621.0,2015,3,27.97,41.58,13.76,55.38,0.76,21.92,2.04,0.31,0.47
Radhanagari,16.4157,74.0105,621.0,2015,4,29.56,41.61,19.83,55.44,0.43,24.93,2.18,0.24,0.46
Radhanagari,16.4157,74.0105,621.0,2015,5,30.31,40.7,23.57,62.22,1.05,23.63,2.61,0.32,0.47
Radhanagari,16.4157,74.0105,621.0,2015,6,26.46,36.21,22.1,84.28,18.5,17.54,3.86,0.71,0.7
Radhanagari,16.4157,74.0105,621.0,2015,7,25.49,29.18,22.43,89.07,8.59,17.12,4.18,0.88,0.91
Radhanagari,16.4157,74.0105,621.0,2015,8,25.16,30.23,22.31,89.89,6.92,16.57,3.09,0.89,0.92
Radhanagari,16.4157,74.0105,621.0,2015,9,25.11,33.3,20.09,87.75,6.26,18.71,1.98,0.87,0.89
Radhanagari,16.4157,74.0105,621.0,2015,10,26.38,34.82,20.6,80.06,2.42,18.75,1.38,0.8,0.81
Radhanagari,16.4157,74.0105,621.0,2015,11,25.76,34.72,17.59,69.83,0.4,17.28,1.77,0.61,0.62
Radhanagari,16.4157,74.0105,621.0,2015,12,25.61,37.34,15.07,51.22,0.01,17.54,2.16,0.43,0.5
Radhanagari,16.4157,74.0105,621.0,2015,13,26.45,41.61,12.64,68.72,3.8,19.52,2.44,0.56,0.64
Radhanagari,16.4157,74.0105,621.0,2016,1,25.11,38.69,15.87,44.38,0.0,18.41,1.94,0.2,0.46
Radhanagari,16.4157,74.0105,621.0,2016,2,26.7,39.82,15.73,51.44,0.05,20.99,2.02,0.14,0.46
Radhanagari,16.4157,74.0105,621.0,2016,3,29.17,42.3,18.01,49.43,0.16,23.37,2.15,0.17,0.46
Radhanagari,16.4157,74.0105,621.0,2016,4,30.18,41.96,20.22,54.83,0.15,24.84,2.57,0.19,0.46
Radhanagari,16.4157,74.0105,621.0,2016,5,30.36,41.09,21.86,62.29,0.33,24.74,3.0,0.23,0.46
Radhanagari,16.4157,74.0105,621.0,2016,6,26.56,37.82,23.08,85.04,22.81,15.37,3.38,0.74,0.72
Radhanagari,16.4157,74.0105,621.0,2016,7,24.84,28.14,22.58,93.35,36.98,12.5,3.97,0.97,1.0
Radhanagari,16.4157,74.0105,621.0,2016,8,24.65,28.27,21.98,91.92,20.04,14.72,3.77,0.95,0.98
Radhanagari,16.4157,74.0105,621.0,2016,9,24.2,28.97,20.5,91.25,8.73,15.93,2.56,0.91,0.95
Radhanagari,16.4157,74.0105,621.0,2016,10,23.75,31.41,15.08,82.61,2.39,18.92,1.89,0.88,0.9
Radhanagari,16.4157,74.0105,621.0,2016,11,22.35,33.83,14.2,65.23,0.27,18.83,2.34,0.69,0.68
Radhanagari,16.4157,74.0105,621.0,2016,12,23.69,35.05,13.1,51.52,0.0,17.9,2.31,0.5,0.53
Radhanagari,16.4157,74.0105,621.0,2016,13,25.96,42.3,13.1,68.64,7.7,18.87,2.66,0.55,0.67
Radhanagari,16.4157,74.0105,621.0,2017,1,24.84,37.61,13.56,43.47,0.0,18.74,2.04,0.27,0.46
Radhanagari,16.4157,74.0105,621.0,2017,2,27.32,41.09,16.55,41.4,0.0,22.65,2.21,0.14,0.46
Radhanagari,16.4157,74.0105,621.0,2017,3,27.8,42.5,15.96,51.62,0.01,24.66,2.14,0.11,0.45
Radhanagari,16.4157,74.0105,621.0,2017,4,29.92,42.87,20.25,55.41,0.05,25.72,2.31,0.1,0.45
Radhanagari,16.4157,74.0105,621.0,2017,5,30.0,41.42,21.48,63.74,2.79,23.62,2.7,0.31,0.47
Radhanagari,16.4157,74.0105,621.0,2017,6,26.51,35.18,22.69,85.55,14.42,17.19,3.66,0.74,0.72
Radhanagari,16.4157,74.0105,621.0,2017,7,25.29,28.52,22.88,90.95,18.78,15.39,4.2,0.93,0.96
Radhanagari,16.4157,74.0105,621.0,2017,8,25.06,28.92,21.66,90.79,12.03,15.7,2.91,0.92,0.95
Radhanagari,16.4157,74.0105,621.0,2017,9,25.46,31.84,22.16,90.41,16.11,16.13,2.0,0.95,0.98
Radhanagari,16.4157,74.0105,621.0,2017,10,25.26,31.62,17.55,85.98,4.44,16.86,1.52,0.92,0.97
Radhanagari,16.4157,74.0105,621.0,2017,11,22.88,30.88,14.11,73.83,0.01,18.07,2.08,0.78,0.78
Radhanagari,16.4157,74.0105,621.0,2017,12,22.63,31.93,14.13,64.02,0.28,16.75,2.49,0.58,0.59
Radhanagari,16.4157,74.0105,621.0,2017,13,26.07,42.87,13.56,69.93,5.77,19.26,2.52,0.57,0.69
Radhanagari,16.4157,74.0105,621.0,2018,1,23.95,36.06,14.26,50.01,0.0,17.99,1.86,0.42,0.49
Radhanagari,16.4157,74.0105,621.0,2018,2,26.99,39.97,16.56,39.36,0.0,20.81,1.86,0.19,0.46
Radhanagari,16.4157,74.0105,621.0,2018,3,28.88,42.41,18.67,48.81,0.17,22.02,2.03,0.16,0.46
Radhanagari,16.4157,74.0105,621.0,2018,4,30.45,41.85,20.08,51.54,0.21,24.03,2.2,0.19,0.46
Radhanagari,16.4157,74.0105,621.0,2018,5,29.3,40.86,22.4,67.62,1.76,22.2,2.35,0.38,0.47
Radhanagari,16.4157,74.0105,621.0,2018,6,26.25,34.91,22.89,89.32,27.12,15.86,3.43,0.85,0.83
Radhanagari,16.4157,74.0105,621.0,2018,7,24.89,27.75,22.82,92.85,24.59,12.03,4.64,0.97,0.99
Radhanagari,16.4157,74.0105,621.0,2018,8,24.43,27.66,22.17,91.78,12.65,12.8,4.27,0.94,0.98
Radhanagari,16.4157,74.0105,621.0,2018,9,24.74,31.96,20.15,87.69,5.37,19.86,1.88,0.89,0.92
Radhanagari,16.4157,74.0105,621.0,2018,10,25.46,32.87,15.62,76.86,2.08,19.72,1.55,0.84,0.84
Radhanagari,16.4157,74.0105,621.0,2018,11,24.47,32.92,14.9,67.76,0.88,17.95,1.89,0.66,0.65
Radhanagari,16.4157,74.0105,621.0,2018,12,23.56,34.06,13.32,56.2,0.03,16.69,2.09,0.49,0.52
Radhanagari,16.4157,74.0105,621.0,2018,13,26.1,42.41,13.32,68.49,6.27,18.47,2.51,0.58,0.67
Radhanagari,16.4157,74.0105,621.0,2019,1,24.11,36.33,13.83,39.31,0.0,18.83,2.08,0.26,0.46
Radhanagari,16.4157,74.0105,621.0,2019,2,26.21,40.1,12.34,43.61,0.0,22.1,2.11,0.14,0.46
Radhanagari,16.4157,74.0105,621.0,2019,3,27.79,41.64,15.83,50.06,0.2,24.41,2.16,0.14,0.46
Radhanagari,16.4157,74.0105,621.0,2019,4,30.34,42.93,20.08,54.32,0.28,24.75,2.25,0.22,0.46
Radhanagari,16.4157,74.0105,621.0,2019,5,30.21,42.94,22.25,58.77,0.02,25.63,2.95,0.15,0.46
Radhanagari,16.4157,74.0105,621.0,2019,6,28.09,39.76,23.42,77.48,18.61,17.72,3.36,0.55,0.59
Radhanagari,16.4157,74.0105,621.0,2019,7,25.57,30.0,23.37,92.9,34.6,14.33,3.81,0.97,0.99
Radhanagari,16.4157,74.0105,621.0,2019,8,25.09,28.41,22.6,92.37,37.44,13.94,3.93,0.96,0.99
Radhanagari,16.4157,74.0105,621.0,2019,9,24.98,29.47,22.02,92.37,18.03,14.34,3.04,0.95,0.99
Radhanagari,16.4157,74.0105,621.0,2019,10,25.24,30.92,20.94,88.42,11.55,15.73,1.87,0.93,0.97
Radhanagari,16.4157,74.0105,621.0,2019,11,24.09,30.71,17.02,81.83,0.3,17.27,2.06,0.86,0.88
Radhanagari,16.4157,74.0105,621.0,2019,12,24.12,31.95,17.73,76.51,0.09,15.39,2.0,0.69,0.68
Radhanagari,16.4157,74.0105,621.0,2019,13,26.31,42.94,12.34,70.82,10.18,18.68,2.64,0.57,0.7
Radhanagari,16.4157,74.0105,621.0,2020,1,23.32,35.63,13.29,67.16,0.0,17.83,1.87,0.51,0.54
Radhanagari,16.4157,74.0105,621.0,2020,2,26.37,38.75,14.06,50.3,0.0,20.73,1.95,0.31,0.47
Radhanagari,16.4157,74.0105,621.0,2020,3,28.01,40.64,17.38,52.77,0.22,23.32,2.28,0.2,0.46
Radhanagari,16.4157,74.0105,621.0,2020,4,30.83,42.21,20.97,53.5,0.8,24.15,2.19,0.28,0.46
Radhanagari,16.4157,74.0105,621.0,2020,5,31.05,42.87,23.8,60.48,1.43,23.69,2.85,0.3,0.46
Radhanagari,16.4157,74.0105,621.0,2020,6,26.27,31.32,23.09,88.38,23.07,17.11,3.18,0.86,0.84
Radhanagari,16.4157,74.0105,621.0,2020,7,25.27,29.13,22.4,92.21,24.53,14.89,3.17,0.96,0.99
Radhanagari,16.4157,74.0105,621.0,2020,8,25.07,28.07,22.49,93.31,30.73,12.62,3.98,0.97,1.0
Radhanagari,16.4157,74.0105,621.0,2020,9,25.04,31.91,21.97,91.42,16.81,16.03,2.21,0.96,0.99
Radhanagari,16.4157,74.0105,621.0,2020,10,25.01,30.38,19.4,89.54,9.96,15.29,1.79,0.93,0.98
Radhanagari,16.4157,74.0105,621.0,2020,11,24.3,30.68,15.54,80.08,0.0,17.18,2.21,0.83,0.84
Radhanagari,16.4157,74.0105,621.0,2020,12,23.28,33.05,13.78,70.61,0.07,17.33,2.19,0.64,0.64
Radhanagari,16.4157,74.0105,621.0,2020,13,26.15,42.87,13.29,74.23,9.0,18.33,2.49,0.65,0.72
Radhanagari,16.4157,74.0105,621.0,2021,1,25.07,34.99,16.56,66.66,0.39,16.84,1.61,0.5,0.53
Radhanagari,16.4157,74.0105,621.0,2021,2,26.26,39.66,16.46,49.82,0.21,20.51,2.09,0.32,0.47
Radhanagari,16.4157,74.0105,621.0,2021,3,29.87,42.42,20.46,47.81,0.03,23.04,1.93,0.16,0.46
Radhanagari,16.4157,74.0105,621.0,2021,4,30.25,42.85,20.52,55.31,1.12,23.31,2.02,0.28,0.47
Radhanagari,16.4157,74.0105,621.0,2021,5,28.87,39.85,23.25,72.7,10.46,20.4,2.71,0.57,0.58
Radhanagari,16.4157,74.0105,621.0,2021,6,26.0,31.56,22.84,89.37,25.42,16.35,3.05,0.89,0.89
Radhanagari,16.4157,74.0105,621.0,2021,7,25.2,29.21,22.83,92.59,42.33,13.98,3.82,0.96,0.99
Radhanagari,16.4157,74.0105,621.0,2021,8,24.89,29.2,21.43,90.39,7.14,15.46,2.71,0.92,0.97
Radhanagari,16.4157,74.0105,621.0,2021,9,24.9,28.87,21.1,91.71,11.78,14.82,2.88,0.93,0.97
Radhanagari,16.4157,74.0105,621.0,2021,10,25.38,31.39,17.84,85.56,4.76,18.62,1.66,0.9,0.93
Radhanagari,16.4157,74.0105,621.0,2021,11,24.8,30.79,16.82,83.42,2.95,14.11,1.81,0.81,0.8
Radhanagari,16.4157,74.0105,621.0,2021,12,22.56,29.79,14.1,79.06,2.69,15.55,1.74,0.78,0.77
Radhanagari,16.4157,74.0105,621.0,2021,13,26.17,42.85,14.1,75.53,9.17,17.73,2.34,0.67,0.74
Radhanagari,16.4157,74.0105,621.0,2022,1,21.77,33.26,11.84,69.95,0.04,18.03,1.79,0.59,0.6
Radhanagari,16.4157,74.0105,621.0,2022,2,24.47,38.01,14.52,58.59,0.0,21.26,1.93,0.44,0.49
Radhanagari,16.4157,74.0105,621.0,2022,3,29.58,41.89,19.74,50.16,0.19,21.01,2.0,0.22,0.46
Radhanagari,16.4157,74.0105,621.0,2022,4,30.31,42.36,21.05,57.18,1.13,22.07,1.73,0.33,0.47
Radhanagari,16.4157,74.0105,621.0,2022,5,29.33,40.2,23.09,67.81,1.84,20.66,3.05,0.35,0.48
Radhanagari,16.4157,74.0105,621.0,2022,6,26.53,34.73,22.62,83.21,16.96,18.17,2.86,0.68,0.66
Radhanagari,16.4157,74.0105,621.0,2022,7,24.95,30.65,22.49,92.14,25.55,12.85,3.94,0.96,0.98
Radhanagari,16.4157,74.0105,621.0,2022,8,24.69,29.32,21.96,91.99,19.66,14.18,3.67,0.95,0.99
Radhanagari,16.4157,74.0105,621.0,2022,9,24.73,30.86,20.76,91.18,11.61,16.2,2.39,0.93,0.97
Radhanagari,16.4157,74.0105,621.0,2022,10,24.32,30.67,16.42,85.3,7.33,16.48,1.91,0.91,0.94
Radhanagari,16.4157,74.0105,621.0,2022,11,23.31,30.6,14.02,77.85,0.03,17.04,2.23,0.79,0.79
Radhanagari,16.4157,74.0105,621.0,2022,12,24.2,34.28,14.37,68.74,0.06,16.24,2.05,0.6,0.61
Radhanagari,16.4157,74.0105,621.0,2022,13,25.69,42.36,11.84,74.61,7.09,17.81,2.47,0.65,0.7
Radhanagari,16.4157,74.0105,621.0,2023,1,23.64,35.51,13.51,56.08,0.0,18.75,1.92,0.44,0.5
Radhanagari,16.4157,74.0105,621.0,2023,2,27.92,40.08,17.68,29.53,0.0,22.15,2.31,0.19,0.46
Radhanagari,16.4157,74.0105,621.0,2023,3,28.31,39.48,18.23,43.93,0.02,23.6,2.19,0.12,0.46
Radhanagari,16.4157,74.0105,621.0,2023,4,29.91,42.78,18.11,52.84,0.36,24.12,2.14,0.21,0.46
Radhanagari,16.4157,74.0105,621.0,2023,5,30.12,40.54,22.09,60.22,0.86,24.36,2.54,0.29,0.46
Radhanagari,16.4157,74.0105,621.0,2023,6,28.41,37.36,23.49,75.36,9.57,20.98,3.46,0.51,0.52
Radhanagari,16.4157,74.0105,621.0,2023,7,25.24,28.78,23.21,92.65,37.37,11.97,4.32,0.94,0.95
Radhanagari,16.4157,74.0105,621.0,2023,8,25.09,30.21,22.01,90.1,5.35,17.02,2.86,0.91,0.95
Radhanagari,16.4157,74.0105,621.0,2023,9,25.29,30.02,22.04,90.66,12.39,15.75,2.43,0.9,0.92
Radhanagari,16.4157,74.0105,621.0,2023,10,25.45,32.78,16.83,81.9,2.07,18.03,1.77,0.88,0.9
Radhanagari,16.4157,74.0105,621.0,2023,11,24.99,32.1,17.18,79.25,1.23,15.31,1.77,0.73,0.71
Radhanagari,16.4157,74.0105,621.0,2023,12,24.74,35.3,16.52,59.75,0.02,16.12,2.28,0.53,0.56
Radhanagari,16.4157,74.0105,621.0,2023,13,26.58,42.78,13.51,67.93,5.82,18.99,2.5,0.56,0.66
Shahuwadi,16.9587,73.8931,564.0,1997,1,22.24,34.67,10.25,54.09,0.08,18.35,2.04,0.42,0.49
Shahuwadi,16.9587,73.8931,564.0,1997,2,23.97,39.76,12.55,39.7,0.0,21.43,2.08,0.19,0.46
Shahuwadi,16.9587,73.8931,564.0,1997,3,28.27,41.58,17.75,43.9,0.07,23.32,2.15,0.12,0.46
Shahuwadi,16.9587,73.8931,564.0,1997,4,28.27,40.03,16.93,52.18,0.2,24.75,2.25,0.17,0.46
Shahuwadi,16.9587,73.8931,564.0,1997,5,29.25,40.01,20.83,56.42,0.07,24.01,3.11,0.18,0.46
Shahuwadi,16.9587,73.8931,564.0,1997,6,25.85,33.83,22.42,83.44,19.3,16.47,3.93,0.7,0.7
Shahuwadi,16.9587,73.8931,564.0,1997,7,24.51,28.11,22.0,91.8,22.47,14.61,4.73,0.94,0.96
Shahuwadi,16.9587,73.8931,564.0,1997,8,23.87,27.23,20.99,92.96,20.33,14.71,4.28,0.96,0.99
Shahuwadi,16.9587,73.8931,564.0,1997,9,23.76,29.12,20.09,89.31,3.24,19.07,1.92,0.88,0.91
Shahuwadi,16.9587,73.8931,564.0,1997,10,24.76,31.87,18.44,82.06,1.02,20.15,1.35,0.75,0.73
Shahuwadi,16.9587,73.8931,564.0,1997,11,25.02,32.82,18.02,76.46,1.28,17.76,1.48,0.58,0.6
Shahuwadi,16.9587,73.8931,564.0,1997,12,22.59,32.94,12.9,74.64,2.34,17.82,1.61,0.56,0.58
Shahuwadi,16.9587,73.8931,564.0,1997,13,25.2,41.58,10.25,69.93,5.91,19.35,2.58,0.54,0.65
Shahuwadi,16.9587,73.8931,564.0,1998,1,22.84,36.38,11.84,58.06,0.0,18.44,1.95,0.44,0.5
Shahuwadi,16.9587,73.8931,564.0,1998,2,24.55,38.29,13.25,47.59,0.02,20.91,2.34,0.2,0.46
Shahuwadi,16.9587,73.8931,564.0,1998,3,27.13,42.61,15.39,48.94,0.0,23.55,2.29,0.14,0.46
Shahuwadi,16.9587,73.8931,564.0,1998,4,30.87,43.14,21.16,48.15,0.01,24.71,2.67,0.1,0.46
Shahuwadi,16.9587,73.8931,564.0,1998,5,30.9,44.48,22.48,57.85,0.45,23.62,2.84,0.22,0.46
Shahuwadi,16.9587,73.8931,564.0,1998,6,26.94,40.63,22.19,79.41,21.91,15.97,3.9,0.61,0.63
Shahuwadi,16.9587,73.8931,564.0,1998,7,24.63,28.42,21.13,92.12,20.88,14.48,4.1,0.94,0.96
Shahuwadi,16.9587,73.8931,564.0,1998,8,24.76,29.96,21.93,92.58,17.42,14.39,3.26,0.95,0.99
Shahuwadi,16.9587,73.8931,564.0,1998,9,24.39,29.56,21.05,91.9,12.46,15.3,2.55,0.95,0.99
Shahuwadi,16.9587,73.8931,564.0,1998,10,23.88,30.14,16.92,88.28,3.79,17.78,1.99,0.91,0.94
Shahuwadi,16.9587,73.8931,564.0,1998,11,21.97,30.38,12.35,79.58,1.45,18.66,1.73,0.81,0.8
Shahuwadi,16.9587,73.8931,564.0,1998,12,20.0,30.36,11.43,64.01,0.02,17.89,2.74,0.62,0.63
Shahuwadi,16.9587,73.8931,564.0,1998,13,25.24,44.48,11.43,70.85,6.56,18.79,2.7,0.58,0.69
Shahuwadi,16.9587,73.8931,564.0,1999,1,21.45,33.94,11.65,51.96,0.0,19.96,2.15,0.46,0.51
Shahuwadi,16.9587,73.8931,564.0,1999,2,26.75,40.13,12.51,40.63,0.05,22.24,2.03,0.23,0.46
Shahuwadi,16.9587,73.8931,564.0,1999,3,29.08,44.24,17.2,40.26,0.0,24.86,2.25,0.12,0.46
Shahuwadi,16.9587,73.8931,564.0,1999,4,29.16,42.43,19.79,57.05,0.0,25.19,2.73,0.1,0.46
Shahuwadi,16.9587,73.8931,564.0,1999,5,27.19,41.08,22.19,72.99,5.68,20.15,2.77,0.37,0.53
Shahuwadi,16.9587,73.8931,564.0,1999,6,24.94,31.74,21.02,87.82,19.98,14.44,4.0,0.82,0.8
Shahuwadi,16.9587,73.8931,564.0,1999,7,24.29,28.08,21.71,92.45,20.06,13.14,4.53,0.94,0.97
Shahuwadi,16.9587,73.8931,564.0,1999,8,23.85,28.04,20.82,90.76,4.24,15.6,3.59,0.9,0.93
Shahuwadi,16.9587,73.8931,564.0,1999,9,23.74,28.77,19.96,90.64,6.17,18.08,2.39,0.87,0.89
Shahuwadi,16.9587,73.8931,564.0,1999,10,24.1,31.2,15.61,82.55,3.0,19.64,1.84,0.83,0.84
Shahuwadi,16.9587,73.8931,564.0,1999,11,22.6,33.39,13.88,63.21,0.01,19.66,2.35,0.62,0.63
Shahuwadi,16.9587,73.8931,564.0,1999,12,22.57,33.9,12.29,45.89,0.0,18.88,2.13,0.44,0.5
Shahuwadi,16.9587,73.8931,564.0,1999,13,24.96,44.24,11.65,68.17,4.96,19.3,2.73,0.56,0.67
Shahuwadi,16.9587,73.8931,564.0,2000,1,24.69,37.12,14.33,35.64,0.0,19.53,2.13,0.2,0.46
Shahuwadi,16.9587,73.8931,564.0,2000,2,23.85,37.84,13.72,52.66,0.06,22.04,2.22,0.14,0.46
Shahuwadi,16.9587,73.8931,564.0,2000,3,27.02,41.62,15.24,43.92,0.0,24.57,2.2,0.13,0.46
Shahuwadi,16.9587,73.8931,564.0,2000,4,29.79,42.99,19.71,54.47,0.14,25.79,2.84,0.17,0.46
Shahuwadi,16.9587,73.8931,564.0,2000,5,27.78,43.89,20.73,69.93,3.73,21.95,3.13,0.36,0.5
Shahuwadi,16.9587,73.8931,564.0,2000,6,25.05,31.29,21.94,88.57,12.95,15.53,3.65,0.81,0.79
Shahuwadi,16.9587,73.8931,564.0,2000,7,23.85,28.12,20.73,91.32,17.98,14.77,4.42,0.93,0.95
Shahuwadi,16.9587,73.8931,564.0,2000,8,23.86,28.36,21.04,91.65,14.81,14.45,3.67,0.91,0.93
Shahuwadi,16.9587,73.8931,564.0,2000,9,24.44,31.73,20.32,88.81,3.0,18.46,2.18,0.88,0.91
Shahuwadi,16.9587,73.8931,564.0,2000,10,24.39,32.31,15.05,82.27,3.29,18.88,1.18,0.83,0.82
Shahuwadi,16.9587,73.8931,564.0,2000,11,23.0,32.59,14.18,67.24,0.25,19.21,1.83,0.66,0.66
Shahuwadi,16.9587,73.8931,564.0,2000,12,22.32,34.12,12.65,42.83,0.64,17.9,2.36,0.48,0.52
Shahuwadi,16.9587,73.8931,564.0,2000,13,25.0,43.89,12.65,67.44,4.77,19.4,2.65,0.54,0.66
Shahuwadi,16.9587,73.8931,564.0,2001,1,24.04,36.68,13.0,47.53,0.04,18.02,1.83,0.35,0.48
Shahuwadi,16.9587,73.8931,564.0,2001,2,25.68,39.8,14.56,38.16,0.0,22.09,2.01,0.14,0.46
Shahuwadi,16.9587,73.8931,564.0,2001,3,26.2,40.03,15.92,52.6,0.0,24.97,2.38,0.11,0.46
Shahuwadi,16.9587,73.8931,564.0,2001,4,29.86,42.32,18.09,49.94,0.43,24.65,2.15,0.21,0.46
Shahuwadi,16.9587,73.8931,564.0,2001,5,28.41,43.3,22.19,66.22,3.2,23.2,3.41,0.3,0.49
Shahuwadi,16.9587,73.8931,564.0,2001,6,25.22,32.65,22.37,85.65,10.93,16.74,4.61,0.74,0.72
Shahuwadi,16.9587,73.8931,564.0,2001,7,24.31,28.54,20.65,89.94,12.16,13.36,4.61,0.87,0.89
Shahuwadi,16.9587,73.8931,564.0,2001,8,23.78,27.43,21.13,92.33,13.15,14.44,3.92,0.93,0.96
Shahuwadi,16.9587,73.8931,564.0,2001,9,24.04,30.61,19.93,90.45,6.66,17.35,2.04,0.88,0.9
Shahuwadi,16.9587,73.8931,564.0,2001,10,23.75,31.07,15.33,83.52,2.57,18.13,2.15,0.86,0.88
Shahuwadi,16.9587,73.8931,564.0,2001,11,23.21,31.75,15.37,69.48,0.17,19.16,2.12,0.66,0.66
Shahuwadi,16.9587,73.8931,564.0,2001,12,23.01,33.06,13.77,50.77,0.0,17.77,2.16,0.48,0.52
Shahuwadi,16.9587,73.8931,564.0,2001,13,25.12,43.3,13.0,68.23,4.14,19.13,2.79,0.55,0.66
Shahuwadi,16.9587,73.8931,564.0,2002,1,22.59,35.62,10.68,48.93,0.01,19.43,2.3,0.26,0.46
Shahuwadi,16.9587,73.8931,564.0,2002,2,26.47,39.0,15.71,44.39,0.0,21.28,1.91,0.15,0.46
Shahuwadi,16.9587,73.8931,564.0,2002,3,28.6,41.2,17.45,45.47,0.01,23.77,2.23,0.11,0.46
Shahuwadi,16.9587,73.8931,564.0,2002,4,30.72,43.79,20.03,47.75,0.05,25.26,2.34,0.12,0.46
Shahuwadi,16.9587,73.8931,564.0,2002,5,28.98,43.29,22.42,66.88,1.74,23.56,3.08,0.36,0.47
Shahuwadi,16.9587,73.8931,564.0,2002,6,25.96,34.77,23.12,85.48,22.03,14.66,3.72,0.77,0.76
Shahuwadi,16.9587,73.8931,564.0,2002,7,24.67,28.21,22.25,89.44,7.07,15.73,4.32,0.89,0.92
Shahuwadi,16.9587,73.8931,564.0,2002,8,23.87,28.45,20.23,91.58,14.36,13.04,4.07,0.92,0.95
Shahuwadi,16.9587,73.8931,564.0,2002,9,23.86,32.31,19.45,88.7,3.22,20.24,2.15,0.87,0.89
Shahuwadi,16.9587,73.8931,564.0,2002,10,24.86,33.41,16.2,78.46,3.78,18.38,1.74,0.78,0.77
Shahuwadi,16.9587,73.8931,564.0,2002,11,23.64,34.4,15.04,63.3,0.46,19.54,1.77,0.6,0.61
Shahuwadi,16.9587,73.8931,564.0,2002,12,23.13,35.01,14.14,50.88,0.03,17.85,1.88,0.43,0.5
Shahuwadi,16.9587,73.8931,564.0,2002,13,25.6,43.79,10.68,66.91,4.41,19.37,2.63,0.52,0.64
Shahuwadi,16.9587,73.8931,564.0,2003,1,24.9,36.76,12.84,46.28,0.0,17.96,1.77,0.21,0.46
Shahuwadi,16.9587,73.8931,564.0,2003,2,26.38,39.86,15.88,45.13,0.03,21.93,2.08,0.14,0.46
Shahuwadi,16.9587,73.8931,564.0,2003,3,28.41,41.36,16.24,43.18,0.07,23.87,2.22,0.13,0.46
Shahuwadi,16.9587,73.8931,564.0,2003,4,30.65,43.24,18.97,47.25,0.31,25.2,2.47,0.17,0.46
Shahuwadi,16.9587,73.8931,564.0,2003,5,29.9,43.3,20.27,58.51,0.07,25.38,3.39,0.19,0.46
Shahuwadi,16.9587,73.8931,564.0,2003,6,26.82,39.26,21.74,80.12,15.99,15.29,3.82,0.57,0.63
Shahuwadi,16.9587,73.8931,564.0,2003,7,24.72,28.4,22.07,92.61,16.23,12.98,3.95,0.94,0.96
Shahuwadi,16.9587,73.8931,564.0,2003,8,24.35,28.05,22.0,91.24,7.65,15.36,3.65,0.9,0.94
Shahuwadi,16.9587,73.8931,564.0,2003,9,24.06,30.19,20.43,90.01,3.71,17.71,2.7,0.86,0.88
Shahuwadi,16.9587,73.8931,564.0,2003,10,24.6,32.63,15.42,80.43,1.53,19.15,1.56,0.76,0.75
Shahuwadi,16.9587,73.8931,564.0,2003,11,24.5,34.28,14.65,62.51,0.16,19.04,1.88,0.55,0.58
Shahuwadi,16.9587,73.8931,564.0,2003,12,23.66,34.56,13.57,44.69,0.01,18.49,1.97,0.37,0.48
Shahuwadi,16.9587,73.8931,564.0,2003,13,26.07,43.3,12.84,65.28,3.83,19.34,2.63,0.48,0.63
Shahuwadi,16.9587,73.8931,564.0,2004,1,23.67,36.43,13.23,47.97,0.0,19.2,1.98,0.17,0.46
Shahuwadi,16.9587,73.8931,564.0,2004,2,26.25,39.72,13.97,39.67,0.01,21.99,1.89,0.13,0.46
Shahuwadi,16.9587,73.8931,564.0,2004,3,29.67,42.5,19.29,46.13,0.0,24.23,2.04,0.1,0.46
Shahuwadi,16.9587,73.8931,564.0,2004,4,29.61,41.92,19.22,53.16,0.16,26.18,2.56,0.16,0.46
Shahuwadi,16.9587,73.8931,564.0,2004,5,28.2,42.28,22.1,69.34,4.44,20.79,2.9,0.47,0.52
Shahuwadi,16.9587,73.8931,564.0,2004,6,25.06,31.95,22.25,89.16,20.79,15.08,4.14,0.85,0.84
Shahuwadi,16.9587,73.8931,564.0,2004,7,24.48,28.58,22.14,90.53,13.7,14.17,3.77,0.9,0.92
Shahuwadi,16.9587,73.8931,564.0,2004,8,23.8,27.7,20.42,92.36,15.36,15.1,4.54,0.94,0.97
Shahuwadi,16.9587,73.8931,564.0,2004,9,24.23,30.62,20.22,89.67,5.32,17.17,2.08,0.88,0.91
Shahuwadi,16.9587,73.8931,564.0,2004,10,23.7,31.26,15.71,80.47,0.82,20.57,2.12,0.79,0.79
Shahuwadi,16.9587,73.8931,564.0,2004,11,23.71,32.89,14.57,63.61,0.33,17.92,2.31,0.58,0.59
Shahuwadi,16.9587,73.8931,564.0,2004,12,22.88,34.37,12.86,44.72,0.0,18.5,2.49,0.4,0.49
Shahuwadi,16.9587,73.8931,564.0,2004,13,25.43,42.5,12.86,67.31,5.09,19.23,2.74,0.53,0.66
Shahuwadi,16.9587,73.8931,564.0,2005,1,23.76,35.52,12.06,45.26,0.07,18.75,1.93,0.18,0.46
Shahuwadi,16.9587,73.8931,564.0,2005,2,25.33,39.82,12.56,45.21,0.0,22.48,2.06,0.17,0.46
Shahuwadi,16.9587,73.8931,564.0,2005,3,27.51,41.64,15.3,47.59,0.02,24.74,2.24,0.12,0.46
Shahuwadi,16.9587,73.8931,564.0,2005,4,29.8,42.16,19.18,49.81,0.3,24.19,2.02,0.19,0.46
Shahuwadi,16.9587,73.8931,564.0,2005,5,29.23,41.91,20.71,61.12,1.1,25.08,2.83,0.28,0.47
Shahuwadi,16.9587,73.8931,564.0,2005,6,26.82,37.03,23.11,81.24,15.72,17.02,4.0,0.64,0.62
Shahuwadi,16.9587,73.8931,564.0,2005,7,24.82,28.13,22.6,92.25,23.22,11.94,4.4,0.93,0.95
Shahuwadi,16.9587,73.8931,564.0,2005,8,24.15,28.04,21.29,92.61,16.46,14.25,3.99,0.95,0.99
Shahuwadi,16.9587,73.8931,564.0,2005,9,24.23,29.77,20.45,92.44,13.15,14.51,3.2,0.94,0.98
Shahuwadi,16.9587,73.8931,564.0,2005,10,23.9,31.12,15.49,82.59,3.24,19.5,1.77,0.89,0.91
Shahuwadi,16.9587,73.8931,564.0,2005,11,20.97,30.03,12.99,71.21,0.01,19.3,2.48,0.73,0.72
Shahuwadi,16.9587,73.8931,564.0,2005,12,21.3,31.44,12.18,58.55,0.0,18.02,2.27,0.53,0.56
Shahuwadi,16.9587,73.8931,564.0,2005,13,25.15,42.16,12.06,68.45,6.14,19.13,2.77,0.55,0.67
Shahuwadi,16.9587,73.8931,564.0,2006,1,23.4,36.08,12.35,42.4,0.0,19.48,2.32,0.36,0.48
Shahuwadi,16.9587,73.8931,564.0,2006,2,26.62,40.03,15.29,38.44,0.0,22.14,1.93,0.16,0.46
Shahuwadi,16.9587,73.8931,564.0,2006,3,27.16,41.86,15.93,51.2,0.23,24.1,2.18,0.2,0.46
Shahuwadi,16.9587,73.8931,564.0,2006,4,29.08,41.77,19.26,52.96,0.02,25.59,2.83,0.13,0.46
Shahuwadi,16.9587,73.8931,564.0,2006,5,28.95,42.0,22.21,64.7,15.6,22.96,3.19,0.25,0.49
Shahuwadi,16.9587,73.8931,564.0,2006,6,25.27,30.61,21.86,89.71,17.27,17.04,3.05,0.9,0.91
Shahuwadi,16.9587,73.8931,564.0,2006,7,24.17,27.26,22.01,92.5,20.51,13.38,5.19,0.95,0.98
Shahuwadi,16.9587,73.8931,564.0,2006,8,23.64,27.44,21.04,93.04,18.27,14.23,4.25,0.95,0.98
Shahuwadi,16.9587,73.8931,564.0,2006,9,24.35,31.31,20.2,91.48,12.93,16.92,2.29,0.92,0.95
Shahuwadi,16.9587,73.8931,564.0,2006,10,24.54,31.74,18.31,83.04,3.16,18.16,2.12,0.89,0.91
Shahuwadi,16.9587,73.8931,564.0,2006,11,23.23,30.59,15.79,79.01,1.02,17.19,2.08,0.73,0.71
Shahuwadi,16.9587,73.8931,564.0,2006,12,21.98,32.26,12.65,59.39,0.0,18.07,2.29,0.54,0.57
Shahuwadi,16.9587,73.8931,564.0,2006,13,25.18,42.0,12.35,69.99,7.47,19.08,2.82,0.58,0.7
Shahuwadi,16.9587,73.8931,564.0,2007,1,23.74,36.54,12.93,46.95,0.0,18.69,1.73,0.37,0.48
Shahuwadi,16.9587,73.8931,564.0,2007,2,25.03,37.0,13.99,51.98,0.0,21.83,2.0,0.17,0.46
Shahuwadi,16.9587,73.8931,564.0,2007,3,28.35,42.23,16.33,45.3,0.0,23.44,2.21,0.12,0.46
Shahuwadi,16.9587,73.8931,564.0,2007,4,30.41,43.68,19.67,51.1,0.17,24.35,2.28,0.17,0.46
Shahuwadi,16.9587,73.8931,564.0,2007,5,29.03,41.17,22.18,64.37,1.12,24.15,2.95,0.32,0.47
Shahuwadi,16.9587,73.8931,564.0,2007,6,26.43,36.1,22.14,83.45,26.43,14.42,4.08,0.65,0.66
Shahuwadi,16.9587,73.8931,564.0,2007,7,24.78,28.93,21.99,92.17,16.27,13.21,4.32,0.94,0.97
Shahuwadi,16.9587,73.8931,564.0,2007,8,24.26,28.1,22.01,92.67,22.75,14.04,3.9,0.96,0.98
Shahuwadi,16.9587,73.8931,564.0,2007,9,24.33,29.35,21.37,91.8,12.71,14.92,2.78,0.95,0.98
Shahuwadi,16.9587,73.8931,564.0,2007,10,23.92,30.62,16.46,80.97,1.0,17.68,1.77,0.87,0.89
Shahuwadi,16.9587,73.8931,564.0,2007,11,22.05,30.55,11.91,71.2,0.5,19.36,2.07,0.7,0.69
Shahuwadi,16.9587,73.8931,564.0,2007,12,22.87,34.33,13.87,60.54,0.0,17.36,2.13,0.51,0.54
Shahuwadi,16.9587,73.8931,564.0,2007,13,25.43,43.68,11.91,69.46,6.77,18.6,2.69,0.56,0.67
Shahuwadi,16.9587,73.8931,564.0,2008,1,22.74,35.29,11.59,44.43,0.0,19.38,2.05,0.31,0.47
Shahuwadi,16.9587,73.8931,564.0,2008,2,24.33,38.59,10.17,43.88,0.06,21.54,2.11,0.18,0.46
Shahuwadi,16.9587,73.8931,564.0,2008,3,28.14,40.05,17.49,47.73,0.48,23.12,1.75,0.21,0.46
Shahuwadi,16.9587,73.8931,564.0,2008,4,29.41,42.07,16.07,52.57,0.1,25.15,2.21,0.19,0.46
Shahuwadi,16.9587,73.8931,564.0,2008,5,28.43,39.97,21.32,65.54,2.45,25.41,3.08,0.25,0.48
Shahuwadi,16.9587,73.8931,564.0,2008,6,25.51,33.22,22.96,87.11,13.52,14.81,4.32,0.78,0.77
Shahuwadi,16.9587,73.8931,564.0,2008,7,24.66,28.53,21.96,89.73,9.28,15.65,4.06,0.85,0.87
Shahuwadi,16.9587,73.8931,564.0,2008,8,24.05,29.63,20.51,91.93,14.42,14.83,3.51,0.93,0.95
Shahuwadi,16.9587,73.8931,564.0,2008,9,23.93,30.98,19.03,90.76,14.01,15.7,2.58,0.93,0.95
Shahuwadi,16.9587,73.8931,564.0,2008,10,23.83,31.63,15.39,79.45,0.68,20.12,1.98,0.82,0.82
Shahuwadi,16.9587,73.8931,564.0,2008,11,23.36,33.11,15.01,69.06,0.52,17.95,2.4,0.6,0.61
Shahuwadi,16.9587,73.8931,564.0,2008,12,23.09,33.24,12.69,56.67,0.35,17.32,2.03,0.5,0.53
Shahuwadi,16.9587,73.8931,564.0,2008,13,25.12,42.07,10.17,68.3,4.65,19.24,2.67,0.55,0.65
Shahuwadi,16.9587,73.8931,564.0,2009,1,24.54,37.89,13.16,45.25,0.0,19.16,1.9,0.29,0.47
Shahuwadi,16.9587,73.8931,564.0,2009,2,26.71,41.38,15.15,40.07,0.0,21.76,1.92,0.14,0.46
Shahuwadi,16.9587,73.8931,564.0,2009,3,28.93,41.52,18.73,43.19,0.07,23.63,2.12,0.13,0.46
Shahuwadi,16.9587,73.8931,564.0,2009,4,30.49,43.49,19.92,49.81,0.03,24.04,2.34,0.13,0.46
Shahuwadi,16.9587,73.8931,564.0,2009,5,29.61,41.26,21.77,59.26,0.12,23.65,3.08,0.14,0.46
Shahuwadi,16.9587,73.8931,564.0,2009,6,26.36,34.9,21.73,80.26,9.53,17.26,3.27,0.58,0.59
Shahuwadi,16.9587,73.8931,564.0,2009,7,24.44,27.91,21.98,92.82,27.03,12.29,5.42,0.94,0.96
Shahuwadi,16.9587,73.8931,564.0,2009,8,24.47,29.63,21.97,90.85,8.66,16.27,3.21,0.9,0.92
Shahuwadi,16.9587,73.8931,564.0,2009,9,24.85,30.91,20.79,90.26,11.21,15.8,2.27,0.91,0.94
Shahuwadi,16.9587,73.8931,564.0,2009,10,24.03,30.85,15.91,81.55,5.7,17.46,2.07,0.89,0.92
Shahuwadi,16.9587,73.8931,564.0,2009,11,22.85,30.33,13.27,79.08,2.85,17.12,2.35,0.78,0.76
Shahuwadi,16.9587,73.8931,564.0,2009,12,22.25,31.43,13.51,67.17,0.01,17.18,2.02,0.6,0.61
Shahuwadi,16.9587,73.8931,564.0,2009,13,25.78,43.49,13.16,68.46,5.47,18.78,2.67,0.54,0.67
Shahuwadi,16.9587,73.8931,564.0,2010,1,23.63,34.17,13.92,57.83,0.11,17.88,1.85,0.47,0.51
Shahuwadi,16.9587,73.8931,564.0,2010,2,25.66,39.4,13.97,48.92,0.0,21.1,1.98,0.23,0.46
Shahuwadi,16.9587,73.8931,564.0,2010,3,29.07,41.41,18.42,44.97,0.06,22.69,2.18,0.15,0.46
Shahuwadi,16.9587,73.8931,564.0,2010,4,30.13,42.81,18.91,52.72,0.05,24.14,2.14,0.13,0.46
Shahuwadi,16.9587,73.8931,564.0,2010,5,30.36,41.88,23.56,60.56,0.19,24.17,3.22,0.14,0.46
Shahuwadi,16.9587,73.8931,564.0,2010,6,26.44,36.4,22.54,84.45,17.31,15.81,3.6,0.72,0.71
Shahuwadi,16.9587,73.8931,564.0,2010,7,24.65,27.9,20.84,92.51,31.63,11.23,4.02,0.94,0.96
Shahuwadi,16.9587,73.8931,564.0,2010,8,24.29,28.53,21.37,92.66,14.51,13.69,3.52,0.95,0.99
Shahuwadi,16.9587,73.8931,564.0,2010,9,24.57,30.74,21.52,90.6,7.61,16.82,2.3,0.93,0.97
Shahuwadi,16.9587,73.8931,564.0,2010,10,24.51,30.92,16.75,86.07,4.77,17.47,1.85,0.89,0.93
Shahuwadi,16.9587,73.8931,564.0,2010,11,24.06,29.76,18.04,85.13,2.22,16.33,1.75,0.83,0.83
Shahuwadi,16.9587,73.8931,564.0,2010,12,20.61,29.35,11.47,72.37,0.01,17.21,2.02,0.67,0.67
Shahuwadi,16.9587,73.8931,564.0,2010,13,25.66,42.81,11.47,72.53,6.59,18.19,2.54,0.59,0.7
Shahuwadi,16.9587,73.8931,564.0,2011,1,22.07,34.64,12.13,52.27,0.0,19.55,1.99,0.5,0.54
Shahuwadi,16.9587,73.8931,564.0,2011,2,24.5,36.94,13.94,51.0,0.0,22.08,2.01,0.28,0.47
Shahuwadi,16.9587,73.8931,564.0,2011,3,28.63,41.86,17.4,41.68,0.0,24.32,2.19,0.14,0.46
Shahuwadi,16.9587,73.8931,564.0,2011,4,29.18,41.73,17.65,53.09,0.16,24.66,2.33,0.15,0.46
Shahuwadi,16.9587,73.8931,564.0,2011,5,29.06,39.86,21.62,61.58,0.63,23.84,3.15,0.23,0.46
Shahuwadi,16.9587,73.8931,564.0,2011,6,25.58,31.96,22.42,86.84,15.09,13.22,4.69,0.75,0.73
Shahuwadi,16.9587,73.8931,564.0,2011,7,24.48,28.67,20.6,92.12,29.73,11.17,4.23,0.93,0.95
Shahuwadi,16.9587,73.8931,564.0,2011,8,24.16,27.83,20.99,92.72,17.32,12.73,3.89,0.95,0.98
Shahuwadi,16.9587,73.8931,564.0,2011,9,23.92,29.59,19.43,90.97,9.18,17.28,2.7,0.92,0.95
Shahuwadi,16.9587,73.8931,564.0,2011,10,24.56,31.05,17.86,83.03,3.24,18.56,1.79,0.83,0.83
Shahuwadi,16.9587,73.8931,564.0,2011,11,23.11,33.44,14.05,67.49,0.12,18.37,2.59,0.66,0.66
Shahuwadi,16.9587,73.8931,564.0,2011,12,23.27,34.49,12.09,49.45,0.0,17.64,2.23,0.48,0.52
Shahuwadi,16.9587,73.8931,564.0,2011,13,25.21,41.86,12.09,68.6,6.34,18.59,2.82,0.57,0.67
Shahuwadi,16.9587,73.8931,564.0,2012,1,22.65,35.84,11.81,47.66,0.0,19.26,2.05,0.25,0.46
Shahuwadi,16.9587,73.8931,564.0,2012,2,25.83,40.02,13.94,34.57,0.0,21.89,2.03,0.14,0.46
Shahuwadi,16.9587,73.8931,564.0,2012,3,27.49,42.12,13.71,38.97,0.0,24.31,2.13,0.1,0.46
Shahuwadi,16.9587,73.8931,564.0,2012,4,29.93,41.75,19.35,50.19,0.16,24.25,2.29,0.15,0.46
Shahuwadi,16.9587,73.8931,564.0,2012,5,29.21,40.64,21.71,59.96,0.07,25.12,3.59,0.16,0.46
Shahuwadi,16.9587,73.8931,564.0,2012,6,26.53,36.81,22.07,79.04,12.89,17.24,3.95,0.57,0.59
Shahuwadi,16.9587,73.8931,564.0,2012,7,24.55,28.32,21.56,91.79,21.16,13.13,4.2,0.93,0.94
Shahuwadi,16.9587,73.8931,564.0,2012,8,24.37,28.62,21.7,91.97,11.47,14.69,3.92,0.92,0.95
Shahuwadi,16.9587,73.8931,564.0,2012,9,24.05,29.76,19.63,90.91,8.45,16.63,2.78,0.91,0.94
Shahuwadi,16.9587,73.8931,564.0,2012,10,24.04,31.39,15.64,80.88,4.75,17.95,1.99,0.86,0.88
Shahuwadi,16.9587,73.8931,564.0,2012,11,23.0,31.67,12.32,72.87,0.16,17.94,1.51,0.68,0.68
Shahuwadi,16.9587,73.8931,564.0,2012,12,23.06,33.95,12.75,57.24,0.0,18.16,1.94,0.5,0.53
Shahuwadi,16.9587,73.8931,564.0,2012,13,25.38,42.12,11.81,66.44,4.95,19.2,2.7,0.52,0.65
Shahuwadi,16.9587,73.8931,564.0,2013,1,23.62,36.14,12.06,47.95,0.0,19.15,1.86,0.29,0.47
Shahuwadi,16.9587,73.8931,564.0,2013,2,26.19,38.28,14.34,46.65,0.03,21.23,2.05,0.16,0.46
Shahuwadi,16.9587,73.8931,564.0,2013,3,28.41,40.34,18.65,43.19,0.01,24.03,2.43,0.12,0.46
Shahuwadi,16.9587,73.8931,564.0,2013,4,28.69,41.82,17.93,54.75,0.04,26.05,2.63,0.11,0.46
Shahuwadi,16.9587,73.8931,564.0,2013,5,29.25,40.08,22.13,62.69,0.55,23.5,3.28,0.2,0.46
Shahuwadi,16.9587,73.8931,564.0,2013,6,25.39,32.79,22.81,88.91,22.31,13.44,4.35,0.81,0.8
Shahuwadi,16.9587,73.8931,564.0,2013,7,24.07,26.93,22.48,93.71,23.6,10.08,5.15,0.96,0.97
Shahuwadi,16.9587,73.8931,564.0,2013,8,23.87,27.99,21.32,91.79,7.23,16.1,3.65,0.93,0.97
Shahuwadi,16.9587,73.8931,564.0,2013,9,24.26,29.88,20.67,90.81,8.32,16.49,2.29,0.9,0.93
Shahuwadi,16.9587,73.8931,564.0,2013,10,24.15,32.01,16.97,86.93,3.47,17.58,1.88,0.87,0.89
Shahuwadi,16.9587,73.8931,564.0,2013,11,22.87,30.94,13.99,74.45,0.04,18.71,1.99,0.72,0.71
Shahuwadi,16.9587,73.8931,564.0,2013,12,21.82,32.53,12.17,57.65,0.01,18.29,2.05,0.52,0.55
Shahuwadi,16.9587,73.8931,564.0,2013,13,25.21,41.82,12.06,70.07,5.49,18.7,2.81,0.55,0.68
Shahuwadi,16.9587,73.8931,564.0,2014,1,23.54,34.41,12.91,54.34,0.0,17.87,1.88,0.36,0.47
Shahuwadi,16.9587,73.8931,564.0,2014,2,24.66,37.83,13.7,49.92,0.03,21.12,2.27,0.17,0.46
Shahuwadi,16.9587,73.8931,564.0,2014,3,27.86,41.65,13.14,44.9,0.11,24.11,2.17,0.17,0.46
Shahuwadi,16.9587,73.8931,564.0,2014,4,30.17,42.13,18.84,46.94,0.06,23.96,2.17,0.13,0.46
Shahuwadi,16.9587,73.8931,564.0,2014,5,29.78,41.73,21.6,58.44,0.71,22.98,2.59,0.27,0.47
Shahuwadi,16.9587,73.8931,564.0,2014,6,27.6,39.71,23.09,75.6,4.04,19.04,3.91,0.51,0.52
Shahuwadi,16.9587,73.8931,564.0,2014,7,25.08,32.38,22.5,89.25,25.16,11.96,4.92,0.83,0.82
Shahuwadi,16.9587,73.8931,564.0,2014,8,24.47,31.08,20.92,91.09,14.47,14.92,3.38,0.93,0.96
Shahuwadi,16.9587,73.8931,564.0,2014,9,24.4,31.83,19.71,89.28,8.19,17.04,2.55,0.92,0.95
Shahuwadi,16.9587,73.8931,564.0,2014,10,24.62,32.04,15.95,80.28,2.05,18.99,1.55,0.82,0.82
Shahuwadi,16.9587,73.8931,564.0,2014,11,23.01,31.47,13.85,69.45,0.67,17.62,2.06,0.67,0.67
Shahuwadi,16.9587,73.8931,564.0,2014,12,22.45,33.24,13.15,57.58,0.35,16.99,2.15,0.51,0.54
Shahuwadi,16.9587,73.8931,564.0,2014,13,25.64,42.13,12.91,67.36,4.71,18.86,2.64,0.53,0.63
Shahuwadi,16.9587,73.8931,564.0,2015,1,22.6,35.31,12.1,50.62,0.01,18.35,1.97,0.35,0.47
Shahuwadi,16.9587,73.8931,564.0,2015,2,25.43,38.29,14.63,40.55,0.22,21.76,2.01,0.16,0.46
Shahuwadi,16.9587,73.8931,564.0,2015,3,27.55,41.59,12.31,51.95,0.71,22.56,2.03,0.31,0.47
Shahuwadi,16.9587,73.8931,564.0,2015,4,29.18,41.44,18.14,52.99,0.2,24.88,2.32,0.2,0.46
Shahuwadi,16.9587,73.8931,564.0,2015,5,29.87,41.08,22.0,61.0,0.75,23.0,2.79,0.28,0.47
Shahuwadi,16.9587,73.8931,564.0,2015,6,26.02,37.57,21.44,83.05,16.74,15.25,3.99,0.68,0.68
Shahuwadi,16.9587,73.8931,564.0,2015,7,24.96,29.07,21.83,88.79,6.4,17.24,4.37,0.86,0.87
Shahuwadi,16.9587,73.8931,564.0,2015,8,24.63,30.0,21.73,89.53,5.62,16.72,3.12,0.86,0.88
Shahuwadi,16.9587,73.8931,564.0,2015,9,24.53,32.41,19.02,87.64,6.42,18.27,2.03,0.85,0.86
Shahuwadi,16.9587,73.8931,564.0,2015,10,25.64,33.66,19.16,78.89,2.29,18.89,1.41,0.79,0.79
Shahuwadi,16.9587,73.8931,564.0,2015,11,24.91,33.9,16.31,67.09,0.49,17.29,1.83,0.59,0.61
Shahuwadi,16.9587,73.8931,564.0,2015,12,24.5,36.51,13.43,49.66,0.0,17.6,2.13,0.43,0.5
Shahuwadi,16.9587,73.8931,564.0,2015,13,25.82,41.59,12.1,66.96,3.32,19.3,2.5,0.53,0.63
Shahuwadi,16.9587,73.8931,564.0,2016,1,24.02,37.99,14.35,40.93,0.0,18.44,1.89,0.2,0.46
Shahuwadi,16.9587,73.8931,564.0,2016,2,25.94,39.74,14.05,48.91,0.14,20.54,1.94,0.14,0.46
Shahuwadi,16.9587,73.8931,564.0,2016,3,28.81,41.84,16.87,46.02,0.14,23.38,2.14,0.19,0.46
Shahuwadi,16.9587,73.8931,564.0,2016,4,29.97,42.44,19.82,51.13,0.12,25.07,2.64,0.16,0.46
Shahuwadi,16.9587,73.8931,564.0,2016,5,30.02,41.64,20.59,60.53,0.2,24.55,3.15,0.2,0.46
Shahuwadi,16.9587,73.8931,564.0,2016,6,26.06,37.88,22.35,84.69,19.15,13.0,3.54,0.71,0.69
Shahuwadi,16.9587,73.8931,564.0,2016,7,24.31,27.52,21.83,93.54,34.35,10.73,4.11,0.97,0.99
Shahuwadi,16.9587,73.8931,564.0,2016,8,24.06,27.86,21.37,92.3,20.82,14.39,3.92,0.95,0.98
Shahuwadi,16.9587,73.8931,564.0,2016,9,23.53,28.58,19.34,91.63,9.81,15.94,2.56,0.92,0.95
Shahuwadi,16.9587,73.8931,564.0,2016,10,23.01,30.36,14.2,82.55,2.37,18.35,1.82,0.88,0.91
Shahuwadi,16.9587,73.8931,564.0,2016,11,21.38,32.86,13.12,64.22,0.15,18.92,2.19,0.7,0.69
Shahuwadi,16.9587,73.8931,564.0,2016,12,22.48,34.18,11.63,51.21,0.0,17.55,2.25,0.5,0.54
Shahuwadi,16.9587,73.8931,564.0,2016,13,25.3,42.44,11.63,67.34,7.31,18.4,2.68,0.54,0.67
Shahuwadi,16.9587,73.8931,564.0,2017,1,23.59,36.77,11.77,41.63,0.0,18.48,1.97,0.29,0.47
Shahuwadi,16.9587,73.8931,564.0,2017,2,26.53,40.2,15.28,36.75,0.0,22.32,2.16,0.14,0.46
Shahuwadi,16.9587,73.8931,564.0,2017,3,27.32,42.91,14.17,48.43,0.02,24.7,2.12,0.11,0.46
Shahuwadi,16.9587,73.8931,564.0,2017,4,29.54,43.17,19.0,52.35,0.02,25.76,2.38,0.11,0.46
Shahuwadi,16.9587,73.8931,564.0,2017,5,29.75,41.38,20.9,61.39,2.09,23.26,2.88,0.28,0.47
Shahuwadi,16.9587,73.8931,564.0,2017,6,26.05,35.74,22.07,84.92,13.59,15.65,3.73,0.71,0.68
Shahuwadi,16.9587,73.8931,564.0,2017,7,24.72,28.47,22.18,91.27,19.51,15.63,4.49,0.92,0.95
Shahuwadi,16.9587,73.8931,564.0,2017,8,24.37,28.62,19.71,91.12,11.56,15.05,2.99,0.92,0.95
Shahuwadi,16.9587,73.8931,564.0,2017,9,24.89,31.19,21.19,90.64,16.9,16.27,1.96,0.95,0.98
Shahuwadi,16.9587,73.8931,564.0,2017,10,24.48,31.5,16.44,85.14,4.89,16.7,1.43,0.92,0.97
Shahuwadi,16.9587,73.8931,564.0,2017,11,21.94,30.25,13.15,73.28,0.02,18.37,1.95,0.79,0.78
Shahuwadi,16.9587,73.8931,564.0,2017,12,21.4,30.69,13.0,64.81,0.19,16.81,2.27,0.59,0.6
Shahuwadi,16.9587,73.8931,564.0,2017,13,25.37,43.17,11.77,68.66,5.76,19.06,2.53,0.56,0.69
Shahuwadi,16.9587,73.8931,564.0,2018,1,22.75,34.94,12.98,49.46,0.0,18.02,1.75,0.44,0.5
Shahuwadi,16.9587,73.8931,564.0,2018,2,26.03,39.13,15.01,36.8,0.0,20.89,1.78,0.2,0.46
Shahuwadi,16.9587,73.8931,564.0,2018,3,28.42,41.63,17.12,44.74,0.11,22.56,1.97,0.15,0.46
Shahuwadi,16.9587,73.8931,564.0,2018,4,30.12,41.98,19.41,48.38,0.15,24.84,2.26,0.17,0.46
Shahuwadi,16.9587,73.8931,564.0,2018,5,29.26,41.95,20.95,63.89,1.33,21.53,2.62,0.33,0.47
Shahuwadi,16.9587,73.8931,564.0,2018,6,25.77,34.52,22.07,88.85,23.08,12.69,3.57,0.82,0.79
Shahuwadi,16.9587,73.8931,564.0,2018,7,24.34,27.79,22.2,93.14,24.37,11.2,4.8,0.96,0.98
Shahuwadi,16.9587,73.8931,564.0,2018,8,23.82,27.15,21.33,92.23,13.19,13.65,4.44,0.94,0.98
Shahuwadi,16.9587,73.8931,564.0,2018,9,24.09,31.77,19.55,87.98,4.64,20.7,1.86,0.89,0.91
Shahuwadi,16.9587,73.8931,564.0,2018,10,24.78,32.33,15.04,75.43,1.82,19.59,1.51,0.82,0.81
Shahuwadi,16.9587,73.8931,564.0,2018,11,23.77,32.57,13.75,65.93,0.78,17.98,1.76,0.63,0.63
Shahuwadi,16.9587,73.8931,564.0,2018,12,22.56,33.31,12.07,54.11,0.01,17.49,2.02,0.48,0.52
Shahuwadi,16.9587,73.8931,564.0,2018,13,25.47,41.98,12.07,66.92,5.82,18.4,2.54,0.57,0.67
Shahuwadi,16.9587,73.8931,564.0,2019,1,23.09,35.31,12.23,36.17,0.0,19.11,1.99,0.24,0.46
Shahuwadi,16.9587,73.8931,564.0,2019,2,25.45,39.76,10.57,40.96,0.0,22.03,2.06,0.14,0.46
Shahuwadi,16.9587,73.8931,564.0,2019,3,27.54,42.51,14.76,45.19,0.09,24.4,2.19,0.12,0.46
Shahuwadi,16.9587,73.8931,564.0,2019,4,30.23,44.19,18.64,50.03,0.19,25.15,2.31,0.18,0.46
Shahuwadi,16.9587,73.8931,564.0,2019,5,29.88,43.23,20.93,56.77,0.01,25.69,3.14,0.14,0.46
Shahuwadi,16.9587,73.8931,564.0,2019,6,27.64,40.55,22.5,76.5,14.87,16.27,3.38,0.52,0.58
Shahuwadi,16.9587,73.8931,564.0,2019,7,25.06,29.64,22.79,92.91,32.87,13.01,3.97,0.96,0.98
Shahuwadi,16.9587,73.8931,564.0,2019,8,24.41,27.99,21.76,92.82,33.13,14.69,4.04,0.95,0.98
Shahuwadi,16.9587,73.8931,564.0,2019,9,24.4,28.97,21.13,92.89,17.83,14.11,3.11,0.95,0.99
Shahuwadi,16.9587,73.8931,564.0,2019,10,24.54,30.48,19.17,88.42,10.14,16.42,1.72,0.93,0.97
Shahuwadi,16.9587,73.8931,564.0,2019,11,23.23,29.87,16.08,82.47,0.35,18.23,1.93,0.86,0.88
Shahuwadi,16.9587,73.8931,564.0,2019,12,23.05,30.75,16.17,77.84,0.07,16.14,1.92,0.7,0.69
Shahuwadi,16.9587,73.8931,564.0,2019,13,25.7,44.19,10.57,69.58,9.21,18.75,2.65,0.56,0.7
Shahuwadi,16.9587,73.8931,564.0,2020,1,22.18,34.47,11.31,67.56,0.0,18.82,1.8,0.52,0.55
Shahuwadi,16.9587,73.8931,564.0,2020,2,25.42,38.11,12.31,48.76,0.0,21.24,1.93,0.35,0.48
Shahuwadi,16.9587,73.8931,564.0,2020,3,27.42,41.01,15.73,50.28,0.17,24.36,2.31,0.19,0.46
Shahuwadi,16.9587,73.8931,564.0,2020,4,30.64,42.14,19.61,49.23,0.67,24.96,2.25,0.26,0.46
Shahuwadi,16.9587,73.8931,564.0,2020,5,30.8,42.65,22.47,58.13,1.08,23.73,2.94,0.29,0.47
Shahuwadi,16.9587,73.8931,564.0,2020,6,25.65,30.63,22.17,88.41,19.71,15.43,3.14,0.84,0.82
Shahuwadi,16.9587,73.8931,564.0,2020,7,24.75,28.57,21.71,92.18,20.31,12.82,3.24,0.95,0.98
Shahuwadi,16.9587,73.8931,564.0,2020,8,24.49,27.67,21.83,93.87,30.28,13.3,4.1,0.97,1.0
Shahuwadi,16.9587,73.8931,564.0,2020,9,24.5,31.96,21.05,91.87,12.94,16.13,2.15,0.95,0.99
Shahuwadi,16.9587,73.8931,564.0,2020,10,24.52,30.48,18.56,89.48,10.0,15.09,1.7,0.93,0.97
Shahuwadi,16.9587,73.8931,564.0,2020,11,23.44,30.23,14.25,80.45,0.01,18.52,2.06,0.84,0.84
Shahuwadi,16.9587,73.8931,564.0,2020,12,22.15,31.68,12.16,71.35,0.05,17.08,2.04,0.65,0.65
Shahuwadi,16.9587,73.8931,564.0,2020,13,25.49,42.65,11.31,73.56,7.97,18.44,2.48,0.65,0.72
Shahuwadi,16.9587,73.8931,564.0,2021,1,24.11,34.08,15.31,66.81,0.33,16.97,1.53,0.51,0.54
Shahuwadi,16.9587,73.8931,564.0,2021,2,25.28,38.82,14.94,47.84,0.18,20.68,2.12,0.34,0.47
Shahuwadi,16.9587,73.8931,564.0,2021,3,29.4,42.22,19.13,42.51,0.03,23.08,1.89,0.16,0.46
Shahuwadi,16.9587,73.8931,564.0,2021,4,29.92,42.63,19.55,51.66,1.0,24.28,2.02,0.26,0.47
Shahuwadi,16.9587,73.8931,564.0,2021,5,28.48,40.01,22.6,71.26,8.83,20.41,2.69,0.56,0.57
Shahuwadi,16.9587,73.8931,564.0,2021,6,25.39,31.02,21.92,89.72,23.27,15.5,3.08,0.88,0.88
Shahuwadi,16.9587,73.8931,564.0,2021,7,24.62,28.48,22.57,92.9,40.09,12.16,3.92,0.96,0.98
Shahuwadi,16.9587,73.8931,564.0,2021,8,24.24,28.7,20.5,90.78,6.76,15.93,2.72,0.92,0.97
Shahuwadi,16.9587,73.8931,564.0,2021,9,24.27,28.62,20.58,92.1,10.93,14.39,2.94,0.93,0.96
Shahuwadi,16.9587,73.8931,564.0,2021,10,24.61,30.95,17.02,85.22,3.96,19.22,1.6,0.89,0.92
Shahuwadi,16.9587,73.8931,564.0,2021,11,24.03,30.48,15.55,83.07,2.13,15.79,1.84,0.79,0.77
Shahuwadi,16.9587,73.8931,564.0,2021,12,21.53,28.91,12.85,79.2,2.77,16.44,1.73,0.75,0.74
Shahuwadi,16.9587,73.8931,564.0,2021,13,25.49,42.63,12.85,74.59,8.41,17.89,2.34,0.66,0.73
Shahuwadi,16.9587,73.8931,564.0,2022,1,20.91,32.84,9.97,68.77,0.06,18.56,1.76,0.56,0.59
Shahuwadi,16.9587,73.8931,564.0,2022,2,23.72,37.61,13.1,56.11,0.0,21.7,1.89,0.42,0.49
Shahuwadi,16.9587,73.8931,564.0,2022,3,29.26,42.09,19.3,44.71,0.13,20.78,1.93,0.2,0.46
Shahuwadi,16.9587,73.8931,564.0,2022,4,30.11,42.1,20.11,52.6,0.88,21.95,1.8,0.3,0.47
Shahuwadi,16.9587,73.8931,564.0,2022,5,28.94,41.24,22.64,66.4,1.48,20.99,3.24,0.33,0.48
Shahuwadi,16.9587,73.8931,564.0,2022,6,26.19,34.79,21.5,81.47,13.82,15.56,3.02,0.64,0.62
Shahuwadi,16.9587,73.8931,564.0,2022,7,24.39,29.33,21.82,92.42,24.02,13.48,4.11,0.95,0.97
Shahuwadi,16.9587,73.8931,564.0,2022,8,24.1,29.47,21.16,92.37,19.71,13.91,3.76,0.95,0.99
Shahuwadi,16.9587,73.8931,564.0,2022,9,24.12,30.08,19.95,91.57,10.6,16.91,2.31,0.93,0.97
Shahuwadi,16.9587,73.8931,564.0,2022,10,23.64,29.69,15.33,85.23,7.04,17.49,1.83,0.91,0.95
Shahuwadi,16.9587,73.8931,564.0,2022,11,22.28,29.73,12.8,77.81,0.03,17.17,2.14,0.79,0.79
Shahuwadi,16.9587,73.8931,564.0,2022,12,23.16,33.08,13.12,69.14,0.04,16.99,1.98,0.6,0.61
Shahuwadi,16.9587,73.8931,564.0,2022,13,25.07,42.1,9.97,73.33,6.54,17.93,2.49,0.63,0.7
Shahuwadi,16.9587,73.8931,564.0,2023,1,22.52,34.46,11.65,56.27,0.0,18.72,1.84,0.46,0.5
Shahuwadi,16.9587,73.8931,564.0,2023,2,27.0,39.38,16.45,24.67,0.0,21.56,2.34,0.2,0.46
Shahuwadi,16.9587,73.8931,564.0,2023,3,27.55,38.92,16.74,42.53,0.1,23.47,2.14,0.16,0.46
Shahuwadi,16.9587,73.8931,564.0,2023,4,29.54,42.44,17.48,50.08,0.53,24.84,2.15,0.24,0.46
Shahuwadi,16.9587,73.8931,564.0,2023,5,29.8,40.92,20.73,58.33,0.74,25.03,2.7,0.28,0.47
Shahuwadi,16.9587,73.8931,564.0,2023,6,27.79,37.3,22.67,75.16,9.14,20.14,3.65,0.5,0.52
Shahuwadi,16.9587,73.8931,564.0,2023,7,24.7,28.51,22.52,92.9,33.05,11.37,4.56,0.94,0.94
Shahuwadi,16.9587,73.8931,564.0,2023,8,24.43,29.85,21.22,90.71,5.42,18.01,3.06,0.91,0.95
Shahuwadi,16.9587,73.8931,564.0,2023,9,24.65,30.13,21.3,91.01,11.59,15.82,2.45,0.89,0.92
Shahuwadi,16.9587,73.8931,564.0,2023,10,24.62,32.13,16.16,80.85,1.77,17.74,1.76,0.87,0.89
Shahuwadi,16.9587,73.8931,564.0,2023,11,24.04,31.15,16.28,78.67,1.29,15.93,1.8,0.72,0.7
Shahuwadi,16.9587,73.8931,564.0,2023,12,23.52,34.06,15.23,60.04,0.02,17.08,2.29,0.54,0.56
Shahuwadi,16.9587,73.8931,564.0,2023,13,25.83,42.44,11.65,67.04,5.34,19.12,2.56,0.56,0.65
Shirol,16.7109,74.5739,538.0,1997,1,21.46,32.9,9.19,53.31,0.05,17.87,1.98,0.41,0.54
Shirol,16.7109,74.5739,538.0,1997,2,23.1,37.57,11.92,34.66,0.0,21.9,2.05,0.23,0.51
Shirol,16.7109,74.5739,538.0,1997,3,27.83,39.78,16.07,38.64,0.17,23.37,2.16,0.16,0.5
Shirol,16.7109,74.5739,538.0,1997,4,27.95,38.73,16.27,47.35,0.47,24.02,2.4,0.25,0.51
Shirol,16.7109,74.5739,538.0,1997,5,28.82,40.56,19.27,52.52,0.19,24.19,3.47,0.24,0.51
Shirol,16.7109,74.5739,538.0,1997,6,25.18,34.35,20.61,79.58,11.3,16.76,4.54,0.63,0.63
Shirol,16.7109,74.5739,538.0,1997,7,23.67,28.12,20.83,88.99,13.26,15.25,5.63,0.87,0.88
Shirol,16.7109,74.5739,538.0,1997,8,23.01,27.44,19.89,90.77,12.83,15.04,5.17,0.91,0.93
Shirol,16.7109,74.5739,538.0,1997,9,23.09,29.11,18.45,86.65,1.51,19.44,2.53,0.82,0.83
Shirol,16.7109,74.5739,538.0,1997,10,24.58,32.21,18.42,77.41,1.48,19.06,1.38,0.7,0.69
Shirol,16.7109,74.5739,538.0,1997,11,23.85,31.47,18.06,78.02,1.45,17.2,1.65,0.63,0.63
Shirol,16.7109,74.5739,538.0,1997,12,22.33,31.38,12.29,72.13,1.36,17.11,1.71,0.57,0.59
Shirol,16.7109,74.5739,538.0,1997,13,24.58,40.56,9.19,66.86,3.7,19.25,2.9,0.54,0.65
Shirol,16.7109,74.5739,538.0,1998,1,22.55,34.75,12.34,55.5,0.0,18.38,2.16,0.4,0.53
Shirol,16.7109,74.5739,538.0,1998,2,24.06,37.06,12.08,44.7,0.03,21.11,2.43,0.21,0.51
Shirol,16.7109,74.5739,538.0,1998,3,27.21,41.05,14.16,43.89,0.0,23.77,2.47,0.14,0.5
Shirol,16.7109,74.5739,538.0,1998,4,31.0,42.68,20.52,41.72,0.08,24.13,2.62,0.11,0.5
Shirol,16.7109,74.5739,538.0,1998,5,29.96,42.97,21.04,57.55,1.42,23.42,3.19,0.36,0.52
Shirol,16.7109,74.5739,538.0,1998,6,26.06,41.03,21.02,77.31,12.39,17.91,4.41,0.6,0.62
Shirol,16.7109,74.5739,538.0,1998,7,23.88,28.84,19.87,88.77,9.96,15.15,4.74,0.86,0.86
Shirol,16.7109,74.5739,538.0,1998,8,23.86,29.04,20.67,90.28,9.46,15.29,3.76,0.9,0.91
Shirol,16.7109,74.5739,538.0,1998,9,23.48,29.2,20.27,90.25,7.2,15.98,3.0,0.9,0.92
Shirol,16.7109,74.5739,538.0,1998,10,22.86,29.23,15.19,87.58,2.97,16.85,2.2,0.86,0.87
Shirol,16.7109,74.5739,538.0,1998,11,21.17,29.18,11.14,78.37,1.25,18.8,1.92,0.77,0.76
Shirol,16.7109,74.5739,538.0,1998,12,19.28,29.89,10.36,62.97,0.04,17.88,2.82,0.6,0.63
Shirol,16.7109,74.5739,538.0,1998,13,24.61,42.97,10.36,68.39,3.75,19.04,2.98,0.56,0.68
Shirol,16.7109,74.5739,538.0,1999,1,20.84,33.34,10.94,47.86,0.0,19.98,2.17,0.41,0.55
Shirol,16.7109,74.5739,538.0,1999,2,25.87,37.97,12.76,36.68,0.08,22.53,2.24,0.27,0.51
Shirol,16.7109,74.5739,538.0,1999,3,28.68,41.75,17.14,34.88,0.0,25.6,2.1,0.14,0.5
Shirol,16.7109,74.5739,538.0,1999,4,29.31,42.76,19.0,50.49,0.0,26.13,2.97,0.1,0.5
Shirol,16.7109,74.5739,538.0,1999,5,26.7,42.29,20.97,68.48,3.46,21.17,3.22,0.39,0.54
Shirol,16.7109,74.5739,538.0,1999,6,24.23,33.45,19.57,84.04,11.3,16.55,4.97,0.73,0.71
Shirol,16.7109,74.5739,538.0,1999,7,23.46,28.38,21.01,89.47,13.06,14.48,5.33,0.87,0.87
Shirol,16.7109,74.5739,538.0,1999,8,23.02,27.77,19.83,88.7,2.88,15.09,4.25,0.85,0.86
Shirol,16.7109,74.5739,538.0,1999,9,23.14,30.04,18.5,86.84,3.04,17.69,2.98,0.79,0.79
Shirol,16.7109,74.5739,538.0,1999,10,23.61,30.86,14.86,79.44,3.22,18.35,1.96,0.76,0.74
Shirol,16.7109,74.5739,538.0,1999,11,22.35,32.48,12.26,60.3,0.03,19.69,2.24,0.57,0.61
Shirol,16.7109,74.5739,538.0,1999,12,21.52,32.13,11.11,45.78,0.0,19.19,2.27,0.4,0.53
Shirol,16.7109,74.5739,538.0,1999,13,24.38,42.76,10.94,64.58,3.11,19.68,3.06,0.53,0.64
Shirol,16.7109,74.5739,538.0,2000,1,23.52,36.08,11.9,34.94,0.01,19.66,2.3,0.22,0.51
Shirol,16.7109,74.5739,538.0,2000,2,23.67,35.79,12.62,49.38,0.12,22.51,2.38,0.16,0.5
Shirol,16.7109,74.5739,538.0,2000,3,26.99,39.85,15.27,38.04,0.01,24.93,2.14,0.15,0.5
Shirol,16.7109,74.5739,538.0,2000,4,29.64,42.55,18.46,49.47,0.45,26.31,2.98,0.24,0.51
Shirol,16.7109,74.5739,538.0,2000,5,27.2,42.9,20.87,66.7,2.91,22.55,3.68,0.41,0.53
Shirol,16.7109,74.5739,538.0,2000,6,24.33,32.32,20.32,84.85,7.17,16.09,4.4,0.71,0.68
Shirol,16.7109,74.5739,538.0,2000,7,23.16,28.67,19.77,87.9,10.34,16.34,5.27,0.84,0.84
Shirol,16.7109,74.5739,538.0,2000,8,23.03,28.84,19.9,88.54,7.86,15.09,4.41,0.83,0.83
Shirol,16.7109,74.5739,538.0,2000,9,23.92,31.14,18.9,85.27,3.59,18.26,2.53,0.82,0.83
Shirol,16.7109,74.5739,538.0,2000,10,24.01,31.39,15.73,76.47,2.48,18.95,1.22,0.78,0.77
Shirol,16.7109,74.5739,538.0,2000,11,22.56,32.08,13.74,63.03,0.24,19.11,2.1,0.62,0.64
Shirol,16.7109,74.5739,538.0,2000,12,21.27,32.76,11.59,42.28,0.31,18.02,2.61,0.42,0.55
Shirol,16.7109,74.5739,538.0,2000,13,24.44,42.9,11.59,63.91,2.97,19.8,3.01,0.52,0.64
Shirol,16.7109,74.5739,538.0,2001,1,23.3,35.07,12.71,42.89,0.06,18.04,1.92,0.34,0.52
Shirol,16.7109,74.5739,538.0,2001,2,25.3,38.36,13.7,31.84,0.0,22.85,1.83,0.15,0.5
Shirol,16.7109,74.5739,538.0,2001,3,26.28,39.22,15.13,45.49,0.0,24.88,2.6,0.11,0.5
Shirol,16.7109,74.5739,538.0,2001,4,29.37,41.0,17.2,47.84,0.67,24.17,2.23,0.26,0.51
Shirol,16.7109,74.5739,538.0,2001,5,28.06,43.07,20.68,61.14,1.61,24.75,4.0,0.29,0.51
Shirol,16.7109,74.5739,538.0,2001,6,24.6,33.18,20.86,80.79,5.96,17.39,5.61,0.63,0.62
Shirol,16.7109,74.5739,538.0,2001,7,23.62,28.94,19.76,85.38,7.51,14.44,5.51,0.75,0.72
Shirol,16.7109,74.5739,538.0,2001,8,23.11,27.79,20.22,88.31,6.53,14.41,4.74,0.82,0.82
Shirol,16.7109,74.5739,538.0,2001,9,23.63,30.21,19.23,85.36,2.81,18.55,2.58,0.76,0.76
Shirol,16.7109,74.5739,538.0,2001,10,23.13,30.88,14.51,79.67,1.92,18.21,2.35,0.74,0.72
Shirol,16.7109,74.5739,538.0,2001,11,23.28,32.82,13.76,64.88,0.37,18.9,2.39,0.55,0.59
Shirol,16.7109,74.5739,538.0,2001,12,22.15,32.88,13.09,48.42,0.02,17.93,2.65,0.39,0.53
Shirol,16.7109,74.5739,538.0,2001,13,24.64,43.07,12.71,63.69,2.31,19.52,3.21,0.48,0.61
Shirol,16.7109,74.5739,538.0,2002,1,22.23,35.1,10.67,46.7,0.02,19.38,2.43,0.22,0.51
Shirol,16.7109,74.5739,538.0,2002,2,25.76,37.28,15.73,39.35,0.0,21.33,1.98,0.15,0.5
Shirol,16.7109,74.5739,538.0,2002,3,28.34,40.95,17.03,39.69,0.02,24.16,2.17,0.12,0.5
Shirol,16.7109,74.5739,538.0,2002,4,30.59,42.66,19.27,44.01,0.18,25.18,2.41,0.17,0.5
Shirol,16.7109,74.5739,538.0,2002,5,28.6,42.47,20.41,62.94,1.03,24.57,3.71,0.35,0.51
Shirol,16.7109,74.5739,538.0,2002,6,25.22,35.13,21.73,82.32,9.79,16.3,4.44,0.68,0.66
Shirol,16.7109,74.5739,538.0,2002,7,24.11,29.52,20.85,84.64,3.61,15.9,5.23,0.74,0.73
Shirol,16.7109,74.5739,538.0,2002,8,23.33,29.39,19.66,86.98,7.64,14.19,4.95,0.8,0.79
Shirol,16.7109,74.5739,538.0,2002,9,23.57,32.86,18.29,83.22,1.35,20.52,2.86,0.73,0.74
Shirol,16.7109,74.5739,538.0,2002,10,24.57,34.19,16.44,74.83,3.43,18.18,2.06,0.68,0.67
Shirol,16.7109,74.5739,538.0,2002,11,23.78,34.39,14.89,56.0,0.15,19.27,1.98,0.5,0.58
Shirol,16.7109,74.5739,538.0,2002,12,22.77,33.98,13.45,44.59,0.01,18.09,2.01,0.33,0.52
Shirol,16.7109,74.5739,538.0,2002,13,25.23,42.66,10.67,62.25,2.28,19.74,3.03,0.46,0.6
Shirol,16.7109,74.5739,538.0,2003,1,23.93,35.74,12.35,43.14,0.0,18.13,1.88,0.19,0.5
Shirol,16.7109,74.5739,538.0,2003,2,26.13,38.0,15.42,40.16,0.06,22.06,1.91,0.16,0.5
Shirol,16.7109,74.5739,538.0,2003,3,28.25,40.02,16.53,40.14,0.3,23.73,2.13,0.19,0.5
Shirol,16.7109,74.5739,538.0,2003,4,30.26,41.83,18.67,43.57,0.87,24.85,2.29,0.27,0.51
Shirol,16.7109,74.5739,538.0,2003,5,29.59,41.72,19.2,54.84,0.24,26.34,3.91,0.24,0.51
Shirol,16.7109,74.5739,538.0,2003,6,26.14,40.77,20.69,76.2,7.46,18.8,4.65,0.49,0.59
Shirol,16.7109,74.5739,538.0,2003,7,24.07,28.75,21.05,87.74,6.73,15.2,4.87,0.79,0.78
Shirol,16.7109,74.5739,538.0,2003,8,23.76,28.76,20.94,87.19,3.95,15.08,4.47,0.78,0.78
Shirol,16.7109,74.5739,538.0,2003,9,23.7,31.67,19.5,84.7,1.77,18.07,3.5,0.73,0.72
Shirol,16.7109,74.5739,538.0,2003,10,24.3,32.37,14.77,75.47,2.13,18.95,1.75,0.66,0.65
Shirol,16.7109,74.5739,538.0,2003,11,24.08,33.68,14.0,56.88,0.07,18.85,2.23,0.46,0.56
Shirol,16.7109,74.5739,538.0,2003,12,22.61,33.22,12.79,42.54,0.03,18.66,2.35,0.3,0.51
Shirol,16.7109,74.5739,538.0,2003,13,25.56,41.83,12.35,61.17,1.98,19.87,3.0,0.44,0.59
Shirol,16.7109,74.5739,538.0,2004,1,22.74,34.34,12.83,45.95,0.0,19.27,2.06,0.19,0.5
Shirol,16.7109,74.5739,538.0,2004,2,25.28,38.05,13.23,35.4,0.02,22.55,1.91,0.14,0.5
Shirol,16.7109,74.5739,538.0,2004,3,29.1,41.07,18.99,39.96,0.01,25.04,2.03,0.11,0.5
Shirol,16.7109,74.5739,538.0,2004,4,29.6,42.28,18.74,47.2,0.42,25.99,2.62,0.21,0.5
Shirol,16.7109,74.5739,538.0,2004,5,27.2,40.58,20.66,68.36,3.18,21.8,3.57,0.49,0.54
Shirol,16.7109,74.5739,538.0,2004,6,24.43,32.08,21.0,84.95,9.58,17.08,4.92,0.74,0.71
Shirol,16.7109,74.5739,538.0,2004,7,23.73,29.75,20.81,86.75,5.99,15.71,4.48,0.77,0.75
Shirol,16.7109,74.5739,538.0,2004,8,23.1,28.38,19.72,88.54,8.01,14.81,5.49,0.86,0.87
Shirol,16.7109,74.5739,538.0,2004,9,23.56,30.55,19.04,85.92,3.57,17.19,2.48,0.8,0.8
Shirol,16.7109,74.5739,538.0,2004,10,23.39,31.57,14.96,76.58,0.83,20.23,2.42,0.71,0.71
Shirol,16.7109,74.5739,538.0,2004,11,23.02,32.49,13.35,59.79,0.45,18.4,2.52,0.52,0.59
Shirol,16.7109,74.5739,538.0,2004,12,21.66,32.72,11.7,43.92,0.0,19.21,2.57,0.36,0.53
Shirol,16.7109,74.5739,538.0,2004,13,24.73,42.28,11.7,63.7,2.68,19.76,3.1,0.49,0.63
Shirol,16.7109,74.5739,538.0,2005,1,23.2,35.11,11.83,42.29,0.03,18.59,1.96,0.19,0.5
Shirol,16.7109,74.5739,538.0,2005,2,25.21,38.68,13.09,40.01,0.0,22.64,2.13,0.15,0.5
Shirol,16.7109,74.5739,538.0,2005,3,27.44,40.89,14.59,41.38,0.04,24.88,2.23,0.14,0.5
Shirol,16.7109,74.5739,538.0,2005,4,29.16,40.44,18.78,47.91,0.84,23.3,2.05,0.28,0.51
Shirol,16.7109,74.5739,538.0,2005,5,28.6,42.19,19.23,58.39,1.42,24.97,3.22,0.36,0.52
Shirol,16.7109,74.5739,538.0,2005,6,25.64,36.37,21.74,80.37,9.33,18.19,4.58,0.63,0.61
Shirol,16.7109,74.5739,538.0,2005,7,23.96,28.38,21.23,89.35,14.32,13.57,5.09,0.85,0.83
Shirol,16.7109,74.5739,538.0,2005,8,23.27,27.91,20.09,90.65,8.69,14.36,4.58,0.91,0.93
Shirol,16.7109,74.5739,538.0,2005,9,23.4,29.65,19.37,90.37,7.96,14.77,3.57,0.89,0.91
Shirol,16.7109,74.5739,538.0,2005,10,23.05,29.89,14.71,83.07,3.2,18.54,1.85,0.86,0.87
Shirol,16.7109,74.5739,538.0,2005,11,20.02,28.99,11.77,71.06,0.03,19.47,2.54,0.73,0.72
Shirol,16.7109,74.5739,538.0,2005,12,20.44,30.5,11.2,59.3,0.0,18.32,2.3,0.54,0.6
Shirol,16.7109,74.5739,538.0,2005,13,24.44,42.19,11.2,66.33,3.85,19.28,3.01,0.55,0.67
Shirol,16.7109,74.5739,538.0,2006,1,22.01,34.39,10.66,42.83,0.0,19.95,2.37,0.38,0.53
Shirol,16.7109,74.5739,538.0,2006,2,25.26,38.19,13.4,33.4,0.0,23.18,2.12,0.19,0.5
Shirol,16.7109,74.5739,538.0,2006,3,26.81,40.05,15.02,46.86,0.43,24.13,2.22,0.24,0.51
Shirol,16.7109,74.5739,538.0,2006,4,29.21,41.01,18.88,46.88,0.08,25.45,2.89,0.16,0.5
Shirol,16.7109,74.5739,538.0,2006,5,28.63,41.32,21.17,60.53,7.87,23.12,3.52,0.33,0.53
Shirol,16.7109,74.5739,538.0,2006,6,24.46,30.01,20.59,86.88,9.98,18.53,3.82,0.82,0.8
Shirol,16.7109,74.5739,538.0,2006,7,23.33,27.63,20.46,89.47,10.39,13.43,6.12,0.88,0.9
Shirol,16.7109,74.5739,538.0,2006,8,22.78,27.66,19.77,90.73,9.73,13.88,5.02,0.91,0.92
Shirol,16.7109,74.5739,538.0,2006,9,23.62,30.48,19.53,89.07,6.34,17.59,2.7,0.86,0.87
Shirol,16.7109,74.5739,538.0,2006,10,23.7,30.52,17.62,80.94,3.0,18.21,2.33,0.83,0.84
Shirol,16.7109,74.5739,538.0,2006,11,22.45,29.87,14.98,79.1,1.24,16.33,2.25,0.72,0.7
Shirol,16.7109,74.5739,538.0,2006,12,20.84,31.08,11.41,60.45,0.0,18.22,2.39,0.55,0.6
Shirol,16.7109,74.5739,538.0,2006,13,24.41,41.32,10.66,67.45,4.12,19.3,3.16,0.57,0.68
Shirol,16.7109,74.5739,538.0,2007,1,22.55,34.06,12.01,44.88,0.0,19.34,1.78,0.39,0.53
Shirol,16.7109,74.5739,538.0,2007,2,24.3,36.75,12.6,46.78,0.0,22.21,2.11,0.21,0.51
Shirol,16.7109,74.5739,538.0,2007,3,28.26,40.47,15.95,40.51,0.0,23.51,2.14,0.13,0.5
Shirol,16.7109,74.5739,538.0,2007,4,30.16,41.86,19.23,45.96,0.46,24.51,2.24,0.22,0.51
Shirol,16.7109,74.5739,538.0,2007,5,28.27,41.42,20.71,62.77,1.62,24.42,3.49,0.39,0.52
Shirol,16.7109,74.5739,538.0,2007,6,25.49,36.83,20.74,81.66,16.0,16.36,4.61,0.65,0.64
Shirol,16.7109,74.5739,538.0,2007,7,23.91,28.76,20.5,89.69,9.18,14.69,4.98,0.89,0.91
Shirol,16.7109,74.5739,538.0,2007,8,23.37,27.98,20.6,90.54,11.0,15.1,4.58,0.9,0.92
Shirol,16.7109,74.5739,538.0,2007,9,23.41,29.22,19.44,89.89,7.3,15.41,3.19,0.89,0.91
Shirol,16.7109,74.5739,538.0,2007,10,23.22,30.12,15.37,78.63,0.81,18.01,1.94,0.81,0.82
Shirol,16.7109,74.5739,538.0,2007,11,21.21,29.64,10.41,68.83,0.72,19.35,2.2,0.68,0.69
Shirol,16.7109,74.5739,538.0,2007,12,22.12,33.19,12.97,57.98,0.01,17.42,2.27,0.48,0.58
Shirol,16.7109,74.5739,538.0,2007,13,24.69,41.86,10.41,66.62,3.93,19.17,2.97,0.56,0.67
Shirol,16.7109,74.5739,538.0,2008,1,21.8,33.66,10.53,43.76,0.0,19.83,2.08,0.33,0.52
Shirol,16.7109,74.5739,538.0,2008,2,23.78,36.48,11.34,43.66,0.25,20.87,2.02,0.24,0.51
Shirol,16.7109,74.5739,538.0,2008,3,26.87,37.63,16.66,47.03,1.49,22.24,1.8,0.32,0.52
Shirol,16.7109,74.5739,538.0,2008,4,28.79,41.12,15.63,50.35,0.53,25.36,2.31,0.34,0.51
Shirol,16.7109,74.5739,538.0,2008,5,27.77,39.98,20.44,62.4,2.01,25.89,3.81,0.3,0.52
Shirol,16.7109,74.5739,538.0,2008,6,24.71,33.67,20.87,83.4,6.52,16.64,5.07,0.68,0.65
Shirol,16.7109,74.5739,538.0,2008,7,24.14,29.64,21.08,84.85,5.2,16.0,4.83,0.71,0.68
Shirol,16.7109,74.5739,538.0,2008,8,23.4,29.83,19.29,88.56,9.31,14.72,4.14,0.84,0.83
Shirol,16.7109,74.5739,538.0,2008,9,23.25,30.71,17.92,87.81,6.3,16.38,3.04,0.85,0.85
Shirol,16.7109,74.5739,538.0,2008,10,23.43,31.08,14.13,75.94,1.04,20.27,2.19,0.76,0.76
Shirol,16.7109,74.5739,538.0,2008,11,22.86,33.05,14.4,65.18,0.58,17.54,2.61,0.57,0.61
Shirol,16.7109,74.5739,538.0,2008,12,22.14,32.18,11.69,54.95,0.15,17.77,2.25,0.46,0.55
Shirol,16.7109,74.5739,538.0,2008,13,24.41,41.12,10.53,65.71,2.79,19.46,3.02,0.53,0.63
Shirol,16.7109,74.5739,538.0,2009,1,23.35,36.48,12.81,42.6,0.0,19.74,2.13,0.29,0.51
Shirol,16.7109,74.5739,538.0,2009,2,26.12,39.47,14.97,36.1,0.0,22.27,1.75,0.15,0.5
Shirol,16.7109,74.5739,538.0,2009,3,28.58,39.44,17.95,38.01,0.13,23.33,2.0,0.15,0.5
Shirol,16.7109,74.5739,538.0,2009,4,30.3,42.26,20.14,44.83,0.22,23.9,2.49,0.21,0.51
Shirol,16.7109,74.5739,538.0,2009,5,29.05,41.52,20.83,56.9,0.68,24.42,3.57,0.29,0.51
Shirol,16.7109,74.5739,538.0,2009,6,25.47,34.54,20.89,77.69,4.65,18.98,4.11,0.55,0.57
Shirol,16.7109,74.5739,538.0,2009,7,23.67,28.24,20.78,88.54,14.95,13.51,6.48,0.85,0.84
Shirol,16.7109,74.5739,538.0,2009,8,23.73,29.77,20.52,87.7,4.2,16.55,3.84,0.82,0.83
Shirol,16.7109,74.5739,538.0,2009,9,24.11,30.46,19.8,87.0,6.67,16.16,2.59,0.84,0.84
Shirol,16.7109,74.5739,538.0,2009,10,23.12,29.53,14.9,79.57,4.02,17.51,2.26,0.84,0.85
Shirol,16.7109,74.5739,538.0,2009,11,22.27,29.75,12.42,76.87,2.11,16.42,2.55,0.74,0.72
Shirol,16.7109,74.5739,538.0,2009,12,21.93,30.65,12.93,65.91,0.12,16.59,2.1,0.58,0.62
Shirol,16.7109,74.5739,538.0,2009,13,25.13,42.26,12.42,65.31,3.17,19.09,3.0,0.53,0.65
Shirol,16.7109,74.5739,538.0,2010,1,22.65,32.14,12.05,58.3,0.38,17.16,1.84,0.48,0.55
Shirol,16.7109,74.5739,538.0,2010,2,25.34,38.04,13.51,46.27,0.0,21.29,2.11,0.29,0.51
Shirol,16.7109,74.5739,538.0,2010,3,28.99,40.56,17.62,39.11,0.0,22.76,2.26,0.14,0.5
Shirol,16.7109,74.5739,538.0,2010,4,29.92,41.41,17.85,47.55,0.3,24.24,2.36,0.18,0.5
Shirol,16.7109,74.5739,538.0,2010,5,29.82,41.19,22.02,57.39,0.33,24.73,3.67,0.21,0.51
Shirol,16.7109,74.5739,538.0,2010,6,25.77,38.04,21.46,79.27,8.52,18.24,4.42,0.61,0.62
Shirol,16.7109,74.5739,538.0,2010,7,23.9,28.61,19.43,87.75,14.1,13.8,4.86,0.81,0.8
Shirol,16.7109,74.5739,538.0,2010,8,23.48,28.84,20.35,90.19,7.11,14.76,4.2,0.88,0.9
Shirol,16.7109,74.5739,538.0,2010,9,23.73,28.9,19.78,88.26,5.25,16.59,2.92,0.86,0.88
Shirol,16.7109,74.5739,538.0,2010,10,23.58,30.01,15.84,84.13,3.05,17.75,2.18,0.82,0.84
Shirol,16.7109,74.5739,538.0,2010,11,23.2,29.23,17.0,82.77,2.2,15.63,2.02,0.77,0.77
Shirol,16.7109,74.5739,538.0,2010,12,20.29,29.46,10.46,69.08,0.02,17.05,2.09,0.63,0.65
Shirol,16.7109,74.5739,538.0,2010,13,25.05,41.41,10.46,69.3,3.46,18.65,2.92,0.56,0.67
Shirol,16.7109,74.5739,538.0,2011,1,21.67,33.61,10.77,47.05,0.0,19.78,2.08,0.44,0.56
Shirol,16.7109,74.5739,538.0,2011,2,23.65,35.69,12.7,47.75,0.02,21.94,2.06,0.29,0.51
Shirol,16.7109,74.5739,538.0,2011,3,28.3,39.99,17.13,37.17,0.0,24.6,2.17,0.15,0.5
Shirol,16.7109,74.5739,538.0,2011,4,28.7,40.45,15.65,49.44,0.54,23.95,2.46,0.23,0.51
Shirol,16.7109,74.5739,538.0,2011,5,28.48,40.4,21.0,58.65,1.09,24.21,3.52,0.3,0.51
Shirol,16.7109,74.5739,538.0,2011,6,24.91,30.68,20.71,81.99,6.52,14.76,5.56,0.64,0.62
Shirol,16.7109,74.5739,538.0,2011,7,23.77,29.05,19.36,86.54,11.35,14.28,5.24,0.79,0.76
Shirol,16.7109,74.5739,538.0,2011,8,23.37,28.25,19.75,89.24,9.35,14.0,4.71,0.86,0.88
Shirol,16.7109,74.5739,538.0,2011,9,23.14,30.06,17.82,88.25,5.08,17.59,3.43,0.86,0.88
Shirol,16.7109,74.5739,538.0,2011,10,23.89,30.91,17.28,80.47,2.82,18.23,1.99,0.78,0.77
Shirol,16.7109,74.5739,538.0,2011,11,22.58,32.52,12.96,63.67,0.16,18.05,2.73,0.62,0.64
Shirol,16.7109,74.5739,538.0,2011,12,22.35,33.02,11.13,47.76,0.0,17.89,2.39,0.43,0.55
Shirol,16.7109,74.5739,538.0,2011,13,24.57,40.45,10.77,64.91,3.1,19.09,3.2,0.53,0.64
Shirol,16.7109,74.5739,538.0,2012,1,22.18,34.31,10.98,45.66,0.0,19.59,1.97,0.27,0.51
Shirol,16.7109,74.5739,538.0,2012,2,25.4,38.6,14.78,32.21,0.0,22.29,2.05,0.15,0.5
Shirol,16.7109,74.5739,538.0,2012,3,27.19,40.43,12.2,33.91,0.0,24.82,2.21,0.11,0.5
Shirol,16.7109,74.5739,538.0,2012,4,29.42,40.86,19.15,46.96,0.74,23.96,2.26,0.28,0.51
Shirol,16.7109,74.5739,538.0,2012,5,28.95,41.68,19.49,55.65,0.27,24.52,3.89,0.23,0.51
Shirol,16.7109,74.5739,538.0,2012,6,25.58,37.34,20.83,75.47,6.19,18.88,4.94,0.51,0.57
Shirol,16.7109,74.5739,538.0,2012,7,23.94,29.25,20.45,86.44,8.52,14.17,5.16,0.77,0.74
Shirol,16.7109,74.5739,538.0,2012,8,23.67,29.32,20.54,87.6,6.05,15.48,4.8,0.81,0.81
Shirol,16.7109,74.5739,538.0,2012,9,23.5,30.72,18.46,86.48,3.82,16.8,3.44,0.81,0.82
Shirol,16.7109,74.5739,538.0,2012,10,23.83,31.75,15.7,73.4,2.08,18.24,2.26,0.73,0.74
Shirol,16.7109,74.5739,538.0,2012,11,23.15,32.99,11.68,66.77,0.54,17.06,1.52,0.57,0.62
Shirol,16.7109,74.5739,538.0,2012,12,22.92,33.39,12.77,52.63,0.0,18.28,2.1,0.4,0.54
Shirol,16.7109,74.5739,538.0,2012,13,24.97,41.68,10.98,62.02,2.36,19.5,3.06,0.47,0.61
Shirol,16.7109,74.5739,538.0,2013,1,23.46,34.59,12.77,42.71,0.01,19.42,1.74,0.25,0.51
Shirol,16.7109,74.5739,538.0,2013,2,25.8,36.8,13.45,41.64,0.12,21.21,2.03,0.18,0.5
Shirol,16.7109,74.5739,538.0,2013,3,28.06,40.36,16.5,38.76,0.03,23.66,2.52,0.15,0.5
Shirol,16.7109,74.5739,538.0,2013,4,28.73,41.08,17.58,49.28,0.27,25.97,2.92,0.15,0.5
Shirol,16.7109,74.5739,538.0,2013,5,28.7,40.85,20.7,59.96,0.98,23.86,3.89,0.33,0.51
Shirol,16.7109,74.5739,538.0,2013,6,24.67,31.98,21.69,84.47,9.06,14.91,5.33,0.69,0.66
Shirol,16.7109,74.5739,538.0,2013,7,23.4,27.94,20.64,89.57,12.51,11.68,6.07,0.84,0.83
Shirol,16.7109,74.5739,538.0,2013,8,23.14,28.42,20.32,88.62,3.99,15.63,4.42,0.85,0.87
Shirol,16.7109,74.5739,538.0,2013,9,23.47,29.81,19.79,88.32,6.17,16.75,2.72,0.83,0.84
Shirol,16.7109,74.5739,538.0,2013,10,23.41,31.23,15.72,83.7,2.23,17.77,2.28,0.79,0.79
Shirol,16.7109,74.5739,538.0,2013,11,22.31,30.67,12.79,70.64,0.03,17.87,2.1,0.65,0.67
Shirol,16.7109,74.5739,538.0,2013,12,21.04,31.86,10.77,52.78,0.0,18.72,2.18,0.45,0.57
Shirol,16.7109,74.5739,538.0,2013,13,24.67,41.08,10.77,65.99,2.96,18.94,3.19,0.52,0.65
Shirol,16.7109,74.5739,538.0,2014,1,22.82,32.66,13.11,51.2,0.0,17.55,2.13,0.33,0.52
Shirol,16.7109,74.5739,538.0,2014,2,24.04,36.02,12.77,46.89,0.07,20.67,2.35,0.19,0.5
Shirol,16.7109,74.5739,538.0,2014,3,27.3,40.73,12.02,42.25,0.33,23.15,2.2,0.25,0.51
Shirol,16.7109,74.5739,538.0,2014,4,29.81,40.5,18.36,43.21,0.3,22.58,2.15,0.2,0.5
Shirol,16.7109,74.5739,538.0,2014,5,28.91,40.15,19.78,57.46,1.8,23.09,2.69,0.41,0.52
Shirol,16.7109,74.5739,538.0,2014,6,26.59,39.13,21.65,74.65,3.12,20.14,4.48,0.53,0.56
Shirol,16.7109,74.5739,538.0,2014,7,24.35,32.36,20.84,84.94,12.6,13.85,5.83,0.72,0.7
Shirol,16.7109,74.5739,538.0,2014,8,23.85,30.76,19.92,87.59,8.36,15.16,3.95,0.84,0.85
Shirol,16.7109,74.5739,538.0,2014,9,23.78,31.79,19.34,85.9,3.29,16.97,3.15,0.83,0.85
Shirol,16.7109,74.5739,538.0,2014,10,24.1,31.82,15.04,76.4,2.82,18.74,1.79,0.75,0.75
Shirol,16.7109,74.5739,538.0,2014,11,22.12,30.94,12.44,68.02,0.82,17.58,2.2,0.67,0.66
Shirol,16.7109,74.5739,538.0,2014,12,21.52,32.04,11.57,58.2,0.37,16.83,2.2,0.5,0.57
Shirol,16.7109,74.5739,538.0,2014,13,24.93,40.73,11.57,64.84,2.86,18.84,2.93,0.52,0.62
Shirol,16.7109,74.5739,538.0,2015,1,21.48,33.25,9.82,48.51,0.01,18.12,1.92,0.37,0.52
Shirol,16.7109,74.5739,538.0,2015,2,24.43,36.36,14.69,37.41,0.28,22.36,2.0,0.19,0.5
Shirol,16.7109,74.5739,538.0,2015,3,26.98,39.78,11.24,48.76,0.54,21.92,2.09,0.32,0.51
Shirol,16.7109,74.5739,538.0,2015,4,28.86,41.74,18.14,48.78,0.56,24.93,2.36,0.27,0.51
Shirol,16.7109,74.5739,538.0,2015,5,29.23,40.65,21.71,58.68,1.16,23.63,3.14,0.34,0.51
Shirol,16.7109,74.5739,538.0,2015,6,25.28,36.93,20.07,79.45,8.5,17.54,4.9,0.62,0.62
Shirol,16.7109,74.5739,538.0,2015,7,24.38,29.94,20.66,84.33,3.95,17.12,5.25,0.72,0.7
Shirol,16.7109,74.5739,538.0,2015,8,24.15,31.31,20.6,85.06,3.79,16.57,3.89,0.72,0.7
Shirol,16.7109,74.5739,538.0,2015,9,24.17,32.5,18.87,82.75,3.24,18.71,2.58,0.7,0.68
Shirol,16.7109,74.5739,538.0,2015,10,25.68,33.97,18.67,69.81,1.84,18.75,1.52,0.61,0.64
Shirol,16.7109,74.5739,538.0,2015,11,25.05,34.03,15.71,59.58,0.28,17.28,2.17,0.45,0.55
Shirol,16.7109,74.5739,538.0,2015,12,24.5,35.86,12.68,44.6,0.02,17.54,2.29,0.29,0.51
Shirol,16.7109,74.5739,538.0,2015,13,25.35,41.74,9.82,62.46,2.02,19.52,2.85,0.47,0.58
Shirol,16.7109,74.5739,538.0,2016,1,23.19,36.02,13.92,39.41,0.0,18.41,1.97,0.17,0.5
Shirol,16.7109,74.5739,538.0,2016,2,26.04,40.04,14.39,43.81,0.04,20.99,1.97,0.13,0.5
Shirol,16.7109,74.5739,538.0,2016,3,28.75,40.81,16.18,41.31,0.22,23.37,2.2,0.19,0.5
Shirol,16.7109,74.5739,538.0,2016,4,30.23,42.77,18.32,45.63,0.25,24.84,2.82,0.21,0.51
Shirol,16.7109,74.5739,538.0,2016,5,29.73,41.87,20.3,56.21,0.45,24.74,3.57,0.26,0.51
Shirol,16.7109,74.5739,538.0,2016,6,25.11,37.83,21.02,81.95,10.74,15.37,4.19,0.67,0.64
Shirol,16.7109,74.5739,538.0,2016,7,23.42,28.0,20.61,91.35,20.79,12.5,4.71,0.92,0.92
Shirol,16.7109,74.5739,538.0,2016,8,23.16,28.18,20.2,90.66,12.27,14.72,4.54,0.93,0.95
Shirol,16.7109,74.5739,538.0,2016,9,22.6,28.42,17.79,89.89,5.0,15.93,3.08,0.87,0.87
Shirol,16.7109,74.5739,538.0,2016,10,22.23,30.32,13.24,78.99,1.32,18.92,1.98,0.8,0.81
Shirol,16.7109,74.5739,538.0,2016,11,20.91,33.08,12.23,60.51,0.42,18.83,2.19,0.65,0.65
Shirol,16.7109,74.5739,538.0,2016,12,21.92,33.18,10.6,46.44,0.0,17.9,2.35,0.44,0.56
Shirol,16.7109,74.5739,538.0,2016,13,24.77,42.77,10.6,63.89,4.32,18.87,2.97,0.52,0.66
Shirol,16.7109,74.5739,538.0,2017,1,22.59,35.14,11.46,39.89,0.0,18.74,2.07,0.29,0.51
Shirol,16.7109,74.5739,538.0,2017,2,25.47,38.25,14.38,32.64,0.0,22.65,2.23,0.15,0.5
Shirol,16.7109,74.5739,538.0,2017,3,27.16,41.19,13.18,42.86,0.01,24.66,2.14,0.12,0.5
Shirol,16.7109,74.5739,538.0,2017,4,29.66,42.04,19.06,45.26,0.13,25.72,2.71,0.11,0.5
Shirol,16.7109,74.5739,538.0,2017,5,29.27,40.4,20.61,58.25,1.87,23.62,3.25,0.33,0.51
Shirol,16.7109,74.5739,538.0,2017,6,25.36,35.74,20.24,80.71,6.97,17.19,4.57,0.63,0.62
Shirol,16.7109,74.5739,538.0,2017,7,24.07,28.93,20.77,87.06,10.23,15.39,5.32,0.81,0.79
Shirol,16.7109,74.5739,538.0,2017,8,23.74,29.17,19.69,87.35,6.39,15.7,3.71,0.82,0.82
Shirol,16.7109,74.5739,538.0,2017,9,24.1,30.05,19.71,87.88,11.27,16.13,2.21,0.88,0.89
Shirol,16.7109,74.5739,538.0,2017,10,23.49,30.12,15.63,84.31,3.81,16.86,1.53,0.89,0.91
Shirol,16.7109,74.5739,538.0,2017,11,21.09,30.11,12.6,73.22,0.03,18.07,1.96,0.76,0.75
Shirol,16.7109,74.5739,538.0,2017,12,20.7,29.96,11.67,62.83,0.15,16.75,2.35,0.59,0.62
Shirol,16.7109,74.5739,538.0,2017,13,24.72,42.04,11.46,65.38,3.42,19.26,2.84,0.53,0.66
Shirol,16.7109,74.5739,538.0,2018,1,21.87,33.26,11.72,45.71,0.0,17.99,1.78,0.41,0.54
Shirol,16.7109,74.5739,538.0,2018,2,24.9,36.85,12.47,31.65,0.01,20.81,1.93,0.24,0.51
Shirol,16.7109,74.5739,538.0,2018,3,27.94,39.64,16.85,40.44,0.18,22.02,1.9,0.19,0.5
Shirol,16.7109,74.5739,538.0,2018,4,30.13,41.48,18.78,42.52,0.31,24.03,2.25,0.21,0.5
Shirol,16.7109,74.5739,538.0,2018,5,28.4,41.8,20.05,63.01,2.24,22.2,2.81,0.42,0.53
Shirol,16.7109,74.5739,538.0,2018,6,24.88,33.72,20.54,85.25,12.52,15.86,4.3,0.75,0.71
Shirol,16.7109,74.5739,538.0,2018,7,23.45,28.09,20.08,90.16,13.91,12.03,5.58,0.89,0.9
Shirol,16.7109,74.5739,538.0,2018,8,22.95,27.35,20.19,89.83,7.43,12.8,5.26,0.88,0.9
Shirol,16.7109,74.5739,538.0,2018,9,23.34,29.9,17.77,85.08,4.42,19.86,2.28,0.83,0.83
Shirol,16.7109,74.5739,538.0,2018,10,24.07,31.92,14.09,71.51,1.25,19.72,1.7,0.76,0.76
Shirol,16.7109,74.5739,538.0,2018,11,23.29,32.3,13.15,61.14,0.65,17.95,1.91,0.6,0.62
Shirol,16.7109,74.5739,538.0,2018,12,21.95,32.44,10.65,52.77,0.06,16.69,2.01,0.43,0.55
Shirol,16.7109,74.5739,538.0,2018,13,24.76,41.8,10.65,63.46,3.6,18.47,2.82,0.55,0.66
Shirol,16.7109,74.5739,538.0,2019,1,21.94,33.31,10.84,36.45,0.0,18.83,2.12,0.26,0.51
Shirol,16.7109,74.5739,538.0,2019,2,25.19,38.36,11.06,36.8,0.0,22.1,2.11,0.15,0.5
Shirol,16.7109,74.5739,538.0,2019,3,27.66,41.18,13.92,38.93,0.22,24.41,2.22,0.14,0.5
Shirol,16.7109,74.5739,538.0,2019,4,30.27,42.75,18.59,44.29,0.39,24.75,2.47,0.25,0.51
Shirol,16.7109,74.5739,538.0,2019,5,29.89,42.91,20.39,51.26,0.05,25.63,3.54,0.17,0.5
Shirol,16.7109,74.5739,538.0,2019,6,26.91,40.75,21.39,73.74,9.62,17.72,4.01,0.51,0.57
Shirol,16.7109,74.5739,538.0,2019,7,24.14,29.29,21.29,90.32,19.0,14.33,4.75,0.9,0.89
Shirol,16.7109,74.5739,538.0,2019,8,23.48,27.91,20.51,91.55,22.92,13.94,4.86,0.94,0.96
Shirol,16.7109,74.5739,538.0,2019,9,23.43,28.75,19.53,91.01,10.14,14.34,3.59,0.92,0.95
Shirol,16.7109,74.5739,538.0,2019,10,23.33,28.85,18.06,88.61,8.6,15.73,1.91,0.92,0.94
Shirol,16.7109,74.5739,538.0,2019,11,22.03,28.94,14.72,83.3,0.31,17.27,2.06,0.86,0.87
Shirol,16.7109,74.5739,538.0,2019,12,21.91,29.14,15.49,78.58,0.09,15.39,2.09,0.73,0.71
Shirol,16.7109,74.5739,538.0,2019,13,25.01,42.91,10.84,67.25,6.0,18.68,2.98,0.57,0.7
Shirol,16.7109,74.5739,538.0,2020,1,21.64,33.09,11.57,66.78,0.0,17.83,1.86,0.56,0.59
Shirol,16.7109,74.5739,538.0,2020,2,24.47,36.35,12.16,46.96,0.02,20.73,2.04,0.38,0.53
Shirol,16.7109,74.5739,538.0,2020,3,27.31,40.24,15.59,46.76,0.34,23.32,2.32,0.26,0.51
Shirol,16.7109,74.5739,538.0,2020,4,29.95,40.98,18.41,47.84,1.23,24.15,2.23,0.34,0.51
Shirol,16.7109,74.5739,538.0,2020,5,30.25,42.3,22.06,55.71,1.37,23.69,2.97,0.34,0.51
Shirol,16.7109,74.5739,538.0,2020,6,24.9,31.44,20.56,84.43,12.09,17.11,3.93,0.75,0.71
Shirol,16.7109,74.5739,538.0,2020,7,23.85,28.65,20.58,89.35,12.18,14.89,3.85,0.89,0.89
Shirol,16.7109,74.5739,538.0,2020,8,23.58,27.86,20.53,92.14,18.02,12.62,4.79,0.94,0.95
Shirol,16.7109,74.5739,538.0,2020,9,23.63,30.39,19.91,90.18,9.75,16.03,2.69,0.92,0.95
Shirol,16.7109,74.5739,538.0,2020,10,23.4,29.39,16.54,88.19,8.24,15.29,1.82,0.92,0.94
Shirol,16.7109,74.5739,538.0,2020,11,22.02,28.33,13.28,82.37,0.01,17.18,2.4,0.83,0.83
Shirol,16.7109,74.5739,538.0,2020,12,20.96,30.06,10.89,72.52,0.04,17.33,2.19,0.68,0.67
Shirol,16.7109,74.5739,538.0,2020,13,24.66,42.3,10.89,72.03,5.3,18.33,2.76,0.65,0.72
Shirol,16.7109,74.5739,538.0,2021,1,23.28,33.37,14.62,65.3,0.29,16.84,1.51,0.53,0.58
Shirol,16.7109,74.5739,538.0,2021,2,24.01,36.83,13.26,48.38,0.25,20.51,2.12,0.39,0.52
Shirol,16.7109,74.5739,538.0,2021,3,28.72,40.52,16.68,37.52,0.03,23.04,1.84,0.19,0.5
Shirol,16.7109,74.5739,538.0,2021,4,29.26,40.43,17.94,49.46,1.39,23.31,2.12,0.32,0.51
Shirol,16.7109,74.5739,538.0,2021,5,27.38,38.03,21.44,70.98,6.0,20.4,3.0,0.57,0.58
Shirol,16.7109,74.5739,538.0,2021,6,24.5,31.95,20.66,86.7,14.5,16.35,3.85,0.81,0.79
Shirol,16.7109,74.5739,538.0,2021,7,23.65,28.39,20.89,91.15,22.69,13.98,4.67,0.92,0.92
Shirol,16.7109,74.5739,538.0,2021,8,23.34,28.46,19.27,88.95,3.85,15.46,3.48,0.89,0.91
Shirol,16.7109,74.5739,538.0,2021,9,23.34,28.35,17.69,90.1,6.41,14.82,3.58,0.87,0.88
Shirol,16.7109,74.5739,538.0,2021,10,23.87,29.79,15.84,84.13,3.61,18.62,1.75,0.84,0.85
Shirol,16.7109,74.5739,538.0,2021,11,23.26,30.01,14.96,81.23,2.0,14.11,2.05,0.75,0.73
Shirol,16.7109,74.5739,538.0,2021,12,21.11,28.81,11.7,77.18,2.2,15.55,1.78,0.72,0.71
Shirol,16.7109,74.5739,538.0,2021,13,24.64,40.52,11.7,72.74,5.3,17.73,2.65,0.65,0.71
Shirol,16.7109,74.5739,538.0,2022,1,20.44,32.84,10.15,65.69,0.02,18.03,1.94,0.54,0.59
Shirol,16.7109,74.5739,538.0,2022,2,23.63,36.22,12.75,50.26,0.0,21.26,1.86,0.37,0.53
Shirol,16.7109,74.5739,538.0,2022,3,28.38,40.92,17.23,42.63,0.35,21.01,2.05,0.25,0.51
Shirol,16.7109,74.5739,538.0,2022,4,29.16,40.83,19.52,52.35,1.53,22.07,1.91,0.39,0.52
Shirol,16.7109,74.5739,538.0,2022,5,28.15,40.41,20.86,64.97,2.19,20.66,3.65,0.41,0.53
Shirol,16.7109,74.5739,538.0,2022,6,25.25,33.81,20.77,79.56,7.31,18.17,3.62,0.62,0.61
Shirol,16.7109,74.5739,538.0,2022,7,23.61,29.43,20.82,89.77,14.76,12.85,4.74,0.88,0.88
Shirol,16.7109,74.5739,538.0,2022,8,23.24,29.13,20.13,90.46,11.56,14.18,4.28,0.92,0.93
Shirol,16.7109,74.5739,538.0,2022,9,23.25,29.92,18.4,90.17,7.66,16.2,2.74,0.91,0.92
Shirol,16.7109,74.5739,538.0,2022,10,22.69,29.25,14.1,84.57,6.18,16.48,1.82,0.88,0.9
Shirol,16.7109,74.5739,538.0,2022,11,21.33,29.05,11.55,78.57,0.05,17.04,2.16,0.78,0.77
Shirol,16.7109,74.5739,538.0,2022,12,22.34,32.02,11.59,69.24,0.06,16.24,2.06,0.63,0.63
Shirol,16.7109,74.5739,538.0,2022,13,24.29,40.92,10.15,71.65,4.34,17.81,2.74,0.63,0.69
Shirol,16.7109,74.5739,538.0,2023,1,22.06,32.95,11.07,51.88,0.0,18.75,1.72,0.43,0.55
Shirol,16.7109,74.5739,538.0,2023,2,25.36,37.5,14.99,25.67,0.0,22.15,2.4,0.25,0.51
Shirol,16.7109,74.5739,538.0,2023,3,26.72,38.61,14.91,38.86,0.02,23.6,2.52,0.15,0.5
Shirol,16.7109,74.5739,538.0,2023,4,29.08,41.2,16.52,45.42,0.46,24.12,2.2,0.24,0.51
Shirol,16.7109,74.5739,538.0,2023,5,29.25,40.3,19.96,55.47,0.98,24.36,2.82,0.33,0.51
Shirol,16.7109,74.5739,538.0,2023,6,27.04,37.55,21.34,71.68,4.2,20.98,4.32,0.47,0.53
Shirol,16.7109,74.5739,538.0,2023,7,23.89,28.97,21.19,88.97,19.04,11.97,5.46,0.83,0.8
Shirol,16.7109,74.5739,538.0,2023,8,23.65,29.7,19.76,88.29,3.0,17.02,3.7,0.85,0.87
Shirol,16.7109,74.5739,538.0,2023,9,23.85,30.24,19.76,88.27,6.58,15.75,3.23,0.81,0.81
Shirol,16.7109,74.5739,538.0,2023,10,24.21,31.44,15.69,76.18,1.17,18.03,1.9,0.78,0.79
Shirol,16.7109,74.5739,538.0,2023,11,23.86,31.59,15.53,74.17,1.25,15.31,1.9,0.66,0.66
Shirol,16.7109,74.5739,538.0,2023,12,23.0,33.24,14.52,56.67,0.05,16.12,2.44,0.48,0.57
Shirol,16.7109,74.5739,538.0,2023,13,25.15,41.2,11.07,63.7,3.09,18.99,2.89,0.53,0.64
