District_Name,Year,Month,Temperature_C,Humidity_pct,Rain_mm_per_day
Mumbai City,1997,1,22.19,53.5,0.07
Mumbai City,1997,2,24.26,43.41,0.0
Mumbai City,1997,3,29.39,39.59,0.0
Mumbai City,1997,4,29.28,52.13,0.06
Mumbai City,1997,5,30.53,58.21,0.04
Mumbai City,1997,6,28.11,81.08,18.52
Mumbai City,1997,7,26.58,89.04,16.43
Mumbai City,1997,8,25.85,90.2,21.61
Mumbai City,1997,9,25.65,87.38,5.82
Mumbai City,1997,10,25.83,77.71,0.4
Mumbai City,1997,11,25.91,76.02,2.97
Mumbai City,1997,12,22.71,74.14,1.19
Mumbai City,1997,13,26.37,68.68,5.62
Mumbai City,1998,1,23.12,58.52,0.0
Mumbai City,1998,2,24.43,48.41,0.0
Mumbai City,1998,3,27.85,46.57,0.0
Mumbai City,1998,4,31.11,53.7,0.0
Mumbai City,1998,5,32.62,55.89,0.23
Mumbai City,1998,6,29.56,74.36,11.63
Mumbai City,1998,7,26.75,89.6,19.45
Mumbai City,1998,8,26.86,90.62,13.95
Mumbai City,1998,9,26.59,89.66,13.27
Mumbai City,1998,10,26.26,83.83,10.03
Mumbai City,1998,11,24.12,75.64,1.09
Mumbai City,1998,12,21.59,63.37,0.0
Mumbai City,1998,13,26.75,69.31,5.84
Mumbai City,1999,1,21.69,57.15,0.0
Mumbai City,1999,2,26.64,47.81,0.02
Mumbai City,1999,3,29.11,39.89,0.0
Mumbai City,1999,4,30.45,56.05,0.0
Mumbai City,1999,5,29.47,67.4,1.73
Mumbai City,1999,6,27.7,80.92,15.31
Mumbai City,1999,7,26.53,88.56,12.75
Mumbai City,1999,8,25.75,88.92,4.9
Mumbai City,1999,9,25.76,88.91,10.98
Mumbai City,1999,10,25.63,80.87,7.52
Mumbai City,1999,11,23.38,66.99,0.0
Mumbai City,1999,12,22.33,56.12,0.0
Mumbai City,1999,13,26.19,68.41,4.45
Mumbai City,2000,1,23.43,48.02,0.0
Mumbai City,2000,2,24.14,51.28,0.0
Mumbai City,2000,3,27.56,42.79,0.0
Mumbai City,2000,4,30.74,55.3,0.0
Mumbai City,2000,5,29.2,70.9,8.71
Mumbai City,2000,6,27.58,84.18,10.48
Mumbai City,2000,7,25.99,88.47,26.48
Mumbai City,2000,8,26.09,88.43,11.54
Mumbai City,2000,9,26.25,86.14,3.41
Mumbai City,2000,10,26.36,78.52,2.05
Mumbai City,2000,11,24.72,63.81,0.15
Mumbai City,2000,12,23.32,44.4,0.36
Mumbai City,2000,13,26.28,66.88,5.31
Mumbai City,2001,1,24.19,46.1,0.0
Mumbai City,2001,2,25.55,41.31,0.0
Mumbai City,2001,3,27.22,55.51,0.0
Mumbai City,2001,4,30.78,49.6,0.05
Mumbai City,2001,5,30.76,62.44,0.94
Mumbai City,2001,6,27.71,81.88,16.89
Mumbai City,2001,7,26.25,88.99,20.17
Mumbai City,2001,8,25.64,90.94,13.87
Mumbai City,2001,9,26.15,87.68,5.2
Mumbai City,2001,10,25.84,80.23,3.88
Mumbai City,2001,11,24.41,66.72,0.21
Mumbai City,2001,12,23.69,56.33,0.0
Mumbai City,2001,13,26.52,67.48,5.14
Mumbai City,2002,1,22.4,51.24,0.0
Mumbai City,2002,2,26.27,39.36,0.0
Mumbai City,2002,3,29.44,43.22,0.01
Mumbai City,2002,4,31.34,50.05,0.07
Mumbai City,2002,5,31.5,60.51,0.28
Mumbai City,2002,6,28.85,77.94,16.63
Mumbai City,2002,7,26.88,85.08,4.09
Mumbai City,2002,8,25.8,89.88,18.7
Mumbai City,2002,9,25.84,85.8,2.99
Mumbai City,2002,10,26.92,71.8,0.56
Mumbai City,2002,11,25.61,57.2,0.09
Mumbai City,2002,12,24.62,48.81,0.0
Mumbai City,2002,13,27.12,63.56,3.63
Mumbai City,2003,1,25.72,42.97,0.0
Mumbai City,2003,2,26.34,48.37,0.3
Mumbai City,2003,3,28.57,41.95,0.0
Mumbai City,2003,4,30.97,52.54,0.03
Mumbai City,2003,5,31.29,58.44,0.0
Mumbai City,2003,6,28.79,79.64,23.64
Mumbai City,2003,7,26.96,89.79,18.89
Mumbai City,2003,8,26.23,89.52,12.27
Mumbai City,2003,9,25.89,88.94,7.78
Mumbai City,2003,10,25.95,75.98,1.65
Mumbai City,2003,11,24.78,69.89,0.04
Mumbai City,2003,12,23.45,56.57,0.01
Mumbai City,2003,13,27.08,66.29,5.4
Mumbai City,2004,1,23.26,51.89,0.01
Mumbai City,2004,2,26.36,38.94,0.0
Mumbai City,2004,3,30.38,37.07,0.0
Mumbai City,2004,4,30.35,57.17,0.0
Mumbai City,2004,5,30.85,62.81,2.97
Mumbai City,2004,6,27.99,81.28,12.55
Mumbai City,2004,7,26.76,87.27,21.17
Mumbai City,2004,8,25.75,90.59,30.79
Mumbai City,2004,9,26.47,86.95,7.59
Mumbai City,2004,10,25.08,76.77,0.88
Mumbai City,2004,11,25.05,66.56,0.14
Mumbai City,2004,12,23.57,54.36,0.0
Mumbai City,2004,13,26.82,66.04,6.39
Mumbai City,2005,1,22.88,49.6,0.11
Mumbai City,2005,2,25.2,46.68,0.0
Mumbai City,2005,3,28.31,48.31,0.01
Mumbai City,2005,4,30.55,48.54,0.45
Mumbai City,2005,5,30.99,59.87,0.49
Mumbai City,2005,6,29.35,76.08,26.21
Mumbai City,2005,7,26.63,91.14,34.58
Mumbai City,2005,8,26.02,90.19,15.13
Mumbai City,2005,9,25.88,92.06,25.87
Mumbai City,2005,10,25.52,77.0,2.44
Mumbai City,2005,11,23.08,66.68,0.0
Mumbai City,2005,12,22.29,58.58,0.0
Mumbai City,2005,13,26.39,67.19,8.8
Mumbai City,2006,1,23.41,49.35,0.0
Mumbai City,2006,2,27.45,38.58,0.0
Mumbai City,2006,3,28.19,48.1,0.31
Mumbai City,2006,4,29.69,56.88,0.0
Mumbai City,2006,5,30.6,63.86,5.91
Mumbai City,2006,6,28.23,81.59,14.65
Mumbai City,2006,7,26.03,91.13,36.32
Mumbai City,2006,8,25.47,91.52,34.05
Mumbai City,2006,9,26.08,90.43,12.82
Mumbai City,2006,10,26.46,79.43,4.75
Mumbai City,2006,11,24.64,74.58,0.8
Mumbai City,2006,12,23.59,62.22,0.01
Mumbai City,2006,13,26.64,69.15,9.23
Mumbai City,2007,1,23.93,51.69,0.0
Mumbai City,2007,2,25.54,53.43,0.01
Mumbai City,2007,3,28.9,42.48,0.0
Mumbai City,2007,4,31.38,50.85,0.28
Mumbai City,2007,5,31.1,60.14,0.14
Mumbai City,2007,6,28.75,81.18,28.52
Mumbai City,2007,7,26.82,89.76,24.2
Mumbai City,2007,8,26.25,90.84,19.71
Mumbai City,2007,9,26.4,89.6,15.04
Mumbai City,2007,10,25.24,73.54,0.16
Mumbai City,2007,11,24.15,68.08,0.26
Mumbai City,2007,12,23.72,60.73,0.0
Mumbai City,2007,13,26.85,67.76,7.38
Mumbai City,2008,1,22.51,47.32,0.0
Mumbai City,2008,2,24.17,39.35,0.0
Mumbai City,2008,3,28.93,44.24,0.22
Mumbai City,2008,4,30.6,51.87,0.01
Mumbai City,2008,5,30.56,61.49,0.11
Mumbai City,2008,6,27.73,84.03,22.72
Mumbai City,2008,7,26.47,89.39,21.06
Mumbai City,2008,8,25.81,90.33,22.08
Mumbai City,2008,9,25.96,88.88,17.57
Mumbai City,2008,10,25.73,75.21,1.17
Mumbai City,2008,11,24.64,67.6,0.08
Mumbai City,2008,12,24.6,58.16,0.23
Mumbai City,2008,13,26.48,66.57,7.11
Mumbai City,2009,1,24.88,50.29,0.0
Mumbai City,2009,2,26.6,39.78,0.0
Mumbai City,2009,3,29.64,42.01,0.1
Mumbai City,2009,4,31.96,47.6,0.02
Mumbai City,2009,5,31.21,58.69,0.07
Mumbai City,2009,6,29.42,72.9,7.38
Mumbai City,2009,7,26.48,90.44,33.97
Mumbai City,2009,8,26.39,89.42,12.96
Mumbai City,2009,9,26.61,88.71,9.22
Mumbai City,2009,10,26.04,75.76,6.74
Mumbai City,2009,11,24.36,75.11,3.65
Mumbai City,2009,12,23.02,67.18,0.0
Mumbai City,2009,13,27.21,66.66,6.24
Mumbai City,2010,1,23.54,56.91,0.01
Mumbai City,2010,2,25.03,50.76,0.0
Mumbai City,2010,3,29.45,46.79,0.19
Mumbai City,2010,4,31.34,53.3,0.02
Mumbai City,2010,5,32.12,59.92,0.26
Mumbai City,2010,6,28.52,84.07,22.18
Mumbai City,2010,7,26.74,91.49,34.17
Mumbai City,2010,8,26.38,91.06,28.08
Mumbai City,2010,9,26.57,88.74,8.69
Mumbai City,2010,10,26.64,81.91,6.3
Mumbai City,2010,11,25.74,82.33,2.19
Mumbai City,2010,12,21.53,70.72,0.0
Mumbai City,2010,13,26.97,71.61,8.58
Mumbai City,2011,1,21.97,56.83,0.0
Mumbai City,2011,2,24.51,51.27,0.01
Mumbai City,2011,3,29.24,39.23,0.0
Mumbai City,2011,4,30.3,55.11,0.23
Mumbai City,2011,5,30.77,60.96,0.07
Mumbai City,2011,6,28.19,82.42,11.67
Mumbai City,2011,7,26.52,90.04,34.91
Mumbai City,2011,8,26.08,91.33,20.66
Mumbai City,2011,9,25.98,88.54,11.61
Mumbai City,2011,10,26.43,79.16,5.41
Mumbai City,2011,11,24.86,66.61,0.01
Mumbai City,2011,12,23.2,58.8,0.0
Mumbai City,2011,13,26.51,68.45,7.12
Mumbai City,2012,1,21.5,54.44,0.0
Mumbai City,2012,2,25.2,35.81,0.0
Mumbai City,2012,3,27.83,37.52,0.0
Mumbai City,2012,4,30.52,53.32,0.08
Mumbai City,2012,5,30.43,61.28,0.06
Mumbai City,2012,6,29.13,74.58,7.85
Mumbai City,2012,7,26.85,88.77,18.4
Mumbai City,2012,8,26.21,90.3,12.86
Mumbai City,2012,9,25.97,89.12,13.61
Mumbai City,2012,10,26.4,78.5,6.67
Mumbai City,2012,11,24.0,67.33,0.01
Mumbai City,2012,12,23.35,63.03,0.0
Mumbai City,2012,13,26.45,66.28,4.98
Mumbai City,2013,1,22.57,53.53,0.0
Mumbai City,2013,2,25.71,50.1,0.24
Mumbai City,2013,3,28.78,42.68,0.03
Mumbai City,2013,4,29.75,55.77,0.0
Mumbai City,2013,5,31.21,60.35,0.01
Mumbai City,2013,6,27.51,86.41,31.05
Mumbai City,2013,7,25.94,91.67,28.47
Mumbai City,2013,8,25.76,89.88,7.7
Mumbai City,2013,9,26.22,88.6,10.5
Mumbai City,2013,10,26.22,82.0,2.86
Mumbai City,2013,11,24.46,71.14,0.14
Mumbai City,2013,12,22.84,60.91,0.07
Mumbai City,2013,13,26.41,69.51,6.77
Mumbai City,2014,1,23.15,56.91,0.02
Mumbai City,2014,2,24.79,48.44,0.01
Mumbai City,2014,3,28.46,45.22,0.13
Mumbai City,2014,4,30.78,48.89,0.07
Mumbai City,2014,5,31.47,56.52,0.41
Mumbai City,2014,6,30.46,68.07,2.53
Mumbai City,2014,7,27.21,86.6,41.88
Mumbai City,2014,8,26.19,90.45,20.02
Mumbai City,2014,9,26.17,86.91,9.38
Mumbai City,2014,10,26.66,75.36,0.97
Mumbai City,2014,11,25.11,67.06,0.65
Mumbai City,2014,12,23.07,54.41,0.61
Mumbai City,2014,13,26.97,65.52,6.48
Mumbai City,2015,1,22.88,53.44,0.03
Mumbai City,2015,2,25.97,43.43,0.06
Mumbai City,2015,3,28.03,50.36,1.62
Mumbai City,2015,4,30.07,56.22,0.06
Mumbai City,2015,5,31.4,61.29,1.09
Mumbai City,2015,6,28.35,80.54,26.8
Mumbai City,2015,7,26.95,86.62,9.09
Mumbai City,2015,8,26.53,87.4,3.96
Mumbai City,2015,9,26.51,84.46,10.29
Mumbai City,2015,10,27.46,75.88,2.33
Mumbai City,2015,11,25.39,69.43,0.98
Mumbai City,2015,12,23.88,52.73,0.0
Mumbai City,2015,13,26.95,66.94,4.68
Mumbai City,2016,1,23.49,45.48,0.01
Mumbai City,2016,2,25.65,50.44,0.68
Mumbai City,2016,3,29.19,47.83,0.13
Mumbai City,2016,4,30.52,53.82,0.05
Mumbai City,2016,5,31.46,61.31,0.3
Mumbai City,2016,6,29.21,77.23,17.64
Mumbai City,2016,7,26.3,91.17,32.07
Mumbai City,2016,8,25.89,90.72,22.76
Mumbai City,2016,9,25.62,90.0,20.22
Mumbai City,2016,10,24.98,78.89,3.24
Mumbai City,2016,11,23.03,61.15,0.0
Mumbai City,2016,12,23.35,53.87,0.0
Mumbai City,2016,13,26.56,66.87,8.12
Mumbai City,2017,1,23.34,48.83,0.0
Mumbai City,2017,2,26.96,37.84,0.0
Mumbai City,2017,3,28.45,46.6,0.06
Mumbai City,2017,4,30.36,53.13,0.01
Mumbai City,2017,5,31.54,59.1,0.43
Mumbai City,2017,6,28.54,82.24,19.75
Mumbai City,2017,7,26.63,89.94,32.79
Mumbai City,2017,8,26.16,89.93,21.57
Mumbai City,2017,9,26.7,88.39,15.73
Mumbai City,2017,10,26.64,77.32,4.4
Mumbai City,2017,11,23.55,67.16,0.03
Mumbai City,2017,12,22.3,66.65,1.52
Mumbai City,2017,13,26.76,67.44,8.08
Mumbai City,2018,1,23.07,54.45,0.07
Mumbai City,2018,2,26.01,44.69,0.23
Mumbai City,2018,3,29.21,42.51,0.05
Mumbai City,2018,4,30.89,51.32,0.03
Mumbai City,2018,5,31.38,59.21,0.17
Mumbai City,2018,6,28.59,81.75,17.96
Mumbai City,2018,7,26.3,91.0,31.31
Mumbai City,2018,8,25.74,89.94,13.67
Mumbai City,2018,9,25.94,85.51,3.32
Mumbai City,2018,10,26.92,69.41,0.7
Mumbai City,2018,11,25.81,58.87,0.22
Mumbai City,2018,12,23.39,46.4,0.01
Mumbai City,2018,13,26.94,64.7,5.69
Mumbai City,2019,1,23.38,34.59,0.01
Mumbai City,2019,2,25.35,40.49,0.01
Mumbai City,2019,3,28.04,43.84,0.02
Mumbai City,2019,4,30.88,52.8,0.12
Mumbai City,2019,5,31.03,58.28,0.01
Mumbai City,2019,6,29.84,73.44,14.56
Mumbai City,2019,7,26.93,90.82,35.39
Mumbai City,2019,8,26.27,90.75,21.28
Mumbai City,2019,9,26.32,91.42,31.32
Mumbai City,2019,10,26.39,84.44,6.22
Mumbai City,2019,11,25.18,78.56,1.78
Mumbai City,2019,12,23.91,76.75,0.09
Mumbai City,2019,13,26.96,68.18,9.28
Mumbai City,2020,1,21.67,67.73,0.01
Mumbai City,2020,2,25.17,49.88,0.01
Mumbai City,2020,3,27.62,49.34,0.13
Mumbai City,2020,4,31.56,51.15,0.17
Mumbai City,2020,5,32.2,57.28,0.24
Mumbai City,2020,6,28.13,82.85,15.44
Mumbai City,2020,7,26.93,90.18,25.12
Mumbai City,2020,8,26.35,92.3,38.82
Mumbai City,2020,9,26.52,90.18,12.14
Mumbai City,2020,10,26.94,82.78,5.82
Mumbai City,2020,11,24.84,75.99,0.02
Mumbai City,2020,12,23.24,69.43,0.39
Mumbai City,2020,13,26.76,71.67,8.25
Mumbai City,2021,1,24.23,61.76,0.27
Mumbai City,2021,2,25.35,48.28,0.41
Mumbai City,2021,3,29.88,37.32,0.07
Mumbai City,2021,4,31.06,51.04,0.26
Mumbai City,2021,5,30.72,65.07,10.6
Mumbai City,2021,6,27.82,86.38,21.88
Mumbai City,2021,7,26.86,89.71,33.94
Mumbai City,2021,8,26.2,88.87,12.21
Mumbai City,2021,9,26.22,91.12,19.06
Mumbai City,2021,10,26.27,81.4,2.35
Mumbai City,2021,11,25.42,78.9,1.66
Mumbai City,2021,12,22.42,75.31,2.28
Mumbai City,2021,13,26.88,71.39,8.8
Mumbai City,2022,1,21.28,67.96,0.07
Mumbai City,2022,2,23.56,56.72,0.01
Mumbai City,2022,3,29.83,41.7,0.2
Mumbai City,2022,4,31.74,50.69,0.13
Mumbai City,2022,5,31.18,61.81,0.27
Mumbai City,2022,6,28.89,76.63,11.25
Mumbai City,2022,7,26.35,90.49,40.4
Mumbai City,2022,8,26.09,90.16,18.64
Mumbai City,2022,9,26.2,90.01,17.38
Mumbai City,2022,10,25.41,82.64,6.08
Mumbai City,2022,11,23.23,72.32,0.02
Mumbai City,2022,12,23.79,68.69,0.18
Mumbai City,2022,13,26.47,70.92,7.96
Mumbai City,2023,1,22.2,58.51,0.01
Mumbai City,2023,2,26.46,32.89,0.01
Mumbai City,2023,3,28.35,44.47,0.52
Mumbai City,2023,4,30.76,47.4,0.31
Mumbai City,2023,5,31.29,58.09,0.37
Mumbai City,2023,6,29.7,73.54,15.1
Mumbai City,2023,7,26.7,91.28,45.34
Mumbai City,2023,8,26.27,88.92,7.26
Mumbai City,2023,9,26.6,89.95,16.12
Mumbai City,2023,10,26.52,77.09,0.82
Mumbai City,2023,11,25.16,73.49,1.02
Mumbai City,2023,12,24.12,64.6,0.02
Mumbai City,2023,13,27.0,66.92,7.29
Mumbai,1997,1,22.19,53.5,0.07
Mumbai,1997,2,24.26,43.41,0.0
Mumbai,1997,3,29.39,39.59,0.0
Mumbai,1997,4,29.28,52.13,0.06
Mumbai,1997,5,30.53,58.21,0.04
Mumbai,1997,6,28.11,81.08,18.52
Mumbai,1997,7,26.58,89.04,16.43
Mumbai,1997,8,25.85,90.2,21.61
Mumbai,1997,9,25.65,87.38,5.82
Mumbai,1997,10,25.83,77.71,0.4
Mumbai,1997,11,25.91,76.02,2.97
Mumbai,1997,12,22.71,74.14,1.19
Mumbai,1997,13,26.37,68.68,5.62
Mumbai,1998,1,23.12,58.52,0.0
Mumbai,1998,2,24.43,48.41,0.0
Mumbai,1998,3,27.85,46.57,0.0
Mumbai,1998,4,31.11,53.7,0.0
Mumbai,1998,5,32.62,55.89,0.23
Mumbai,1998,6,29.56,74.36,11.63
Mumbai,1998,7,26.75,89.6,19.45
Mumbai,1998,8,26.86,90.62,13.95
Mumbai,1998,9,26.59,89.66,13.27
Mumbai,1998,10,26.26,83.83,10.03
Mumbai,1998,11,24.12,75.64,1.09
Mumbai,1998,12,21.59,63.37,0.0
Mumbai,1998,13,26.75,69.31,5.84
Mumbai,1999,1,21.69,57.15,0.0
Mumbai,1999,2,26.64,47.81,0.02
Mumbai,1999,3,29.11,39.89,0.0
Mumbai,1999,4,30.45,56.05,0.0
Mumbai,1999,5,29.47,67.4,1.73
Mumbai,1999,6,27.7,80.92,15.31
Mumbai,1999,7,26.53,88.56,12.75
Mumbai,1999,8,25.75,88.92,4.9
Mumbai,1999,9,25.76,88.91,10.98
Mumbai,1999,10,25.63,80.87,7.52
Mumbai,1999,11,23.38,66.99,0.0
Mumbai,1999,12,22.33,56.12,0.0
Mumbai,1999,13,26.19,68.41,4.45
Mumbai,2000,1,23.43,48.02,0.0
Mumbai,2000,2,24.14,51.28,0.0
Mumbai,2000,3,27.56,42.79,0.0
Mumbai,2000,4,30.74,55.3,0.0
Mumbai,2000,5,29.2,70.9,8.71
Mumbai,2000,6,27.58,84.18,10.48
Mumbai,2000,7,25.99,88.47,26.48
Mumbai,2000,8,26.09,88.43,11.54
Mumbai,2000,9,26.25,86.14,3.41
Mumbai,2000,10,26.36,78.52,2.05
Mumbai,2000,11,24.72,63.81,0.15
Mumbai,2000,12,23.32,44.4,0.36
Mumbai,2000,13,26.28,66.88,5.31
Mumbai,2001,1,24.19,46.1,0.0
Mumbai,2001,2,25.55,41.31,0.0
Mumbai,2001,3,27.22,55.51,0.0
Mumbai,2001,4,30.78,49.6,0.05
Mumbai,2001,5,30.76,62.44,0.94
Mumbai,2001,6,27.71,81.88,16.89
Mumbai,2001,7,26.25,88.99,20.17
Mumbai,2001,8,25.64,90.94,13.87
Mumbai,2001,9,26.15,87.68,5.2
Mumbai,2001,10,25.84,80.23,3.88
Mumbai,2001,11,24.41,66.72,0.21
Mumbai,2001,12,23.69,56.33,0.0
Mumbai,2001,13,26.52,67.48,5.14
Mumbai,2002,1,22.4,51.24,0.0
Mumbai,2002,2,26.27,39.36,0.0
Mumbai,2002,3,29.44,43.22,0.01
Mumbai,2002,4,31.34,50.05,0.07
Mumbai,2002,5,31.5,60.51,0.28
Mumbai,2002,6,28.85,77.94,16.63
Mumbai,2002,7,26.88,85.08,4.09
Mumbai,2002,8,25.8,89.88,18.7
Mumbai,2002,9,25.84,85.8,2.99
Mumbai,2002,10,26.92,71.8,0.56
Mumbai,2002,11,25.61,57.2,0.09
Mumbai,2002,12,24.62,48.81,0.0
Mumbai,2002,13,27.12,63.56,3.63
Mumbai,2003,1,25.72,42.97,0.0
Mumbai,2003,2,26.34,48.37,0.3
Mumbai,2003,3,28.57,41.95,0.0
Mumbai,2003,4,30.97,52.54,0.03
Mumbai,2003,5,31.29,58.44,0.0
Mumbai,2003,6,28.79,79.64,23.64
Mumbai,2003,7,26.96,89.79,18.89
Mumbai,2003,8,26.23,89.52,12.27
Mumbai,2003,9,25.89,88.94,7.78
Mumbai,2003,10,25.95,75.98,1.65
Mumbai,2003,11,24.78,69.89,0.04
Mumbai,2003,12,23.45,56.57,0.01
Mumbai,2003,13,27.08,66.29,5.4
Mumbai,2004,1,23.26,51.89,0.01
Mumbai,2004,2,26.36,38.94,0.0
Mumbai,2004,3,30.38,37.07,0.0
Mumbai,2004,4,30.35,57.17,0.0
Mumbai,2004,5,30.85,62.81,2.97
Mumbai,2004,6,27.99,81.28,12.55
Mumbai,2004,7,26.76,87.27,21.17
Mumbai,2004,8,25.75,90.59,30.79
Mumbai,2004,9,26.47,86.95,7.59
Mumbai,2004,10,25.08,76.77,0.88
Mumbai,2004,11,25.05,66.56,0.14
Mumbai,2004,12,23.57,54.36,0.0
Mumbai,2004,13,26.82,66.04,6.39
Mumbai,2005,1,22.88,49.6,0.11
Mumbai,2005,2,25.2,46.68,0.0
Mumbai,2005,3,28.31,48.31,0.01
Mumbai,2005,4,30.55,48.54,0.45
Mumbai,2005,5,30.99,59.87,0.49
Mumbai,2005,6,29.35,76.08,26.21
Mumbai,2005,7,26.63,91.14,34.58
Mumbai,2005,8,26.02,90.19,15.13
Mumbai,2005,9,25.88,92.06,25.87
Mumbai,2005,10,25.52,77.0,2.44
Mumbai,2005,11,23.08,66.68,0.0
Mumbai,2005,12,22.29,58.58,0.0
Mumbai,2005,13,26.39,67.19,8.8
Mumbai,2006,1,23.41,49.35,0.0
Mumbai,2006,2,27.45,38.58,0.0
Mumbai,2006,3,28.19,48.1,0.31
Mumbai,2006,4,29.69,56.88,0.0
Mumbai,2006,5,30.6,63.86,5.91
Mumbai,2006,6,28.23,81.59,14.65
Mumbai,2006,7,26.03,91.13,36.32
Mumbai,2006,8,25.47,91.52,34.05
Mumbai,2006,9,26.08,90.43,12.82
Mumbai,2006,10,26.46,79.43,4.75
Mumbai,2006,11,24.64,74.58,0.8
Mumbai,2006,12,23.59,62.22,0.01
Mumbai,2006,13,26.64,69.15,9.23
Mumbai,2007,1,23.93,51.69,0.0
Mumbai,2007,2,25.54,53.43,0.01
Mumbai,2007,3,28.9,42.48,0.0
Mumbai,2007,4,31.38,50.85,0.28
Mumbai,2007,5,31.1,60.14,0.14
Mumbai,2007,6,28.75,81.18,28.52
Mumbai,2007,7,26.82,89.76,24.2
Mumbai,2007,8,26.25,90.84,19.71
Mumbai,2007,9,26.4,89.6,15.04
Mumbai,2007,10,25.24,73.54,0.16
Mumbai,2007,11,24.15,68.08,0.26
Mumbai,2007,12,23.72,60.73,0.0
Mumbai,2007,13,26.85,67.76,7.38
Mumbai,2008,1,22.51,47.32,0.0
Mumbai,2008,2,24.17,39.35,0.0
Mumbai,2008,3,28.93,44.24,0.22
Mumbai,2008,4,30.6,51.87,0.01
Mumbai,2008,5,30.56,61.49,0.11
Mumbai,2008,6,27.73,84.03,22.72
Mumbai,2008,7,26.47,89.39,21.06
Mumbai,2008,8,25.81,90.33,22.08
Mumbai,2008,9,25.96,88.88,17.57
Mumbai,2008,10,25.73,75.21,1.17
Mumbai,2008,11,24.64,67.6,0.08
Mumbai,2008,12,24.6,58.16,0.23
Mumbai,2008,13,26.48,66.57,7.11
Mumbai,2009,1,24.88,50.29,0.0
Mumbai,2009,2,26.6,39.78,0.0
Mumbai,2009,3,29.64,42.01,0.1
Mumbai,2009,4,31.96,47.6,0.02
Mumbai,2009,5,31.21,58.69,0.07
Mumbai,2009,6,29.42,72.9,7.38
Mumbai,2009,7,26.48,90.44,33.97
Mumbai,2009,8,26.39,89.42,12.96
Mumbai,2009,9,26.61,88.71,9.22
Mumbai,2009,10,26.04,75.76,6.74
Mumbai,2009,11,24.36,75.11,3.65
Mumbai,2009,12,23.02,67.18,0.0
Mumbai,2009,13,27.21,66.66,6.24
Mumbai,2010,1,23.54,56.91,0.01
Mumbai,2010,2,25.03,50.76,0.0
Mumbai,2010,3,29.45,46.79,0.19
Mumbai,2010,4,31.34,53.3,0.02
Mumbai,2010,5,32.12,59.92,0.26
Mumbai,2010,6,28.52,84.07,22.18
Mumbai,2010,7,26.74,91.49,34.17
Mumbai,2010,8,26.38,91.06,28.08
Mumbai,2010,9,26.57,88.74,8.69
Mumbai,2010,10,26.64,81.91,6.3
Mumbai,2010,11,25.74,82.33,2.19
Mumbai,2010,12,21.53,70.72,0.0
Mumbai,2010,13,26.97,71.61,8.58
Mumbai,2011,1,21.97,56.83,0.0
Mumbai,2011,2,24.51,51.27,0.01
Mumbai,2011,3,29.24,39.23,0.0
Mumbai,2011,4,30.3,55.11,0.23
Mumbai,2011,5,30.77,60.96,0.07
Mumbai,2011,6,28.19,82.42,11.67
Mumbai,2011,7,26.52,90.04,34.91
Mumbai,2011,8,26.08,91.33,20.66
Mumbai,2011,9,25.98,88.54,11.61
Mumbai,2011,10,26.43,79.16,5.41
Mumbai,2011,11,24.86,66.61,0.01
Mumbai,2011,12,23.2,58.8,0.0
Mumbai,2011,13,26.51,68.45,7.12
Mumbai,2012,1,21.5,54.44,0.0
Mumbai,2012,2,25.2,35.81,0.0
Mumbai,2012,3,27.83,37.52,0.0
Mumbai,2012,4,30.52,53.32,0.08
Mumbai,2012,5,30.43,61.28,0.06
Mumbai,2012,6,29.13,74.58,7.85
Mumbai,2012,7,26.85,88.77,18.4
Mumbai,2012,8,26.21,90.3,12.86
Mumbai,2012,9,25.97,89.12,13.61
Mumbai,2012,10,26.4,78.5,6.67
Mumbai,2012,11,24.0,67.33,0.01
Mumbai,2012,12,23.35,63.03,0.0
Mumbai,2012,13,26.45,66.28,4.98
Mumbai,2013,1,22.57,53.53,0.0
Mumbai,2013,2,25.71,50.1,0.24
Mumbai,2013,3,28.78,42.68,0.03
Mumbai,2013,4,29.75,55.77,0.0
Mumbai,2013,5,31.21,60.35,0.01
Mumbai,2013,6,27.51,86.41,31.05
Mumbai,2013,7,25.94,91.67,28.47
Mumbai,2013,8,25.76,89.88,7.7
Mumbai,2013,9,26.22,88.6,10.5
Mumbai,2013,10,26.22,82.0,2.86
Mumbai,2013,11,24.46,71.14,0.14
Mumbai,2013,12,22.84,60.91,0.07
Mumbai,2013,13,26.41,69.51,6.77
Mumbai,2014,1,23.15,56.91,0.02
Mumbai,2014,2,24.79,48.44,0.01
Mumbai,2014,3,28.46,45.22,0.13
Mumbai,2014,4,30.78,48.89,0.07
Mumbai,2014,5,31.47,56.52,0.41
Mumbai,2014,6,30.46,68.07,2.53
Mumbai,2014,7,27.21,86.6,41.88
Mumbai,2014,8,26.19,90.45,20.02
Mumbai,2014,9,26.17,86.91,9.38
Mumbai,2014,10,26.66,75.36,0.97
Mumbai,2014,11,25.11,67.06,0.65
Mumbai,2014,12,23.07,54.41,0.61
Mumbai,2014,13,26.97,65.52,6.48
Mumbai,2015,1,22.88,53.44,0.03
Mumbai,2015,2,25.97,43.43,0.06
Mumbai,2015,3,28.03,50.36,1.62
Mumbai,2015,4,30.07,56.22,0.06
Mumbai,2015,5,31.4,61.29,1.09
Mumbai,2015,6,28.35,80.54,26.8
Mumbai,2015,7,26.95,86.62,9.09
Mumbai,2015,8,26.53,87.4,3.96
Mumbai,2015,9,26.51,84.46,10.29
Mumbai,2015,10,27.46,75.88,2.33
Mumbai,2015,11,25.39,69.43,0.98
Mumbai,2015,12,23.88,52.73,0.0
Mumbai,2015,13,26.95,66.94,4.68
Mumbai,2016,1,23.49,45.48,0.01
Mumbai,2016,2,25.65,50.44,0.68
Mumbai,2016,3,29.19,47.83,0.13
Mumbai,2016,4,30.52,53.82,0.05
Mumbai,2016,5,31.46,61.31,0.3
Mumbai,2016,6,29.21,77.23,17.64
Mumbai,2016,7,26.3,91.17,32.07
Mumbai,2016,8,25.89,90.72,22.76
Mumbai,2016,9,25.62,90.0,20.22
Mumbai,2016,10,24.98,78.89,3.24
Mumbai,2016,11,23.03,61.15,0.0
Mumbai,2016,12,23.35,53.87,0.0
Mumbai,2016,13,26.56,66.87,8.12
Mumbai,2017,1,23.34,48.83,0.0
Mumbai,2017,2,26.96,37.84,0.0
Mumbai,2017,3,28.45,46.6,0.06
Mumbai,2017,4,30.36,53.13,0.01
Mumbai,2017,5,31.54,59.1,0.43
Mumbai,2017,6,28.54,82.24,19.75
Mumbai,2017,7,26.63,89.94,32.79
Mumbai,2017,8,26.16,89.93,21.57
Mumbai,2017,9,26.7,88.39,15.73
Mumbai,2017,10,26.64,77.32,4.4
Mumbai,2017,11,23.55,67.16,0.03
Mumbai,2017,12,22.3,66.65,1.52
Mumbai,2017,13,26.76,67.44,8.08
Mumbai,2018,1,23.07,54.45,0.07
Mumbai,2018,2,26.01,44.69,0.23
Mumbai,2018,3,29.21,42.51,0.05
Mumbai,2018,4,30.89,51.32,0.03
Mumbai,2018,5,31.38,59.21,0.17
Mumbai,2018,6,28.59,81.75,17.96
Mumbai,2018,7,26.3,91.0,31.31
Mumbai,2018,8,25.74,89.94,13.67
Mumbai,2018,9,25.94,85.51,3.32
Mumbai,2018,10,26.92,69.41,0.7
Mumbai,2018,11,25.81,58.87,0.22
Mumbai,2018,12,23.39,46.4,0.01
Mumbai,2018,13,26.94,64.7,5.69
Mumbai,2019,1,23.38,34.59,0.01
Mumbai,2019,2,25.35,40.49,0.01
Mumbai,2019,3,28.04,43.84,0.02
Mumbai,2019,4,30.88,52.8,0.12
Mumbai,2019,5,31.03,58.28,0.01
Mumbai,2019,6,29.84,73.44,14.56
Mumbai,2019,7,26.93,90.82,35.39
Mumbai,2019,8,26.27,90.75,21.28
Mumbai,2019,9,26.32,91.42,31.32
Mumbai,2019,10,26.39,84.44,6.22
Mumbai,2019,11,25.18,78.56,1.78
Mumbai,2019,12,23.91,76.75,0.09
Mumbai,2019,13,26.96,68.18,9.28
Mumbai,2020,1,21.67,67.73,0.01
Mumbai,2020,2,25.17,49.88,0.01
Mumbai,2020,3,27.62,49.34,0.13
Mumbai,2020,4,31.56,51.15,0.17
Mumbai,2020,5,32.2,57.28,0.24
Mumbai,2020,6,28.13,82.85,15.44
Mumbai,2020,7,26.93,90.18,25.12
Mumbai,2020,8,26.35,92.3,38.82
Mumbai,2020,9,26.52,90.18,12.14
Mumbai,2020,10,26.94,82.78,5.82
Mumbai,2020,11,24.84,75.99,0.02
Mumbai,2020,12,23.24,69.43,0.39
Mumbai,2020,13,26.76,71.67,8.25
Mumbai,2021,1,24.23,61.76,0.27
Mumbai,2021,2,25.35,48.28,0.41
Mumbai,2021,3,29.88,37.32,0.07
Mumbai,2021,4,31.06,51.04,0.26
Mumbai,2021,5,30.72,65.07,10.6
Mumbai,2021,6,27.82,86.38,21.88
Mumbai,2021,7,26.86,89.71,33.94
Mumbai,2021,8,26.2,88.87,12.21
Mumbai,2021,9,26.22,91.12,19.06
Mumbai,2021,10,26.27,81.4,2.35
Mumbai,2021,11,25.42,78.9,1.66
Mumbai,2021,12,22.42,75.31,2.28
Mumbai,2021,13,26.88,71.39,8.8
Mumbai,2022,1,21.28,67.96,0.07
Mumbai,2022,2,23.56,56.72,0.01
Mumbai,2022,3,29.83,41.7,0.2
Mumbai,2022,4,31.74,50.69,0.13
Mumbai,2022,5,31.18,61.81,0.27
Mumbai,2022,6,28.89,76.63,11.25
Mumbai,2022,7,26.35,90.49,40.4
Mumbai,2022,8,26.09,90.16,18.64
Mumbai,2022,9,26.2,90.01,17.38
Mumbai,2022,10,25.41,82.64,6.08
Mumbai,2022,11,23.23,72.32,0.02
Mumbai,2022,12,23.79,68.69,0.18
Mumbai,2022,13,26.47,70.92,7.96
Mumbai,2023,1,22.2,58.51,0.01
Mumbai,2023,2,26.46,32.89,0.01
Mumbai,2023,3,28.35,44.47,0.52
Mumbai,2023,4,30.76,47.4,0.31
Mumbai,2023,5,31.29,58.09,0.37
Mumbai,2023,6,29.7,73.54,15.1
Mumbai,2023,7,26.7,91.28,45.34
Mumbai,2023,8,26.27,88.92,7.26
Mumbai,2023,9,26.6,89.95,16.12
Mumbai,2023,10,26.52,77.09,0.82
Mumbai,2023,11,25.16,73.49,1.02
Mumbai,2023,12,24.12,64.6,0.02
Mumbai,2023,13,27.0,66.92,7.29
Mumbai Suburban,1997,1,22.19,53.5,0.07
Mumbai Suburban,1997,2,24.26,43.41,0.0
Mumbai Suburban,1997,3,29.39,39.59,0.0
Mumbai Suburban,1997,4,29.28,52.13,0.06
Mumbai Suburban,1997,5,30.53,58.21,0.04
Mumbai Suburban,1997,6,28.11,81.08,18.52
Mumbai Suburban,1997,7,26.58,89.04,16.43
Mumbai Suburban,1997,8,25.85,90.2,21.61
Mumbai Suburban,1997,9,25.65,87.38,5.82
Mumbai Suburban,1997,10,25.83,77.71,0.4
Mumbai Suburban,1997,11,25.91,76.02,2.97
Mumbai Suburban,1997,12,22.71,74.14,1.19
Mumbai Suburban,1997,13,26.37,68.68,5.62
Mumbai Suburban,1998,1,23.12,58.52,0.0
Mumbai Suburban,1998,2,24.43,48.41,0.0
Mumbai Suburban,1998,3,27.85,46.57,0.0
Mumbai Suburban,1998,4,31.11,53.7,0.0
Mumbai Suburban,1998,5,32.62,55.89,0.23
Mumbai Suburban,1998,6,29.56,74.36,11.63
Mumbai Suburban,1998,7,26.75,89.6,19.45
Mumbai Suburban,1998,8,26.86,90.62,13.95
Mumbai Suburban,1998,9,26.59,89.66,13.27
Mumbai Suburban,1998,10,26.26,83.83,10.03
Mumbai Suburban,1998,11,24.12,75.64,1.09
Mumbai Suburban,1998,12,21.59,63.37,0.0
Mumbai Suburban,1998,13,26.75,69.31,5.84
Mumbai Suburban,1999,1,21.69,57.15,0.0
Mumbai Suburban,1999,2,26.64,47.81,0.02
Mumbai Suburban,1999,3,29.11,39.89,0.0
Mumbai Suburban,1999,4,30.45,56.05,0.0
Mumbai Suburban,1999,5,29.47,67.4,1.73
Mumbai Suburban,1999,6,27.7,80.92,15.31
Mumbai Suburban,1999,7,26.53,88.56,12.75
Mumbai Suburban,1999,8,25.75,88.92,4.9
Mumbai Suburban,1999,9,25.76,88.91,10.98
Mumbai Suburban,1999,10,25.63,80.87,7.52
Mumbai Suburban,1999,11,23.38,66.99,0.0
Mumbai Suburban,1999,12,22.33,56.12,0.0
Mumbai Suburban,1999,13,26.19,68.41,4.45
Mumbai Suburban,2000,1,23.43,48.02,0.0
Mumbai Suburban,2000,2,24.14,51.28,0.0
Mumbai Suburban,2000,3,27.56,42.79,0.0
Mumbai Suburban,2000,4,30.74,55.3,0.0
Mumbai Suburban,2000,5,29.2,70.9,8.71
Mumbai Suburban,2000,6,27.58,84.18,10.48
Mumbai Suburban,2000,7,25.99,88.47,26.48
Mumbai Suburban,2000,8,26.09,88.43,11.54
Mumbai Suburban,2000,9,26.25,86.14,3.41
Mumbai Suburban,2000,10,26.36,78.52,2.05
Mumbai Suburban,2000,11,24.72,63.81,0.15
Mumbai Suburban,2000,12,23.32,44.4,0.36
Mumbai Suburban,2000,13,26.28,66.88,5.31
Mumbai Suburban,2001,1,24.19,46.1,0.0
Mumbai Suburban,2001,2,25.55,41.31,0.0
Mumbai Suburban,2001,3,27.22,55.51,0.0
Mumbai Suburban,2001,4,30.78,49.6,0.05
Mumbai Suburban,2001,5,30.76,62.44,0.94
Mumbai Suburban,2001,6,27.71,81.88,16.89
Mumbai Suburban,2001,7,26.25,88.99,20.17
Mumbai Suburban,2001,8,25.64,90.94,13.87
Mumbai Suburban,2001,9,26.15,87.68,5.2
Mumbai Suburban,2001,10,25.84,80.23,3.88
Mumbai Suburban,2001,11,24.41,66.72,0.21
Mumbai Suburban,2001,12,23.69,56.33,0.0
Mumbai Suburban,2001,13,26.52,67.48,5.14
Mumbai Suburban,2002,1,22.4,51.24,0.0
Mumbai Suburban,2002,2,26.27,39.36,0.0
Mumbai Suburban,2002,3,29.44,43.22,0.01
Mumbai Suburban,2002,4,31.34,50.05,0.07
Mumbai Suburban,2002,5,31.5,60.51,0.28
Mumbai Suburban,2002,6,28.85,77.94,16.63
Mumbai Suburban,2002,7,26.88,85.08,4.09
Mumbai Suburban,2002,8,25.8,89.88,18.7
Mumbai Suburban,2002,9,25.84,85.8,2.99
Mumbai Suburban,2002,10,26.92,71.8,0.56
Mumbai Suburban,2002,11,25.61,57.2,0.09
Mumbai Suburban,2002,12,24.62,48.81,0.0
Mumbai Suburban,2002,13,27.12,63.56,3.63
Mumbai Suburban,2003,1,25.72,42.97,0.0
Mumbai Suburban,2003,2,26.34,48.37,0.3
Mumbai Suburban,2003,3,28.57,41.95,0.0
Mumbai Suburban,2003,4,30.97,52.54,0.03
Mumbai Suburban,2003,5,31.29,58.44,0.0
Mumbai Suburban,2003,6,28.79,79.64,23.64
Mumbai Suburban,2003,7,26.96,89.79,18.89
Mumbai Suburban,2003,8,26.23,89.52,12.27
Mumbai Suburban,2003,9,25.89,88.94,7.78
Mumbai Suburban,2003,10,25.95,75.98,1.65
Mumbai Suburban,2003,11,24.78,69.89,0.04
Mumbai Suburban,2003,12,23.45,56.57,0.01
Mumbai Suburban,2003,13,27.08,66.29,5.4
Mumbai Suburban,2004,1,23.26,51.89,0.01
Mumbai Suburban,2004,2,26.36,38.94,0.0
Mumbai Suburban,2004,3,30.38,37.07,0.0
Mumbai Suburban,2004,4,30.35,57.17,0.0
Mumbai Suburban,2004,5,30.85,62.81,2.97
Mumbai Suburban,2004,6,27.99,81.28,12.55
Mumbai Suburban,2004,7,26.76,87.27,21.17
Mumbai Suburban,2004,8,25.75,90.59,30.79
Mumbai Suburban,2004,9,26.47,86.95,7.59
Mumbai Suburban,2004,10,25.08,76.77,0.88
Mumbai Suburban,2004,11,25.05,66.56,0.14
Mumbai Suburban,2004,12,23.57,54.36,0.0
Mumbai Suburban,2004,13,26.82,66.04,6.39
Mumbai Suburban,2005,1,22.88,49.6,0.11
Mumbai Suburban,2005,2,25.2,46.68,0.0
Mumbai Suburban,2005,3,28.31,48.31,0.01
Mumbai Suburban,2005,4,30.55,48.54,0.45
Mumbai Suburban,2005,5,30.99,59.87,0.49
Mumbai Suburban,2005,6,29.35,76.08,26.21
Mumbai Suburban,2005,7,26.63,91.14,34.58
Mumbai Suburban,2005,8,26.02,90.19,15.13
Mumbai Suburban,2005,9,25.88,92.06,25.87
Mumbai Suburban,2005,10,25.52,77.0,2.44
Mumbai Suburban,2005,11,23.08,66.68,0.0
Mumbai Suburban,2005,12,22.29,58.58,0.0
Mumbai Suburban,2005,13,26.39,67.19,8.8
Mumbai Suburban,2006,1,23.41,49.35,0.0
Mumbai Suburban,2006,2,27.45,38.58,0.0
Mumbai Suburban,2006,3,28.19,48.1,0.31
Mumbai Suburban,2006,4,29.69,56.88,0.0
Mumbai Suburban,2006,5,30.6,63.86,5.91
Mumbai Suburban,2006,6,28.23,81.59,14.65
Mumbai Suburban,2006,7,26.03,91.13,36.32
Mumbai Suburban,2006,8,25.47,91.52,34.05
Mumbai Suburban,2006,9,26.08,90.43,12.82
Mumbai Suburban,2006,10,26.46,79.43,4.75
Mumbai Suburban,2006,11,24.64,74.58,0.8
Mumbai Suburban,2006,12,23.59,62.22,0.01
Mumbai Suburban,2006,13,26.64,69.15,9.23
Mumbai Suburban,2007,1,23.93,51.69,0.0
Mumbai Suburban,2007,2,25.54,53.43,0.01
Mumbai Suburban,2007,3,28.9,42.48,0.0
Mumbai Suburban,2007,4,31.38,50.85,0.28
Mumbai Suburban,2007,5,31.1,60.14,0.14
Mumbai Suburban,2007,6,28.75,81.18,28.52
Mumbai Suburban,2007,7,26.82,89.76,24.2
Mumbai Suburban,2007,8,26.25,90.84,19.71
Mumbai Suburban,2007,9,26.4,89.6,15.04
Mumbai Suburban,2007,10,25.24,73.54,0.16
Mumbai Suburban,2007,11,24.15,68.08,0.26
Mumbai Suburban,2007,12,23.72,60.73,0.0
Mumbai Suburban,2007,13,26.85,67.76,7.38
Mumbai Suburban,2008,1,22.51,47.32,0.0
Mumbai Suburban,2008,2,24.17,39.35,0.0
Mumbai Suburban,2008,3,28.93,44.24,0.22
Mumbai Suburban,2008,4,30.6,51.87,0.01
Mumbai Suburban,2008,5,30.56,61.49,0.11
Mumbai Suburban,2008,6,27.73,84.03,22.72
Mumbai Suburban,2008,7,26.47,89.39,21.06
Mumbai Suburban,2008,8,25.81,90.33,22.08
Mumbai Suburban,2008,9,25.96,88.88,17.57
Mumbai Suburban,2008,10,25.73,75.21,1.17
Mumbai Suburban,2008,11,24.64,67.6,0.08
Mumbai Suburban,2008,12,24.6,58.16,0.23
Mumbai Suburban,2008,13,26.48,66.57,7.11
Mumbai Suburban,2009,1,24.88,50.29,0.0
Mumbai Suburban,2009,2,26.6,39.78,0.0
Mumbai Suburban,2009,3,29.64,42.01,0.1
Mumbai Suburban,2009,4,31.96,47.6,0.02
Mumbai Suburban,2009,5,31.21,58.69,0.07
Mumbai Suburban,2009,6,29.42,72.9,7.38
Mumbai Suburban,2009,7,26.48,90.44,33.97
Mumbai Suburban,2009,8,26.39,89.42,12.96
Mumbai Suburban,2009,9,26.61,88.71,9.22
Mumbai Suburban,2009,10,26.04,75.76,6.74
Mumbai Suburban,2009,11,24.36,75.11,3.65
Mumbai Suburban,2009,12,23.02,67.18,0.0
Mumbai Suburban,2009,13,27.21,66.66,6.24
Mumbai Suburban,2010,1,23.54,56.91,0.01
Mumbai Suburban,2010,2,25.03,50.76,0.0
Mumbai Suburban,2010,3,29.45,46.79,0.19
Mumbai Suburban,2010,4,31.34,53.3,0.02
Mumbai Suburban,2010,5,32.12,59.92,0.26
Mumbai Suburban,2010,6,28.52,84.07,22.18
Mumbai Suburban,2010,7,26.74,91.49,34.17
Mumbai Suburban,2010,8,26.38,91.06,28.08
Mumbai Suburban,2010,9,26.57,88.74,8.69
Mumbai Suburban,2010,10,26.64,81.91,6.3
Mumbai Suburban,2010,11,25.74,82.33,2.19
Mumbai Suburban,2010,12,21.53,70.72,0.0
Mumbai Suburban,2010,13,26.97,71.61,8.58
Mumbai Suburban,2011,1,21.97,56.83,0.0
Mumbai Suburban,2011,2,24.51,51.27,0.01
Mumbai Suburban,2011,3,29.24,39.23,0.0
Mumbai Suburban,2011,4,30.3,55.11,0.23
Mumbai Suburban,2011,5,30.77,60.96,0.07
Mumbai Suburban,2011,6,28.19,82.42,11.67
Mumbai Suburban,2011,7,26.52,90.04,34.91
Mumbai Suburban,2011,8,26.08,91.33,20.66
Mumbai Suburban,2011,9,25.98,88.54,11.61
Mumbai Suburban,2011,10,26.43,79.16,5.41
Mumbai Suburban,2011,11,24.86,66.61,0.01
Mumbai Suburban,2011,12,23.2,58.8,0.0
Mumbai Suburban,2011,13,26.51,68.45,7.12
Mumbai Suburban,2012,1,21.5,54.44,0.0
Mumbai Suburban,2012,2,25.2,35.81,0.0
Mumbai Suburban,2012,3,27.83,37.52,0.0
Mumbai Suburban,2012,4,30.52,53.32,0.08
Mumbai Suburban,2012,5,30.43,61.28,0.06
Mumbai Suburban,2012,6,29.13,74.58,7.85
Mumbai Suburban,2012,7,26.85,88.77,18.4
Mumbai Suburban,2012,8,26.21,90.3,12.86
Mumbai Suburban,2012,9,25.97,89.12,13.61
Mumbai Suburban,2012,10,26.4,78.5,6.67
Mumbai Suburban,2012,11,24.0,67.33,0.01
Mumbai Suburban,2012,12,23.35,63.03,0.0
Mumbai Suburban,2012,13,26.45,66.28,4.98
Mumbai Suburban,2013,1,22.57,53.53,0.0
Mumbai Suburban,2013,2,25.71,50.1,0.24
Mumbai Suburban,2013,3,28.78,42.68,0.03
Mumbai Suburban,2013,4,29.75,55.77,0.0
Mumbai Suburban,2013,5,31.21,60.35,0.01
Mumbai Suburban,2013,6,27.51,86.41,31.05
Mumbai Suburban,2013,7,25.94,91.67,28.47
Mumbai Suburban,2013,8,25.76,89.88,7.7
Mumbai Suburban,2013,9,26.22,88.6,10.5
Mumbai Suburban,2013,10,26.22,82.0,2.86
Mumbai Suburban,2013,11,24.46,71.14,0.14
Mumbai Suburban,2013,12,22.84,60.91,0.07
Mumbai Suburban,2013,13,26.41,69.51,6.77
Mumbai Suburban,2014,1,23.15,56.91,0.02
Mumbai Suburban,2014,2,24.79,48.44,0.01
Mumbai Suburban,2014,3,28.46,45.22,0.13
Mumbai Suburban,2014,4,30.78,48.89,0.07
Mumbai Suburban,2014,5,31.47,56.52,0.41
Mumbai Suburban,2014,6,30.46,68.07,2.53
Mumbai Suburban,2014,7,27.21,86.6,41.88
Mumbai Suburban,2014,8,26.19,90.45,20.02
Mumbai Suburban,2014,9,26.17,86.91,9.38
Mumbai Suburban,2014,10,26.66,75.36,0.97
Mumbai Suburban,2014,11,25.11,67.06,0.65
Mumbai Suburban,2014,12,23.07,54.41,0.61
Mumbai Suburban,2014,13,26.97,65.52,6.48
Mumbai Suburban,2015,1,22.88,53.44,0.03
Mumbai Suburban,2015,2,25.97,43.43,0.06
Mumbai Suburban,2015,3,28.03,50.36,1.62
Mumbai Suburban,2015,4,30.07,56.22,0.06
Mumbai Suburban,2015,5,31.4,61.29,1.09
Mumbai Suburban,2015,6,28.35,80.54,26.8
Mumbai Suburban,2015,7,26.95,86.62,9.09
Mumbai Suburban,2015,8,26.53,87.4,3.96
Mumbai Suburban,2015,9,26.51,84.46,10.29
Mumbai Suburban,2015,10,27.46,75.88,2.33
Mumbai Suburban,2015,11,25.39,69.43,0.98
Mumbai Suburban,2015,12,23.88,52.73,0.0
Mumbai Suburban,2015,13,26.95,66.94,4.68
Mumbai Suburban,2016,1,23.49,45.48,0.01
Mumbai Suburban,2016,2,25.65,50.44,0.68
Mumbai Suburban,2016,3,29.19,47.83,0.13
Mumbai Suburban,2016,4,30.52,53.82,0.05
Mumbai Suburban,2016,5,31.46,61.31,0.3
Mumbai Suburban,2016,6,29.21,77.23,17.64
Mumbai Suburban,2016,7,26.3,91.17,32.07
Mumbai Suburban,2016,8,25.89,90.72,22.76
Mumbai Suburban,2016,9,25.62,90.0,20.22
Mumbai Suburban,2016,10,24.98,78.89,3.24
Mumbai Suburban,2016,11,23.03,61.15,0.0
Mumbai Suburban,2016,12,23.35,53.87,0.0
Mumbai Suburban,2016,13,26.56,66.87,8.12
Mumbai Suburban,2017,1,23.34,48.83,0.0
Mumbai Suburban,2017,2,26.96,37.84,0.0
Mumbai Suburban,2017,3,28.45,46.6,0.06
Mumbai Suburban,2017,4,30.36,53.13,0.01
Mumbai Suburban,2017,5,31.54,59.1,0.43
Mumbai Suburban,2017,6,28.54,82.24,19.75
Mumbai Suburban,2017,7,26.63,89.94,32.79
Mumbai Suburban,2017,8,26.16,89.93,21.57
Mumbai Suburban,2017,9,26.7,88.39,15.73
Mumbai Suburban,2017,10,26.64,77.32,4.4
Mumbai Suburban,2017,11,23.55,67.16,0.03
Mumbai Suburban,2017,12,22.3,66.65,1.52
Mumbai Suburban,2017,13,26.76,67.44,8.08
Mumbai Suburban,2018,1,23.07,54.45,0.07
Mumbai Suburban,2018,2,26.01,44.69,0.23
Mumbai Suburban,2018,3,29.21,42.51,0.05
Mumbai Suburban,2018,4,30.89,51.32,0.03
Mumbai Suburban,2018,5,31.38,59.21,0.17
Mumbai Suburban,2018,6,28.59,81.75,17.96
Mumbai Suburban,2018,7,26.3,91.0,31.31
Mumbai Suburban,2018,8,25.74,89.94,13.67
Mumbai Suburban,2018,9,25.94,85.51,3.32
Mumbai Suburban,2018,10,26.92,69.41,0.7
Mumbai Suburban,2018,11,25.81,58.87,0.22
Mumbai Suburban,2018,12,23.39,46.4,0.01
Mumbai Suburban,2018,13,26.94,64.7,5.69
Mumbai Suburban,2019,1,23.38,34.59,0.01
Mumbai Suburban,2019,2,25.35,40.49,0.01
Mumbai Suburban,2019,3,28.04,43.84,0.02
Mumbai Suburban,2019,4,30.88,52.8,0.12
Mumbai Suburban,2019,5,31.03,58.28,0.01
Mumbai Suburban,2019,6,29.84,73.44,14.56
Mumbai Suburban,2019,7,26.93,90.82,35.39
Mumbai Suburban,2019,8,26.27,90.75,21.28
Mumbai Suburban,2019,9,26.32,91.42,31.32
Mumbai Suburban,2019,10,26.39,84.44,6.22
Mumbai Suburban,2019,11,25.18,78.56,1.78
Mumbai Suburban,2019,12,23.91,76.75,0.09
Mumbai Suburban,2019,13,26.96,68.18,9.28
Mumbai Suburban,2020,1,21.67,67.73,0.01
Mumbai Suburban,2020,2,25.17,49.88,0.01
Mumbai Suburban,2020,3,27.62,49.34,0.13
Mumbai Suburban,2020,4,31.56,51.15,0.17
Mumbai Suburban,2020,5,32.2,57.28,0.24
Mumbai Suburban,2020,6,28.13,82.85,15.44
Mumbai Suburban,2020,7,26.93,90.18,25.12
Mumbai Suburban,2020,8,26.35,92.3,38.82
Mumbai Suburban,2020,9,26.52,90.18,12.14
Mumbai Suburban,2020,10,26.94,82.78,5.82
Mumbai Suburban,2020,11,24.84,75.99,0.02
Mumbai Suburban,2020,12,23.24,69.43,0.39
Mumbai Suburban,2020,13,26.76,71.67,8.25
Mumbai Suburban,2021,1,24.23,61.76,0.27
Mumbai Suburban,2021,2,25.35,48.28,0.41
Mumbai Suburban,2021,3,29.88,37.32,0.07
Mumbai Suburban,2021,4,31.06,51.04,0.26
Mumbai Suburban,2021,5,30.72,65.07,10.6
Mumbai Suburban,2021,6,27.82,86.38,21.88
Mumbai Suburban,2021,7,26.86,89.71,33.94
Mumbai Suburban,2021,8,26.2,88.87,12.21
Mumbai Suburban,2021,9,26.22,91.12,19.06
Mumbai Suburban,2021,10,26.27,81.4,2.35
Mumbai Suburban,2021,11,25.42,78.9,1.66
Mumbai Suburban,2021,12,22.42,75.31,2.28
Mumbai Suburban,2021,13,26.88,71.39,8.8
Mumbai Suburban,2022,1,21.28,67.96,0.07
Mumbai Suburban,2022,2,23.56,56.72,0.01
Mumbai Suburban,2022,3,29.83,41.7,0.2
Mumbai Suburban,2022,4,31.74,50.69,0.13
Mumbai Suburban,2022,5,31.18,61.81,0.27
Mumbai Suburban,2022,6,28.89,76.63,11.25
Mumbai Suburban,2022,7,26.35,90.49,40.4
Mumbai Suburban,2022,8,26.09,90.16,18.64
Mumbai Suburban,2022,9,26.2,90.01,17.38
Mumbai Suburban,2022,10,25.41,82.64,6.08
Mumbai Suburban,2022,11,23.23,72.32,0.02
Mumbai Suburban,2022,12,23.79,68.69,0.18
Mumbai Suburban,2022,13,26.47,70.92,7.96
Mumbai Suburban,2023,1,22.2,58.51,0.01
Mumbai Suburban,2023,2,26.46,32.89,0.01
Mumbai Suburban,2023,3,28.35,44.47,0.52
Mumbai Suburban,2023,4,30.76,47.4,0.31
Mumbai Suburban,2023,5,31.29,58.09,0.37
Mumbai Suburban,2023,6,29.7,73.54,15.1
Mumbai Suburban,2023,7,26.7,91.28,45.34
Mumbai Suburban,2023,8,26.27,88.92,7.26
Mumbai Suburban,2023,9,26.6,89.95,16.12
Mumbai Suburban,2023,10,26.52,77.09,0.82
Mumbai Suburban,2023,11,25.16,73.49,1.02
Mumbai Suburban,2023,12,24.12,64.6,0.02
Mumbai Suburban,2023,13,27.0,66.92,7.29
Thane,1997,1,22.19,53.5,0.07
Thane,1997,2,24.26,43.41,0.0
Thane,1997,3,29.39,39.59,0.0
Thane,1997,4,29.28,52.13,0.06
Thane,1997,5,30.53,58.21,0.04
Thane,1997,6,28.11,81.08,18.52
Thane,1997,7,26.58,89.04,16.43
Thane,1997,8,25.85,90.2,21.61
Thane,1997,9,25.65,87.38,5.82
Thane,1997,10,25.83,77.71,0.4
Thane,1997,11,25.91,76.02,2.97
Thane,1997,12,22.71,74.14,1.19
Thane,1997,13,26.37,68.68,5.62
Thane,1998,1,23.12,58.52,0.0
Thane,1998,2,24.43,48.41,0.0
Thane,1998,3,27.85,46.57,0.0
Thane,1998,4,31.11,53.7,0.0
Thane,1998,5,32.62,55.89,0.23
Thane,1998,6,29.56,74.36,11.63
Thane,1998,7,26.75,89.6,19.45
Thane,1998,8,26.86,90.62,13.95
Thane,1998,9,26.59,89.66,13.27
Thane,1998,10,26.26,83.83,10.03
Thane,1998,11,24.12,75.64,1.09
Thane,1998,12,21.59,63.37,0.0
Thane,1998,13,26.75,69.31,5.84
Thane,1999,1,21.69,57.15,0.0
Thane,1999,2,26.64,47.81,0.02
Thane,1999,3,29.11,39.89,0.0
Thane,1999,4,30.45,56.05,0.0
Thane,1999,5,29.47,67.4,1.73
Thane,1999,6,27.7,80.92,15.31
Thane,1999,7,26.53,88.56,12.75
Thane,1999,8,25.75,88.92,4.9
Thane,1999,9,25.76,88.91,10.98
Thane,1999,10,25.63,80.87,7.52
Thane,1999,11,23.38,66.99,0.0
Thane,1999,12,22.33,56.12,0.0
Thane,1999,13,26.19,68.41,4.45
Thane,2000,1,23.43,48.02,0.0
Thane,2000,2,24.14,51.28,0.0
Thane,2000,3,27.56,42.79,0.0
Thane,2000,4,30.74,55.3,0.0
Thane,2000,5,29.2,70.9,8.71
Thane,2000,6,27.58,84.18,10.48
Thane,2000,7,25.99,88.47,26.48
Thane,2000,8,26.09,88.43,11.54
Thane,2000,9,26.25,86.14,3.41
Thane,2000,10,26.36,78.52,2.05
Thane,2000,11,24.72,63.81,0.15
Thane,2000,12,23.32,44.4,0.36
Thane,2000,13,26.28,66.88,5.31
Thane,2001,1,24.19,46.1,0.0
Thane,2001,2,25.55,41.31,0.0
Thane,2001,3,27.22,55.51,0.0
Thane,2001,4,30.78,49.6,0.05
Thane,2001,5,30.76,62.44,0.94
Thane,2001,6,27.71,81.88,16.89
Thane,2001,7,26.25,88.99,20.17
Thane,2001,8,25.64,90.94,13.87
Thane,2001,9,26.15,87.68,5.2
Thane,2001,10,25.84,80.23,3.88
Thane,2001,11,24.41,66.72,0.21
Thane,2001,12,23.69,56.33,0.0
Thane,2001,13,26.52,67.48,5.14
Thane,2002,1,22.4,51.24,0.0
Thane,2002,2,26.27,39.36,0.0
Thane,2002,3,29.44,43.22,0.01
Thane,2002,4,31.34,50.05,0.07
Thane,2002,5,31.5,60.51,0.28
Thane,2002,6,28.85,77.94,16.63
Thane,2002,7,26.88,85.08,4.09
Thane,2002,8,25.8,89.88,18.7
Thane,2002,9,25.84,85.8,2.99
Thane,2002,10,26.92,71.8,0.56
Thane,2002,11,25.61,57.2,0.09
Thane,2002,12,24.62,48.81,0.0
Thane,2002,13,27.12,63.56,3.63
Thane,2003,1,25.72,42.97,0.0
Thane,2003,2,26.34,48.37,0.3
Thane,2003,3,28.57,41.95,0.0
Thane,2003,4,30.97,52.54,0.03
Thane,2003,5,31.29,58.44,0.0
Thane,2003,6,28.79,79.64,23.64
Thane,2003,7,26.96,89.79,18.89
Thane,2003,8,26.23,89.52,12.27
Thane,2003,9,25.89,88.94,7.78
Thane,2003,10,25.95,75.98,1.65
Thane,2003,11,24.78,69.89,0.04
Thane,2003,12,23.45,56.57,0.01
Thane,2003,13,27.08,66.29,5.4
Thane,2004,1,23.26,51.89,0.01
Thane,2004,2,26.36,38.94,0.0
Thane,2004,3,30.38,37.07,0.0
Thane,2004,4,30.35,57.17,0.0
Thane,2004,5,30.85,62.81,2.97
Thane,2004,6,27.99,81.28,12.55
Thane,2004,7,26.76,87.27,21.17
Thane,2004,8,25.75,90.59,30.79
Thane,2004,9,26.47,86.95,7.59
Thane,2004,10,25.08,76.77,0.88
Thane,2004,11,25.05,66.56,0.14
Thane,2004,12,23.57,54.36,0.0
Thane,2004,13,26.82,66.04,6.39
Thane,2005,1,22.88,49.6,0.11
Thane,2005,2,25.2,46.68,0.0
Thane,2005,3,28.31,48.31,0.01
Thane,2005,4,30.55,48.54,0.45
Thane,2005,5,30.99,59.87,0.49
Thane,2005,6,29.35,76.08,26.21
Thane,2005,7,26.63,91.14,34.58
Thane,2005,8,26.02,90.19,15.13
Thane,2005,9,25.88,92.06,25.87
Thane,2005,10,25.52,77.0,2.44
Thane,2005,11,23.08,66.68,0.0
Thane,2005,12,22.29,58.58,0.0
Thane,2005,13,26.39,67.19,8.8
Thane,2006,1,23.41,49.35,0.0
Thane,2006,2,27.45,38.58,0.0
Thane,2006,3,28.19,48.1,0.31
Thane,2006,4,29.69,56.88,0.0
Thane,2006,5,30.6,63.86,5.91
Thane,2006,6,28.23,81.59,14.65
Thane,2006,7,26.03,91.13,36.32
Thane,2006,8,25.47,91.52,34.05
Thane,2006,9,26.08,90.43,12.82
Thane,2006,10,26.46,79.43,4.75
Thane,2006,11,24.64,74.58,0.8
Thane,2006,12,23.59,62.22,0.01
Thane,2006,13,26.64,69.15,9.23
Thane,2007,1,23.93,51.69,0.0
Thane,2007,2,25.54,53.43,0.01
Thane,2007,3,28.9,42.48,0.0
Thane,2007,4,31.38,50.85,0.28
Thane,2007,5,31.1,60.14,0.14
Thane,2007,6,28.75,81.18,28.52
Thane,2007,7,26.82,89.76,24.2
Thane,2007,8,26.25,90.84,19.71
Thane,2007,9,26.4,89.6,15.04
Thane,2007,10,25.24,73.54,0.16
Thane,2007,11,24.15,68.08,0.26
Thane,2007,12,23.72,60.73,0.0
Thane,2007,13,26.85,67.76,7.38
Thane,2008,1,22.51,47.32,0.0
Thane,2008,2,24.17,39.35,0.0
Thane,2008,3,28.93,44.24,0.22
Thane,2008,4,30.6,51.87,0.01
Thane,2008,5,30.56,61.49,0.11
Thane,2008,6,27.73,84.03,22.72
Thane,2008,7,26.47,89.39,21.06
Thane,2008,8,25.81,90.33,22.08
Thane,2008,9,25.96,88.88,17.57
Thane,2008,10,25.73,75.21,1.17
Thane,2008,11,24.64,67.6,0.08
Thane,2008,12,24.6,58.16,0.23
Thane,2008,13,26.48,66.57,7.11
Thane,2009,1,24.88,50.29,0.0
Thane,2009,2,26.6,39.78,0.0
Thane,2009,3,29.64,42.01,0.1
Thane,2009,4,31.96,47.6,0.02
Thane,2009,5,31.21,58.69,0.07
Thane,2009,6,29.42,72.9,7.38
Thane,2009,7,26.48,90.44,33.97
Thane,2009,8,26.39,89.42,12.96
Thane,2009,9,26.61,88.71,9.22
Thane,2009,10,26.04,75.76,6.74
Thane,2009,11,24.36,75.11,3.65
Thane,2009,12,23.02,67.18,0.0
Thane,2009,13,27.21,66.66,6.24
Thane,2010,1,23.54,56.91,0.01
Thane,2010,2,25.03,50.76,0.0
Thane,2010,3,29.45,46.79,0.19
Thane,2010,4,31.34,53.3,0.02
Thane,2010,5,32.12,59.92,0.26
Thane,2010,6,28.52,84.07,22.18
Thane,2010,7,26.74,91.49,34.17
Thane,2010,8,26.38,91.06,28.08
Thane,2010,9,26.57,88.74,8.69
Thane,2010,10,26.64,81.91,6.3
Thane,2010,11,25.74,82.33,2.19
Thane,2010,12,21.53,70.72,0.0
Thane,2010,13,26.97,71.61,8.58
Thane,2011,1,21.97,56.83,0.0
Thane,2011,2,24.51,51.27,0.01
Thane,2011,3,29.24,39.23,0.0
Thane,2011,4,30.3,55.11,0.23
Thane,2011,5,30.77,60.96,0.07
Thane,2011,6,28.19,82.42,11.67
Thane,2011,7,26.52,90.04,34.91
Thane,2011,8,26.08,91.33,20.66
Thane,2011,9,25.98,88.54,11.61
Thane,2011,10,26.43,79.16,5.41
Thane,2011,11,24.86,66.61,0.01
Thane,2011,12,23.2,58.8,0.0
Thane,2011,13,26.51,68.45,7.12
Thane,2012,1,21.5,54.44,0.0
Thane,2012,2,25.2,35.81,0.0
Thane,2012,3,27.83,37.52,0.0
Thane,2012,4,30.52,53.32,0.08
Thane,2012,5,30.43,61.28,0.06
Thane,2012,6,29.13,74.58,7.85
Thane,2012,7,26.85,88.77,18.4
Thane,2012,8,26.21,90.3,12.86
Thane,2012,9,25.97,89.12,13.61
Thane,2012,10,26.4,78.5,6.67
Thane,2012,11,24.0,67.33,0.01
Thane,2012,12,23.35,63.03,0.0
Thane,2012,13,26.45,66.28,4.98
Thane,2013,1,22.57,53.53,0.0
Thane,2013,2,25.71,50.1,0.24
Thane,2013,3,28.78,42.68,0.03
Thane,2013,4,29.75,55.77,0.0
Thane,2013,5,31.21,60.35,0.01
Thane,2013,6,27.51,86.41,31.05
Thane,2013,7,25.94,91.67,28.47
Thane,2013,8,25.76,89.88,7.7
Thane,2013,9,26.22,88.6,10.5
Thane,2013,10,26.22,82.0,2.86
Thane,2013,11,24.46,71.14,0.14
Thane,2013,12,22.84,60.91,0.07
Thane,2013,13,26.41,69.51,6.77
Thane,2014,1,23.15,56.91,0.02
Thane,2014,2,24.79,48.44,0.01
Thane,2014,3,28.46,45.22,0.13
Thane,2014,4,30.78,48.89,0.07
Thane,2014,5,31.47,56.52,0.41
Thane,2014,6,30.46,68.07,2.53
Thane,2014,7,27.21,86.6,41.88
Thane,2014,8,26.19,90.45,20.02
Thane,2014,9,26.17,86.91,9.38
Thane,2014,10,26.66,75.36,0.97
Thane,2014,11,25.11,67.06,0.65
Thane,2014,12,23.07,54.41,0.61
Thane,2014,13,26.97,65.52,6.48
Thane,2015,1,22.88,53.44,0.03
Thane,2015,2,25.97,43.43,0.06
Thane,2015,3,28.03,50.36,1.62
Thane,2015,4,30.07,56.22,0.06
Thane,2015,5,31.4,61.29,1.09
Thane,2015,6,28.35,80.54,26.8
Thane,2015,7,26.95,86.62,9.09
Thane,2015,8,26.53,87.4,3.96
Thane,2015,9,26.51,84.46,10.29
Thane,2015,10,27.46,75.88,2.33
Thane,2015,11,25.39,69.43,0.98
Thane,2015,12,23.88,52.73,0.0
Thane,2015,13,26.95,66.94,4.68
Thane,2016,1,23.49,45.48,0.01
Thane,2016,2,25.65,50.44,0.68
Thane,2016,3,29.19,47.83,0.13
Thane,2016,4,30.52,53.82,0.05
Thane,2016,5,31.46,61.31,0.3
Thane,2016,6,29.21,77.23,17.64
Thane,2016,7,26.3,91.17,32.07
Thane,2016,8,25.89,90.72,22.76
Thane,2016,9,25.62,90.0,20.22
Thane,2016,10,24.98,78.89,3.24
Thane,2016,11,23.03,61.15,0.0
Thane,2016,12,23.35,53.87,0.0
Thane,2016,13,26.56,66.87,8.12
Thane,2017,1,23.34,48.83,0.0
Thane,2017,2,26.96,37.84,0.0
Thane,2017,3,28.45,46.6,0.06
Thane,2017,4,30.36,53.13,0.01
Thane,2017,5,31.54,59.1,0.43
Thane,2017,6,28.54,82.24,19.75
Thane,2017,7,26.63,89.94,32.79
Thane,2017,8,26.16,89.93,21.57
Thane,2017,9,26.7,88.39,15.73
Thane,2017,10,26.64,77.32,4.4
Thane,2017,11,23.55,67.16,0.03
Thane,2017,12,22.3,66.65,1.52
Thane,2017,13,26.76,67.44,8.08
Thane,2018,1,23.07,54.45,0.07
Thane,2018,2,26.01,44.69,0.23
Thane,2018,3,29.21,42.51,0.05
Thane,2018,4,30.89,51.32,0.03
Thane,2018,5,31.38,59.21,0.17
Thane,2018,6,28.59,81.75,17.96
Thane,2018,7,26.3,91.0,31.31
Thane,2018,8,25.74,89.94,13.67
Thane,2018,9,25.94,85.51,3.32
Thane,2018,10,26.92,69.41,0.7
Thane,2018,11,25.81,58.87,0.22
Thane,2018,12,23.39,46.4,0.01
Thane,2018,13,26.94,64.7,5.69
Thane,2019,1,23.38,34.59,0.01
Thane,2019,2,25.35,40.49,0.01
Thane,2019,3,28.04,43.84,0.02
Thane,2019,4,30.88,52.8,0.12
Thane,2019,5,31.03,58.28,0.01
Thane,2019,6,29.84,73.44,14.56
Thane,2019,7,26.93,90.82,35.39
Thane,2019,8,26.27,90.75,21.28
Thane,2019,9,26.32,91.42,31.32
Thane,2019,10,26.39,84.44,6.22
Thane,2019,11,25.18,78.56,1.78
Thane,2019,12,23.91,76.75,0.09
Thane,2019,13,26.96,68.18,9.28
Thane,2020,1,21.67,67.73,0.01
Thane,2020,2,25.17,49.88,0.01
Thane,2020,3,27.62,49.34,0.13
Thane,2020,4,31.56,51.15,0.17
Thane,2020,5,32.2,57.28,0.24
Thane,2020,6,28.13,82.85,15.44
Thane,2020,7,26.93,90.18,25.12
Thane,2020,8,26.35,92.3,38.82
Thane,2020,9,26.52,90.18,12.14
Thane,2020,10,26.94,82.78,5.82
Thane,2020,11,24.84,75.99,0.02
Thane,2020,12,23.24,69.43,0.39
Thane,2020,13,26.76,71.67,8.25
Thane,2021,1,24.23,61.76,0.27
Thane,2021,2,25.35,48.28,0.41
Thane,2021,3,29.88,37.32,0.07
Thane,2021,4,31.06,51.04,0.26
Thane,2021,5,30.72,65.07,10.6
Thane,2021,6,27.82,86.38,21.88
Thane,2021,7,26.86,89.71,33.94
Thane,2021,8,26.2,88.87,12.21
Thane,2021,9,26.22,91.12,19.06
Thane,2021,10,26.27,81.4,2.35
Thane,2021,11,25.42,78.9,1.66
Thane,2021,12,22.42,75.31,2.28
Thane,2021,13,26.88,71.39,8.8
Thane,2022,1,21.28,67.96,0.07
Thane,2022,2,23.56,56.72,0.01
Thane,2022,3,29.83,41.7,0.2
Thane,2022,4,31.74,50.69,0.13
Thane,2022,5,31.18,61.81,0.27
Thane,2022,6,28.89,76.63,11.25
Thane,2022,7,26.35,90.49,40.4
Thane,2022,8,26.09,90.16,18.64
Thane,2022,9,26.2,90.01,17.38
Thane,2022,10,25.41,82.64,6.08
Thane,2022,11,23.23,72.32,0.02
Thane,2022,12,23.79,68.69,0.18
Thane,2022,13,26.47,70.92,7.96
Thane,2023,1,22.2,58.51,0.01
Thane,2023,2,26.46,32.89,0.01
Thane,2023,3,28.35,44.47,0.52
Thane,2023,4,30.76,47.4,0.31
Thane,2023,5,31.29,58.09,0.37
Thane,2023,6,29.7,73.54,15.1
Thane,2023,7,26.7,91.28,45.34
Thane,2023,8,26.27,88.92,7.26
Thane,2023,9,26.6,89.95,16.12
Thane,2023,10,26.52,77.09,0.82
Thane,2023,11,25.16,73.49,1.02
Thane,2023,12,24.12,64.6,0.02
Thane,2023,13,27.0,66.92,7.29
Palghar,1997,1,23.94,60.22,0.18
Palghar,1997,2,23.95,63.72,0.0
Palghar,1997,3,26.68,69.65,0.1
Palghar,1997,4,27.13,73.32,0.31
Palghar,1997,5,28.38,77.35,0.07
Palghar,1997,6,28.97,82.31,13.48
Palghar,1997,7,27.99,85.5,11.19
Palghar,1997,8,27.32,85.49,12.92
Palghar,1997,9,27.46,80.96,5.08
Palghar,1997,10,28.23,69.75,0.11
Palghar,1997,11,28.33,67.99,1.36
Palghar,1997,12,25.29,65.74,0.62
Palghar,1997,13,26.99,73.55,3.8
Palghar,1998,1,24.79,62.83,0.0
Palghar,1998,2,24.59,64.02,0.01
Palghar,1998,3,26.04,68.75,0.04
Palghar,1998,4,28.43,76.45,0.02
Palghar,1998,5,29.88,77.53,0.07
Palghar,1998,6,29.65,80.2,9.37
Palghar,1998,7,28.09,86.23,12.53
Palghar,1998,8,28.05,87.07,10.41
Palghar,1998,9,28.23,83.69,11.07
Palghar,1998,10,28.29,77.06,7.58
Palghar,1998,11,26.86,67.18,0.53
Palghar,1998,12,24.95,61.42,0.01
Palghar,1998,13,27.33,74.43,4.33
Palghar,1999,1,23.89,62.42,0.0
Palghar,1999,2,25.3,69.61,0.13
Palghar,1999,3,26.35,68.94,0.0
Palghar,1999,4,27.72,79.57,0.02
Palghar,1999,5,28.4,79.82,1.17
Palghar,1999,6,28.58,80.98,10.36
Palghar,1999,7,27.91,85.25,8.94
Palghar,1999,8,27.21,84.44,3.54
Palghar,1999,9,27.37,83.51,7.64
Palghar,1999,10,27.43,78.51,5.47
Palghar,1999,11,25.87,68.18,0.01
Palghar,1999,12,24.44,64.33,0.0
Palghar,1999,13,26.71,75.48,3.12
Palghar,2000,1,24.45,63.11,0.0
Palghar,2000,2,23.98,64.24,0.05
Palghar,2000,3,25.89,66.6,0.0
Palghar,2000,4,27.72,79.84,0.01
Palghar,2000,5,28.36,81.27,5.61
Palghar,2000,6,28.6,82.66,7.64
Palghar,2000,7,27.58,83.88,19.8
Palghar,2000,8,27.27,85.62,8.85
Palghar,2000,9,27.61,81.55,2.08
Palghar,2000,10,28.54,74.85,1.26
Palghar,2000,11,27.97,62.0,0.02
Palghar,2000,12,25.24,57.33,0.28
Palghar,2000,13,26.94,73.6,3.84
Palghar,2001,1,24.3,60.74,0.04
Palghar,2001,2,24.16,66.72,0.01
Palghar,2001,3,25.85,72.66,0.01
Palghar,2001,4,28.12,74.85,0.07
Palghar,2001,5,28.94,79.69,1.01
Palghar,2001,6,28.68,82.34,13.64
Palghar,2001,7,27.63,84.96,14.7
Palghar,2001,8,27.13,85.98,10.08
Palghar,2001,9,27.55,83.19,3.02
Palghar,2001,10,28.12,74.93,2.28
Palghar,2001,11,27.29,65.23,0.03
Palghar,2001,12,25.94,61.63,0.0
Palghar,2001,13,26.99,74.45,3.77
Palghar,2002,1,24.24,59.47,0.07
Palghar,2002,2,24.52,63.52,0.0
Palghar,2002,3,26.87,70.35,0.07
Palghar,2002,4,28.45,74.24,0.05
Palghar,2002,5,29.28,79.2,0.58
Palghar,2002,6,29.22,81.57,12.89
Palghar,2002,7,28.08,82.95,2.69
Palghar,2002,8,27.16,85.63,14.76
Palghar,2002,9,27.41,79.75,2.21
Palghar,2002,10,28.87,69.6,0.25
Palghar,2002,11,27.81,60.97,0.06
Palghar,2002,12,26.25,61.14,0.02
Palghar,2002,13,27.36,72.42,2.82
Palghar,2003,1,25.15,63.51,0.05
Palghar,2003,2,25.27,68.8,0.36
Palghar,2003,3,26.38,68.03,0.0
Palghar,2003,4,28.35,74.03,0.05
Palghar,2003,5,29.02,78.21,0.02
Palghar,2003,6,29.6,81.07,18.14
Palghar,2003,7,28.89,83.69,17.49
Palghar,2003,8,27.94,83.35,10.31
Palghar,2003,9,27.63,82.49,6.28
Palghar,2003,10,28.21,70.1,0.69
Palghar,2003,11,27.37,67.15,0.01
Palghar,2003,12,25.79,61.1,0.0
Palghar,2003,13,27.48,73.47,4.47
Palghar,2004,1,24.15,64.17,0.01
Palghar,2004,2,24.68,66.21,0.0
Palghar,2004,3,27.53,67.41,0.01
Palghar,2004,4,28.26,77.18,0.04
Palghar,2004,5,29.74,75.33,2.35
Palghar,2004,6,29.1,81.58,9.74
Palghar,2004,7,28.41,82.66,17.68
Palghar,2004,8,27.59,84.07,22.36
Palghar,2004,9,27.96,81.52,4.28
Palghar,2004,10,27.42,73.34,1.0
Palghar,2004,11,27.9,64.43,0.17
Palghar,2004,12,25.81,62.51,0.01
Palghar,2004,13,27.38,73.38,4.84
Palghar,2005,1,23.74,61.78,0.05
Palghar,2005,2,24.18,67.3,0.0
Palghar,2005,3,25.97,72.29,0.01
Palghar,2005,4,28.32,70.77,0.14
Palghar,2005,5,29.04,78.07,0.19
Palghar,2005,6,29.48,80.96,18.95
Palghar,2005,7,28.36,84.98,22.18
Palghar,2005,8,27.44,84.87,9.24
Palghar,2005,9,27.42,86.64,18.76
Palghar,2005,10,27.51,73.41,1.31
Palghar,2005,11,26.02,64.77,0.0
Palghar,2005,12,24.69,62.86,0.01
Palghar,2005,13,26.86,74.09,5.91
Palghar,2006,1,24.03,64.11,0.0
Palghar,2006,2,25.83,66.09,0.0
Palghar,2006,3,26.85,66.02,0.33
Palghar,2006,4,27.27,77.16,0.01
Palghar,2006,5,28.63,82.2,3.6
Palghar,2006,6,29.25,79.66,10.89
Palghar,2006,7,27.44,87.42,24.95
Palghar,2006,8,26.82,87.07,21.27
Palghar,2006,9,27.66,84.02,8.63
Palghar,2006,10,28.21,76.21,3.31
Palghar,2006,11,26.88,68.94,0.36
Palghar,2006,12,25.36,67.97,0.01
Palghar,2006,13,27.02,75.63,6.18
Palghar,2007,1,24.45,64.82,0.07
Palghar,2007,2,24.75,69.29,0.06
Palghar,2007,3,26.75,68.0,0.0
Palghar,2007,4,28.49,75.88,0.17
Palghar,2007,5,29.19,78.36,0.17
Palghar,2007,6,29.56,82.81,20.13
Palghar,2007,7,28.43,84.43,15.87
Palghar,2007,8,27.83,85.75,17.21
Palghar,2007,9,28.15,83.07,12.28
Palghar,2007,10,27.35,71.62,0.05
Palghar,2007,11,26.71,67.93,0.18
Palghar,2007,12,25.48,65.45,0.02
Palghar,2007,13,27.27,74.8,5.53
Palghar,2008,1,23.38,61.88,0.0
Palghar,2008,2,22.87,62.24,0.01
Palghar,2008,3,26.07,73.66,0.08
Palghar,2008,4,27.91,74.72,0.04
Palghar,2008,5,28.89,78.52,0.07
Palghar,2008,6,28.87,82.58,17.6
Palghar,2008,7,27.93,84.84,17.67
Palghar,2008,8,27.31,84.65,14.4
Palghar,2008,9,27.59,82.37,12.35
Palghar,2008,10,27.81,74.12,0.7
Palghar,2008,11,26.77,69.87,0.03
Palghar,2008,12,26.35,64.98,0.41
Palghar,2008,13,26.82,74.57,5.28
Palghar,2009,1,25.25,64.89,0.09
Palghar,2009,2,25.1,67.2,0.0
Palghar,2009,3,27.12,70.61,0.2
Palghar,2009,4,29.05,72.89,0.03
Palghar,2009,5,29.2,77.94,0.12
Palghar,2009,6,29.62,77.44,5.39
Palghar,2009,7,27.86,86.56,27.28
Palghar,2009,8,27.71,85.1,6.85
Palghar,2009,9,28.28,82.08,6.88
Palghar,2009,10,28.09,71.07,4.19
Palghar,2009,11,26.14,74.08,1.77
Palghar,2009,12,25.48,65.97,0.02
Palghar,2009,13,27.42,74.69,4.45
Palghar,2010,1,24.79,64.11,0.02
Palghar,2010,2,24.81,64.03,0.04
Palghar,2010,3,27.1,71.38,0.09
Palghar,2010,4,28.89,76.76,0.08
Palghar,2010,5,30.0,78.52,0.1
Palghar,2010,6,29.68,82.82,15.1
Palghar,2010,7,28.35,86.13,26.85
Palghar,2010,8,27.89,85.66,21.48
Palghar,2010,9,28.09,83.11,7.85
Palghar,2010,10,28.57,76.99,3.43
Palghar,2010,11,27.56,77.48,1.99
Palghar,2010,12,24.61,64.46,0.03
Palghar,2010,13,27.54,76.01,6.48
Palghar,2011,1,23.32,64.55,0.01
Palghar,2011,2,24.52,67.07,0.0
Palghar,2011,3,26.81,66.84,0.0
Palghar,2011,4,28.1,73.89,0.06
Palghar,2011,5,28.94,78.94,0.13
Palghar,2011,6,29.1,82.84,7.49
Palghar,2011,7,27.86,86.13,25.9
Palghar,2011,8,27.42,87.41,16.22
Palghar,2011,9,27.52,82.56,7.99
Palghar,2011,10,28.17,75.75,2.36
Palghar,2011,11,27.37,68.21,0.03
Palghar,2011,12,25.88,62.32,0.0
Palghar,2011,13,27.09,74.75,5.07
Palghar,2012,1,23.09,62.96,0.0
Palghar,2012,2,23.37,63.64,0.0
Palghar,2012,3,25.09,68.43,0.0
Palghar,2012,4,27.73,77.55,0.24
Palghar,2012,5,27.95,81.76,0.05
Palghar,2012,6,29.12,81.52,6.27
Palghar,2012,7,28.32,85.09,13.03
Palghar,2012,8,27.63,85.79,8.45
Palghar,2012,9,27.73,83.18,11.44
Palghar,2012,10,28.41,74.59,3.89
Palghar,2012,11,26.43,66.59,0.01
Palghar,2012,12,25.44,67.52,0.0
Palghar,2012,13,26.7,74.92,3.63
Palghar,2013,1,23.82,63.45,0.0
Palghar,2013,2,24.7,68.91,0.22
Palghar,2013,3,26.76,65.6,0.04
Palghar,2013,4,27.66,74.81,0.1
Palghar,2013,5,29.13,79.45,0.15
Palghar,2013,6,28.77,83.96,24.04
Palghar,2013,7,27.53,86.59,21.52
Palghar,2013,8,27.02,86.09,6.63
Palghar,2013,9,27.65,83.94,8.02
Palghar,2013,10,27.94,77.55,2.08
Palghar,2013,11,26.56,70.71,0.04
Palghar,2013,12,25.1,62.42,0.02
Palghar,2013,13,26.9,75.31,5.25
Palghar,2014,1,23.73,64.93,0.33
Palghar,2014,2,24.29,64.97,0.03
Palghar,2014,3,26.34,68.35,0.09
Palghar,2014,4,27.96,72.84,0.1
Palghar,2014,5,29.39,76.0,0.32
Palghar,2014,6,29.85,78.1,2.09
Palghar,2014,7,28.49,83.72,29.66
Palghar,2014,8,27.49,85.49,12.38
Palghar,2014,9,27.82,81.29,6.88
Palghar,2014,10,28.85,70.81,0.75
Palghar,2014,11,27.91,66.27,0.42
Palghar,2014,12,25.53,58.27,0.16
Palghar,2014,13,27.32,72.63,4.49
Palghar,2015,1,23.95,63.07,0.06
Palghar,2015,2,24.92,65.85,0.01
Palghar,2015,3,26.44,69.64,2.16
Palghar,2015,4,27.94,76.56,0.14
Palghar,2015,5,29.64,78.32,0.7
Palghar,2015,6,29.22,81.68,17.63
Palghar,2015,7,28.17,83.93,7.1
Palghar,2015,8,27.73,83.61,3.12
Palghar,2015,9,28.12,78.87,9.92
Palghar,2015,10,29.3,72.28,1.63
Palghar,2015,11,28.17,66.78,0.5
Palghar,2015,12,25.87,57.56,0.0
Palghar,2015,13,27.47,73.21,3.57
Palghar,2016,1,24.31,60.48,0.02
Palghar,2016,2,24.53,69.48,1.41
Palghar,2016,3,26.71,73.28,0.17
Palghar,2016,4,28.21,73.74,0.09
Palghar,2016,5,29.51,79.42,0.54
Palghar,2016,6,29.6,80.53,10.69
Palghar,2016,7,27.82,85.99,26.03
Palghar,2016,8,27.3,86.06,16.4
Palghar,2016,9,27.31,83.54,16.63
Palghar,2016,10,27.26,74.16,2.11
Palghar,2016,11,25.39,67.06,0.01
Palghar,2016,12,24.8,64.63,0.0
Palghar,2016,13,26.9,74.88,6.19
Palghar,2017,1,24.11,62.0,0.0
Palghar,2017,2,25.12,62.33,0.01
Palghar,2017,3,26.3,70.24,0.12
Palghar,2017,4,27.99,76.19,0.01
Palghar,2017,5,29.4,78.64,0.52
Palghar,2017,6,29.66,81.54,15.19
Palghar,2017,7,28.19,84.59,24.19
Palghar,2017,8,27.6,85.12,15.98
Palghar,2017,9,28.08,82.24,10.69
Palghar,2017,10,28.59,73.09,3.6
Palghar,2017,11,26.55,65.59,0.02
Palghar,2017,12,24.19,70.29,1.82
Palghar,2017,13,27.15,74.4,6.06
Palghar,2018,1,24.36,63.11,0.04
Palghar,2018,2,25.25,65.85,0.43
Palghar,2018,3,26.85,69.33,0.07
Palghar,2018,4,28.36,73.8,0.07
Palghar,2018,5,29.31,79.41,0.3
Palghar,2018,6,29.58,81.32,11.82
Palghar,2018,7,27.97,85.54,25.28
Palghar,2018,8,27.1,85.52,8.23
Palghar,2018,9,27.33,81.01,2.27
Palghar,2018,10,29.0,67.73,0.83
Palghar,2018,11,28.04,62.02,0.1
Palghar,2018,12,25.18,56.14,0.02
Palghar,2018,13,27.37,72.6,4.16
Palghar,2019,1,23.27,57.91,0.02
Palghar,2019,2,23.68,65.23,0.03
Palghar,2019,3,25.55,69.25,0.04
Palghar,2019,4,28.15,75.58,0.22
Palghar,2019,5,28.79,79.12,0.02
Palghar,2019,6,29.36,82.35,10.83
Palghar,2019,7,28.48,85.57,25.14
Palghar,2019,8,27.76,85.2,17.13
Palghar,2019,9,27.9,85.95,20.73
Palghar,2019,10,28.19,78.67,5.59
Palghar,2019,11,27.56,72.06,1.73
Palghar,2019,12,25.87,71.67,0.19
Palghar,2019,13,27.06,75.76,6.84
Palghar,2020,1,23.38,68.7,0.01
Palghar,2020,2,24.89,63.77,0.01
Palghar,2020,3,25.92,68.3,0.15
Palghar,2020,4,28.78,74.44,0.23
Palghar,2020,5,29.72,77.38,0.26
Palghar,2020,6,29.18,81.91,12.52
Palghar,2020,7,28.62,84.79,16.99
Palghar,2020,8,28.0,86.72,31.99
Palghar,2020,9,28.12,83.89,8.7
Palghar,2020,10,28.73,75.95,4.86
Palghar,2020,11,26.65,71.77,0.02
Palghar,2020,12,25.19,69.44,0.5
Palghar,2020,13,27.27,75.63,6.4
Palghar,2021,1,24.45,64.72,0.24
Palghar,2021,2,25.21,65.96,0.16
Palghar,2021,3,27.53,67.89,0.08
Palghar,2021,4,28.75,71.82,0.38
Palghar,2021,5,29.91,74.95,6.92
Palghar,2021,6,29.44,80.24,13.07
Palghar,2021,7,28.64,83.12,22.61
Palghar,2021,8,27.54,83.99,10.69
Palghar,2021,9,27.85,85.16,16.1
Palghar,2021,10,27.95,77.22,2.22
Palghar,2021,11,26.77,78.12,1.46
Palghar,2021,12,24.8,71.48,1.69
Palghar,2021,13,27.41,75.43,6.34
Palghar,2022,1,23.13,68.04,0.09
Palghar,2022,2,23.8,68.4,0.02
Palghar,2022,3,27.09,69.65,0.39
Palghar,2022,4,28.96,75.58,0.16
Palghar,2022,5,29.47,78.56,0.56
Palghar,2022,6,29.13,82.05,8.45
Palghar,2022,7,28.05,84.21,32.44
Palghar,2022,8,27.62,84.62,14.35
Palghar,2022,9,27.9,83.55,14.78
Palghar,2022,10,27.66,75.7,4.04
Palghar,2022,11,25.33,73.79,0.05
Palghar,2022,12,25.26,71.38,0.37
Palghar,2022,13,26.97,76.33,6.36
Palghar,2023,1,23.33,64.82,0.01
Palghar,2023,2,25.08,60.58,0.01
Palghar,2023,3,27.09,63.6,0.51
Palghar,2023,4,28.29,70.7,0.32
Palghar,2023,5,29.44,75.92,0.44
Palghar,2023,6,29.6,80.54,11.9
Palghar,2023,7,28.29,86.07,28.63
Palghar,2023,8,27.72,83.89,4.1
Palghar,2023,9,28.17,84.51,10.29
Palghar,2023,10,28.46,74.7,0.31
Palghar,2023,11,27.45,70.77,0.75
Palghar,2023,12,26.25,66.13,0.03
Palghar,2023,13,27.44,73.59,4.8
Raigad,1997,1,22.19,53.5,0.07
Raigad,1997,2,24.26,43.41,0.0
Raigad,1997,3,29.39,39.59,0.0
Raigad,1997,4,29.28,52.13,0.06
Raigad,1997,5,30.53,58.21,0.04
Raigad,1997,6,28.11,81.08,18.52
Raigad,1997,7,26.58,89.04,16.43
Raigad,1997,8,25.85,90.2,21.61
Raigad,1997,9,25.65,87.38,5.82
Raigad,1997,10,25.83,77.71,0.4
Raigad,1997,11,25.91,76.02,2.97
Raigad,1997,12,22.71,74.14,1.19
Raigad,1997,13,26.37,68.68,5.62
Raigad,1998,1,23.12,58.52,0.0
Raigad,1998,2,24.43,48.41,0.0
Raigad,1998,3,27.85,46.57,0.0
Raigad,1998,4,31.11,53.7,0.0
Raigad,1998,5,32.62,55.89,0.23
Raigad,1998,6,29.56,74.36,11.63
Raigad,1998,7,26.75,89.6,19.45
Raigad,1998,8,26.86,90.62,13.95
Raigad,1998,9,26.59,89.66,13.27
Raigad,1998,10,26.26,83.83,10.03
Raigad,1998,11,24.12,75.64,1.09
Raigad,1998,12,21.59,63.37,0.0
Raigad,1998,13,26.75,69.31,5.84
Raigad,1999,1,21.69,57.15,0.0
Raigad,1999,2,26.64,47.81,0.02
Raigad,1999,3,29.11,39.89,0.0
Raigad,1999,4,30.45,56.05,0.0
Raigad,1999,5,29.47,67.4,1.73
Raigad,1999,6,27.7,80.92,15.31
Raigad,1999,7,26.53,88.56,12.75
Raigad,1999,8,25.75,88.92,4.9
Raigad,1999,9,25.76,88.91,10.98
Raigad,1999,10,25.63,80.87,7.52
Raigad,1999,11,23.38,66.99,0.0
Raigad,1999,12,22.33,56.12,0.0
Raigad,1999,13,26.19,68.41,4.45
Raigad,2000,1,23.43,48.02,0.0
Raigad,2000,2,24.14,51.28,0.0
Raigad,2000,3,27.56,42.79,0.0
Raigad,2000,4,30.74,55.3,0.0
Raigad,2000,5,29.2,70.9,8.71
Raigad,2000,6,27.58,84.18,10.48
Raigad,2000,7,25.99,88.47,26.48
Raigad,2000,8,26.09,88.43,11.54
Raigad,2000,9,26.25,86.14,3.41
Raigad,2000,10,26.36,78.52,2.05
Raigad,2000,11,24.72,63.81,0.15
Raigad,2000,12,23.32,44.4,0.36
Raigad,2000,13,26.28,66.88,5.31
Raigad,2001,1,24.19,46.1,0.0
Raigad,2001,2,25.55,41.31,0.0
Raigad,2001,3,27.22,55.51,0.0
Raigad,2001,4,30.78,49.6,0.05
Raigad,2001,5,30.76,62.44,0.94
Raigad,2001,6,27.71,81.88,16.89
Raigad,2001,7,26.25,88.99,20.17
Raigad,2001,8,25.64,90.94,13.87
Raigad,2001,9,26.15,87.68,5.2
Raigad,2001,10,25.84,80.23,3.88
Raigad,2001,11,24.41,66.72,0.21
Raigad,2001,12,23.69,56.33,0.0
Raigad,2001,13,26.52,67.48,5.14
Raigad,2002,1,22.4,51.24,0.0
Raigad,2002,2,26.27,39.36,0.0
Raigad,2002,3,29.44,43.22,0.01
Raigad,2002,4,31.34,50.05,0.07
Raigad,2002,5,31.5,60.51,0.28
Raigad,2002,6,28.85,77.94,16.63
Raigad,2002,7,26.88,85.08,4.09
Raigad,2002,8,25.8,89.88,18.7
Raigad,2002,9,25.84,85.8,2.99
Raigad,2002,10,26.92,71.8,0.56
Raigad,2002,11,25.61,57.2,0.09
Raigad,2002,12,24.62,48.81,0.0
Raigad,2002,13,27.12,63.56,3.63
Raigad,2003,1,25.72,42.97,0.0
Raigad,2003,2,26.34,48.37,0.3
Raigad,2003,3,28.57,41.95,0.0
Raigad,2003,4,30.97,52.54,0.03
Raigad,2003,5,31.29,58.44,0.0
Raigad,2003,6,28.79,79.64,23.64
Raigad,2003,7,26.96,89.79,18.89
Raigad,2003,8,26.23,89.52,12.27
Raigad,2003,9,25.89,88.94,7.78
Raigad,2003,10,25.95,75.98,1.65
Raigad,2003,11,24.78,69.89,0.04
Raigad,2003,12,23.45,56.57,0.01
Raigad,2003,13,27.08,66.29,5.4
Raigad,2004,1,23.26,51.89,0.01
Raigad,2004,2,26.36,38.94,0.0
Raigad,2004,3,30.38,37.07,0.0
Raigad,2004,4,30.35,57.17,0.0
Raigad,2004,5,30.85,62.81,2.97
Raigad,2004,6,27.99,81.28,12.55
Raigad,2004,7,26.76,87.27,21.17
Raigad,2004,8,25.75,90.59,30.79
Raigad,2004,9,26.47,86.95,7.59
Raigad,2004,10,25.08,76.77,0.88
Raigad,2004,11,25.05,66.56,0.14
Raigad,2004,12,23.57,54.36,0.0
Raigad,2004,13,26.82,66.04,6.39
Raigad,2005,1,22.88,49.6,0.11
Raigad,2005,2,25.2,46.68,0.0
Raigad,2005,3,28.31,48.31,0.01
Raigad,2005,4,30.55,48.54,0.45
Raigad,2005,5,30.99,59.87,0.49
Raigad,2005,6,29.35,76.08,26.21
Raigad,2005,7,26.63,91.14,34.58
Raigad,2005,8,26.02,90.19,15.13
Raigad,2005,9,25.88,92.06,25.87
Raigad,2005,10,25.52,77.0,2.44
Raigad,2005,11,23.08,66.68,0.0
Raigad,2005,12,22.29,58.58,0.0
Raigad,2005,13,26.39,67.19,8.8
Raigad,2006,1,23.41,49.35,0.0
Raigad,2006,2,27.45,38.58,0.0
Raigad,2006,3,28.19,48.1,0.31
Raigad,2006,4,29.69,56.88,0.0
Raigad,2006,5,30.6,63.86,5.91
Raigad,2006,6,28.23,81.59,14.65
Raigad,2006,7,26.03,91.13,36.32
Raigad,2006,8,25.47,91.52,34.05
Raigad,2006,9,26.08,90.43,12.82
Raigad,2006,10,26.46,79.43,4.75
Raigad,2006,11,24.64,74.58,0.8
Raigad,2006,12,23.59,62.22,0.01
Raigad,2006,13,26.64,69.15,9.23
Raigad,2007,1,23.93,51.69,0.0
Raigad,2007,2,25.54,53.43,0.01
Raigad,2007,3,28.9,42.48,0.0
Raigad,2007,4,31.38,50.85,0.28
Raigad,2007,5,31.1,60.14,0.14
Raigad,2007,6,28.75,81.18,28.52
Raigad,2007,7,26.82,89.76,24.2
Raigad,2007,8,26.25,90.84,19.71
Raigad,2007,9,26.4,89.6,15.04
Raigad,2007,10,25.24,73.54,0.16
Raigad,2007,11,24.15,68.08,0.26
Raigad,2007,12,23.72,60.73,0.0
Raigad,2007,13,26.85,67.76,7.38
Raigad,2008,1,22.51,47.32,0.0
Raigad,2008,2,24.17,39.35,0.0
Raigad,2008,3,28.93,44.24,0.22
Raigad,2008,4,30.6,51.87,0.01
Raigad,2008,5,30.56,61.49,0.11
Raigad,2008,6,27.73,84.03,22.72
Raigad,2008,7,26.47,89.39,21.06
Raigad,2008,8,25.81,90.33,22.08
Raigad,2008,9,25.96,88.88,17.57
Raigad,2008,10,25.73,75.21,1.17
Raigad,2008,11,24.64,67.6,0.08
Raigad,2008,12,24.6,58.16,0.23
Raigad,2008,13,26.48,66.57,7.11
Raigad,2009,1,24.88,50.29,0.0
Raigad,2009,2,26.6,39.78,0.0
Raigad,2009,3,29.64,42.01,0.1
Raigad,2009,4,31.96,47.6,0.02
Raigad,2009,5,31.21,58.69,0.07
Raigad,2009,6,29.42,72.9,7.38
Raigad,2009,7,26.48,90.44,33.97
Raigad,2009,8,26.39,89.42,12.96
Raigad,2009,9,26.61,88.71,9.22
Raigad,2009,10,26.04,75.76,6.74
Raigad,2009,11,24.36,75.11,3.65
Raigad,2009,12,23.02,67.18,0.0
Raigad,2009,13,27.21,66.66,6.24
Raigad,2010,1,23.54,56.91,0.01
Raigad,2010,2,25.03,50.76,0.0
Raigad,2010,3,29.45,46.79,0.19
Raigad,2010,4,31.34,53.3,0.02
Raigad,2010,5,32.12,59.92,0.26
Raigad,2010,6,28.52,84.07,22.18
Raigad,2010,7,26.74,91.49,34.17
Raigad,2010,8,26.38,91.06,28.08
Raigad,2010,9,26.57,88.74,8.69
Raigad,2010,10,26.64,81.91,6.3
Raigad,2010,11,25.74,82.33,2.19
Raigad,2010,12,21.53,70.72,0.0
Raigad,2010,13,26.97,71.61,8.58
Raigad,2011,1,21.97,56.83,0.0
Raigad,2011,2,24.51,51.27,0.01
Raigad,2011,3,29.24,39.23,0.0
Raigad,2011,4,30.3,55.11,0.23
Raigad,2011,5,30.77,60.96,0.07
Raigad,2011,6,28.19,82.42,11.67
Raigad,2011,7,26.52,90.04,34.91
Raigad,2011,8,26.08,91.33,20.66
Raigad,2011,9,25.98,88.54,11.61
Raigad,2011,10,26.43,79.16,5.41
Raigad,2011,11,24.86,66.61,0.01
Raigad,2011,12,23.2,58.8,0.0
Raigad,2011,13,26.51,68.45,7.12
Raigad,2012,1,21.5,54.44,0.0
Raigad,2012,2,25.2,35.81,0.0
Raigad,2012,3,27.83,37.52,0.0
Raigad,2012,4,30.52,53.32,0.08
Raigad,2012,5,30.43,61.28,0.06
Raigad,2012,6,29.13,74.58,7.85
Raigad,2012,7,26.85,88.77,18.4
Raigad,2012,8,26.21,90.3,12.86
Raigad,2012,9,25.97,89.12,13.61
Raigad,2012,10,26.4,78.5,6.67
Raigad,2012,11,24.0,67.33,0.01
Raigad,2012,12,23.35,63.03,0.0
Raigad,2012,13,26.45,66.28,4.98
Raigad,2013,1,22.57,53.53,0.0
Raigad,2013,2,25.71,50.1,0.24
Raigad,2013,3,28.78,42.68,0.03
Raigad,2013,4,29.75,55.77,0.0
Raigad,2013,5,31.21,60.35,0.01
Raigad,2013,6,27.51,86.41,31.05
Raigad,2013,7,25.94,91.67,28.47
Raigad,2013,8,25.76,89.88,7.7
Raigad,2013,9,26.22,88.6,10.5
Raigad,2013,10,26.22,82.0,2.86
Raigad,2013,11,24.46,71.14,0.14
Raigad,2013,12,22.84,60.91,0.07
Raigad,2013,13,26.41,69.51,6.77
Raigad,2014,1,23.15,56.91,0.02
Raigad,2014,2,24.79,48.44,0.01
Raigad,2014,3,28.46,45.22,0.13
Raigad,2014,4,30.78,48.89,0.07
Raigad,2014,5,31.47,56.52,0.41
Raigad,2014,6,30.46,68.07,2.53
Raigad,2014,7,27.21,86.6,41.88
Raigad,2014,8,26.19,90.45,20.02
Raigad,2014,9,26.17,86.91,9.38
Raigad,2014,10,26.66,75.36,0.97
Raigad,2014,11,25.11,67.06,0.65
Raigad,2014,12,23.07,54.41,0.61
Raigad,2014,13,26.97,65.52,6.48
Raigad,2015,1,22.88,53.44,0.03
Raigad,2015,2,25.97,43.43,0.06
Raigad,2015,3,28.03,50.36,1.62
Raigad,2015,4,30.07,56.22,0.06
Raigad,2015,5,31.4,61.29,1.09
Raigad,2015,6,28.35,80.54,26.8
Raigad,2015,7,26.95,86.62,9.09
Raigad,2015,8,26.53,87.4,3.96
Raigad,2015,9,26.51,84.46,10.29
Raigad,2015,10,27.46,75.88,2.33
Raigad,2015,11,25.39,69.43,0.98
Raigad,2015,12,23.88,52.73,0.0
Raigad,2015,13,26.95,66.94,4.68
Raigad,2016,1,23.49,45.48,0.01
Raigad,2016,2,25.65,50.44,0.68
Raigad,2016,3,29.19,47.83,0.13
Raigad,2016,4,30.52,53.82,0.05
Raigad,2016,5,31.46,61.31,0.3
Raigad,2016,6,29.21,77.23,17.64
Raigad,2016,7,26.3,91.17,32.07
Raigad,2016,8,25.89,90.72,22.76
Raigad,2016,9,25.62,90.0,20.22
Raigad,2016,10,24.98,78.89,3.24
Raigad,2016,11,23.03,61.15,0.0
Raigad,2016,12,23.35,53.87,0.0
Raigad,2016,13,26.56,66.87,8.12
Raigad,2017,1,23.34,48.83,0.0
Raigad,2017,2,26.96,37.84,0.0
Raigad,2017,3,28.45,46.6,0.06
Raigad,2017,4,30.36,53.13,0.01
Raigad,2017,5,31.54,59.1,0.43
Raigad,2017,6,28.54,82.24,19.75
Raigad,2017,7,26.63,89.94,32.79
Raigad,2017,8,26.16,89.93,21.57
Raigad,2017,9,26.7,88.39,15.73
Raigad,2017,10,26.64,77.32,4.4
Raigad,2017,11,23.55,67.16,0.03
Raigad,2017,12,22.3,66.65,1.52
Raigad,2017,13,26.76,67.44,8.08
Raigad,2018,1,23.07,54.45,0.07
Raigad,2018,2,26.01,44.69,0.23
Raigad,2018,3,29.21,42.51,0.05
Raigad,2018,4,30.89,51.32,0.03
Raigad,2018,5,31.38,59.21,0.17
Raigad,2018,6,28.59,81.75,17.96
Raigad,2018,7,26.3,91.0,31.31
Raigad,2018,8,25.74,89.94,13.67
Raigad,2018,9,25.94,85.51,3.32
Raigad,2018,10,26.92,69.41,0.7
Raigad,2018,11,25.81,58.87,0.22
Raigad,2018,12,23.39,46.4,0.01
Raigad,2018,13,26.94,64.7,5.69
Raigad,2019,1,23.38,34.59,0.01
Raigad,2019,2,25.35,40.49,0.01
Raigad,2019,3,28.04,43.84,0.02
Raigad,2019,4,30.88,52.8,0.12
Raigad,2019,5,31.03,58.28,0.01
Raigad,2019,6,29.84,73.44,14.56
Raigad,2019,7,26.93,90.82,35.39
Raigad,2019,8,26.27,90.75,21.28
Raigad,2019,9,26.32,91.42,31.32
Raigad,2019,10,26.39,84.44,6.22
Raigad,2019,11,25.18,78.56,1.78
Raigad,2019,12,23.91,76.75,0.09
Raigad,2019,13,26.96,68.18,9.28
Raigad,2020,1,21.67,67.73,0.01
Raigad,2020,2,25.17,49.88,0.01
Raigad,2020,3,27.62,49.34,0.13
Raigad,2020,4,31.56,51.15,0.17
Raigad,2020,5,32.2,57.28,0.24
Raigad,2020,6,28.13,82.85,15.44
Raigad,2020,7,26.93,90.18,25.12
Raigad,2020,8,26.35,92.3,38.82
Raigad,2020,9,26.52,90.18,12.14
Raigad,2020,10,26.94,82.78,5.82
Raigad,2020,11,24.84,75.99,0.02
Raigad,2020,12,23.24,69.43,0.39
Raigad,2020,13,26.76,71.67,8.25
Raigad,2021,1,24.23,61.76,0.27
Raigad,2021,2,25.35,48.28,0.41
Raigad,2021,3,29.88,37.32,0.07
Raigad,2021,4,31.06,51.04,0.26
Raigad,2021,5,30.72,65.07,10.6
Raigad,2021,6,27.82,86.38,21.88
Raigad,2021,7,26.86,89.71,33.94
Raigad,2021,8,26.2,88.87,12.21
Raigad,2021,9,26.22,91.12,19.06
Raigad,2021,10,26.27,81.4,2.35
Raigad,2021,11,25.42,78.9,1.66
Raigad,2021,12,22.42,75.31,2.28
Raigad,2021,13,26.88,71.39,8.8
Raigad,2022,1,21.28,67.96,0.07
Raigad,2022,2,23.56,56.72,0.01
Raigad,2022,3,29.83,41.7,0.2
Raigad,2022,4,31.74,50.69,0.13
Raigad,2022,5,31.18,61.81,0.27
Raigad,2022,6,28.89,76.63,11.25
Raigad,2022,7,26.35,90.49,40.4
Raigad,2022,8,26.09,90.16,18.64
Raigad,2022,9,26.2,90.01,17.38
Raigad,2022,10,25.41,82.64,6.08
Raigad,2022,11,23.23,72.32,0.02
Raigad,2022,12,23.79,68.69,0.18
Raigad,2022,13,26.47,70.92,7.96
Raigad,2023,1,22.2,58.51,0.01
Raigad,2023,2,26.46,32.89,0.01
Raigad,2023,3,28.35,44.47,0.52
Raigad,2023,4,30.76,47.4,0.31
Raigad,2023,5,31.29,58.09,0.37
Raigad,2023,6,29.7,73.54,15.1
Raigad,2023,7,26.7,91.28,45.34
Raigad,2023,8,26.27,88.92,7.26
Raigad,2023,9,26.6,89.95,16.12
Raigad,2023,10,26.52,77.09,0.82
Raigad,2023,11,25.16,73.49,1.02
Raigad,2023,12,24.12,64.6,0.02
Raigad,2023,13,27.0,66.92,7.29
Ratnagiri,1997,1,25.58,60.9,0.08
Ratnagiri,1997,2,25.11,63.57,0.0
Ratnagiri,1997,3,27.8,68.73,0.07
Ratnagiri,1997,4,27.97,70.67,0.28
Ratnagiri,1997,5,28.63,74.5,0.15
Ratnagiri,1997,6,28.43,82.24,22.83
Ratnagiri,1997,7,27.33,86.82,23.18
Ratnagiri,1997,8,26.63,87.89,20.54
Ratnagiri,1997,9,26.87,81.93,3.35
Ratnagiri,1997,10,28.3,74.95,1.12
Ratnagiri,1997,11,28.5,72.52,1.77
Ratnagiri,1997,12,26.26,71.73,3.16
Ratnagiri,1997,13,27.29,74.77,6.42
Ratnagiri,1998,1,26.25,63.35,0.0
Ratnagiri,1998,2,26.21,63.39,0.07
Ratnagiri,1998,3,26.86,69.22,0.02
Ratnagiri,1998,4,29.26,72.59,0.02
Ratnagiri,1998,5,30.16,74.73,0.42
Ratnagiri,1998,6,28.93,81.17,23.28
Ratnagiri,1998,7,27.34,87.91,21.9
Ratnagiri,1998,8,27.41,87.9,19.29
Ratnagiri,1998,9,27.45,85.54,12.84
Ratnagiri,1998,10,27.18,81.59,4.58
Ratnagiri,1998,11,26.67,71.14,1.45
Ratnagiri,1998,12,25.37,65.53,0.05
Ratnagiri,1998,13,27.43,75.41,7.02
Ratnagiri,1999,1,25.14,62.49,0.0
Ratnagiri,1999,2,27.27,63.5,0.05
Ratnagiri,1999,3,27.84,67.53,0.01
Ratnagiri,1999,4,27.95,77.09,0.02
Ratnagiri,1999,5,28.29,79.7,6.09
Ratnagiri,1999,6,27.89,83.4,23.04
Ratnagiri,1999,7,27.24,86.53,21.65
Ratnagiri,1999,8,26.65,85.68,4.32
Ratnagiri,1999,9,26.6,85.5,6.76
Ratnagiri,1999,10,27.32,79.62,3.56
Ratnagiri,1999,11,26.43,69.5,0.01
Ratnagiri,1999,12,26.27,59.61,0.0
Ratnagiri,1999,13,27.07,75.06,5.48
Ratnagiri,2000,1,26.37,59.87,0.0
Ratnagiri,2000,2,25.26,65.21,0.03
Ratnagiri,2000,3,26.65,67.77,0.0
Ratnagiri,2000,4,28.35,76.2,0.09
Ratnagiri,2000,5,28.39,79.01,4.23
Ratnagiri,2000,6,27.78,84.92,16.34
Ratnagiri,2000,7,26.76,85.66,19.98
Ratnagiri,2000,8,26.76,86.24,15.74
Ratnagiri,2000,9,26.85,85.54,3.4
Ratnagiri,2000,10,27.46,79.5,3.56
Ratnagiri,2000,11,27.36,68.25,0.32
Ratnagiri,2000,12,26.24,58.82,0.71
Ratnagiri,2000,13,27.02,74.76,5.4
Ratnagiri,2001,1,25.91,63.89,0.02
Ratnagiri,2001,2,26.14,63.45,0.0
Ratnagiri,2001,3,26.57,69.31,0.0
Ratnagiri,2001,4,28.6,72.2,0.26
Ratnagiri,2001,5,28.94,77.49,3.88
Ratnagiri,2001,6,27.75,84.08,11.64
Ratnagiri,2001,7,26.76,87.57,12.76
Ratnagiri,2001,8,26.47,87.53,13.18
Ratnagiri,2001,9,26.59,86.19,7.84
Ratnagiri,2001,10,27.09,80.85,3.07
Ratnagiri,2001,11,27.41,69.45,0.21
Ratnagiri,2001,12,27.26,58.96,0.01
Ratnagiri,2001,13,27.13,75.14,4.44
Ratnagiri,2002,1,25.6,61.41,0.01
Ratnagiri,2002,2,26.91,63.05,0.06
Ratnagiri,2002,3,28.33,68.18,0.01
Ratnagiri,2002,4,29.09,71.63,0.16
Ratnagiri,2002,5,29.52,75.84,2.16
Ratnagiri,2002,6,28.75,82.01,26.01
Ratnagiri,2002,7,27.53,84.07,7.74
Ratnagiri,2002,8,26.74,86.21,15.5
Ratnagiri,2002,9,26.88,82.15,3.65
Ratnagiri,2002,10,28.15,77.03,4.4
Ratnagiri,2002,11,27.56,66.67,0.45
Ratnagiri,2002,12,26.98,60.14,0.03
Ratnagiri,2002,13,27.67,73.26,5.03
Ratnagiri,2003,1,26.7,62.25,0.02
Ratnagiri,2003,2,26.96,64.97,0.03
Ratnagiri,2003,3,27.88,65.97,0.03
Ratnagiri,2003,4,29.02,71.37,0.18
Ratnagiri,2003,5,29.29,75.34,0.13
Ratnagiri,2003,6,28.95,81.51,18.77
Ratnagiri,2003,7,27.86,86.03,19.39
Ratnagiri,2003,8,27.51,84.17,8.11
Ratnagiri,2003,9,27.18,83.15,4.16
Ratnagiri,2003,10,28.28,73.69,1.42
Ratnagiri,2003,11,28.01,66.54,0.21
Ratnagiri,2003,12,27.01,58.11,0.0
Ratnagiri,2003,13,27.89,72.79,4.39
Ratnagiri,2004,1,26.06,61.08,0.01
Ratnagiri,2004,2,27.07,61.73,0.0
Ratnagiri,2004,3,28.77,69.7,0.01
Ratnagiri,2004,4,28.83,72.68,0.17
Ratnagiri,2004,5,29.51,75.22,5.22
Ratnagiri,2004,6,28.07,83.56,23.41
Ratnagiri,2004,7,27.65,84.2,15.98
Ratnagiri,2004,8,26.57,86.94,15.89
Ratnagiri,2004,9,26.91,85.43,5.94
Ratnagiri,2004,10,27.13,77.96,0.99
Ratnagiri,2004,11,27.7,67.85,0.5
Ratnagiri,2004,12,26.31,61.9,0.0
Ratnagiri,2004,13,27.55,74.05,5.69
Ratnagiri,2005,1,25.62,62.4,0.12
Ratnagiri,2005,2,25.96,65.72,0.0
Ratnagiri,2005,3,26.96,70.28,0.01
Ratnagiri,2005,4,29.0,70.33,0.34
Ratnagiri,2005,5,29.16,75.95,0.97
Ratnagiri,2005,6,29.19,80.86,18.28
Ratnagiri,2005,7,27.77,86.41,25.15
Ratnagiri,2005,8,26.94,86.99,16.72
Ratnagiri,2005,9,26.71,88.28,14.48
Ratnagiri,2005,10,27.31,77.66,3.17
Ratnagiri,2005,11,25.78,69.95,0.03
Ratnagiri,2005,12,25.9,63.01,0.02
Ratnagiri,2005,13,27.2,74.87,6.64
Ratnagiri,2006,1,26.35,60.64,0.01
Ratnagiri,2006,2,27.52,62.08,0.0
Ratnagiri,2006,3,27.4,66.9,0.32
Ratnagiri,2006,4,27.74,74.51,0.05
Ratnagiri,2006,5,28.56,79.71,15.64
Ratnagiri,2006,6,28.16,84.06,19.28
Ratnagiri,2006,7,26.9,87.68,21.62
Ratnagiri,2006,8,26.49,87.28,18.5
Ratnagiri,2006,9,27.03,86.14,14.0
Ratnagiri,2006,10,27.84,80.8,3.74
Ratnagiri,2006,11,27.36,74.31,1.16
Ratnagiri,2006,12,26.52,64.11,0.0
Ratnagiri,2006,13,27.32,75.75,7.92
Ratnagiri,2007,1,26.23,63.19,0.01
Ratnagiri,2007,2,26.18,66.45,0.0
Ratnagiri,2007,3,27.6,68.45,0.0
Ratnagiri,2007,4,29.18,72.94,0.26
Ratnagiri,2007,5,29.16,77.17,1.25
Ratnagiri,2007,6,28.75,83.28,29.86
Ratnagiri,2007,7,27.56,87.01,19.05
Ratnagiri,2007,8,27.15,86.69,26.37
Ratnagiri,2007,9,27.37,85.36,14.9
Ratnagiri,2007,10,27.45,76.53,1.32
Ratnagiri,2007,11,26.65,69.63,0.64
Ratnagiri,2007,12,26.52,66.18,0.04
Ratnagiri,2007,13,27.49,75.28,7.83
Ratnagiri,2008,1,25.55,59.41,0.0
Ratnagiri,2008,2,25.18,63.26,0.02
Ratnagiri,2008,3,27.67,68.03,0.58
Ratnagiri,2008,4,28.67,71.11,0.1
Ratnagiri,2008,5,28.99,76.46,2.31
Ratnagiri,2008,6,28.43,83.16,17.06
Ratnagiri,2008,7,27.44,85.19,11.15
Ratnagiri,2008,8,26.86,86.3,15.58
Ratnagiri,2008,9,26.8,84.88,16.24
Ratnagiri,2008,10,27.44,76.89,1.0
Ratnagiri,2008,11,27.48,69.8,0.56
Ratnagiri,2008,12,27.04,63.01,0.56
Ratnagiri,2008,13,27.3,73.98,5.43
Ratnagiri,2009,1,26.93,60.08,0.0
Ratnagiri,2009,2,27.11,63.31,0.0
Ratnagiri,2009,3,28.24,67.85,0.05
Ratnagiri,2009,4,29.18,72.23,0.11
Ratnagiri,2009,5,29.32,74.85,0.49
Ratnagiri,2009,6,28.93,79.12,12.9
Ratnagiri,2009,7,27.11,88.77,31.51
Ratnagiri,2009,8,27.02,87.52,9.46
Ratnagiri,2009,9,27.33,86.86,12.85
Ratnagiri,2009,10,27.49,77.61,7.41
Ratnagiri,2009,11,26.69,75.9,3.1
Ratnagiri,2009,12,26.16,68.89,0.03
Ratnagiri,2009,13,27.63,75.31,6.54
Ratnagiri,2010,1,26.71,62.82,0.08
Ratnagiri,2010,2,26.51,64.32,0.01
Ratnagiri,2010,3,28.18,69.79,0.11
Ratnagiri,2010,4,29.33,72.82,0.17
Ratnagiri,2010,5,30.13,75.96,0.44
Ratnagiri,2010,6,28.99,83.09,22.02
Ratnagiri,2010,7,27.63,87.04,37.05
Ratnagiri,2010,8,27.06,87.67,17.32
Ratnagiri,2010,9,27.32,85.6,9.44
Ratnagiri,2010,10,27.82,81.19,5.6
Ratnagiri,2010,11,27.42,80.45,2.84
Ratnagiri,2010,12,25.29,69.25,0.05
Ratnagiri,2010,13,27.7,76.73,7.99
Ratnagiri,2011,1,25.32,63.33,0.01
Ratnagiri,2011,2,26.29,63.43,0.0
Ratnagiri,2011,3,28.02,66.62,0.0
Ratnagiri,2011,4,28.44,71.43,0.18
Ratnagiri,2011,5,29.04,75.97,0.64
Ratnagiri,2011,6,28.32,84.35,18.36
Ratnagiri,2011,7,27.25,87.95,35.86
Ratnagiri,2011,8,26.79,88.54,19.91
Ratnagiri,2011,9,26.88,84.83,9.5
Ratnagiri,2011,10,27.8,79.39,3.85
Ratnagiri,2011,11,27.46,70.7,0.36
Ratnagiri,2011,12,26.89,62.81,0.0
Ratnagiri,2011,13,27.38,75.01,7.45
Ratnagiri,2012,1,25.13,61.91,0.0
Ratnagiri,2012,2,26.04,59.96,0.0
Ratnagiri,2012,3,26.65,66.13,0.0
Ratnagiri,2012,4,28.69,72.26,0.27
Ratnagiri,2012,5,28.36,77.18,0.13
Ratnagiri,2012,6,28.55,81.51,16.98
Ratnagiri,2012,7,27.58,86.0,23.91
Ratnagiri,2012,8,27.16,86.98,13.41
Ratnagiri,2012,9,26.99,85.0,9.39
Ratnagiri,2012,10,27.54,77.81,5.84
Ratnagiri,2012,11,27.15,67.46,0.15
Ratnagiri,2012,12,26.48,65.31,0.0
Ratnagiri,2012,13,27.19,74.01,5.86
Ratnagiri,2013,1,26.01,60.8,0.0
Ratnagiri,2013,2,26.9,64.09,0.07
Ratnagiri,2013,3,28.28,64.41,0.07
Ratnagiri,2013,4,28.05,72.25,0.04
Ratnagiri,2013,5,29.21,76.45,0.95
Ratnagiri,2013,6,28.17,84.91,25.94
Ratnagiri,2013,7,26.84,88.36,27.32
Ratnagiri,2013,8,26.5,87.21,8.14
Ratnagiri,2013,9,27.08,85.44,8.72
Ratnagiri,2013,10,27.64,80.15,3.99
Ratnagiri,2013,11,27.04,70.38,0.08
Ratnagiri,2013,12,26.1,63.01,0.02
Ratnagiri,2013,13,27.32,74.84,6.3
Ratnagiri,2014,1,25.91,64.49,0.05
Ratnagiri,2014,2,26.15,64.05,0.03
Ratnagiri,2014,3,27.81,64.4,0.06
Ratnagiri,2014,4,28.83,69.7,0.1
Ratnagiri,2014,5,29.59,72.99,1.12
Ratnagiri,2014,6,29.3,78.89,5.25
Ratnagiri,2014,7,27.87,85.29,28.64
Ratnagiri,2014,8,26.96,87.29,16.44
Ratnagiri,2014,9,27.25,84.26,9.41
Ratnagiri,2014,10,28.32,75.42,2.91
Ratnagiri,2014,11,27.4,69.0,0.81
Ratnagiri,2014,12,26.48,62.78,0.48
Ratnagiri,2014,13,27.66,73.26,5.5
Ratnagiri,2015,1,25.72,60.52,0.01
Ratnagiri,2015,2,26.74,60.69,0.06
Ratnagiri,2015,3,27.89,66.89,0.65
Ratnagiri,2015,4,28.53,71.13,0.3
Ratnagiri,2015,5,29.78,75.15,1.21
Ratnagiri,2015,6,28.53,81.83,13.79
Ratnagiri,2015,7,27.68,84.58,6.81
Ratnagiri,2015,8,27.31,84.78,5.68
Ratnagiri,2015,9,27.64,81.21,4.15
Ratnagiri,2015,10,29.01,74.98,1.58
Ratnagiri,2015,11,28.78,66.92,0.74
Ratnagiri,2015,12,27.85,59.05,0.0
Ratnagiri,2015,13,27.96,72.37,2.92
Ratnagiri,2016,1,26.66,57.42,0.01
Ratnagiri,2016,2,26.4,66.08,0.08
Ratnagiri,2016,3,27.93,69.06,0.16
Ratnagiri,2016,4,28.72,72.11,0.12
Ratnagiri,2016,5,29.69,76.23,0.46
Ratnagiri,2016,6,28.9,81.87,20.9
Ratnagiri,2016,7,27.12,87.85,26.2
Ratnagiri,2016,8,26.8,87.08,11.74
Ratnagiri,2016,9,26.7,85.07,7.04
Ratnagiri,2016,10,26.44,79.16,1.96
Ratnagiri,2016,11,25.49,69.54,0.07
Ratnagiri,2016,12,26.51,62.74,0.01
Ratnagiri,2016,13,27.28,74.53,5.75
Ratnagiri,2017,1,26.28,59.7,0.0
Ratnagiri,2017,2,27.22,60.61,0.01
Ratnagiri,2017,3,27.36,66.93,0.02
Ratnagiri,2017,4,28.43,73.17,0.01
Ratnagiri,2017,5,29.44,75.58,1.45
Ratnagiri,2017,6,28.76,82.21,10.95
Ratnagiri,2017,7,27.66,85.16,13.6
Ratnagiri,2017,8,27.25,85.77,8.33
Ratnagiri,2017,9,27.5,85.72,13.25
Ratnagiri,2017,10,27.91,80.3,5.27
Ratnagiri,2017,11,26.7,71.17,0.01
Ratnagiri,2017,12,25.71,69.34,0.24
Ratnagiri,2017,13,27.52,74.72,4.45
Ratnagiri,2018,1,25.98,61.89,0.0
Ratnagiri,2018,2,27.08,61.92,0.22
Ratnagiri,2018,3,28.19,65.44,0.16
Ratnagiri,2018,4,29.08,69.71,0.16
Ratnagiri,2018,5,29.48,75.65,1.56
Ratnagiri,2018,6,28.59,84.5,19.48
Ratnagiri,2018,7,27.19,87.54,15.84
Ratnagiri,2018,8,26.6,86.81,9.05
Ratnagiri,2018,9,26.91,82.7,3.81
Ratnagiri,2018,10,28.5,72.66,2.26
Ratnagiri,2018,11,28.06,67.53,1.16
Ratnagiri,2018,12,26.54,60.82,0.01
Ratnagiri,2018,13,27.68,73.16,4.49
Ratnagiri,2019,1,25.88,56.04,0.01
Ratnagiri,2019,2,26.05,62.01,0.0
Ratnagiri,2019,3,26.68,68.63,0.28
Ratnagiri,2019,4,28.72,71.83,0.41
Ratnagiri,2019,5,28.9,75.85,0.04
Ratnagiri,2019,6,29.02,80.91,11.25
Ratnagiri,2019,7,27.95,86.89,21.92
Ratnagiri,2019,8,27.25,87.39,24.85
Ratnagiri,2019,9,27.29,87.06,13.91
Ratnagiri,2019,10,28.03,81.36,11.78
Ratnagiri,2019,11,27.43,76.75,0.56
Ratnagiri,2019,12,27.11,73.77,0.12
Ratnagiri,2019,13,27.53,75.78,7.16
Ratnagiri,2020,1,25.48,70.04,0.0
Ratnagiri,2020,2,26.99,63.89,0.0
Ratnagiri,2020,3,27.44,67.81,0.22
Ratnagiri,2020,4,29.58,69.74,0.48
Ratnagiri,2020,5,30.07,74.74,0.85
Ratnagiri,2020,6,28.53,83.86,17.04
Ratnagiri,2020,7,27.6,86.84,18.94
Ratnagiri,2020,8,27.39,87.41,22.05
Ratnagiri,2020,9,27.38,85.46,11.86
Ratnagiri,2020,10,27.67,83.22,8.46
Ratnagiri,2020,11,27.24,76.95,0.05
Ratnagiri,2020,12,26.65,69.31,0.17
Ratnagiri,2020,13,27.67,76.65,6.71
Ratnagiri,2021,1,27.05,68.01,0.38
Ratnagiri,2021,2,27.33,62.04,0.15
Ratnagiri,2021,3,29.05,64.09,0.06
Ratnagiri,2021,4,29.54,68.78,0.66
Ratnagiri,2021,5,30.06,74.48,9.39
Ratnagiri,2021,6,28.59,82.89,16.21
Ratnagiri,2021,7,27.7,86.2,27.74
Ratnagiri,2021,8,27.13,85.03,4.66
Ratnagiri,2021,9,27.37,85.41,7.84
Ratnagiri,2021,10,27.76,80.04,5.46
Ratnagiri,2021,11,27.53,78.71,2.98
Ratnagiri,2021,12,25.93,72.53,3.57
Ratnagiri,2021,13,27.92,75.76,6.64
Ratnagiri,2022,1,24.9,68.65,0.06
Ratnagiri,2022,2,25.58,67.01,0.0
Ratnagiri,2022,3,28.74,66.88,0.08
Ratnagiri,2022,4,29.78,69.67,0.65
Ratnagiri,2022,5,29.77,75.03,1.06
Ratnagiri,2022,6,28.53,81.23,15.87
Ratnagiri,2022,7,27.24,86.45,17.3
Ratnagiri,2022,8,26.93,86.82,12.37
Ratnagiri,2022,9,27.03,85.64,7.76
Ratnagiri,2022,10,27.19,79.55,3.68
Ratnagiri,2022,11,26.48,75.29,0.05
Ratnagiri,2022,12,27.02,70.43,0.14
Ratnagiri,2022,13,27.44,76.11,4.95
Ratnagiri,2023,1,25.52,64.87,0.0
Ratnagiri,2023,2,27.88,55.2,0.0
Ratnagiri,2023,3,28.16,63.52,0.18
Ratnagiri,2023,4,29.07,69.28,0.38
Ratnagiri,2023,5,29.62,73.16,0.57
Ratnagiri,2023,6,29.46,80.01,10.01
Ratnagiri,2023,7,27.55,87.68,28.05
Ratnagiri,2023,8,27.37,84.53,3.29
Ratnagiri,2023,9,27.72,84.9,11.95
Ratnagiri,2023,10,28.13,77.19,1.07
Ratnagiri,2023,11,28.11,73.93,1.38
Ratnagiri,2023,12,27.5,65.06,0.04
Ratnagiri,2023,13,28.0,73.38,4.77
Sindhudurg,1997,1,24.3,60.42,0.1
Sindhudurg,1997,2,25.19,51.55,0.0
Sindhudurg,1997,3,28.57,57.4,0.11
Sindhudurg,1997,4,28.89,58.81,0.36
Sindhudurg,1997,5,29.6,61.86,0.1
Sindhudurg,1997,6,27.06,83.21,24.93
Sindhudurg,1997,7,25.85,90.77,29.31
Sindhudurg,1997,8,25.27,91.61,25.29
Sindhudurg,1997,9,25.36,86.46,2.52
Sindhudurg,1997,10,26.61,80.42,1.49
Sindhudurg,1997,11,27.02,74.98,1.05
Sindhudurg,1997,12,25.18,72.83,2.03
Sindhudurg,1997,13,26.58,72.66,7.33
Sindhudurg,1998,1,25.53,60.18,0.0
Sindhudurg,1998,2,26.16,55.79,0.01
Sindhudurg,1998,3,27.76,58.82,0.0
Sindhudurg,1998,4,30.94,57.98,0.02
Sindhudurg,1998,5,30.46,67.54,2.05
Sindhudurg,1998,6,27.6,82.24,27.05
Sindhudurg,1998,7,25.88,91.06,17.47
Sindhudurg,1998,8,25.87,91.37,17.27
Sindhudurg,1998,9,25.8,90.04,12.43
Sindhudurg,1998,10,25.3,87.11,3.88
Sindhudurg,1998,11,24.25,77.99,1.63
Sindhudurg,1998,12,23.41,63.2,0.04
Sindhudurg,1998,13,26.58,73.72,6.84
Sindhudurg,1999,1,24.18,55.58,0.0
Sindhudurg,1999,2,27.85,51.04,0.02
Sindhudurg,1999,3,29.13,54.99,0.0
Sindhudurg,1999,4,28.95,65.29,0.0
Sindhudurg,1999,5,27.71,76.52,7.21
Sindhudurg,1999,6,26.16,87.79,24.34
Sindhudurg,1999,7,25.53,90.93,27.4
Sindhudurg,1999,8,25.14,89.39,5.32
Sindhudurg,1999,9,25.17,88.8,5.4
Sindhudurg,1999,10,25.87,83.0,4.07
Sindhudurg,1999,11,25.26,67.76,0.03
Sindhudurg,1999,12,25.41,54.6,0.0
Sindhudurg,1999,13,26.35,72.26,6.19
Sindhudurg,2000,1,26.44,48.25,0.01
Sindhudurg,2000,2,25.44,58.51,0.03
Sindhudurg,2000,3,27.61,56.22,0.0
Sindhudurg,2000,4,29.34,65.11,0.43
Sindhudurg,2000,5,28.22,74.07,5.38
Sindhudurg,2000,6,26.16,88.61,18.04
Sindhudurg,2000,7,25.17,90.15,21.43
Sindhudurg,2000,8,25.23,90.04,13.78
Sindhudurg,2000,9,25.59,88.56,5.08
Sindhudurg,2000,10,25.88,83.22,3.18
Sindhudurg,2000,11,25.38,68.61,0.28
Sindhudurg,2000,12,24.91,51.56,0.29
Sindhudurg,2000,13,26.28,71.92,5.69
Sindhudurg,2001,1,25.97,54.05,0.13
Sindhudurg,2001,2,26.77,51.35,0.0
Sindhudurg,2001,3,27.14,58.71,0.0
Sindhudurg,2001,4,29.77,60.1,0.52
Sindhudurg,2001,5,28.99,69.55,3.68
Sindhudurg,2001,6,26.4,85.37,12.89
Sindhudurg,2001,7,25.4,90.49,16.6
Sindhudurg,2001,8,24.96,91.22,12.57
Sindhudurg,2001,9,25.32,88.78,4.47
Sindhudurg,2001,10,25.36,82.76,2.57
Sindhudurg,2001,11,25.98,69.65,0.34
Sindhudurg,2001,12,26.0,53.55,0.02
Sindhudurg,2001,13,26.5,71.41,4.52
Sindhudurg,2002,1,25.06,54.44,0.0
Sindhudurg,2002,2,27.51,53.2,0.0
Sindhudurg,2002,3,29.07,57.03,0.01
Sindhudurg,2002,4,30.41,59.19,0.17
Sindhudurg,2002,5,29.42,71.27,1.86
Sindhudurg,2002,6,27.02,86.03,24.61
Sindhudurg,2002,7,25.98,88.02,8.09
Sindhudurg,2002,8,25.2,90.53,15.34
Sindhudurg,2002,9,25.3,86.81,2.92
Sindhudurg,2002,10,26.47,81.92,4.76
Sindhudurg,2002,11,25.89,69.47,0.25
Sindhudurg,2002,12,25.57,56.79,0.01
Sindhudurg,2002,13,26.9,71.33,4.85
Sindhudurg,2003,1,26.36,55.69,0.01
Sindhudurg,2003,2,27.44,55.74,0.02
Sindhudurg,2003,3,28.84,55.5,0.18
Sindhudurg,2003,4,30.43,57.61,0.62
Sindhudurg,2003,5,30.22,63.71,0.22
Sindhudurg,2003,6,27.8,81.83,18.56
Sindhudurg,2003,7,26.15,90.82,18.12
Sindhudurg,2003,8,25.89,89.01,8.87
Sindhudurg,2003,9,25.5,88.35,3.98
Sindhudurg,2003,10,26.16,81.34,2.58
Sindhudurg,2003,11,26.21,67.64,0.16
Sindhudurg,2003,12,25.6,53.31,0.01
Sindhudurg,2003,13,27.21,70.12,4.47
Sindhudurg,2004,1,25.48,55.35,0.0
Sindhudurg,2004,2,27.24,52.65,0.0
Sindhudurg,2004,3,29.8,58.47,0.01
Sindhudurg,2004,4,29.87,60.66,0.3
Sindhudurg,2004,5,28.69,74.27,5.96
Sindhudurg,2004,6,26.3,88.01,19.82
Sindhudurg,2004,7,25.85,89.01,14.32
Sindhudurg,2004,8,25.12,90.36,15.27
Sindhudurg,2004,9,25.37,88.72,4.88
Sindhudurg,2004,10,25.64,80.23,1.69
Sindhudurg,2004,11,25.99,65.72,0.84
Sindhudurg,2004,12,25.32,50.55,0.0
Sindhudurg,2004,13,26.72,71.22,5.27
Sindhudurg,2005,1,25.54,54.92,0.03
Sindhudurg,2005,2,26.44,54.59,0.01
Sindhudurg,2005,3,27.97,58.51,0.0
Sindhudurg,2005,4,29.71,60.81,1.11
Sindhudurg,2005,5,29.61,66.41,1.4
Sindhudurg,2005,6,27.41,84.53,21.52
Sindhudurg,2005,7,25.96,91.56,28.71
Sindhudurg,2005,8,25.4,91.12,16.05
Sindhudurg,2005,9,25.37,91.3,15.88
Sindhudurg,2005,10,25.74,82.65,4.3
Sindhudurg,2005,11,23.71,70.96,0.03
Sindhudurg,2005,12,24.12,62.26,0.0
Sindhudurg,2005,13,26.41,72.57,7.46
Sindhudurg,2006,1,25.72,51.3,0.0
Sindhudurg,2006,2,27.6,51.17,0.0
Sindhudurg,2006,3,27.7,59.35,0.71
Sindhudurg,2006,4,29.09,61.21,0.04
Sindhudurg,2006,5,29.02,70.69,14.97
Sindhudurg,2006,6,26.37,89.49,20.08
Sindhudurg,2006,7,25.52,90.74,18.36
Sindhudurg,2006,8,25.04,90.99,18.35
Sindhudurg,2006,9,25.65,89.92,12.45
Sindhudurg,2006,10,26.21,82.58,6.46
Sindhudurg,2006,11,25.63,78.83,0.9
Sindhudurg,2006,12,24.61,62.49,0.0
Sindhudurg,2006,13,26.5,73.34,7.75
Sindhudurg,2007,1,25.55,56.44,0.0
Sindhudurg,2007,2,26.28,58.2,0.0
Sindhudurg,2007,3,28.59,57.72,0.0
Sindhudurg,2007,4,30.17,61.69,0.47
Sindhudurg,2007,5,29.31,69.72,2.49
Sindhudurg,2007,6,27.04,86.63,32.88
Sindhudurg,2007,7,25.99,90.85,20.06
Sindhudurg,2007,8,25.53,91.01,25.04
Sindhudurg,2007,9,25.68,90.52,15.88
Sindhudurg,2007,10,25.77,82.4,1.84
Sindhudurg,2007,11,24.2,72.91,1.41
Sindhudurg,2007,12,24.8,66.16,0.01
Sindhudurg,2007,13,26.58,73.77,8.36
Sindhudurg,2008,1,24.65,55.49,0.0
Sindhudurg,2008,2,25.53,56.05,0.27
Sindhudurg,2008,3,28.19,59.48,1.47
Sindhudurg,2008,4,29.15,62.22,0.67
Sindhudurg,2008,5,29.02,68.97,2.41
Sindhudurg,2008,6,26.73,86.87,17.05
Sindhudurg,2008,7,25.96,88.87,12.05
Sindhudurg,2008,8,25.33,90.62,20.05
Sindhudurg,2008,9,25.33,88.89,13.87
Sindhudurg,2008,10,25.86,79.74,1.07
Sindhudurg,2008,11,25.72,68.83,0.46
Sindhudurg,2008,12,25.6,60.13,0.42
Sindhudurg,2008,13,26.42,72.22,5.82
Sindhudurg,2009,1,26.28,53.42,0.0
Sindhudurg,2009,2,27.49,54.15,0.0
Sindhudurg,2009,3,29.29,55.85,0.12
Sindhudurg,2009,4,30.19,60.29,0.19
Sindhudurg,2009,5,29.75,66.13,0.74
Sindhudurg,2009,6,27.26,83.02,13.18
Sindhudurg,2009,7,25.75,91.29,32.84
Sindhudurg,2009,8,25.68,90.2,8.44
Sindhudurg,2009,9,25.89,90.19,12.29
Sindhudurg,2009,10,25.82,80.56,7.64
Sindhudurg,2009,11,25.06,79.52,3.51
Sindhudurg,2009,12,24.81,70.08,0.05
Sindhudurg,2009,13,26.93,72.99,6.63
Sindhudurg,2010,1,25.68,63.93,0.31
Sindhudurg,2010,2,26.96,56.08,0.0
Sindhudurg,2010,3,29.37,55.59,0.0
Sindhudurg,2010,4,30.08,61.66,0.31
Sindhudurg,2010,5,30.44,66.95,1.01
Sindhudurg,2010,6,27.55,84.42,22.08
Sindhudurg,2010,7,25.83,91.45,32.79
Sindhudurg,2010,8,25.54,91.69,16.76
Sindhudurg,2010,9,25.86,89.24,11.36
Sindhudurg,2010,10,26.07,85.55,5.78
Sindhudurg,2010,11,25.74,83.62,3.4
Sindhudurg,2010,12,23.12,73.78,0.04
Sindhudurg,2010,13,26.85,75.44,7.87
Sindhudurg,2011,1,24.11,60.4,0.0
Sindhudurg,2011,2,25.74,58.29,0.01
Sindhudurg,2011,3,28.81,55.71,0.0
Sindhudurg,2011,4,29.2,60.61,0.62
Sindhudurg,2011,5,29.39,66.8,1.23
Sindhudurg,2011,6,26.94,85.59,15.5
Sindhudurg,2011,7,25.69,91.01,27.26
Sindhudurg,2011,8,25.34,91.68,20.85
Sindhudurg,2011,9,25.43,89.05,10.94
Sindhudurg,2011,10,26.27,82.69,3.24
Sindhudurg,2011,11,25.7,68.49,0.28
Sindhudurg,2011,12,25.81,56.6,0.0
Sindhudurg,2011,13,26.54,72.32,6.71
Sindhudurg,2012,1,24.79,55.34,0.0
Sindhudurg,2012,2,26.86,48.39,0.0
Sindhudurg,2012,3,27.83,54.62,0.0
Sindhudurg,2012,4,29.65,61.34,0.81
Sindhudurg,2012,5,29.35,65.33,0.19
Sindhudurg,2012,6,27.18,82.82,20.16
Sindhudurg,2012,7,25.92,89.98,19.53
Sindhudurg,2012,8,25.63,90.67,15.02
Sindhudurg,2012,9,25.47,89.18,7.42
Sindhudurg,2012,10,25.89,79.95,3.72
Sindhudurg,2012,11,25.34,72.41,0.48
Sindhudurg,2012,12,25.54,61.12,0.0
Sindhudurg,2012,13,26.62,70.99,5.62
Sindhudurg,2013,1,25.77,55.31,0.0
Sindhudurg,2013,2,27.39,54.64,0.14
Sindhudurg,2013,3,29.17,53.11,0.02
Sindhudurg,2013,4,29.03,60.89,0.21
Sindhudurg,2013,5,29.42,68.41,1.76
Sindhudurg,2013,6,26.61,87.69,21.39
Sindhudurg,2013,7,25.31,92.2,30.41
Sindhudurg,2013,8,25.1,90.74,8.97
Sindhudurg,2013,9,25.43,89.76,10.1
Sindhudurg,2013,10,25.76,85.27,3.82
Sindhudurg,2013,11,24.99,74.03,0.03
Sindhudurg,2013,12,24.25,61.38,0.0
Sindhudurg,2013,13,26.51,72.88,6.44
Sindhudurg,2014,1,25.69,58.49,0.0
Sindhudurg,2014,2,26.25,56.3,0.01
Sindhudurg,2014,3,28.53,52.76,0.13
Sindhudurg,2014,4,30.28,56.2,0.21
Sindhudurg,2014,5,29.61,66.83,2.94
Sindhudurg,2014,6,27.83,81.8,8.75
Sindhudurg,2014,7,26.17,89.51,27.85
Sindhudurg,2014,8,25.54,90.84,20.99
Sindhudurg,2014,9,25.77,88.84,7.0
Sindhudurg,2014,10,26.38,81.09,5.77
Sindhudurg,2014,11,25.15,72.15,0.75
Sindhudurg,2014,12,24.58,66.09,0.56
Sindhudurg,2014,13,26.81,71.84,6.32
Sindhudurg,2015,1,24.42,59.13,0.01
Sindhudurg,2015,2,26.66,52.6,0.2
Sindhudurg,2015,3,28.04,60.45,0.88
Sindhudurg,2015,4,29.46,59.92,0.65
Sindhudurg,2015,5,29.96,67.59,1.79
Sindhudurg,2015,6,26.93,85.47,21.68
Sindhudurg,2015,7,26.14,88.92,12.91
Sindhudurg,2015,8,25.83,89.52,8.81
Sindhudurg,2015,9,25.91,86.67,6.75
Sindhudurg,2015,10,27.1,80.67,2.58
Sindhudurg,2015,11,26.65,72.84,0.48
Sindhudurg,2015,12,26.56,58.26,0.02
Sindhudurg,2015,13,26.97,71.95,4.74
Sindhudurg,2016,1,25.99,53.04,0.0
Sindhudurg,2016,2,27.07,57.16,0.02
Sindhudurg,2016,3,29.09,55.44,0.21
Sindhudurg,2016,4,30.06,59.58,0.2
Sindhudurg,2016,5,30.24,66.33,0.53
Sindhudurg,2016,6,27.16,84.76,26.01
Sindhudurg,2016,7,25.5,92.23,34.72
Sindhudurg,2016,8,25.35,90.74,17.97
Sindhudurg,2016,9,25.02,89.79,7.94
Sindhudurg,2016,10,24.72,81.86,2.59
Sindhudurg,2016,11,23.91,66.7,0.37
Sindhudurg,2016,12,25.18,55.94,0.0
Sindhudurg,2016,13,26.61,71.16,7.58
Sindhudurg,2017,1,25.88,51.15,0.0
Sindhudurg,2017,2,27.68,50.18,0.0
Sindhudurg,2017,3,28.0,56.98,0.01
Sindhudurg,2017,4,29.77,60.04,0.1
Sindhudurg,2017,5,29.79,67.62,3.16
Sindhudurg,2017,6,27.04,86.01,15.78
Sindhudurg,2017,7,26.03,89.86,18.42
Sindhudurg,2017,8,25.76,90.1,12.66
Sindhudurg,2017,9,26.07,89.33,13.44
Sindhudurg,2017,10,26.25,84.26,4.51
Sindhudurg,2017,11,24.47,73.13,0.02
Sindhudurg,2017,12,24.36,64.32,0.38
Sindhudurg,2017,13,26.75,72.04,5.74
Sindhudurg,2018,1,25.27,54.83,0.0
Sindhudurg,2018,2,27.5,46.47,0.0
Sindhudurg,2018,3,28.87,54.75,0.24
Sindhudurg,2018,4,30.27,56.87,0.26
Sindhudurg,2018,5,29.25,70.95,2.25
Sindhudurg,2018,6,26.9,88.69,29.63
Sindhudurg,2018,7,25.56,91.62,22.13
Sindhudurg,2018,8,25.12,90.52,11.35
Sindhudurg,2018,9,25.42,86.59,4.77
Sindhudurg,2018,10,26.47,76.85,2.28
Sindhudurg,2018,11,25.99,67.14,0.75
Sindhudurg,2018,12,25.17,58.94,0.06
Sindhudurg,2018,13,26.81,70.5,6.16
Sindhudurg,2019,1,25.34,46.05,0.0
Sindhudurg,2019,2,26.65,51.03,0.0
Sindhudurg,2019,3,27.76,56.56,0.29
Sindhudurg,2019,4,30.0,59.23,0.39
Sindhudurg,2019,5,29.92,63.09,0.03
Sindhudurg,2019,6,28.22,79.7,21.32
Sindhudurg,2019,7,26.23,91.85,34.56
Sindhudurg,2019,8,25.86,91.1,37.41
Sindhudurg,2019,9,25.72,90.62,17.83
Sindhudurg,2019,10,26.23,86.27,13.4
Sindhudurg,2019,11,25.47,79.95,0.34
Sindhudurg,2019,12,25.62,74.58,0.07
Sindhudurg,2019,13,26.92,72.63,10.56
Sindhudurg,2020,1,24.72,68.03,0.0
Sindhudurg,2020,2,27.11,54.93,0.01
Sindhudurg,2020,3,28.24,57.87,0.28
Sindhudurg,2020,4,30.59,59.04,0.75
Sindhudurg,2020,5,30.8,65.2,1.48
Sindhudurg,2020,6,26.97,87.32,25.55
Sindhudurg,2020,7,25.92,91.1,29.42
Sindhudurg,2020,8,25.8,91.67,28.73
Sindhudurg,2020,9,25.76,89.97,18.98
Sindhudurg,2020,10,25.72,88.05,8.63
Sindhudurg,2020,11,25.62,78.47,0.0
Sindhudurg,2020,12,25.04,69.29,0.14
Sindhudurg,2020,13,26.85,75.15,9.53
Sindhudurg,2021,1,26.22,67.84,0.46
Sindhudurg,2021,2,27.12,54.83,0.28
Sindhudurg,2021,3,29.84,53.54,0.06
Sindhudurg,2021,4,30.34,59.21,0.95
Sindhudurg,2021,5,29.1,75.1,12.05
Sindhudurg,2021,6,26.75,87.87,25.74
Sindhudurg,2021,7,25.92,91.16,38.3
Sindhudurg,2021,8,25.64,88.83,7.66
Sindhudurg,2021,9,25.69,90.3,12.43
Sindhudurg,2021,10,26.32,84.78,5.28
Sindhudurg,2021,11,25.93,82.36,4.03
Sindhudurg,2021,12,24.02,77.66,2.59
Sindhudurg,2021,13,26.9,76.26,9.21
Sindhudurg,2022,1,23.31,69.63,0.02
Sindhudurg,2022,2,25.38,61.66,0.0
Sindhudurg,2022,3,29.51,56.88,0.21
Sindhudurg,2022,4,30.08,62.63,1.43
Sindhudurg,2022,5,29.36,70.8,1.82
Sindhudurg,2022,6,27.01,84.0,20.39
Sindhudurg,2022,7,25.7,90.88,26.33
Sindhudurg,2022,8,25.39,90.77,16.34
Sindhudurg,2022,9,25.44,89.87,10.96
Sindhudurg,2022,10,25.33,84.0,5.77
Sindhudurg,2022,11,24.83,76.59,0.04
Sindhudurg,2022,12,25.81,67.73,0.12
Sindhudurg,2022,13,26.43,75.54,7.0
Sindhudurg,2023,1,25.07,58.28,0.0
Sindhudurg,2023,2,28.53,40.98,0.0
Sindhudurg,2023,3,28.69,49.09,0.01
Sindhudurg,2023,4,29.79,57.99,0.31
Sindhudurg,2023,5,30.11,63.69,0.9
Sindhudurg,2023,6,28.69,77.09,12.73
Sindhudurg,2023,7,25.96,91.61,40.47
Sindhudurg,2023,8,25.87,88.61,6.08
Sindhudurg,2023,9,26.05,89.54,13.51
Sindhudurg,2023,10,26.53,81.8,2.45
Sindhudurg,2023,11,26.37,78.46,1.31
Sindhudurg,2023,12,26.25,62.59,0.02
Sindhudurg,2023,13,27.31,70.15,6.53
Pune,1997,1,18.63,56.97,0.08
Pune,1997,2,20.7,42.37,0.0
Pune,1997,3,26.44,34.83,0.03
Pune,1997,4,26.88,45.93,0.16
Pune,1997,5,28.24,52.6,0.1
Pune,1997,6,25.08,81.12,12.86
Pune,1997,7,23.85,88.03,11.28
Pune,1997,8,23.09,90.43,14.72
Pune,1997,9,22.6,88.97,2.64
Pune,1997,10,23.08,78.36,0.78
Pune,1997,11,22.75,79.59,4.22
Pune,1997,12,19.53,80.42,1.76
Pune,1997,13,23.42,68.45,4.08
Pune,1998,1,19.3,64.1,0.0
Pune,1998,2,20.69,52.07,0.0
Pune,1998,3,25.03,43.52,0.0
Pune,1998,4,29.32,42.68,0.0
Pune,1998,5,30.44,50.38,0.5
Pune,1998,6,26.39,76.42,8.47
Pune,1998,7,24.09,88.51,15.24
Pune,1998,8,24.16,90.18,10.49
Pune,1998,9,23.5,91.3,9.08
Pune,1998,10,22.78,87.72,6.18
Pune,1998,11,20.5,79.9,1.35
Pune,1998,12,17.67,66.43,0.0
Pune,1998,13,23.67,69.54,4.31
Pune,1999,1,17.93,59.09,0.0
Pune,1999,2,23.32,48.93,0.06
Pune,1999,3,26.65,32.63,0.0
Pune,1999,4,28.83,45.22,0.0
Pune,1999,5,26.94,65.76,2.01
Pune,1999,6,24.74,81.38,11.17
Pune,1999,7,23.8,88.53,9.4
Pune,1999,8,23.12,88.31,2.81
Pune,1999,9,22.9,89.03,7.11
Pune,1999,10,22.6,81.39,5.61
Pune,1999,11,20.17,66.04,0.0
Pune,1999,12,18.79,52.95,0.0
Pune,1999,13,23.31,66.71,3.19
Pune,2000,1,20.37,44.83,0.0
Pune,2000,2,20.93,53.87,0.04
Pune,2000,3,25.1,35.08,0.0
Pune,2000,4,29.11,44.92,0.01
Pune,2000,5,26.98,66.87,4.68
Pune,2000,6,24.81,84.11,7.31
Pune,2000,7,23.27,88.16,13.17
Pune,2000,8,23.31,88.27,7.33
Pune,2000,9,23.67,85.47,2.76
Pune,2000,10,23.65,74.55,1.94
Pune,2000,11,21.62,60.64,0.29
Pune,2000,12,20.31,36.11,0.47
Pune,2000,13,23.6,63.57,3.19
Pune,2001,1,21.25,49.19,0.0
Pune,2001,2,23.37,33.81,0.0
Pune,2001,3,24.93,47.4,0.0
Pune,2001,4,29.22,38.68,0.11
Pune,2001,5,28.01,60.52,0.81
Pune,2001,6,24.81,81.51,8.09
Pune,2001,7,23.73,86.83,10.15
Pune,2001,8,23.02,90.18,7.64
Pune,2001,9,23.64,87.03,5.19
Pune,2001,10,22.64,81.83,4.22
Pune,2001,11,20.9,68.94,0.39
Pune,2001,12,20.09,56.5,0.0
Pune,2001,13,23.8,65.42,3.07
Pune,2002,1,18.66,54.32,0.01
Pune,2002,2,23.38,44.31,0.01
Pune,2002,3,26.93,36.51,0.01
Pune,2002,4,29.79,37.69,0.14
Pune,2002,5,28.99,59.55,0.68
Pune,2002,6,25.74,79.34,12.19
Pune,2002,7,24.26,84.42,2.83
Pune,2002,8,23.21,88.75,9.6
Pune,2002,9,23.14,86.2,2.41
Pune,2002,10,23.97,69.97,1.19
Pune,2002,11,22.31,54.85,0.16
Pune,2002,12,21.2,47.33,0.01
Pune,2002,13,24.3,62.05,2.44
Pune,2003,1,22.56,43.3,0.0
Pune,2003,2,24.26,41.41,0.17
Pune,2003,3,26.82,32.27,0.04
Pune,2003,4,29.48,40.41,0.09
Pune,2003,5,29.04,53.37,0.0
Pune,2003,6,25.88,78.85,13.01
Pune,2003,7,24.26,88.54,9.13
Pune,2003,8,23.46,89.6,6.36
Pune,2003,9,23.16,88.64,3.6
Pune,2003,10,23.12,76.02,1.91
Pune,2003,11,22.06,64.52,0.07
Pune,2003,12,20.41,52.15,0.01
Pune,2003,13,24.54,62.53,2.87
Pune,2004,1,20.31,51.59,0.02
Pune,2004,2,23.57,36.24,0.01
Pune,2004,3,28.24,26.59,0.0
Pune,2004,4,28.37,47.68,0.03
Pune,2004,5,27.72,64.49,3.18
Pune,2004,6,24.85,83.73,11.7
Pune,2004,7,23.91,87.15,9.18
Pune,2004,8,22.93,91.78,19.45
Pune,2004,9,23.46,88.71,7.48
Pune,2004,10,21.76,80.34,0.61
Pune,2004,11,21.08,71.1,0.28
Pune,2004,12,19.08,58.28,0.0
Pune,2004,13,23.77,65.72,4.35
Pune,2005,1,19.71,52.87,0.19
Pune,2005,2,22.31,46.98,0.0
Pune,2005,3,25.93,40.41,0.04
Pune,2005,4,28.1,42.29,0.86
Pune,2005,5,28.43,56.63,0.95
Pune,2005,6,26.25,78.5,18.0
Pune,2005,7,23.84,91.6,22.64
Pune,2005,8,23.25,91.79,11.88
Pune,2005,9,23.27,92.27,16.82
Pune,2005,10,21.97,81.59,2.8
Pune,2005,11,18.82,73.3,0.0
Pune,2005,12,18.27,63.9,0.0
Pune,2005,13,23.35,67.8,6.2
Pune,2006,1,19.56,52.46,0.0
Pune,2006,2,23.83,37.71,0.0
Pune,2006,3,25.38,45.57,0.24
Pune,2006,4,27.95,46.45,0.01
Pune,2006,5,28.3,59.14,5.3
Pune,2006,6,25.17,82.61,10.83
Pune,2006,7,23.26,91.63,24.23
Pune,2006,8,22.63,92.94,21.71
Pune,2006,9,23.49,90.89,9.9
Pune,2006,10,23.05,82.8,2.99
Pune,2006,11,21.06,81.16,1.35
Pune,2006,12,19.25,67.12,0.01
Pune,2006,13,23.57,69.4,6.44
Pune,2007,1,20.21,56.69,0.0
Pune,2007,2,22.07,55.63,0.0
Pune,2007,3,26.21,38.05,0.0
Pune,2007,4,29.57,39.78,0.3
Pune,2007,5,28.78,56.59,0.22
Pune,2007,6,26.03,80.12,18.55
Pune,2007,7,24.05,90.1,16.7
Pune,2007,8,23.44,91.52,12.37
Pune,2007,9,23.42,91.22,9.57
Pune,2007,10,21.9,76.77,0.3
Pune,2007,11,20.51,70.12,0.32
Pune,2007,12,19.87,66.16,0.0
Pune,2007,13,23.84,67.8,4.88
Pune,2008,1,19.3,48.18,0.0
Pune,2008,2,21.13,42.74,0.0
Pune,2008,3,26.65,38.91,0.52
Pune,2008,4,28.88,41.47,0.01
Pune,2008,5,27.95,59.2,0.32
Pune,2008,6,24.9,83.48,11.59
Pune,2008,7,23.93,87.45,8.85
Pune,2008,8,23.08,90.98,13.56
Pune,2008,9,23.13,90.18,13.43
Pune,2008,10,22.26,77.9,1.06
Pune,2008,11,21.02,71.45,0.21
Pune,2008,12,20.38,63.62,0.46
Pune,2008,13,23.55,66.37,4.17
Pune,2009,1,21.42,51.24,0.0
Pune,2009,2,23.71,39.02,0.0
Pune,2009,3,27.31,34.34,0.1
Pune,2009,4,29.88,36.77,0.03
Pune,2009,5,28.91,54.29,0.1
Pune,2009,6,25.95,76.92,6.17
Pune,2009,7,23.93,89.36,19.94
Pune,2009,8,23.69,89.34,11.7
Pune,2009,9,23.99,88.73,6.02
Pune,2009,10,22.63,79.2,5.01
Pune,2009,11,20.91,79.07,4.44
Pune,2009,12,19.41,70.58,0.01
Pune,2009,13,24.31,65.91,4.5
Pune,2010,1,19.74,62.41,0.05
Pune,2010,2,21.96,53.73,0.0
Pune,2010,3,26.63,42.46,0.38
Pune,2010,4,29.34,42.63,0.02
Pune,2010,5,29.56,56.46,0.58
Pune,2010,6,25.55,84.2,15.64
Pune,2010,7,23.96,90.49,18.92
Pune,2010,8,23.5,91.93,14.88
Pune,2010,9,23.6,89.94,5.71
Pune,2010,10,23.09,85.05,7.1
Pune,2010,11,22.41,85.81,2.22
Pune,2010,12,18.26,73.45,0.0
Pune,2010,13,23.97,71.65,5.5
Pune,2011,1,18.93,58.63,0.0
Pune,2011,2,21.33,52.33,0.01
Pune,2011,3,26.19,35.46,0.01
Pune,2011,4,28.12,47.97,0.54
Pune,2011,5,28.22,58.13,0.19
Pune,2011,6,25.0,83.81,9.37
Pune,2011,7,23.77,88.95,19.19
Pune,2011,8,23.38,91.03,10.48
Pune,2011,9,22.95,90.17,9.66
Pune,2011,10,22.97,82.75,5.74
Pune,2011,11,20.82,70.3,0.03
Pune,2011,12,19.67,58.31,0.0
Pune,2011,13,23.45,68.23,4.64
Pune,2012,1,18.36,56.45,0.0
Pune,2012,2,22.17,37.92,0.0
Pune,2012,3,25.53,29.99,0.0
Pune,2012,4,28.81,40.96,0.18
Pune,2012,5,28.34,56.6,0.07
Pune,2012,6,25.9,74.76,4.65
Pune,2012,7,24.22,86.7,11.16
Pune,2012,8,23.63,88.77,8.74
Pune,2012,9,23.2,88.98,6.36
Pune,2012,10,23.04,80.34,5.34
Pune,2012,11,21.06,69.39,0.04
Pune,2012,12,20.26,61.35,0.0
Pune,2012,13,23.71,64.45,3.06
Pune,2013,1,20.0,52.85,0.0
Pune,2013,2,23.11,49.14,0.12
Pune,2013,3,26.31,35.49,0.05
Pune,2013,4,27.88,47.21,0.01
Pune,2013,5,28.86,57.01,0.07
Pune,2013,6,24.62,86.5,18.9
Pune,2013,7,23.22,92.08,16.26
Pune,2013,8,22.96,90.46,3.88
Pune,2013,9,23.36,89.51,9.5
Pune,2013,10,23.06,85.21,2.22
Pune,2013,11,21.12,73.44,0.33
Pune,2013,12,18.93,64.66,0.17
Pune,2013,13,23.62,68.73,4.3
Pune,2014,1,20.17,59.74,0.02
Pune,2014,2,21.33,53.29,0.06
Pune,2014,3,25.91,44.08,0.28
Pune,2014,4,29.18,39.03,0.15
Pune,2014,5,29.36,51.56,0.4
Pune,2014,6,27.47,69.24,1.49
Pune,2014,7,24.53,85.61,22.49
Pune,2014,8,23.64,90.26,15.02
Pune,2014,9,23.13,88.46,6.52
Pune,2014,10,23.01,77.7,1.13
Pune,2014,11,21.08,70.37,0.84
Pune,2014,12,18.82,61.96,1.02
Pune,2014,13,23.98,66.04,4.17
Pune,2015,1,18.97,58.49,0.02
Pune,2015,2,22.4,44.12,0.54
Pune,2015,3,25.36,49.6,0.83
Pune,2015,4,28.05,48.54,0.03
Pune,2015,5,28.79,58.61,2.06
Pune,2015,6,25.35,80.64,17.96
Pune,2015,7,24.29,86.18,5.67
Pune,2015,8,23.9,86.75,2.74
Pune,2015,9,23.7,85.55,8.65
Pune,2015,10,24.32,76.43,2.54
Pune,2015,11,22.14,69.44,1.8
Pune,2015,12,20.34,57.0,0.0
Pune,2015,13,23.97,66.92,3.56
Pune,2016,1,20.14,46.5,0.0
Pune,2016,2,23.22,48.07,0.06
Pune,2016,3,27.5,37.77,0.16
Pune,2016,4,29.06,43.54,0.06
Pune,2016,5,29.27,57.18,0.23
Pune,2016,6,26.11,78.47,10.99
Pune,2016,7,23.57,91.68,24.21
Pune,2016,8,23.13,91.9,20.68
Pune,2016,9,22.66,91.51,14.03
Pune,2016,10,21.7,80.79,3.16
Pune,2016,11,19.15,64.28,0.0
Pune,2016,12,19.34,56.87,0.0
Pune,2016,13,23.73,65.77,6.16
Pune,2017,1,19.74,50.88,0.0
Pune,2017,2,23.55,39.33,0.0
Pune,2017,3,26.07,37.69,0.01
Pune,2017,4,28.62,40.25,0.0
Pune,2017,5,29.46,53.84,0.69
Pune,2017,6,25.6,82.46,14.74
Pune,2017,7,23.87,90.56,24.22
Pune,2017,8,23.25,90.94,14.69
Pune,2017,9,23.97,89.65,12.88
Pune,2017,10,23.15,80.28,6.18
Pune,2017,11,19.81,71.97,0.12
Pune,2017,12,18.99,67.81,0.58
Pune,2017,13,23.84,66.47,6.22
Pune,2018,1,19.38,56.26,0.33
Pune,2018,2,22.65,45.43,0.0
Pune,2018,3,26.42,39.48,0.04
Pune,2018,4,29.23,39.7,0.02
Pune,2018,5,29.3,53.01,0.22
Pune,2018,6,25.48,83.12,12.43
Pune,2018,7,23.53,91.27,22.18
Pune,2018,8,22.91,91.32,12.92
Pune,2018,9,23.06,86.61,2.79
Pune,2018,10,23.68,69.74,0.77
Pune,2018,11,22.08,60.68,0.46
Pune,2018,12,19.56,51.65,0.0
Pune,2018,13,23.94,64.14,4.39
Pune,2019,1,19.86,37.98,0.0
Pune,2019,2,22.99,38.61,0.0
Pune,2019,3,26.33,33.95,0.0
Pune,2019,4,29.59,38.59,0.09
Pune,2019,5,28.97,51.94,0.0
Pune,2019,6,26.91,73.21,11.89
Pune,2019,7,24.18,91.4,27.81
Pune,2019,8,23.4,92.28,18.74
Pune,2019,9,23.44,92.73,22.69
Pune,2019,10,23.04,88.2,7.04
Pune,2019,11,21.43,83.25,1.51
Pune,2019,12,20.66,81.2,0.01
Pune,2019,13,24.23,67.12,7.53
Pune,2020,1,18.67,73.59,0.0
Pune,2020,2,21.6,56.58,0.0
Pune,2020,3,24.35,52.76,0.29
Pune,2020,4,29.39,42.66,0.14
Pune,2020,5,29.78,54.01,0.71
Pune,2020,6,25.02,83.94,13.05
Pune,2020,7,24.11,89.83,16.45
Pune,2020,8,23.56,93.5,26.72
Pune,2020,9,23.71,91.79,10.09
Pune,2020,10,23.64,86.6,6.94
Pune,2020,11,21.33,81.13,0.04
Pune,2020,12,19.54,74.72,0.22
Pune,2020,13,23.72,73.5,6.26
Pune,2021,1,21.29,70.29,0.54
Pune,2021,2,21.48,52.79,0.31
Pune,2021,3,26.51,37.58,0.13
Pune,2021,4,28.66,44.71,0.47
Pune,2021,5,27.59,67.15,8.56
Pune,2021,6,24.82,87.15,16.22
Pune,2021,7,23.86,91.16,25.21
Pune,2021,8,23.27,90.14,8.21
Pune,2021,9,23.31,92.08,13.0
Pune,2021,10,23.03,84.18,2.62
Pune,2021,11,22.14,82.46,1.41
Pune,2021,12,19.29,78.25,2.57
Pune,2021,13,23.78,73.29,6.64
Pune,2022,1,18.15,71.25,0.04
Pune,2022,2,20.56,56.76,0.0
Pune,2022,3,26.83,40.06,0.03
Pune,2022,4,29.59,40.72,0.32
Pune,2022,5,28.46,60.68,0.24
Pune,2022,6,26.1,75.51,7.21
Pune,2022,7,23.5,91.78,28.63
Pune,2022,8,23.21,91.97,16.18
Pune,2022,9,23.25,91.45,12.78
Pune,2022,10,22.08,86.03,6.91
Pune,2022,11,19.72,78.39,0.01
Pune,2022,12,20.4,74.42,0.02
Pune,2022,13,23.5,71.71,6.09
Pune,2023,1,18.96,64.43,0.0
Pune,2023,2,22.51,36.24,0.0
Pune,2023,3,24.63,48.48,0.38
Pune,2023,4,28.05,46.03,0.71
Pune,2023,5,28.75,55.14,0.57
Pune,2023,6,26.65,73.8,10.08
Pune,2023,7,23.89,91.29,30.36
Pune,2023,8,23.38,90.31,6.25
Pune,2023,9,23.71,91.03,12.68
Pune,2023,10,23.08,79.17,1.15
Pune,2023,11,21.86,77.76,1.17
Pune,2023,12,20.42,68.38,0.03
Pune,2023,13,23.82,68.73,5.32
Satara,1997,1,20.9,54.99,0.07
Satara,1997,2,23.01,37.36,0.0
Satara,1997,3,27.83,37.22,0.06
Satara,1997,4,27.75,48.8,0.18
Satara,1997,5,28.83,54.36,0.08
Satara,1997,6,25.33,83.33,17.54
Satara,1997,7,23.93,91.71,18.81
Satara,1997,8,23.35,92.69,18.66
Satara,1997,9,23.12,89.55,2.77
Satara,1997,10,24.02,81.11,0.94
Satara,1997,11,23.94,78.11,2.25
Satara,1997,12,21.34,76.63,2.28
Satara,1997,13,24.45,69.01,5.34
Satara,1998,1,21.59,59.09,0.0
Satara,1998,2,23.3,46.94,0.01
Satara,1998,3,26.65,44.01,0.0
Satara,1998,4,30.41,43.94,0.01
Satara,1998,5,30.76,54.33,0.34
Satara,1998,6,26.57,78.59,17.55
Satara,1998,7,24.12,91.88,21.08
Satara,1998,8,24.34,92.25,15.83
Satara,1998,9,23.89,91.82,11.67
Satara,1998,10,23.31,88.09,4.48
Satara,1998,11,21.3,79.09,1.42
Satara,1998,12,18.83,65.62,0.01
Satara,1998,13,24.59,69.78,6.06
Satara,1999,1,20.14,53.63,0.0
Satara,1999,2,25.58,41.32,0.06
Satara,1999,3,28.65,33.14,0.0
Satara,1999,4,29.16,51.48,0.0
Satara,1999,5,26.95,70.61,4.51
Satara,1999,6,24.59,86.19,17.4
Satara,1999,7,23.83,92.24,16.18
Satara,1999,8,23.36,90.57,3.72
Satara,1999,9,23.17,90.64,6.4
Satara,1999,10,23.43,81.84,3.69
Satara,1999,11,21.47,64.04,0.01
Satara,1999,12,21.15,46.87,0.0
Satara,1999,13,24.28,67.02,4.35
Satara,2000,1,23.26,36.36,0.0
Satara,2000,2,22.96,51.28,0.06
Satara,2000,3,26.47,38.18,0.0
Satara,2000,4,29.61,49.9,0.06
Satara,2000,5,27.35,68.66,3.62
Satara,2000,6,24.68,87.94,11.01
Satara,2000,7,23.34,91.25,15.44
Satara,2000,8,23.37,91.32,12.73
Satara,2000,9,23.99,88.02,2.71
Satara,2000,10,23.97,79.82,2.92
Satara,2000,11,22.37,64.82,0.27
Satara,2000,12,21.53,39.46,0.64
Satara,2000,13,24.41,65.58,4.15
Satara,2001,1,23.05,47.32,0.01
Satara,2001,2,24.93,34.29,0.0
Satara,2001,3,25.61,49.77,0.0
Satara,2001,4,29.68,44.64,0.29
Satara,2001,5,27.99,64.87,2.55
Satara,2001,6,24.78,85.12,9.85
Satara,2001,7,23.86,89.33,11.31
Satara,2001,8,23.27,92.25,11.56
Satara,2001,9,23.63,90.03,6.89
Satara,2001,10,23.21,83.03,3.26
Satara,2001,11,22.15,69.61,0.23
Satara,2001,12,21.78,52.42,0.0
Satara,2001,13,24.49,67.1,3.86
Satara,2002,1,21.01,50.81,0.02
Satara,2002,2,25.67,41.41,0.0
Satara,2002,3,28.09,40.24,0.01
Satara,2002,4,30.54,42.16,0.07
Satara,2002,5,28.66,65.43,1.55
Satara,2002,6,25.6,84.54,19.98
Satara,2002,7,24.16,89.41,5.9
Satara,2002,8,23.36,91.46,12.98
Satara,2002,9,23.32,88.67,3.17
Satara,2002,10,24.33,75.52,3.01
Satara,2002,11,22.82,61.04,0.43
Satara,2002,12,22.23,49.85,0.02
Satara,2002,13,24.97,65.19,3.94
Satara,2003,1,24.02,44.04,0.0
Satara,2003,2,25.6,42.37,0.07
Satara,2003,3,27.93,36.93,0.06
Satara,2003,4,30.38,42.82,0.2
Satara,2003,5,29.49,56.24,0.04
Satara,2003,6,26.31,79.84,15.43
Satara,2003,7,24.28,92.2,14.11
Satara,2003,8,23.8,91.37,7.42
Satara,2003,9,23.49,90.2,3.62
Satara,2003,10,23.99,78.9,1.58
Satara,2003,11,23.45,62.52,0.14
Satara,2003,12,22.51,46.27,0.01
Satara,2003,13,25.43,63.76,3.57
Satara,2004,1,22.66,46.5,0.0
Satara,2004,2,25.5,35.29,0.01
Satara,2004,3,29.32,36.89,0.0
Satara,2004,4,29.29,49.15,0.1
Satara,2004,5,27.78,68.28,4.27
Satara,2004,6,24.66,88.76,19.24
Satara,2004,7,23.97,90.57,12.48
Satara,2004,8,23.28,92.6,17.72
Satara,2004,9,23.81,89.41,6.19
Satara,2004,10,22.86,80.16,0.67
Satara,2004,11,22.51,66.62,0.27
Satara,2004,12,21.45,48.78,0.0
Satara,2004,13,24.75,66.17,5.09
Satara,2005,1,22.59,44.63,0.12
Satara,2005,2,24.5,42.86,0.0
Satara,2005,3,27.01,42.95,0.03
Satara,2005,4,29.21,46.47,0.47
Satara,2005,5,28.88,58.81,1.13
Satara,2005,6,26.37,81.06,17.32
Satara,2005,7,24.3,92.58,23.82
Satara,2005,8,23.68,92.57,16.01
Satara,2005,9,23.71,92.51,14.35
Satara,2005,10,23.08,82.07,2.99
Satara,2005,11,20.05,71.6,0.0
Satara,2005,12,20.11,59.43,0.0
Satara,2005,13,24.45,67.43,6.39
Satara,2006,1,22.03,44.8,0.0
Satara,2006,2,25.87,34.15,0.0
Satara,2006,3,26.63,47.88,0.18
Satara,2006,4,28.82,48.66,0.02
Satara,2006,5,28.65,62.21,12.75
Satara,2006,6,24.96,88.41,15.75
Satara,2006,7,23.62,92.76,23.58
Satara,2006,8,23.06,93.44,20.46
Satara,2006,9,23.81,91.73,12.68
Satara,2006,10,23.88,82.6,2.68
Satara,2006,11,22.31,79.07,1.2
Satara,2006,12,20.82,60.96,0.0
Satara,2006,13,24.52,69.09,7.5
Satara,2007,1,22.55,48.79,0.0
Satara,2007,2,24.19,50.28,0.0
Satara,2007,3,27.85,40.33,0.0
Satara,2007,4,30.26,45.42,0.18
Satara,2007,5,28.87,61.22,0.72
Satara,2007,6,26.21,81.98,24.33
Satara,2007,7,24.31,92.11,17.43
Satara,2007,8,23.78,92.76,20.26
Satara,2007,9,23.81,91.72,11.8
Satara,2007,10,23.17,79.1,0.77
Satara,2007,11,21.32,70.46,0.4
Satara,2007,12,21.77,61.6,0.0
Satara,2007,13,24.84,68.08,6.34
Satara,2008,1,21.53,44.36,0.0
Satara,2008,2,23.48,40.43,0.01
Satara,2008,3,27.69,42.74,0.44
Satara,2008,4,29.24,47.62,0.03
Satara,2008,5,28.05,63.5,1.72
Satara,2008,6,25.04,86.58,13.24
Satara,2008,7,24.13,89.78,8.96
Satara,2008,8,23.52,91.86,14.48
Satara,2008,9,23.49,90.77,14.45
Satara,2008,10,23.11,78.69,0.76
Satara,2008,11,22.35,70.12,0.49
Satara,2008,12,22.15,57.81,0.42
Satara,2008,13,24.48,67.09,4.58
Satara,2009,1,23.42,45.37,0.0
Satara,2009,2,26.01,35.68,0.0
Satara,2009,3,28.48,37.53,0.07
Satara,2009,4,30.24,44.84,0.02
Satara,2009,5,29.26,56.91,0.07
Satara,2009,6,25.83,80.53,9.14
Satara,2009,7,23.97,92.84,25.34
Satara,2009,8,23.96,90.84,11.06
Satara,2009,9,24.38,89.7,9.88
Satara,2009,10,23.41,80.85,5.46
Satara,2009,11,22.03,79.0,3.36
Satara,2009,12,20.84,69.3,0.0
Satara,2009,13,25.14,67.13,5.41
Satara,2010,1,22.27,58.5,0.08
Satara,2010,2,24.51,49.01,0.0
Satara,2010,3,28.62,40.2,0.18
Satara,2010,4,30.0,47.09,0.02
Satara,2010,5,30.03,58.39,0.34
Satara,2010,6,25.84,85.27,17.74
Satara,2010,7,24.16,92.4,28.68
Satara,2010,8,23.81,92.61,15.23
Satara,2010,9,24.05,90.56,7.0
Satara,2010,10,23.88,85.28,5.73
Satara,2010,11,23.37,85.09,2.11
Satara,2010,12,19.56,72.8,0.01
Satara,2010,13,25.0,71.56,6.48
Satara,2011,1,21.04,52.8,0.0
Satara,2011,2,23.5,49.67,0.01
Satara,2011,3,28.24,35.09,0.0
Satara,2011,4,28.83,50.27,0.27
Satara,2011,5,28.67,59.93,0.42
Satara,2011,6,25.06,87.12,14.07
Satara,2011,7,23.99,91.78,27.98
Satara,2011,8,23.67,92.5,15.3
Satara,2011,9,23.34,91.04,9.64
Satara,2011,10,23.9,82.68,4.25
Satara,2011,11,21.97,69.33,0.09
Satara,2011,12,21.74,52.59,0.0
Satara,2011,13,24.5,67.98,6.05
Satara,2012,1,21.04,50.53,0.0
Satara,2012,2,25.02,31.24,0.0
Satara,2012,3,27.02,32.63,0.0
Satara,2012,4,29.7,44.48,0.13
Satara,2012,5,28.91,57.95,0.05
Satara,2012,6,26.02,78.25,10.35
Satara,2012,7,24.09,91.37,18.75
Satara,2012,8,23.83,91.9,11.13
Satara,2012,9,23.5,90.86,7.9
Satara,2012,10,23.49,80.64,5.22
Satara,2012,11,22.11,72.37,0.1
Satara,2012,12,21.94,58.08,0.0
Satara,2012,13,24.71,65.14,4.49
Satara,2013,1,22.31,48.79,0.0
Satara,2013,2,25.39,44.41,0.02
Satara,2013,3,27.88,38.19,0.03
Satara,2013,4,28.42,51.25,0.02
Satara,2013,5,28.92,60.98,0.35
Satara,2013,6,24.91,88.73,22.58
Satara,2013,7,23.59,93.73,21.73
Satara,2013,8,23.31,91.79,6.19
Satara,2013,9,23.79,90.43,8.85
Satara,2013,10,23.65,86.62,3.12
Satara,2013,11,22.04,74.03,0.1
Satara,2013,12,20.74,58.89,0.05
Satara,2013,13,24.57,69.11,5.27
Satara,2014,1,22.26,55.77,0.0
Satara,2014,2,23.66,48.99,0.05
Satara,2014,3,27.36,42.21,0.15
Satara,2014,4,29.91,42.5,0.08
Satara,2014,5,29.62,55.26,0.46
Satara,2014,6,27.31,73.9,2.97
Satara,2014,7,24.63,88.74,24.96
Satara,2014,8,23.96,91.11,15.55
Satara,2014,9,23.75,88.9,8.02
Satara,2014,10,23.85,78.68,1.52
Satara,2014,11,22.12,69.71,0.7
Satara,2014,12,21.17,58.06,0.6
Satara,2014,13,24.97,66.27,4.64
Satara,2015,1,21.23,52.74,0.0
Satara,2015,2,24.6,38.37,0.39
Satara,2015,3,26.86,49.58,0.67
Satara,2015,4,28.72,50.58,0.09
Satara,2015,5,29.22,60.8,1.13
Satara,2015,6,25.57,82.23,16.56
Satara,2015,7,24.5,88.48,5.52
Satara,2015,8,24.13,89.02,4.44
Satara,2015,9,24.13,86.91,7.1
Satara,2015,10,25.03,77.73,2.53
Satara,2015,11,23.59,67.69,0.86
Satara,2015,12,23.02,51.8,0.0
Satara,2015,13,25.05,66.5,3.27
Satara,2016,1,22.7,41.04,0.0
Satara,2016,2,25.2,46.13,0.2
Satara,2016,3,28.42,41.56,0.13
Satara,2016,4,29.77,46.83,0.11
Satara,2016,5,29.66,58.86,0.24
Satara,2016,6,25.86,82.69,14.74
Satara,2016,7,23.85,93.34,32.44
Satara,2016,8,23.51,92.6,24.11
Satara,2016,9,22.98,91.93,12.63
Satara,2016,10,22.39,81.79,2.58
Satara,2016,11,20.44,64.12,0.06
Satara,2016,12,21.26,52.89,0.0
Satara,2016,13,24.67,66.2,7.31
Satara,2017,1,22.14,43.98,0.0
Satara,2017,2,25.74,33.37,0.0
Satara,2017,3,26.88,44.16,0.02
Satara,2017,4,29.22,46.99,0.02
Satara,2017,5,29.53,58.73,1.64
Satara,2017,6,25.67,84.33,14.46
Satara,2017,7,24.19,91.77,23.81
Satara,2017,8,23.73,91.59,12.76
Satara,2017,9,24.39,90.45,16.56
Satara,2017,10,23.84,83.35,6.37
Satara,2017,11,21.13,72.32,0.04
Satara,2017,12,20.28,66.46,0.18
Satara,2017,13,24.72,67.5,6.36
Satara,2018,1,21.52,50.99,0.04
Satara,2018,2,24.97,37.0,0.0
Satara,2018,3,27.99,40.24,0.05
Satara,2018,4,29.89,43.78,0.09
Satara,2018,5,29.29,59.3,0.94
Satara,2018,6,25.5,87.13,17.9
Satara,2018,7,23.84,93.0,26.01
Satara,2018,8,23.26,92.56,15.49
Satara,2018,9,23.52,87.84,3.64
Satara,2018,10,24.29,73.09,1.62
Satara,2018,11,23.02,64.3,0.81
Satara,2018,12,21.53,52.94,0.0
Satara,2018,13,24.88,65.35,5.59
Satara,2019,1,22.06,34.66,0.0
Satara,2019,2,24.72,38.24,0.0
Satara,2019,3,27.23,39.44,0.03
Satara,2019,4,30.07,44.45,0.17
Satara,2019,5,29.62,53.88,0.0
Satara,2019,6,27.25,75.34,12.17
Satara,2019,7,24.57,92.69,32.9
Satara,2019,8,23.82,92.99,30.06
Satara,2019,9,23.87,93.07,19.29
Satara,2019,10,23.85,88.11,9.3
Satara,2019,11,22.54,82.26,0.56
Satara,2019,12,22.09,78.96,0.04
Satara,2019,13,25.14,68.02,8.79
Satara,2020,1,20.89,68.98,0.0
Satara,2020,2,24.19,49.7,0.0
Satara,2020,3,26.65,48.0,0.23
Satara,2020,4,30.37,45.16,0.46
Satara,2020,5,30.45,55.86,0.89
Satara,2020,6,25.13,87.66,16.81
Satara,2020,7,24.28,91.81,17.72
Satara,2020,8,23.99,94.06,30.63
Satara,2020,9,24.09,91.97,10.04
Satara,2020,10,24.13,88.67,8.78
Satara,2020,11,22.62,80.37,0.01
Satara,2020,12,21.08,72.6,0.06
Satara,2020,13,24.82,72.99,7.18
Satara,2021,1,23.09,67.46,0.37
Satara,2021,2,23.93,48.3,0.16
Satara,2021,3,28.78,36.62,0.08
Satara,2021,4,29.59,47.23,0.76
Satara,2021,5,28.03,70.38,7.57
Satara,2021,6,24.94,89.29,20.64
Satara,2021,7,24.16,92.64,36.34
Satara,2021,8,23.68,90.85,7.8
Satara,2021,9,23.7,92.39,11.34
Satara,2021,10,23.93,84.44,2.92
Satara,2021,11,23.29,82.24,1.71
Satara,2021,12,20.63,78.55,2.67
Satara,2021,13,24.81,73.52,7.75
Satara,2022,1,19.93,68.67,0.05
Satara,2022,2,22.75,54.69,0.0
Satara,2022,3,28.75,39.08,0.08
Satara,2022,4,30.03,47.01,0.75
Satara,2022,5,28.64,64.04,0.94
Satara,2022,6,26.01,78.85,10.35
Satara,2022,7,23.9,92.33,26.11
Satara,2022,8,23.58,92.5,20.54
Satara,2022,9,23.65,91.46,10.28
Satara,2022,10,22.99,85.14,6.63
Satara,2022,11,21.33,77.53,0.03
Satara,2022,12,22.07,70.78,0.05
Satara,2022,13,24.47,71.96,6.38
Satara,2023,1,21.33,57.8,0.0
Satara,2023,2,25.62,25.72,0.0
Satara,2023,3,26.65,41.89,0.2
Satara,2023,4,29.05,47.42,0.73
Satara,2023,5,29.35,56.73,0.76
Satara,2023,6,27.11,75.5,10.9
Satara,2023,7,24.19,93.01,32.65
Satara,2023,8,23.81,91.18,6.9
Satara,2023,9,24.09,91.15,11.28
Satara,2023,10,23.94,79.71,1.84
Satara,2023,11,23.11,78.25,1.28
Satara,2023,12,22.21,62.82,0.02
Satara,2023,13,25.02,67.03,5.59
Kolhapur,1997,1,21.46,53.31,0.05
Kolhapur,1997,2,23.1,34.66,0.0
Kolhapur,1997,3,27.83,38.64,0.17
Kolhapur,1997,4,27.95,47.35,0.47
Kolhapur,1997,5,28.82,52.52,0.19
Kolhapur,1997,6,25.18,79.58,11.3
Kolhapur,1997,7,23.67,88.99,13.26
Kolhapur,1997,8,23.01,90.77,12.83
Kolhapur,1997,9,23.09,86.65,1.51
Kolhapur,1997,10,24.58,77.41,1.48
Kolhapur,1997,11,23.85,78.02,1.45
Kolhapur,1997,12,22.33,72.13,1.36
Kolhapur,1997,13,24.58,66.86,3.7
Kolhapur,1998,1,22.55,55.5,0.0
Kolhapur,1998,2,24.06,44.7,0.03
Kolhapur,1998,3,27.21,43.89,0.0
Kolhapur,1998,4,31.0,41.72,0.08
Kolhapur,1998,5,29.96,57.55,1.42
Kolhapur,1998,6,26.06,77.31,12.39
Kolhapur,1998,7,23.88,88.77,9.96
Kolhapur,1998,8,23.86,90.28,9.46
Kolhapur,1998,9,23.48,90.25,7.2
Kolhapur,1998,10,22.86,87.58,2.97
Kolhapur,1998,11,21.17,78.37,1.25
Kolhapur,1998,12,19.28,62.97,0.04
Kolhapur,1998,13,24.61,68.39,3.75
Kolhapur,1999,1,20.84,47.86,0.0
Kolhapur,1999,2,25.87,36.68,0.08
Kolhapur,1999,3,28.68,34.88,0.0
Kolhapur,1999,4,29.31,50.49,0.0
Kolhapur,1999,5,26.7,68.48,3.46
Kolhapur,1999,6,24.23,84.04,11.3
Kolhapur,1999,7,23.46,89.47,13.06
Kolhapur,1999,8,23.02,88.7,2.88
Kolhapur,1999,9,23.14,86.84,3.04
Kolhapur,1999,10,23.61,79.44,3.22
Kolhapur,1999,11,22.35,60.3,0.03
Kolhapur,1999,12,21.52,45.78,0.0
Kolhapur,1999,13,24.38,64.58,3.11
Kolhapur,2000,1,23.52,34.94,0.01
Kolhapur,2000,2,23.67,49.38,0.12
Kolhapur,2000,3,26.99,38.04,0.01
Kolhapur,2000,4,29.64,49.47,0.45
Kolhapur,2000,5,27.2,66.7,2.91
Kolhapur,2000,6,24.33,84.85,7.17
Kolhapur,2000,7,23.16,87.9,10.34
Kolhapur,2000,8,23.03,88.54,7.86
Kolhapur,2000,9,23.92,85.27,3.59
Kolhapur,2000,10,24.01,76.47,2.48
Kolhapur,2000,11,22.56,63.03,0.24
Kolhapur,2000,12,21.27,42.28,0.31
Kolhapur,2000,13,24.44,63.91,2.97
Kolhapur,2001,1,23.3,42.89,0.06
Kolhapur,2001,2,25.3,31.84,0.0
Kolhapur,2001,3,26.28,45.49,0.0
Kolhapur,2001,4,29.37,47.84,0.67
Kolhapur,2001,5,28.06,61.14,1.61
Kolhapur,2001,6,24.6,80.79,5.96
Kolhapur,2001,7,23.62,85.38,7.51
Kolhapur,2001,8,23.11,88.31,6.53
Kolhapur,2001,9,23.63,85.36,2.81
Kolhapur,2001,10,23.13,79.67,1.92
Kolhapur,2001,11,23.28,64.88,0.37
Kolhapur,2001,12,22.15,48.42,0.02
Kolhapur,2001,13,24.64,63.69,2.31
Kolhapur,2002,1,22.23,46.7,0.02
Kolhapur,2002,2,25.76,39.35,0.0
Kolhapur,2002,3,28.34,39.69,0.02
Kolhapur,2002,4,30.59,44.01,0.18
Kolhapur,2002,5,28.6,62.94,1.03
Kolhapur,2002,6,25.22,82.32,9.79
Kolhapur,2002,7,24.11,84.64,3.61
Kolhapur,2002,8,23.33,86.98,7.64
Kolhapur,2002,9,23.57,83.22,1.35
Kolhapur,2002,10,24.57,74.83,3.43
Kolhapur,2002,11,23.78,56.0,0.15
Kolhapur,2002,12,22.77,44.59,0.01
Kolhapur,2002,13,25.23,62.25,2.28
Kolhapur,2003,1,23.93,43.14,0.0
Kolhapur,2003,2,26.13,40.16,0.06
Kolhapur,2003,3,28.25,40.14,0.3
Kolhapur,2003,4,30.26,43.57,0.87
Kolhapur,2003,5,29.59,54.84,0.24
Kolhapur,2003,6,26.14,76.2,7.46
Kolhapur,2003,7,24.07,87.74,6.73
Kolhapur,2003,8,23.76,87.19,3.95
Kolhapur,2003,9,23.7,84.7,1.77
Kolhapur,2003,10,24.3,75.47,2.13
Kolhapur,2003,11,24.08,56.88,0.07
Kolhapur,2003,12,22.61,42.54,0.03
Kolhapur,2003,13,25.56,61.17,1.98
Kolhapur,2004,1,22.74,45.95,0.0
Kolhapur,2004,2,25.28,35.4,0.02
Kolhapur,2004,3,29.1,39.96,0.01
Kolhapur,2004,4,29.6,47.2,0.42
Kolhapur,2004,5,27.2,68.36,3.18
Kolhapur,2004,6,24.43,84.95,9.58
Kolhapur,2004,7,23.73,86.75,5.99
Kolhapur,2004,8,23.1,88.54,8.01
Kolhapur,2004,9,23.56,85.92,3.57
Kolhapur,2004,10,23.39,76.58,0.83
Kolhapur,2004,11,23.02,59.79,0.45
Kolhapur,2004,12,21.66,43.92,0.0
Kolhapur,2004,13,24.73,63.7,2.68
Kolhapur,2005,1,23.2,42.29,0.03
Kolhapur,2005,2,25.21,40.01,0.0
Kolhapur,2005,3,27.44,41.38,0.04
Kolhapur,2005,4,29.16,47.91,0.84
Kolhapur,2005,5,28.6,58.39,1.42
Kolhapur,2005,6,25.64,80.37,9.33
Kolhapur,2005,7,23.96,89.35,14.32
Kolhapur,2005,8,23.27,90.65,8.69
Kolhapur,2005,9,23.4,90.37,7.96
Kolhapur,2005,10,23.05,83.07,3.2
Kolhapur,2005,11,20.02,71.06,0.03
Kolhapur,2005,12,20.44,59.3,0.0
Kolhapur,2005,13,24.44,66.33,3.85
Kolhapur,2006,1,22.01,42.83,0.0
Kolhapur,2006,2,25.26,33.4,0.0
Kolhapur,2006,3,26.81,46.86,0.43
Kolhapur,2006,4,29.21,46.88,0.08
Kolhapur,2006,5,28.63,60.53,7.87
Kolhapur,2006,6,24.46,86.88,9.98
Kolhapur,2006,7,23.33,89.47,10.39
Kolhapur,2006,8,22.78,90.73,9.73
Kolhapur,2006,9,23.62,89.07,6.34
Kolhapur,2006,10,23.7,80.94,3.0
Kolhapur,2006,11,22.45,79.1,1.24
Kolhapur,2006,12,20.84,60.45,0.0
Kolhapur,2006,13,24.41,67.45,4.12
Kolhapur,2007,1,22.55,44.88,0.0
Kolhapur,2007,2,24.3,46.78,0.0
Kolhapur,2007,3,28.26,40.51,0.0
Kolhapur,2007,4,30.16,45.96,0.46
Kolhapur,2007,5,28.27,62.77,1.62
Kolhapur,2007,6,25.49,81.66,16.0
Kolhapur,2007,7,23.91,89.69,9.18
Kolhapur,2007,8,23.37,90.54,11.0
Kolhapur,2007,9,23.41,89.89,7.3
Kolhapur,2007,10,23.22,78.63,0.81
Kolhapur,2007,11,21.21,68.83,0.72
Kolhapur,2007,12,22.12,57.98,0.01
Kolhapur,2007,13,24.69,66.62,3.93
Kolhapur,2008,1,21.8,43.76,0.0
Kolhapur,2008,2,23.78,43.66,0.25
Kolhapur,2008,3,26.87,47.03,1.49
Kolhapur,2008,4,28.79,50.35,0.53
Kolhapur,2008,5,27.77,62.4,2.01
Kolhapur,2008,6,24.71,83.4,6.52
Kolhapur,2008,7,24.14,84.85,5.2
Kolhapur,2008,8,23.4,88.56,9.31
Kolhapur,2008,9,23.25,87.81,6.3
Kolhapur,2008,10,23.43,75.94,1.04
Kolhapur,2008,11,22.86,65.18,0.58
Kolhapur,2008,12,22.14,54.95,0.15
Kolhapur,2008,13,24.41,65.71,2.79
Kolhapur,2009,1,23.35,42.6,0.0
Kolhapur,2009,2,26.12,36.1,0.0
Kolhapur,2009,3,28.58,38.01,0.13
Kolhapur,2009,4,30.3,44.83,0.22
Kolhapur,2009,5,29.05,56.9,0.68
Kolhapur,2009,6,25.47,77.69,4.65
Kolhapur,2009,7,23.67,88.54,14.95
Kolhapur,2009,8,23.73,87.7,4.2
Kolhapur,2009,9,24.11,87.0,6.67
Kolhapur,2009,10,23.12,79.57,4.02
Kolhapur,2009,11,22.27,76.87,2.11
Kolhapur,2009,12,21.93,65.91,0.12
Kolhapur,2009,13,25.13,65.31,3.17
Kolhapur,2010,1,22.65,58.3,0.38
Kolhapur,2010,2,25.34,46.27,0.0
Kolhapur,2010,3,28.99,39.11,0.0
Kolhapur,2010,4,29.92,47.55,0.3
Kolhapur,2010,5,29.82,57.39,0.33
Kolhapur,2010,6,25.77,79.27,8.52
Kolhapur,2010,7,23.9,87.75,14.1
Kolhapur,2010,8,23.48,90.19,7.11
Kolhapur,2010,9,23.73,88.26,5.25
Kolhapur,2010,10,23.58,84.13,3.05
Kolhapur,2010,11,23.2,82.77,2.2
Kolhapur,2010,12,20.29,69.08,0.02
Kolhapur,2010,13,25.05,69.3,3.46
Kolhapur,2011,1,21.67,47.05,0.0
Kolhapur,2011,2,23.65,47.75,0.02
Kolhapur,2011,3,28.3,37.17,0.0
Kolhapur,2011,4,28.7,49.44,0.54
Kolhapur,2011,5,28.48,58.65,1.09
Kolhapur,2011,6,24.91,81.99,6.52
Kolhapur,2011,7,23.77,86.54,11.35
Kolhapur,2011,8,23.37,89.24,9.35
Kolhapur,2011,9,23.14,88.25,5.08
Kolhapur,2011,10,23.89,80.47,2.82
Kolhapur,2011,11,22.58,63.67,0.16
Kolhapur,2011,12,22.35,47.76,0.0
Kolhapur,2011,13,24.57,64.91,3.1
Kolhapur,2012,1,22.18,45.66,0.0
Kolhapur,2012,2,25.4,32.21,0.0
Kolhapur,2012,3,27.19,33.91,0.0
Kolhapur,2012,4,29.42,46.96,0.74
Kolhapur,2012,5,28.95,55.65,0.27
Kolhapur,2012,6,25.58,75.47,6.19
Kolhapur,2012,7,23.94,86.44,8.52
Kolhapur,2012,8,23.67,87.6,6.05
Kolhapur,2012,9,23.5,86.48,3.82
Kolhapur,2012,10,23.83,73.4,2.08
Kolhapur,2012,11,23.15,66.77,0.54
Kolhapur,2012,12,22.92,52.63,0.0
Kolhapur,2012,13,24.97,62.02,2.36
Kolhapur,2013,1,23.46,42.71,0.01
Kolhapur,2013,2,25.8,41.64,0.12
Kolhapur,2013,3,28.06,38.76,0.03
Kolhapur,2013,4,28.73,49.28,0.27
Kolhapur,2013,5,28.7,59.96,0.98
Kolhapur,2013,6,24.67,84.47,9.06
Kolhapur,2013,7,23.4,89.57,12.51
Kolhapur,2013,8,23.14,88.62,3.99
Kolhapur,2013,9,23.47,88.32,6.17
Kolhapur,2013,10,23.41,83.7,2.23
Kolhapur,2013,11,22.31,70.64,0.03
Kolhapur,2013,12,21.04,52.78,0.0
Kolhapur,2013,13,24.67,65.99,2.96
Kolhapur,2014,1,22.82,51.2,0.0
Kolhapur,2014,2,24.04,46.89,0.07
Kolhapur,2014,3,27.3,42.25,0.33
Kolhapur,2014,4,29.81,43.21,0.3
Kolhapur,2014,5,28.91,57.46,1.8
Kolhapur,2014,6,26.59,74.65,3.12
Kolhapur,2014,7,24.35,84.94,12.6
Kolhapur,2014,8,23.85,87.59,8.36
Kolhapur,2014,9,23.78,85.9,3.29
Kolhapur,2014,10,24.1,76.4,2.82
Kolhapur,2014,11,22.12,68.02,0.82
Kolhapur,2014,12,21.52,58.2,0.37
Kolhapur,2014,13,24.93,64.84,2.86
Kolhapur,2015,1,21.48,48.51,0.01
Kolhapur,2015,2,24.43,37.41,0.28
Kolhapur,2015,3,26.98,48.76,0.54
Kolhapur,2015,4,28.86,48.78,0.56
Kolhapur,2015,5,29.23,58.68,1.16
Kolhapur,2015,6,25.28,79.45,8.5
Kolhapur,2015,7,24.38,84.33,3.95
Kolhapur,2015,8,24.15,85.06,3.79
Kolhapur,2015,9,24.17,82.75,3.24
Kolhapur,2015,10,25.68,69.81,1.84
Kolhapur,2015,11,25.05,59.58,0.28
Kolhapur,2015,12,24.5,44.6,0.02
Kolhapur,2015,13,25.35,62.46,2.02
Kolhapur,2016,1,23.19,39.41,0.0
Kolhapur,2016,2,26.04,43.81,0.04
Kolhapur,2016,3,28.75,41.31,0.22
Kolhapur,2016,4,30.23,45.63,0.25
Kolhapur,2016,5,29.73,56.21,0.45
Kolhapur,2016,6,25.11,81.95,10.74
Kolhapur,2016,7,23.42,91.35,20.79
Kolhapur,2016,8,23.16,90.66,12.27
Kolhapur,2016,9,22.6,89.89,5.0
Kolhapur,2016,10,22.23,78.99,1.32
Kolhapur,2016,11,20.91,60.51,0.42
Kolhapur,2016,12,21.92,46.44,0.0
Kolhapur,2016,13,24.77,63.89,4.32
Kolhapur,2017,1,22.59,39.89,0.0
Kolhapur,2017,2,25.47,32.64,0.0
Kolhapur,2017,3,27.16,42.86,0.01
Kolhapur,2017,4,29.66,45.26,0.13
Kolhapur,2017,5,29.27,58.25,1.87
Kolhapur,2017,6,25.36,80.71,6.97
Kolhapur,2017,7,24.07,87.06,10.23
Kolhapur,2017,8,23.74,87.35,6.39
Kolhapur,2017,9,24.1,87.88,11.27
Kolhapur,2017,10,23.49,84.31,3.81
Kolhapur,2017,11,21.09,73.22,0.03
Kolhapur,2017,12,20.7,62.83,0.15
Kolhapur,2017,13,24.72,65.38,3.42
Kolhapur,2018,1,21.87,45.71,0.0
Kolhapur,2018,2,24.9,31.65,0.01
Kolhapur,2018,3,27.94,40.44,0.18
Kolhapur,2018,4,30.13,42.52,0.31
Kolhapur,2018,5,28.4,63.01,2.24
Kolhapur,2018,6,24.88,85.25,12.52
Kolhapur,2018,7,23.45,90.16,13.91
Kolhapur,2018,8,22.95,89.83,7.43
Kolhapur,2018,9,23.34,85.08,4.42
Kolhapur,2018,10,24.07,71.51,1.25
Kolhapur,2018,11,23.29,61.14,0.65
Kolhapur,2018,12,21.95,52.77,0.06
Kolhapur,2018,13,24.76,63.46,3.6
Kolhapur,2019,1,21.94,36.45,0.0
Kolhapur,2019,2,25.19,36.8,0.0
Kolhapur,2019,3,27.66,38.93,0.22
Kolhapur,2019,4,30.27,44.29,0.39
Kolhapur,2019,5,29.89,51.26,0.05
Kolhapur,2019,6,26.91,73.74,9.62
Kolhapur,2019,7,24.14,90.32,19.0
Kolhapur,2019,8,23.48,91.55,22.92
Kolhapur,2019,9,23.43,91.01,10.14
Kolhapur,2019,10,23.33,88.61,8.6
Kolhapur,2019,11,22.03,83.3,0.31
Kolhapur,2019,12,21.91,78.58,0.09
Kolhapur,2019,13,25.01,67.25,6.0
Kolhapur,2020,1,21.64,66.78,0.0
Kolhapur,2020,2,24.47,46.96,0.02
Kolhapur,2020,3,27.31,46.76,0.34
Kolhapur,2020,4,29.95,47.84,1.23
Kolhapur,2020,5,30.25,55.71,1.37
Kolhapur,2020,6,24.9,84.43,12.09
Kolhapur,2020,7,23.85,89.35,12.18
Kolhapur,2020,8,23.58,92.14,18.02
Kolhapur,2020,9,23.63,90.18,9.75
Kolhapur,2020,10,23.4,88.19,8.24
Kolhapur,2020,11,22.02,82.37,0.01
Kolhapur,2020,12,20.96,72.52,0.04
Kolhapur,2020,13,24.66,72.03,5.3
Kolhapur,2021,1,23.28,65.3,0.29
Kolhapur,2021,2,24.01,48.38,0.25
Kolhapur,2021,3,28.72,37.52,0.03
Kolhapur,2021,4,29.26,49.46,1.39
Kolhapur,2021,5,27.38,70.98,6.0
Kolhapur,2021,6,24.5,86.7,14.5
Kolhapur,2021,7,23.65,91.15,22.69
Kolhapur,2021,8,23.34,88.95,3.85
Kolhapur,2021,9,23.34,90.1,6.41
Kolhapur,2021,10,23.87,84.13,3.61
Kolhapur,2021,11,23.26,81.23,2.0
Kolhapur,2021,12,21.11,77.18,2.2
Kolhapur,2021,13,24.64,72.74,5.3
Kolhapur,2022,1,20.44,65.69,0.02
Kolhapur,2022,2,23.63,50.26,0.0
Kolhapur,2022,3,28.38,42.63,0.35
Kolhapur,2022,4,29.16,52.35,1.53
Kolhapur,2022,5,28.15,64.97,2.19
Kolhapur,2022,6,25.25,79.56,7.31
Kolhapur,2022,7,23.61,89.77,14.76
Kolhapur,2022,8,23.24,90.46,11.56
Kolhapur,2022,9,23.25,90.17,7.66
Kolhapur,2022,10,22.69,84.57,6.18
Kolhapur,2022,11,21.33,78.57,0.05
Kolhapur,2022,12,22.34,69.24,0.06
Kolhapur,2022,13,24.29,71.65,4.34
Kolhapur,2023,1,22.06,51.88,0.0
Kolhapur,2023,2,25.36,25.67,0.0
Kolhapur,2023,3,26.72,38.86,0.02
Kolhapur,2023,4,29.08,45.42,0.46
Kolhapur,2023,5,29.25,55.47,0.98
Kolhapur,2023,6,27.04,71.68,4.2
Kolhapur,2023,7,23.89,88.97,19.04
Kolhapur,2023,8,23.65,88.29,3.0
Kolhapur,2023,9,23.85,88.27,6.58
Kolhapur,2023,10,24.21,76.18,1.17
Kolhapur,2023,11,23.86,74.17,1.25
Kolhapur,2023,12,23.0,56.67,0.05
Kolhapur,2023,13,25.15,63.7,3.09
Sangli,1997,1,21.15,51.69,0.04
Sangli,1997,2,23.04,30.74,0.0
Sangli,1997,3,27.98,32.6,0.15
Sangli,1997,4,28.19,43.22,0.32
Sangli,1997,5,29.28,48.75,0.19
Sangli,1997,6,25.28,78.49,9.01
Sangli,1997,7,23.77,87.26,10.19
Sangli,1997,8,23.07,89.28,10.04
Sangli,1997,9,23.24,85.09,1.55
Sangli,1997,10,24.61,75.32,1.29
Sangli,1997,11,23.78,77.34,1.77
Sangli,1997,12,21.92,72.25,1.44
Sangli,1997,13,24.62,64.54,3.02
Sangli,1998,1,22.04,55.06,0.0
Sangli,1998,2,23.76,42.11,0.03
Sangli,1998,3,27.33,38.66,0.0
Sangli,1998,4,31.32,36.93,0.05
Sangli,1998,5,30.87,51.32,0.7
Sangli,1998,6,26.47,74.68,9.96
Sangli,1998,7,24.04,87.04,9.6
Sangli,1998,8,23.97,89.38,8.75
Sangli,1998,9,23.52,89.55,7.44
Sangli,1998,10,22.87,86.84,3.22
Sangli,1998,11,20.94,78.32,1.12
Sangli,1998,12,18.41,65.49,0.02
Sangli,1998,13,24.63,66.44,3.42
Sangli,1999,1,20.08,49.9,0.0
Sangli,1999,2,25.32,37.77,0.11
Sangli,1999,3,28.81,28.33,0.0
Sangli,1999,4,29.82,45.2,0.0
Sangli,1999,5,27.15,65.85,2.98
Sangli,1999,6,24.47,81.99,9.34
Sangli,1999,7,23.62,87.95,9.63
Sangli,1999,8,23.19,87.06,2.25
Sangli,1999,9,23.27,85.62,3.14
Sangli,1999,10,23.58,77.14,2.65
Sangli,1999,11,22.13,56.41,0.02
Sangli,1999,12,21.18,41.76,0.0
Sangli,1999,13,24.37,62.22,2.52
Sangli,2000,1,23.14,32.7,0.01
Sangli,2000,2,23.48,46.18,0.16
Sangli,2000,3,26.98,32.96,0.01
Sangli,2000,4,30.42,42.63,0.26
Sangli,2000,5,27.63,63.53,2.33
Sangli,2000,6,24.62,82.86,5.84
Sangli,2000,7,23.29,86.28,8.41
Sangli,2000,8,23.12,87.57,7.62
Sangli,2000,9,24.03,83.71,2.51
Sangli,2000,10,24.19,73.73,2.14
Sangli,2000,11,22.52,60.42,0.21
Sangli,2000,12,21.01,38.72,0.43
Sangli,2000,13,24.53,60.95,2.51
Sangli,2001,1,23.09,41.31,0.04
Sangli,2001,2,25.23,28.22,0.0
Sangli,2001,3,26.42,42.09,0.0
Sangli,2001,4,29.79,43.15,0.62
Sangli,2001,5,28.46,58.49,1.38
Sangli,2001,6,24.71,79.71,5.14
Sangli,2001,7,23.78,83.63,5.85
Sangli,2001,8,23.25,86.98,5.79
Sangli,2001,9,23.75,84.39,3.39
Sangli,2001,10,23.14,78.8,1.87
Sangli,2001,11,22.87,63.59,0.23
Sangli,2001,12,21.74,47.2,0.01
Sangli,2001,13,24.67,61.67,2.04
Sangli,2002,1,21.76,44.96,0.04
Sangli,2002,2,25.62,37.54,0.0
Sangli,2002,3,28.39,35.14,0.02
Sangli,2002,4,31.0,38.0,0.1
Sangli,2002,5,29.02,59.95,1.02
Sangli,2002,6,25.4,80.35,8.19
Sangli,2002,7,24.31,83.02,3.07
Sangli,2002,8,23.4,85.83,6.62
Sangli,2002,9,23.65,82.36,1.5
Sangli,2002,10,24.66,70.84,2.75
Sangli,2002,11,23.6,52.72,0.2
Sangli,2002,12,22.65,41.47,0.01
Sangli,2002,13,25.28,59.48,1.97
Sangli,2003,1,23.69,40.82,0.0
Sangli,2003,2,26.05,36.44,0.06
Sangli,2003,3,28.42,33.89,0.23
Sangli,2003,4,30.68,38.76,0.67
Sangli,2003,5,30.01,50.82,0.11
Sangli,2003,6,26.31,74.28,6.16
Sangli,2003,7,24.15,86.55,5.56
Sangli,2003,8,23.81,86.11,3.55
Sangli,2003,9,23.76,83.89,1.65
Sangli,2003,10,24.55,71.9,1.46
Sangli,2003,11,24.11,53.8,0.07
Sangli,2003,12,22.48,40.34,0.02
Sangli,2003,13,25.66,58.26,1.64
Sangli,2004,1,22.49,43.16,0.0
Sangli,2004,2,25.17,32.14,0.03
Sangli,2004,3,29.24,33.49,0.01
Sangli,2004,4,30.1,42.22,0.3
Sangli,2004,5,27.7,64.64,2.47
Sangli,2004,6,24.66,83.25,8.59
Sangli,2004,7,23.81,85.74,5.53
Sangli,2004,8,23.15,87.69,7.0
Sangli,2004,9,23.75,84.75,3.75
Sangli,2004,10,23.29,75.23,0.49
Sangli,2004,11,22.79,59.76,0.33
Sangli,2004,12,21.35,42.93,0.0
Sangli,2004,13,24.78,61.34,2.38
Sangli,2005,1,22.88,39.57,0.05
Sangli,2005,2,25.04,37.2,0.0
Sangli,2005,3,27.51,37.05,0.06
Sangli,2005,4,29.46,43.39,0.5
Sangli,2005,5,29.04,54.52,1.31
Sangli,2005,6,26.14,77.16,6.95
Sangli,2005,7,24.2,87.4,11.77
Sangli,2005,8,23.37,89.49,7.82
Sangli,2005,9,23.51,89.19,6.54
Sangli,2005,10,23.01,80.81,2.67
Sangli,2005,11,19.88,69.81,0.01
Sangli,2005,12,19.98,58.6,0.0
Sangli,2005,13,24.49,63.83,3.16
Sangli,2006,1,21.53,42.37,0.0
Sangli,2006,2,25.09,30.56,0.0
Sangli,2006,3,27.01,42.71,0.25
Sangli,2006,4,29.72,41.59,0.07
Sangli,2006,5,29.2,56.04,7.13
Sangli,2006,6,24.87,83.79,8.14
Sangli,2006,7,23.41,88.24,9.4
Sangli,2006,8,22.84,89.89,8.64
Sangli,2006,9,23.68,88.22,6.07
Sangli,2006,10,23.74,79.49,2.02
Sangli,2006,11,22.13,77.37,1.33
Sangli,2006,12,20.48,60.15,0.0
Sangli,2006,13,24.46,65.23,3.61
Sangli,2007,1,22.19,44.13,0.0
Sangli,2007,2,24.17,44.41,0.0
Sangli,2007,3,28.32,35.54,0.0
Sangli,2007,4,30.71,40.09,0.2
Sangli,2007,5,28.99,57.73,1.1
Sangli,2007,6,25.95,78.46,12.54
Sangli,2007,7,24.1,87.91,7.02
Sangli,2007,8,23.51,89.1,9.19
Sangli,2007,9,23.47,88.71,6.16
Sangli,2007,10,23.18,75.83,0.46
Sangli,2007,11,21.3,66.01,0.38
Sangli,2007,12,21.93,56.1,0.0
Sangli,2007,13,24.82,63.78,3.09
Sangli,2008,1,21.64,40.55,0.0
Sangli,2008,2,23.71,38.81,0.11
Sangli,2008,3,27.31,41.84,0.91
Sangli,2008,4,29.49,44.09,0.23
Sangli,2008,5,28.23,58.91,1.72
Sangli,2008,6,24.91,81.56,4.99
Sangli,2008,7,24.35,82.74,4.18
Sangli,2008,8,23.53,87.04,7.32
Sangli,2008,9,23.31,86.54,6.1
Sangli,2008,10,23.23,74.77,0.84
Sangli,2008,11,22.53,65.78,0.54
Sangli,2008,12,21.86,54.42,0.17
Sangli,2008,13,24.51,63.15,2.26
Sangli,2009,1,23.14,41.0,0.0
Sangli,2009,2,26.07,31.62,0.0
Sangli,2009,3,28.63,33.13,0.11
Sangli,2009,4,30.7,39.51,0.1
Sangli,2009,5,29.68,52.12,0.39
Sangli,2009,6,25.84,75.1,3.54
Sangli,2009,7,23.77,87.29,11.41
Sangli,2009,8,23.9,86.05,3.95
Sangli,2009,9,24.38,84.74,5.77
Sangli,2009,10,23.18,78.0,3.3
Sangli,2009,11,22.08,75.06,1.99
Sangli,2009,12,21.56,63.65,0.04
Sangli,2009,13,25.23,62.46,2.57
Sangli,2010,1,22.36,55.18,0.3
Sangli,2010,2,25.28,43.33,0.01
Sangli,2010,3,29.16,34.88,0.04
Sangli,2010,4,30.47,41.45,0.12
Sangli,2010,5,30.6,52.36,0.14
Sangli,2010,6,25.98,77.97,6.72
Sangli,2010,7,24.05,86.46,12.19
Sangli,2010,8,23.55,89.01,5.94
Sangli,2010,9,23.86,86.83,3.77
Sangli,2010,10,23.68,82.11,2.79
Sangli,2010,11,23.37,81.09,1.69
Sangli,2010,12,20.11,66.49,0.02
Sangli,2010,13,25.2,66.56,2.83
Sangli,2011,1,21.43,45.19,0.0
Sangli,2011,2,23.74,43.98,0.01
Sangli,2011,3,28.45,31.84,0.0
Sangli,2011,4,29.21,44.86,0.33
Sangli,2011,5,29.01,54.81,0.72
Sangli,2011,6,25.03,80.78,5.68
Sangli,2011,7,23.93,85.32,10.39
Sangli,2011,8,23.47,88.19,7.39
Sangli,2011,9,23.21,87.07,4.29
Sangli,2011,10,23.84,79.14,2.65
Sangli,2011,11,22.26,63.38,0.08
Sangli,2011,12,21.95,46.26,0.0
Sangli,2011,13,24.63,62.65,2.65
Sangli,2012,1,21.77,43.94,0.0
Sangli,2012,2,25.26,29.04,0.0
Sangli,2012,3,27.3,27.75,0.0
Sangli,2012,4,29.99,40.47,0.35
Sangli,2012,5,29.57,51.46,0.17
Sangli,2012,6,26.01,72.43,4.24
Sangli,2012,7,24.09,85.06,7.6
Sangli,2012,8,23.82,86.13,4.77
Sangli,2012,9,23.6,85.3,3.55
Sangli,2012,10,23.72,73.6,2.28
Sangli,2012,11,23.1,64.72,0.33
Sangli,2012,12,22.76,49.53,0.0
Sangli,2012,13,25.08,59.21,1.95
Sangli,2013,1,23.21,40.9,0.02
Sangli,2013,2,25.67,39.28,0.08
Sangli,2013,3,28.27,34.18,0.02
Sangli,2013,4,29.2,44.74,0.14
Sangli,2013,5,29.38,55.82,0.51
Sangli,2013,6,24.81,83.22,8.33
Sangli,2013,7,23.47,88.55,9.9
Sangli,2013,8,23.22,87.49,3.09
Sangli,2013,9,23.71,86.45,5.31
Sangli,2013,10,23.56,82.12,1.9
Sangli,2013,11,22.33,68.96,0.05
Sangli,2013,12,20.84,51.64,0.01
Sangli,2013,13,24.8,63.73,2.46
Sangli,2014,1,22.64,49.25,0.0
Sangli,2014,2,23.77,45.28,0.14
Sangli,2014,3,27.29,40.46,0.39
Sangli,2014,4,30.26,38.45,0.2
Sangli,2014,5,29.85,51.34,0.92
Sangli,2014,6,27.3,69.92,1.74
Sangli,2014,7,24.57,83.06,10.18
Sangli,2014,8,24.09,85.33,6.61
Sangli,2014,9,23.85,84.02,3.14
Sangli,2014,10,24.17,73.22,1.81
Sangli,2014,11,22.17,65.4,0.72
Sangli,2014,12,21.25,55.07,0.35
Sangli,2014,13,25.1,61.84,2.21
Sangli,2015,1,21.36,45.53,0.01
Sangli,2015,2,24.28,34.26,0.28
Sangli,2015,3,27.18,45.14,0.49
Sangli,2015,4,29.32,44.1,0.24
Sangli,2015,5,29.83,54.37,0.79
Sangli,2015,6,25.58,76.96,7.41
Sangli,2015,7,24.6,82.33,2.67
Sangli,2015,8,24.42,82.51,2.65
Sangli,2015,9,24.49,80.36,3.61
Sangli,2015,10,25.68,68.08,1.65
Sangli,2015,11,24.95,56.59,0.4
Sangli,2015,12,24.23,42.16,0.0
Sangli,2015,13,25.5,59.52,1.68
Sangli,2016,1,22.84,36.15,0.0
Sangli,2016,2,25.94,40.25,0.16
Sangli,2016,3,28.88,37.9,0.19
Sangli,2016,4,30.82,39.77,0.17
Sangli,2016,5,30.33,52.17,0.2
Sangli,2016,6,25.39,80.27,8.41
Sangli,2016,7,23.55,90.05,17.97
Sangli,2016,8,23.27,89.46,11.59
Sangli,2016,9,22.75,88.6,5.48
Sangli,2016,10,22.21,78.09,1.32
Sangli,2016,11,20.44,60.77,0.24
Sangli,2016,12,21.23,47.97,0.0
Sangli,2016,13,24.8,61.84,3.83
Sangli,2017,1,21.97,39.38,0.0
Sangli,2017,2,25.28,29.55,0.0
Sangli,2017,3,27.28,38.35,0.03
Sangli,2017,4,29.94,40.02,0.06
Sangli,2017,5,29.97,53.33,1.39
Sangli,2017,6,25.61,78.99,6.57
Sangli,2017,7,24.16,85.95,9.57
Sangli,2017,8,23.76,86.24,6.01
Sangli,2017,9,24.22,86.79,10.85
Sangli,2017,10,23.46,82.28,3.68
Sangli,2017,11,20.94,71.93,0.03
Sangli,2017,12,20.12,64.12,0.12
Sangli,2017,13,24.72,63.28,3.21
Sangli,2018,1,21.28,46.1,0.01
Sangli,2018,2,24.51,32.48,0.0
Sangli,2018,3,28.06,36.62,0.11
Sangli,2018,4,30.6,37.6,0.19
Sangli,2018,5,29.29,56.72,1.69
Sangli,2018,6,25.14,83.36,9.73
Sangli,2018,7,23.58,88.79,12.45
Sangli,2018,8,23.04,88.77,7.22
Sangli,2018,9,23.52,83.36,3.71
Sangli,2018,10,24.21,68.8,1.03
Sangli,2018,11,23.25,59.53,0.66
Sangli,2018,12,21.6,50.46,0.02
Sangli,2018,13,24.83,61.23,3.09
Sangli,2019,1,21.54,34.06,0.0
Sangli,2019,2,25.05,34.23,0.0
Sangli,2019,3,27.91,33.99,0.08
Sangli,2019,4,30.8,38.71,0.23
Sangli,2019,5,30.42,47.3,0.02
Sangli,2019,6,27.2,71.6,7.39
Sangli,2019,7,24.33,88.57,16.94
Sangli,2019,8,23.5,90.52,18.07
Sangli,2019,9,23.51,90.18,9.42
Sangli,2019,10,23.41,87.04,7.55
Sangli,2019,11,22.0,82.02,0.24
Sangli,2019,12,21.7,78.12,0.08
Sangli,2019,13,25.11,64.88,5.05
Sangli,2020,1,21.21,66.51,0.0
Sangli,2020,2,24.12,46.08,0.01
Sangli,2020,3,27.35,43.65,0.27
Sangli,2020,4,30.55,42.19,1.02
Sangli,2020,5,30.81,51.35,1.14
Sangli,2020,6,25.1,82.92,10.55
Sangli,2020,7,24.02,87.95,9.3
Sangli,2020,8,23.65,91.28,15.86
Sangli,2020,9,23.76,89.2,7.26
Sangli,2020,10,23.56,86.66,8.06
Sangli,2020,11,22.07,80.63,0.01
Sangli,2020,12,20.6,72.12,0.02
Sangli,2020,13,24.73,70.14,4.48
Sangli,2021,1,22.93,65.29,0.27
Sangli,2021,2,23.65,46.78,0.2
Sangli,2021,3,28.7,33.58,0.03
Sangli,2021,4,29.58,44.81,1.23
Sangli,2021,5,27.85,67.23,4.82
Sangli,2021,6,24.71,85.2,12.32
Sangli,2021,7,23.79,89.77,20.33
Sangli,2021,8,23.41,88.12,3.52
Sangli,2021,9,23.42,89.27,5.8
Sangli,2021,10,23.82,82.36,3.0
Sangli,2021,11,23.12,80.49,1.51
Sangli,2021,12,20.81,76.52,2.32
Sangli,2021,13,24.65,70.94,4.64
Sangli,2022,1,20.04,64.88,0.03
Sangli,2022,2,23.35,47.93,0.0
Sangli,2022,3,28.52,37.08,0.25
Sangli,2022,4,29.67,46.81,1.27
Sangli,2022,5,28.68,60.86,1.86
Sangli,2022,6,25.65,76.43,5.46
Sangli,2022,7,23.71,88.31,13.21
Sangli,2022,8,23.34,89.37,10.73
Sangli,2022,9,23.35,89.09,6.6
Sangli,2022,10,22.73,83.11,6.0
Sangli,2022,11,21.11,77.1,0.04
Sangli,2022,12,21.97,69.34,0.02
Sangli,2022,13,24.34,69.33,3.83
Sangli,2023,1,21.65,52.05,0.0
Sangli,2023,2,24.78,25.23,0.0
Sangli,2023,3,26.54,37.48,0.08
Sangli,2023,4,29.25,42.77,0.63
Sangli,2023,5,29.81,51.36,0.8
Sangli,2023,6,27.29,69.51,3.83
Sangli,2023,7,24.02,87.78,15.45
Sangli,2023,8,23.77,87.01,2.98
Sangli,2023,9,23.98,87.12,6.2
Sangli,2023,10,24.0,74.83,1.07
Sangli,2023,11,23.5,73.95,1.48
Sangli,2023,12,22.26,58.42,0.06
Sangli,2023,13,25.06,62.53,2.73
Ahilyanagar,1997,1,20.38,40.69,0.15
Ahilyanagar,1997,2,22.6,22.34,0.0
Ahilyanagar,1997,3,28.25,21.88,0.09
Ahilyanagar,1997,4,29.1,31.53,0.16
Ahilyanagar,1997,5,31.24,35.6,0.16
Ahilyanagar,1997,6,27.48,66.12,2.87
Ahilyanagar,1997,7,25.85,75.0,3.62
Ahilyanagar,1997,8,25.1,77.51,4.38
Ahilyanagar,1997,9,25.12,75.53,2.59
Ahilyanagar,1997,10,25.56,65.53,1.04
Ahilyanagar,1997,11,24.29,71.87,3.54
Ahilyanagar,1997,12,21.34,71.34,1.38
Ahilyanagar,1997,13,25.54,54.77,1.67
Ahilyanagar,1998,1,21.25,53.93,0.0
Ahilyanagar,1998,2,22.93,35.16,0.0
Ahilyanagar,1998,3,27.59,26.68,0.04
Ahilyanagar,1998,4,32.23,26.45,0.02
Ahilyanagar,1998,5,33.31,35.79,0.77
Ahilyanagar,1998,6,28.47,65.55,5.02
Ahilyanagar,1998,7,25.89,77.82,4.32
Ahilyanagar,1998,8,25.4,82.83,6.68
Ahilyanagar,1998,9,24.64,84.81,5.63
Ahilyanagar,1998,10,23.73,82.62,4.08
Ahilyanagar,1998,11,20.96,76.26,1.18
Ahilyanagar,1998,12,17.87,60.95,0.0
Ahilyanagar,1998,13,25.36,59.22,2.32
Ahilyanagar,1999,1,19.14,46.44,0.0
Ahilyanagar,1999,2,24.9,37.27,0.25
Ahilyanagar,1999,3,28.75,18.31,0.0
Ahilyanagar,1999,4,31.69,23.02,0.0
Ahilyanagar,1999,5,30.13,49.38,1.27
Ahilyanagar,1999,6,26.79,69.66,4.77
Ahilyanagar,1999,7,25.43,77.49,2.81
Ahilyanagar,1999,8,25.27,75.0,1.46
Ahilyanagar,1999,9,24.91,77.46,4.0
Ahilyanagar,1999,10,23.9,72.02,2.63
Ahilyanagar,1999,11,21.85,54.34,0.0
Ahilyanagar,1999,12,20.33,37.21,0.0
Ahilyanagar,1999,13,25.25,53.23,1.43
Ahilyanagar,2000,1,22.0,27.0,0.0
Ahilyanagar,2000,2,23.03,36.97,0.16
Ahilyanagar,2000,3,26.5,21.27,0.01
Ahilyanagar,2000,4,31.87,26.17,0.04
Ahilyanagar,2000,5,29.95,50.74,3.3
Ahilyanagar,2000,6,26.65,73.12,2.96
Ahilyanagar,2000,7,25.11,77.01,3.34
Ahilyanagar,2000,8,25.0,78.63,6.41
Ahilyanagar,2000,9,25.27,75.92,2.06
Ahilyanagar,2000,10,25.53,59.91,0.8
Ahilyanagar,2000,11,23.68,42.88,0.14
Ahilyanagar,2000,12,21.33,20.87,0.34
Ahilyanagar,2000,13,25.49,49.22,1.64
Ahilyanagar,2001,1,22.48,34.45,0.01
Ahilyanagar,2001,2,24.68,20.85,0.0
Ahilyanagar,2001,3,27.2,31.29,0.03
Ahilyanagar,2001,4,31.35,26.16,0.17
Ahilyanagar,2001,5,31.41,42.53,0.18
Ahilyanagar,2001,6,26.76,68.96,2.75
Ahilyanagar,2001,7,25.86,73.04,1.79
Ahilyanagar,2001,8,24.49,80.76,4.3
Ahilyanagar,2001,9,25.83,73.48,4.05
Ahilyanagar,2001,10,23.62,75.2,3.7
Ahilyanagar,2001,11,21.91,61.17,0.21
Ahilyanagar,2001,12,21.16,41.65,0.0
Ahilyanagar,2001,13,25.56,52.67,1.44
Ahilyanagar,2002,1,20.53,37.25,0.05
Ahilyanagar,2002,2,25.38,31.01,0.04
Ahilyanagar,2002,3,28.36,23.91,0.03
Ahilyanagar,2002,4,31.66,26.09,0.38
Ahilyanagar,2002,5,32.33,42.78,0.53
Ahilyanagar,2002,6,27.84,67.21,4.97
Ahilyanagar,2002,7,26.4,71.78,1.41
Ahilyanagar,2002,8,24.75,79.17,4.57
Ahilyanagar,2002,9,25.24,74.84,2.43
Ahilyanagar,2002,10,25.58,58.52,0.96
Ahilyanagar,2002,11,24.02,38.41,0.03
Ahilyanagar,2002,12,22.77,31.44,0.0
Ahilyanagar,2002,13,26.23,48.64,1.29
Ahilyanagar,2003,1,23.16,33.99,0.01
Ahilyanagar,2003,2,25.27,33.89,0.32
Ahilyanagar,2003,3,28.19,22.55,0.16
Ahilyanagar,2003,4,31.65,29.16,0.35
Ahilyanagar,2003,5,32.06,35.16,0.0
Ahilyanagar,2003,6,27.89,66.01,4.43
Ahilyanagar,2003,7,25.75,78.46,3.6
Ahilyanagar,2003,8,25.16,78.64,3.01
Ahilyanagar,2003,9,25.42,75.31,1.63
Ahilyanagar,2003,10,25.26,63.63,0.76
Ahilyanagar,2003,11,24.59,46.9,0.02
Ahilyanagar,2003,12,22.15,36.99,0.06
Ahilyanagar,2003,13,26.38,50.14,1.2
Ahilyanagar,2004,1,21.95,39.15,0.13
Ahilyanagar,2004,2,24.27,26.89,0.04
Ahilyanagar,2004,3,29.28,16.89,0.01
Ahilyanagar,2004,4,31.15,30.71,0.09
Ahilyanagar,2004,5,30.16,51.47,1.8
Ahilyanagar,2004,6,27.48,68.33,3.19
Ahilyanagar,2004,7,25.91,74.69,4.02
Ahilyanagar,2004,8,24.56,80.99,4.19
Ahilyanagar,2004,9,25.1,80.03,6.78
Ahilyanagar,2004,10,22.86,73.03,1.09
Ahilyanagar,2004,11,22.23,62.96,0.22
Ahilyanagar,2004,12,20.63,44.42,0.0
Ahilyanagar,2004,13,25.46,54.21,1.8
Ahilyanagar,2005,1,21.88,35.28,0.16
Ahilyanagar,2005,2,24.5,31.51,0.0
Ahilyanagar,2005,3,27.69,27.32,0.18
Ahilyanagar,2005,4,29.9,29.81,0.53
Ahilyanagar,2005,5,31.45,38.85,0.69
Ahilyanagar,2005,6,28.63,64.36,4.6
Ahilyanagar,2005,7,25.15,81.91,9.23
Ahilyanagar,2005,8,24.56,83.89,4.39
Ahilyanagar,2005,9,24.6,85.09,8.13
Ahilyanagar,2005,10,22.82,77.17,2.63
Ahilyanagar,2005,11,19.25,68.31,0.0
Ahilyanagar,2005,12,18.91,57.49,0.0
Ahilyanagar,2005,13,24.94,56.9,2.56
Ahilyanagar,2006,1,20.55,41.63,0.0
Ahilyanagar,2006,2,24.98,25.31,0.0
Ahilyanagar,2006,3,27.21,34.0,0.51
Ahilyanagar,2006,4,30.92,27.91,0.06
Ahilyanagar,2006,5,31.59,42.23,2.62
Ahilyanagar,2006,6,27.27,70.28,4.35
Ahilyanagar,2006,7,24.81,81.3,5.85
Ahilyanagar,2006,8,23.95,84.74,7.81
Ahilyanagar,2006,9,24.9,83.34,7.21
Ahilyanagar,2006,10,23.73,77.75,1.85
Ahilyanagar,2006,11,21.24,77.78,1.98
Ahilyanagar,2006,12,19.88,62.86,0.01
Ahilyanagar,2006,13,25.08,59.31,2.7
Ahilyanagar,2007,1,21.23,46.83,0.0
Ahilyanagar,2007,2,23.73,40.22,0.0
Ahilyanagar,2007,3,27.97,24.13,0.0
Ahilyanagar,2007,4,31.52,25.62,0.39
Ahilyanagar,2007,5,31.97,39.41,0.09
Ahilyanagar,2007,6,27.68,70.81,5.61
Ahilyanagar,2007,7,25.76,79.48,5.27
Ahilyanagar,2007,8,24.91,81.64,5.37
Ahilyanagar,2007,9,24.82,83.52,5.44
Ahilyanagar,2007,10,22.48,69.28,0.12
Ahilyanagar,2007,11,21.63,59.57,0.19
Ahilyanagar,2007,12,21.64,50.41,0.0
Ahilyanagar,2007,13,25.45,56.0,1.88
Ahilyanagar,2008,1,21.19,32.07,0.0
Ahilyanagar,2008,2,23.27,27.75,0.0
Ahilyanagar,2008,3,28.07,31.76,0.84
Ahilyanagar,2008,4,31.06,28.81,0.1
Ahilyanagar,2008,5,31.21,40.88,0.07
Ahilyanagar,2008,6,27.07,68.1,1.77
Ahilyanagar,2008,7,26.3,72.02,2.44
Ahilyanagar,2008,8,25.1,78.8,4.95
Ahilyanagar,2008,9,24.38,82.39,8.34
Ahilyanagar,2008,10,23.29,71.39,0.85
Ahilyanagar,2008,11,22.23,63.49,0.27
Ahilyanagar,2008,12,21.79,50.83,0.24
Ahilyanagar,2008,13,25.42,54.09,1.65
Ahilyanagar,2009,1,22.8,39.29,0.0
Ahilyanagar,2009,2,25.53,24.44,0.0
Ahilyanagar,2009,3,28.67,24.9,0.15
Ahilyanagar,2009,4,31.6,21.18,0.11
Ahilyanagar,2009,5,31.56,40.91,0.72
Ahilyanagar,2009,6,28.73,61.76,1.86
Ahilyanagar,2009,7,25.82,76.48,4.97
Ahilyanagar,2009,8,25.77,76.77,4.71
Ahilyanagar,2009,9,25.41,79.79,4.72
Ahilyanagar,2009,10,23.82,69.85,2.1
Ahilyanagar,2009,11,21.61,72.36,3.78
Ahilyanagar,2009,12,20.41,62.02,0.01
Ahilyanagar,2009,13,25.97,54.34,1.94
Ahilyanagar,2010,1,20.75,49.69,0.24
Ahilyanagar,2010,2,25.01,34.56,0.02
Ahilyanagar,2010,3,29.49,26.16,0.33
Ahilyanagar,2010,4,32.09,26.39,0.05
Ahilyanagar,2010,5,32.98,37.77,0.35
Ahilyanagar,2010,6,27.82,70.39,4.97
Ahilyanagar,2010,7,25.35,81.55,6.77
Ahilyanagar,2010,8,24.82,83.91,5.77
Ahilyanagar,2010,9,24.74,82.34,2.72
Ahilyanagar,2010,10,23.85,79.04,3.4
Ahilyanagar,2010,11,23.27,80.77,2.44
Ahilyanagar,2010,12,19.1,66.17,0.02
Ahilyanagar,2010,13,25.77,60.05,2.27
Ahilyanagar,2011,1,20.03,47.43,0.0
Ahilyanagar,2011,2,23.53,35.81,0.06
Ahilyanagar,2011,3,28.37,22.11,0.07
Ahilyanagar,2011,4,30.98,30.24,0.51
Ahilyanagar,2011,5,31.52,40.23,0.38
Ahilyanagar,2011,6,27.03,70.56,2.85
Ahilyanagar,2011,7,25.61,77.05,5.86
Ahilyanagar,2011,8,25.03,80.62,4.8
Ahilyanagar,2011,9,24.4,81.35,3.28
Ahilyanagar,2011,10,23.83,75.46,3.05
Ahilyanagar,2011,11,22.14,60.15,0.0
Ahilyanagar,2011,12,21.5,40.29,0.0
Ahilyanagar,2011,13,25.34,55.21,1.75
Ahilyanagar,2012,1,20.98,36.07,0.0
Ahilyanagar,2012,2,24.38,23.82,0.0
Ahilyanagar,2012,3,27.23,17.67,0.0
Ahilyanagar,2012,4,31.26,26.62,0.29
Ahilyanagar,2012,5,31.67,38.17,0.33
Ahilyanagar,2012,6,28.44,60.37,2.82
Ahilyanagar,2012,7,25.91,75.65,3.59
Ahilyanagar,2012,8,25.56,76.16,2.99
Ahilyanagar,2012,9,25.05,78.01,2.79
Ahilyanagar,2012,10,24.51,70.23,2.61
Ahilyanagar,2012,11,23.11,57.13,0.09
Ahilyanagar,2012,12,22.82,41.63,0.0
Ahilyanagar,2012,13,25.91,50.21,1.3
Ahilyanagar,2013,1,22.84,34.16,0.01
Ahilyanagar,2013,2,25.36,35.11,0.22
Ahilyanagar,2013,3,28.25,22.52,0.02
Ahilyanagar,2013,4,31.03,29.56,0.12
Ahilyanagar,2013,5,32.4,39.05,0.27
Ahilyanagar,2013,6,26.31,75.1,5.39
Ahilyanagar,2013,7,24.52,82.35,5.92
Ahilyanagar,2013,8,24.52,80.77,1.61
Ahilyanagar,2013,9,24.9,80.3,5.61
Ahilyanagar,2013,10,24.12,78.3,2.01
Ahilyanagar,2013,11,21.66,69.35,1.13
Ahilyanagar,2013,12,19.46,60.35,0.67
Ahilyanagar,2013,13,25.44,57.36,1.92
Ahilyanagar,2014,1,21.36,52.36,0.12
Ahilyanagar,2014,2,23.01,39.15,0.39
Ahilyanagar,2014,3,26.37,45.82,1.34
Ahilyanagar,2014,4,31.21,28.11,0.35
Ahilyanagar,2014,5,32.44,35.11,0.53
Ahilyanagar,2014,6,30.52,53.67,1.09
Ahilyanagar,2014,7,26.35,73.73,5.29
Ahilyanagar,2014,8,25.54,78.87,5.77
Ahilyanagar,2014,9,24.59,78.93,2.66
Ahilyanagar,2014,10,24.64,67.08,1.32
Ahilyanagar,2014,11,22.4,60.85,1.23
Ahilyanagar,2014,12,19.73,50.64,0.65
Ahilyanagar,2014,13,25.69,55.49,1.74
Ahilyanagar,2015,1,20.42,45.75,0.17
Ahilyanagar,2015,2,23.96,29.89,0.53
Ahilyanagar,2015,3,26.05,45.26,1.27
Ahilyanagar,2015,4,30.18,35.7,0.47
Ahilyanagar,2015,5,31.61,43.24,1.26
Ahilyanagar,2015,6,27.74,67.01,5.22
Ahilyanagar,2015,7,26.66,71.5,0.9
Ahilyanagar,2015,8,26.45,71.55,1.81
Ahilyanagar,2015,9,25.93,73.28,6.64
Ahilyanagar,2015,10,26.08,64.6,1.45
Ahilyanagar,2015,11,24.36,53.83,0.86
Ahilyanagar,2015,12,22.89,36.14,0.0
Ahilyanagar,2015,13,26.03,53.29,1.71
Ahilyanagar,2016,1,21.87,28.35,0.0
Ahilyanagar,2016,2,25.69,30.77,0.05
Ahilyanagar,2016,3,28.96,28.04,0.37
Ahilyanagar,2016,4,32.31,27.28,0.03
Ahilyanagar,2016,5,32.34,40.99,0.44
Ahilyanagar,2016,6,28.84,62.54,2.49
Ahilyanagar,2016,7,25.39,79.87,5.64
Ahilyanagar,2016,8,25.16,79.07,2.78
Ahilyanagar,2016,9,24.56,80.26,7.0
Ahilyanagar,2016,10,22.74,72.89,1.68
Ahilyanagar,2016,11,20.16,56.16,0.0
Ahilyanagar,2016,12,20.4,43.01,0.0
Ahilyanagar,2016,13,25.69,52.51,1.71
Ahilyanagar,2017,1,21.19,34.4,0.0
Ahilyanagar,2017,2,25.05,26.14,0.0
Ahilyanagar,2017,3,27.81,23.67,0.01
Ahilyanagar,2017,4,31.15,23.35,0.0
Ahilyanagar,2017,5,32.93,34.78,0.15
Ahilyanagar,2017,6,27.87,69.33,4.04
Ahilyanagar,2017,7,26.16,74.95,2.81
Ahilyanagar,2017,8,25.48,76.56,6.71
Ahilyanagar,2017,9,25.49,80.28,6.05
Ahilyanagar,2017,10,24.09,72.95,3.46
Ahilyanagar,2017,11,20.89,64.75,0.04
Ahilyanagar,2017,12,20.45,52.77,0.04
Ahilyanagar,2017,13,25.71,52.97,1.95
Ahilyanagar,2018,1,21.22,34.86,0.09
Ahilyanagar,2018,2,24.76,28.88,0.01
Ahilyanagar,2018,3,28.62,24.91,0.03
Ahilyanagar,2018,4,31.79,24.12,0.05
Ahilyanagar,2018,5,33.03,33.15,0.17
Ahilyanagar,2018,6,28.2,65.91,1.91
Ahilyanagar,2018,7,25.81,75.04,1.87
Ahilyanagar,2018,8,25.45,74.87,3.76
Ahilyanagar,2018,9,25.75,69.99,1.41
Ahilyanagar,2018,10,27.13,45.78,0.25
Ahilyanagar,2018,11,24.87,37.68,0.1
Ahilyanagar,2018,12,20.99,35.15,0.0
Ahilyanagar,2018,13,26.47,45.96,0.81
Ahilyanagar,2019,1,20.32,26.1,0.0
Ahilyanagar,2019,2,24.27,29.04,0.0
Ahilyanagar,2019,3,27.89,22.82,0.0
Ahilyanagar,2019,4,32.09,22.75,0.08
Ahilyanagar,2019,5,32.36,32.86,0.0
Ahilyanagar,2019,6,30.11,56.1,1.82
Ahilyanagar,2019,7,26.32,75.91,3.08
Ahilyanagar,2019,8,25.67,77.71,2.96
Ahilyanagar,2019,9,25.29,81.4,5.45
Ahilyanagar,2019,10,23.98,81.8,6.15
Ahilyanagar,2019,11,21.89,78.17,0.5
Ahilyanagar,2019,12,21.23,73.2,0.04
Ahilyanagar,2019,13,25.95,54.98,1.68
Ahilyanagar,2020,1,20.42,60.72,0.01
Ahilyanagar,2020,2,23.99,39.34,0.01
Ahilyanagar,2020,3,27.25,36.99,0.65
Ahilyanagar,2020,4,32.02,26.81,0.02
Ahilyanagar,2020,5,33.06,35.13,0.46
Ahilyanagar,2020,6,26.64,74.87,10.08
Ahilyanagar,2020,7,25.65,81.43,5.24
Ahilyanagar,2020,8,24.93,84.46,4.04
Ahilyanagar,2020,9,25.19,84.8,7.82
Ahilyanagar,2020,10,24.26,82.12,6.15
Ahilyanagar,2020,11,21.35,77.42,0.03
Ahilyanagar,2020,12,19.66,68.7,0.04
Ahilyanagar,2020,13,25.37,62.82,2.88
Ahilyanagar,2021,1,22.07,63.26,0.35
Ahilyanagar,2021,2,23.08,38.26,0.14
Ahilyanagar,2021,3,28.79,23.4,0.07
Ahilyanagar,2021,4,31.09,28.61,0.28
Ahilyanagar,2021,5,30.05,52.78,2.04
Ahilyanagar,2021,6,26.87,74.02,4.28
Ahilyanagar,2021,7,25.97,77.8,3.52
Ahilyanagar,2021,8,25.64,76.66,3.29
Ahilyanagar,2021,9,24.83,83.31,7.05
Ahilyanagar,2021,10,23.82,78.16,2.26
Ahilyanagar,2021,11,22.45,77.4,0.49
Ahilyanagar,2021,12,19.88,71.11,0.95
Ahilyanagar,2021,13,25.39,62.22,2.07
Ahilyanagar,2022,1,19.79,58.86,0.02
Ahilyanagar,2022,2,23.41,34.36,0.0
Ahilyanagar,2022,3,29.07,23.07,0.06
Ahilyanagar,2022,4,32.16,23.46,0.05
Ahilyanagar,2022,5,31.86,41.58,0.22
Ahilyanagar,2022,6,28.31,63.64,5.5
Ahilyanagar,2022,7,24.99,82.16,5.35
Ahilyanagar,2022,8,24.86,82.16,4.79
Ahilyanagar,2022,9,24.69,84.44,6.54
Ahilyanagar,2022,10,22.8,81.01,4.59
Ahilyanagar,2022,11,19.85,73.88,0.0
Ahilyanagar,2022,12,21.11,68.13,0.32
Ahilyanagar,2022,13,25.25,59.92,2.3
Ahilyanagar,2023,1,20.5,54.68,0.15
Ahilyanagar,2023,2,23.9,23.49,0.0
Ahilyanagar,2023,3,26.22,36.49,0.47
Ahilyanagar,2023,4,29.96,35.07,1.19
Ahilyanagar,2023,5,31.32,40.96,0.41
Ahilyanagar,2023,6,29.64,55.81,1.5
Ahilyanagar,2023,7,25.65,79.21,5.04
Ahilyanagar,2023,8,25.83,74.83,0.83
Ahilyanagar,2023,9,25.87,78.07,5.43
Ahilyanagar,2023,10,24.72,66.98,0.54
Ahilyanagar,2023,11,23.74,63.51,1.32
Ahilyanagar,2023,12,21.41,58.39,0.21
Ahilyanagar,2023,13,25.73,55.86,1.43
Solapur,1997,1,21.33,53.33,0.1
Solapur,1997,2,23.92,24.15,0.0
Solapur,1997,3,29.42,23.38,0.36
Solapur,1997,4,30.77,31.4,0.32
Solapur,1997,5,32.52,35.18,0.49
Solapur,1997,6,27.98,65.73,3.01
Solapur,1997,7,26.69,71.3,2.44
Solapur,1997,8,26.18,72.24,2.52
Solapur,1997,9,27.11,66.1,1.21
Solapur,1997,10,27.76,59.34,2.28
Solapur,1997,11,24.99,74.21,2.76
Solapur,1997,12,23.5,69.4,0.85
Solapur,1997,13,26.86,54.0,1.37
Solapur,1998,1,23.64,50.65,0.0
Solapur,1998,2,25.28,33.86,0.02
Solapur,1998,3,29.96,25.93,0.0
Solapur,1998,4,34.38,23.52,0.12
Solapur,1998,5,34.44,36.76,0.74
Solapur,1998,6,29.49,61.06,3.72
Solapur,1998,7,26.84,72.82,3.5
Solapur,1998,8,26.29,78.63,5.48
Solapur,1998,9,25.24,82.49,9.71
Solapur,1998,10,24.59,81.54,6.02
Solapur,1998,11,22.16,75.18,0.54
Solapur,1998,12,18.61,64.93,0.01
Solapur,1998,13,26.74,57.44,2.5
Solapur,1999,1,20.07,51.86,0.0
Solapur,1999,2,25.62,40.71,0.31
Solapur,1999,3,30.31,18.74,0.0
Solapur,1999,4,32.85,23.63,0.01
Solapur,1999,5,30.58,50.06,1.41
Solapur,1999,6,27.57,65.94,3.46
Solapur,1999,7,26.23,73.79,2.45
Solapur,1999,8,26.36,70.47,1.0
Solapur,1999,9,26.47,70.02,2.31
Solapur,1999,10,25.61,67.97,2.72
Solapur,1999,11,23.82,48.42,0.01
Solapur,1999,12,21.86,35.05,0.0
Solapur,1999,13,26.44,51.47,1.14
Solapur,2000,1,23.78,28.53,0.01
Solapur,2000,2,24.99,37.62,0.47
Solapur,2000,3,28.38,21.98,0.04
Solapur,2000,4,33.51,26.45,0.18
Solapur,2000,5,31.13,47.08,1.83
Solapur,2000,6,27.15,70.64,2.86
Solapur,2000,7,26.08,72.23,2.58
Solapur,2000,8,25.45,76.7,6.3
Solapur,2000,9,26.27,73.57,2.36
Solapur,2000,10,26.0,64.15,1.54
Solapur,2000,11,23.84,56.04,0.12
Solapur,2000,12,21.66,30.77,0.26
Solapur,2000,13,26.52,50.48,1.55
Solapur,2001,1,24.0,34.83,0.03
Solapur,2001,2,26.29,19.34,0.0
Solapur,2001,3,29.29,28.13,0.03
Solapur,2001,4,32.38,34.87,0.73
Solapur,2001,5,32.39,40.39,0.52
Solapur,2001,6,27.74,63.96,1.96
Solapur,2001,7,26.99,67.02,2.01
Solapur,2001,8,25.92,73.57,2.26
Solapur,2001,9,26.61,72.13,7.05
Solapur,2001,10,24.31,76.32,3.28
Solapur,2001,11,22.56,68.15,0.16
Solapur,2001,12,20.88,54.24,0.01
Solapur,2001,13,26.61,52.94,1.51
Solapur,2002,1,21.99,44.07,0.14
Solapur,2002,2,26.67,32.5,0.01
Solapur,2002,3,30.02,23.8,0.03
Solapur,2002,4,33.73,25.34,0.18
Solapur,2002,5,32.36,46.06,1.81
Solapur,2002,6,27.86,68.27,3.27
Solapur,2002,7,27.43,67.52,2.1
Solapur,2002,8,25.91,73.65,3.89
Solapur,2002,9,26.6,70.06,2.61
Solapur,2002,10,26.05,63.72,2.67
Solapur,2002,11,24.16,49.97,0.05
Solapur,2002,12,23.59,36.96,0.0
Solapur,2002,13,27.19,50.27,1.41
Solapur,2003,1,24.24,35.93,0.0
Solapur,2003,2,27.3,31.14,0.14
Solapur,2003,3,29.9,27.5,0.6
Solapur,2003,4,32.47,33.02,1.09
Solapur,2003,5,33.64,31.93,0.06
Solapur,2003,6,29.62,57.52,1.44
Solapur,2003,7,27.03,70.48,1.31
Solapur,2003,8,26.69,70.56,3.77
Solapur,2003,9,26.75,69.66,1.93
Solapur,2003,10,26.4,65.09,1.19
Solapur,2003,11,24.94,51.46,0.02
Solapur,2003,12,22.89,41.38,0.05
Solapur,2003,13,27.65,48.91,0.97
Solapur,2004,1,23.43,38.96,0.05
Solapur,2004,2,25.61,29.06,0.12
Solapur,2004,3,30.68,20.41,0.04
Solapur,2004,4,32.82,30.15,0.48
Solapur,2004,5,30.04,56.44,3.0
Solapur,2004,6,27.22,70.78,3.61
Solapur,2004,7,25.92,75.61,4.92
Solapur,2004,8,25.79,74.67,2.03
Solapur,2004,9,25.81,76.82,5.54
Solapur,2004,10,24.8,69.88,0.58
Solapur,2004,11,23.47,59.26,0.16
Solapur,2004,12,21.76,40.53,0.0
Solapur,2004,13,26.44,53.62,1.71
Solapur,2005,1,23.94,35.42,0.08
Solapur,2005,2,26.58,30.64,0.0
Solapur,2005,3,29.31,25.5,0.23
Solapur,2005,4,30.88,39.42,1.01
Solapur,2005,5,32.44,38.81,1.41
Solapur,2005,6,28.91,64.21,2.89
Solapur,2005,7,26.21,76.99,6.48
Solapur,2005,8,25.51,79.25,5.71
Solapur,2005,9,25.58,80.49,4.25
Solapur,2005,10,24.55,75.6,2.62
Solapur,2005,11,20.49,67.87,0.02
Solapur,2005,12,20.56,58.59,0.0
Solapur,2005,13,26.24,56.2,2.08
Solapur,2006,1,21.79,43.53,0.0
Solapur,2006,2,25.79,25.27,0.0
Solapur,2006,3,29.06,31.95,0.36
Solapur,2006,4,32.7,28.27,0.28
Solapur,2006,5,32.35,42.52,2.92
Solapur,2006,6,27.6,70.75,4.32
Solapur,2006,7,25.99,74.96,2.66
Solapur,2006,8,25.38,76.84,2.68
Solapur,2006,9,26.16,77.42,5.68
Solapur,2006,10,25.3,72.37,0.99
Solapur,2006,11,22.84,72.82,2.65
Solapur,2006,12,21.23,60.68,0.0
Solapur,2006,13,26.34,56.64,1.88
Solapur,2007,1,22.62,42.54,0.0
Solapur,2007,2,25.41,33.86,0.0
Solapur,2007,3,30.11,24.23,0.0
Solapur,2007,4,33.4,26.24,0.15
Solapur,2007,5,33.11,38.05,0.39
Solapur,2007,6,28.65,65.95,4.56
Solapur,2007,7,26.73,74.26,2.59
Solapur,2007,8,26.08,75.54,4.48
Solapur,2007,9,25.44,80.01,6.33
Solapur,2007,10,24.27,68.69,0.19
Solapur,2007,11,22.29,61.58,0.24
Solapur,2007,12,22.56,53.45,0.0
Solapur,2007,13,26.73,53.81,1.58
Solapur,2008,1,22.69,33.47,0.0
Solapur,2008,2,25.2,32.07,0.06
Solapur,2008,3,28.49,38.36,1.6
Solapur,2008,4,31.73,34.28,0.41
Solapur,2008,5,32.19,38.62,0.49
Solapur,2008,6,28.12,63.94,0.99
Solapur,2008,7,27.72,65.13,3.47
Solapur,2008,8,25.86,76.7,5.3
Solapur,2008,9,25.22,78.77,6.14
Solapur,2008,10,24.29,72.21,1.46
Solapur,2008,11,22.76,67.68,0.97
Solapur,2008,12,21.86,59.42,0.16
Solapur,2008,13,26.34,55.11,1.76
Solapur,2009,1,23.12,43.68,0.0
Solapur,2009,2,27.09,25.32,0.0
Solapur,2009,3,30.17,24.59,0.21
Solapur,2009,4,33.06,25.38,0.27
Solapur,2009,5,32.49,40.28,1.32
Solapur,2009,6,28.65,63.34,2.92
Solapur,2009,7,26.62,71.83,2.21
Solapur,2009,8,26.97,70.75,3.63
Solapur,2009,9,26.63,74.48,6.15
Solapur,2009,10,24.52,72.31,3.22
Solapur,2009,11,22.91,70.95,1.52
Solapur,2009,12,22.17,62.58,0.06
Solapur,2009,13,27.02,53.97,1.8
Solapur,2010,1,22.35,53.05,0.63
Solapur,2010,2,27.33,35.81,0.04
Solapur,2010,3,31.33,24.51,0.06
Solapur,2010,4,33.61,26.94,0.21
Solapur,2010,5,34.39,35.58,0.26
Solapur,2010,6,28.57,65.77,3.58
Solapur,2010,7,26.35,74.86,5.44
Solapur,2010,8,25.88,78.64,5.36
Solapur,2010,9,25.72,78.87,3.2
Solapur,2010,10,25.01,76.25,2.46
Solapur,2010,11,24.45,76.98,1.41
Solapur,2010,12,20.7,63.98,0.06
Solapur,2010,13,27.13,57.73,1.91
Solapur,2011,1,21.65,45.96,0.0
Solapur,2011,2,25.26,35.96,0.03
Solapur,2011,3,30.01,22.38,0.0
Solapur,2011,4,31.99,33.59,0.76
Solapur,2011,5,32.44,39.11,0.71
Solapur,2011,6,27.92,65.79,1.5
Solapur,2011,7,26.75,70.88,4.32
Solapur,2011,8,26.14,74.86,3.77
Solapur,2011,9,25.99,73.85,1.57
Solapur,2011,10,25.57,71.63,3.31
Solapur,2011,11,23.63,57.18,0.01
Solapur,2011,12,22.97,38.37,0.0
Solapur,2011,13,26.7,52.54,1.35
Solapur,2012,1,23.2,34.75,0.0
Solapur,2012,2,26.38,25.35,0.0
Solapur,2012,3,28.85,17.63,0.0
Solapur,2012,4,32.77,30.01,0.65
Solapur,2012,5,33.28,34.47,0.41
Solapur,2012,6,29.46,55.4,1.33
Solapur,2012,7,26.95,69.98,2.12
Solapur,2012,8,26.89,69.53,2.48
Solapur,2012,9,26.45,72.22,2.93
Solapur,2012,10,25.16,68.02,2.32
Solapur,2012,11,24.21,60.49,0.48
Solapur,2012,12,24.14,43.07,0.0
Solapur,2012,13,27.31,48.47,1.06
Solapur,2013,1,24.56,35.18,0.03
Solapur,2013,2,26.71,34.33,0.21
Solapur,2013,3,30.11,25.09,0.01
Solapur,2013,4,32.59,29.68,0.52
Solapur,2013,5,33.55,37.95,0.96
Solapur,2013,6,27.23,70.96,3.32
Solapur,2013,7,25.64,77.22,5.52
Solapur,2013,8,25.78,74.98,1.46
Solapur,2013,9,25.99,76.29,5.12
Solapur,2013,10,25.36,74.54,1.8
Solapur,2013,11,23.0,67.18,0.24
Solapur,2013,12,21.07,52.19,0.05
Solapur,2013,13,26.8,54.73,1.61
Solapur,2014,1,23.55,46.0,0.0
Solapur,2014,2,24.86,37.44,0.54
Solapur,2014,3,27.86,43.87,1.24
Solapur,2014,4,32.55,30.14,0.54
Solapur,2014,5,32.81,39.97,1.3
Solapur,2014,6,31.38,50.9,0.65
Solapur,2014,7,27.28,68.97,3.06
Solapur,2014,8,26.83,72.33,5.06
Solapur,2014,9,26.05,73.3,1.82
Solapur,2014,10,25.58,66.01,2.76
Solapur,2014,11,22.94,63.38,0.98
Solapur,2014,12,21.15,54.77,0.46
Solapur,2014,13,26.91,54.05,1.55
Solapur,2015,1,21.97,41.58,0.08
Solapur,2015,2,25.06,29.89,0.2
Solapur,2015,3,28.48,37.96,0.38
Solapur,2015,4,31.26,34.79,0.56
Solapur,2015,5,32.38,43.57,1.47
Solapur,2015,6,28.8,60.81,1.26
Solapur,2015,7,28.61,61.37,0.63
Solapur,2015,8,27.84,65.16,2.0
Solapur,2015,9,27.06,70.5,4.66
Solapur,2015,10,26.81,64.67,1.58
Solapur,2015,11,25.65,53.99,0.35
Solapur,2015,12,25.08,37.5,0.0
Solapur,2015,13,27.43,50.26,1.1
Solapur,2016,1,23.56,30.81,0.0
Solapur,2016,2,27.66,30.93,0.05
Solapur,2016,3,30.8,28.43,0.33
Solapur,2016,4,34.45,26.4,0.33
Solapur,2016,5,33.98,37.37,0.61
Solapur,2016,6,28.26,66.77,3.29
Solapur,2016,7,26.15,76.57,6.27
Solapur,2016,8,26.16,74.88,1.39
Solapur,2016,9,25.27,76.85,7.08
Solapur,2016,10,23.78,71.16,1.32
Solapur,2016,11,20.98,59.4,0.05
Solapur,2016,12,21.41,47.52,0.05
Solapur,2016,13,26.86,52.32,1.73
Solapur,2017,1,22.29,35.6,0.0
Solapur,2017,2,25.85,24.59,0.0
Solapur,2017,3,29.06,25.96,0.26
Solapur,2017,4,32.74,22.62,0.13
Solapur,2017,5,33.99,35.19,0.51
Solapur,2017,6,28.17,67.99,4.82
Solapur,2017,7,27.08,70.65,1.88
Solapur,2017,8,26.73,70.94,4.48
Solapur,2017,9,26.51,76.75,5.73
Solapur,2017,10,25.21,74.42,4.39
Solapur,2017,11,22.71,65.77,0.01
Solapur,2017,12,21.36,55.54,0.12
Solapur,2017,13,26.81,52.33,1.87
Solapur,2018,1,22.02,38.83,0.0
Solapur,2018,2,25.6,27.71,0.0
Solapur,2018,3,29.6,25.49,0.03
Solapur,2018,4,33.14,26.3,0.32
Solapur,2018,5,33.09,38.68,1.52
Solapur,2018,6,27.54,71.08,4.57
Solapur,2018,7,26.42,72.75,1.3
Solapur,2018,8,26.13,72.37,3.17
Solapur,2018,9,26.69,68.61,2.38
Solapur,2018,10,26.85,55.32,1.01
Solapur,2018,11,25.47,45.71,0.45
Solapur,2018,12,22.67,42.65,0.18
Solapur,2018,13,27.1,48.92,1.25
Solapur,2019,1,21.93,30.31,0.0
Solapur,2019,2,26.13,29.92,0.0
Solapur,2019,3,30.03,22.6,0.09
Solapur,2019,4,33.62,25.13,0.46
Solapur,2019,5,34.34,28.57,0.1
Solapur,2019,6,30.01,59.69,2.9
Solapur,2019,7,27.19,72.22,2.32
Solapur,2019,8,26.52,73.98,3.14
Solapur,2019,9,26.1,77.65,6.4
Solapur,2019,10,25.01,80.83,7.18
Solapur,2019,11,23.28,76.61,0.22
Solapur,2019,12,22.6,72.94,0.11
Solapur,2019,13,27.23,54.34,1.92
Solapur,2020,1,22.61,61.15,0.03
Solapur,2020,2,25.33,41.71,0.03
Solapur,2020,3,29.48,34.81,0.57
Solapur,2020,4,33.37,29.93,0.42
Solapur,2020,5,34.46,34.17,0.62
Solapur,2020,6,27.84,69.84,8.0
Solapur,2020,7,26.14,78.86,6.27
Solapur,2020,8,25.86,80.65,3.13
Solapur,2020,9,25.9,80.78,5.58
Solapur,2020,10,25.28,79.62,7.98
Solapur,2020,11,22.75,76.32,0.02
Solapur,2020,12,20.94,70.07,0.0
Solapur,2020,13,26.66,61.57,2.73
Solapur,2021,1,23.84,61.5,0.05
Solapur,2021,2,24.46,39.67,0.06
Solapur,2021,3,29.82,22.52,0.03
Solapur,2021,4,31.7,34.58,1.17
Solapur,2021,5,30.44,56.09,2.38
Solapur,2021,6,27.56,70.16,4.07
Solapur,2021,7,26.44,76.32,5.13
Solapur,2021,8,26.21,74.86,2.33
Solapur,2021,9,25.77,78.39,6.18
Solapur,2021,10,25.05,77.2,2.8
Solapur,2021,11,23.69,78.26,1.24
Solapur,2021,12,21.71,71.11,0.65
Solapur,2021,13,26.4,61.86,2.18
Solapur,2022,1,21.22,59.41,0.0
Solapur,2022,2,24.81,37.71,0.0
Solapur,2022,3,30.31,24.98,0.09
Solapur,2022,4,32.49,34.16,1.09
Solapur,2022,5,32.1,44.9,1.66
Solapur,2022,6,28.78,62.01,3.32
Solapur,2022,7,25.88,77.93,6.05
Solapur,2022,8,25.63,79.1,4.74
Solapur,2022,9,25.65,79.42,4.78
Solapur,2022,10,24.07,77.92,4.27
Solapur,2022,11,21.87,71.99,0.01
Solapur,2022,12,22.84,66.49,0.04
Solapur,2022,13,26.31,59.82,2.19
Solapur,2023,1,22.52,48.46,0.0
Solapur,2023,2,25.53,22.43,0.0
Solapur,2023,3,27.91,31.62,0.18
Solapur,2023,4,31.08,35.8,1.62
Solapur,2023,5,32.51,41.95,0.56
Solapur,2023,6,30.83,52.18,1.47
Solapur,2023,7,26.27,76.21,6.32
Solapur,2023,8,26.92,71.37,0.86
Solapur,2023,9,26.85,73.93,4.47
Solapur,2023,10,25.49,66.59,1.25
Solapur,2023,11,24.94,67.12,1.6
Solapur,2023,12,22.57,56.98,0.03
Solapur,2023,13,26.95,53.94,1.53
Nashik,1997,1,20.03,35.8,0.09
Nashik,1997,2,21.78,28.28,0.0
Nashik,1997,3,27.1,26.9,0.0
Nashik,1997,4,27.09,41.56,0.08
Nashik,1997,5,28.53,50.87,0.06
Nashik,1997,6,25.67,79.97,11.82
Nashik,1997,7,24.15,89.51,9.25
Nashik,1997,8,23.54,90.26,12.13
Nashik,1997,9,23.19,88.86,4.28
Nashik,1997,10,23.04,74.34,0.35
Nashik,1997,11,23.34,71.15,2.27
Nashik,1997,12,19.97,70.58,1.01
Nashik,1997,13,23.96,62.53,3.46
Nashik,1998,1,20.79,48.05,0.0
Nashik,1998,2,21.64,38.79,0.0
Nashik,1998,3,25.76,34.22,0.01
Nashik,1998,4,29.41,39.84,0.0
Nashik,1998,5,31.12,45.52,0.33
Nashik,1998,6,27.44,72.75,6.65
Nashik,1998,7,24.51,89.57,13.14
Nashik,1998,8,24.36,91.54,11.18
Nashik,1998,9,23.88,91.97,9.87
Nashik,1998,10,23.08,86.12,6.21
Nashik,1998,11,20.37,77.63,1.09
Nashik,1998,12,18.3,57.3,0.0
Nashik,1998,13,24.23,64.59,4.07
Nashik,1999,1,19.18,44.75,0.0
Nashik,1999,2,24.78,35.25,0.11
Nashik,1999,3,27.39,24.05,0.0
Nashik,1999,4,29.82,36.93,0.0
Nashik,1999,5,27.82,60.87,1.01
Nashik,1999,6,25.49,79.55,8.4
Nashik,1999,7,24.25,88.29,7.52
Nashik,1999,8,23.6,87.8,3.19
Nashik,1999,9,23.59,88.06,6.47
Nashik,1999,10,22.54,79.99,5.4
Nashik,1999,11,20.73,59.23,0.0
Nashik,1999,12,20.43,38.96,0.0
Nashik,1999,13,24.12,60.46,2.68
Nashik,2000,1,21.53,29.49,0.0
Nashik,2000,2,21.44,38.58,0.01
Nashik,2000,3,24.94,29.92,0.0
Nashik,2000,4,29.79,39.57,0.01
Nashik,2000,5,27.38,65.69,4.78
Nashik,2000,6,25.58,81.78,4.61
Nashik,2000,7,23.72,88.98,13.69
Nashik,2000,8,23.87,88.14,8.06
Nashik,2000,9,23.83,84.84,1.86
Nashik,2000,10,24.83,64.37,0.82
Nashik,2000,11,23.73,40.09,0.08
Nashik,2000,12,22.01,20.03,0.3
Nashik,2000,13,24.39,55.99,2.88
Nashik,2001,1,21.62,34.33,0.0
Nashik,2001,2,23.58,26.08,0.0
Nashik,2001,3,25.27,42.25,0.01
Nashik,2001,4,29.37,32.91,0.03
Nashik,2001,5,28.99,57.02,1.05
Nashik,2001,6,25.05,83.6,10.65
Nashik,2001,7,23.79,89.57,10.77
Nashik,2001,8,23.27,91.37,9.53
Nashik,2001,9,24.06,85.74,2.77
Nashik,2001,10,23.03,77.4,3.27
Nashik,2001,11,22.14,55.35,0.12
Nashik,2001,12,22.09,35.05,0.0
Nashik,2001,13,24.35,59.44,3.21
Nashik,2002,1,19.75,36.48,0.0
Nashik,2002,2,23.75,31.69,0.03
Nashik,2002,3,26.85,31.65,0.06
Nashik,2002,4,29.81,34.83,0.2
Nashik,2002,5,29.91,55.12,0.11
Nashik,2002,6,26.69,76.84,12.49
Nashik,2002,7,24.39,86.51,2.73
Nashik,2002,8,23.24,91.02,13.26
Nashik,2002,9,23.28,87.37,3.13
Nashik,2002,10,24.64,62.29,0.23
Nashik,2002,11,23.97,38.65,0.02
Nashik,2002,12,22.37,34.73,0.0
Nashik,2002,13,24.89,55.75,2.7
Nashik,2003,1,22.72,34.51,0.01
Nashik,2003,2,23.38,42.5,0.82
Nashik,2003,3,26.27,28.44,0.01
Nashik,2003,4,29.47,39.45,0.08
Nashik,2003,5,29.56,50.76,0.0
Nashik,2003,6,26.42,78.5,15.38
Nashik,2003,7,24.43,91.54,15.37
Nashik,2003,8,23.75,91.16,8.95
Nashik,2003,9,23.37,89.9,6.1
Nashik,2003,10,22.68,75.38,1.01
Nashik,2003,11,22.66,61.75,0.01
Nashik,2003,12,21.45,41.39,0.03
Nashik,2003,13,24.68,60.51,3.99
Nashik,2004,1,20.83,40.67,0.07
Nashik,2004,2,23.71,27.68,0.0
Nashik,2004,3,28.31,20.26,0.0
Nashik,2004,4,28.49,46.75,0.0
Nashik,2004,5,28.93,57.49,1.53
Nashik,2004,6,26.04,78.82,8.79
Nashik,2004,7,24.24,88.72,15.33
Nashik,2004,8,23.27,92.59,19.9
Nashik,2004,9,23.91,87.95,5.65
Nashik,2004,10,21.95,78.07,1.28
Nashik,2004,11,22.16,61.69,0.12
Nashik,2004,12,21.09,44.04,0.0
Nashik,2004,13,24.41,60.48,4.42
Nashik,2005,1,20.33,36.44,0.09
Nashik,2005,2,22.72,36.01,0.0
Nashik,2005,3,26.22,35.12,0.04
Nashik,2005,4,28.63,31.77,0.35
Nashik,2005,5,29.06,53.12,0.44
Nashik,2005,6,27.39,72.92,22.39
Nashik,2005,7,24.08,92.23,18.41
Nashik,2005,8,23.5,91.3,10.32
Nashik,2005,9,23.83,91.62,19.14
Nashik,2005,10,22.18,78.06,2.71
Nashik,2005,11,19.76,64.65,0.0
Nashik,2005,12,19.65,49.38,0.0
Nashik,2005,13,23.95,61.21,6.16
Nashik,2006,1,21.25,35.39,0.0
Nashik,2006,2,25.22,24.47,0.0
Nashik,2006,3,25.8,37.54,0.37
Nashik,2006,4,28.05,43.86,0.0
Nashik,2006,5,29.46,54.23,1.45
Nashik,2006,6,26.14,79.06,9.93
Nashik,2006,7,23.75,91.62,21.59
Nashik,2006,8,22.97,92.74,25.51
Nashik,2006,9,23.91,90.06,8.66
Nashik,2006,10,23.21,80.17,2.63
Nashik,2006,11,20.93,75.45,1.32
Nashik,2006,12,20.65,59.59,0.04
Nashik,2006,13,24.27,63.91,6.02
Nashik,2007,1,21.79,39.54,0.0
Nashik,2007,2,22.96,45.17,0.03
Nashik,2007,3,26.58,29.51,0.0
Nashik,2007,4,29.61,36.89,0.98
Nashik,2007,5,29.34,53.63,0.05
Nashik,2007,6,26.04,83.84,14.6
Nashik,2007,7,24.44,90.16,15.29
Nashik,2007,8,23.77,91.95,15.15
Nashik,2007,9,23.87,90.41,12.24
Nashik,2007,10,21.58,72.83,0.06
Nashik,2007,11,21.61,59.52,0.2
Nashik,2007,12,21.48,49.19,0.0
Nashik,2007,13,24.43,61.96,4.9
Nashik,2008,1,20.29,33.07,0.0
Nashik,2008,2,21.38,27.94,0.0
Nashik,2008,3,27.23,29.4,0.2
Nashik,2008,4,29.31,37.56,0.03
Nashik,2008,5,28.41,57.18,0.01
Nashik,2008,6,25.63,80.16,7.98
Nashik,2008,7,24.17,88.87,11.38
Nashik,2008,8,23.44,91.2,16.97
Nashik,2008,9,23.48,90.24,20.06
Nashik,2008,10,22.62,75.15,1.31
Nashik,2008,11,22.09,60.45,0.02
Nashik,2008,12,22.52,44.99,0.08
Nashik,2008,13,24.22,59.78,4.84
Nashik,2009,1,22.88,37.3,0.0
Nashik,2009,2,24.35,28.55,0.0
Nashik,2009,3,27.38,30.93,0.29
Nashik,2009,4,30.43,27.88,0.06
Nashik,2009,5,29.31,52.11,0.27
Nashik,2009,6,27.58,69.25,2.03
Nashik,2009,7,24.31,89.55,19.82
Nashik,2009,8,24.14,88.8,4.98
Nashik,2009,9,24.41,87.13,5.36
Nashik,2009,10,22.97,72.61,3.42
Nashik,2009,11,21.17,73.99,3.57
Nashik,2009,12,20.52,59.97,0.01
Nashik,2009,13,24.95,60.04,3.35
Nashik,2010,1,21.12,44.91,0.03
Nashik,2010,2,23.45,33.86,0.0
Nashik,2010,3,27.75,31.02,0.12
Nashik,2010,4,30.06,37.21,0.0
Nashik,2010,5,30.4,52.47,0.19
Nashik,2010,6,26.31,83.06,11.25
Nashik,2010,7,24.47,91.17,16.03
Nashik,2010,8,23.95,91.88,14.22
Nashik,2010,9,23.99,89.46,5.9
Nashik,2010,10,23.32,83.39,4.98
Nashik,2010,11,22.56,84.62,3.27
Nashik,2010,12,18.26,67.98,0.0
Nashik,2010,13,24.63,66.1,4.7
Nashik,2011,1,19.15,47.69,0.0
Nashik,2011,2,22.74,35.19,0.02
Nashik,2011,3,26.96,25.07,0.02
Nashik,2011,4,29.03,41.14,0.1
Nashik,2011,5,28.99,55.01,0.05
Nashik,2011,6,26.11,78.73,5.25
Nashik,2011,7,24.22,88.54,14.4
Nashik,2011,8,23.74,91.41,13.52
Nashik,2011,9,23.33,89.96,6.89
Nashik,2011,10,23.0,78.26,2.38
Nashik,2011,11,22.14,59.73,0.0
Nashik,2011,12,21.73,40.2,0.0
Nashik,2011,13,24.26,61.05,3.59
Nashik,2012,1,19.56,38.66,0.0
Nashik,2012,2,22.98,24.4,0.0
Nashik,2012,3,25.76,23.58,0.0
Nashik,2012,4,28.88,37.56,0.05
Nashik,2012,5,28.72,55.16,0.3
Nashik,2012,6,26.74,73.21,3.56
Nashik,2012,7,24.59,87.9,10.43
Nashik,2012,8,23.8,90.01,6.62
Nashik,2012,9,23.37,89.98,8.65
Nashik,2012,10,23.78,76.29,3.74
Nashik,2012,11,21.41,60.29,0.0
Nashik,2012,12,21.7,47.06,0.0
Nashik,2012,13,24.27,58.79,2.79
Nashik,2013,1,21.08,35.3,0.0
Nashik,2013,2,23.33,42.35,0.77
Nashik,2013,3,26.45,28.58,0.01
Nashik,2013,4,28.13,44.01,0.01
Nashik,2013,5,29.43,54.18,0.01
Nashik,2013,6,25.1,86.19,15.66
Nashik,2013,7,23.36,93.08,17.09
Nashik,2013,8,23.16,91.25,6.81
Nashik,2013,9,23.55,90.03,8.44
Nashik,2013,10,22.99,83.05,2.2
Nashik,2013,11,21.27,70.22,0.36
Nashik,2013,12,19.91,56.38,0.22
Nashik,2013,13,23.98,64.65,4.31
Nashik,2014,1,20.62,47.82,0.13
Nashik,2014,2,21.65,43.78,0.1
Nashik,2014,3,25.82,39.98,0.57
Nashik,2014,4,29.33,35.26,0.11
Nashik,2014,5,29.53,50.03,1.08
Nashik,2014,6,28.03,68.16,1.44
Nashik,2014,7,25.09,84.88,23.19
Nashik,2014,8,23.95,90.15,12.1
Nashik,2014,9,23.43,88.72,8.99
Nashik,2014,10,23.38,75.31,1.08
Nashik,2014,11,22.36,62.62,1.23
Nashik,2014,12,19.72,47.27,0.35
Nashik,2014,13,24.42,61.28,4.24
Nashik,2015,1,20.06,45.46,0.13
Nashik,2015,2,23.5,33.44,0.1
Nashik,2015,3,25.62,43.29,1.23
Nashik,2015,4,28.1,47.51,0.14
Nashik,2015,5,30.09,51.89,0.25
Nashik,2015,6,26.26,78.37,14.55
Nashik,2015,7,24.57,87.2,7.2
Nashik,2015,8,24.04,87.98,3.57
Nashik,2015,9,23.67,86.31,14.48
Nashik,2015,10,24.29,74.59,1.71
Nashik,2015,11,22.75,64.24,0.44
Nashik,2015,12,21.65,37.55,0.0
Nashik,2015,13,24.55,61.63,3.64
Nashik,2016,1,21.28,30.18,0.0
Nashik,2016,2,23.86,36.67,0.0
Nashik,2016,3,27.79,30.86,0.17
Nashik,2016,4,29.34,40.33,0.01
Nashik,2016,5,29.67,55.84,0.58
Nashik,2016,6,27.52,72.28,6.84
Nashik,2016,7,23.95,91.52,24.45
Nashik,2016,8,23.51,91.34,18.56
Nashik,2016,9,23.24,90.43,12.82
Nashik,2016,10,21.98,78.39,2.64
Nashik,2016,11,19.91,56.87,0.0
Nashik,2016,12,20.84,40.49,0.0
Nashik,2016,13,24.4,59.67,5.54
Nashik,2017,1,20.98,34.43,0.0
Nashik,2017,2,24.48,28.12,0.0
Nashik,2017,3,26.6,29.34,0.0
Nashik,2017,4,28.72,36.56,0.0
Nashik,2017,5,30.13,49.32,0.15
Nashik,2017,6,26.31,81.95,12.31
Nashik,2017,7,24.12,91.31,24.43
Nashik,2017,8,23.67,90.53,12.27
Nashik,2017,9,24.22,88.4,7.75
Nashik,2017,10,23.61,74.34,4.0
Nashik,2017,11,20.34,63.88,0.01
Nashik,2017,12,19.75,58.08,1.05
Nashik,2017,13,24.4,60.71,5.21
Nashik,2018,1,20.76,41.05,0.03
Nashik,2018,2,24.25,30.71,0.0
Nashik,2018,3,27.61,27.9,0.01
Nashik,2018,4,29.62,34.64,0.0
Nashik,2018,5,29.95,49.83,0.0
Nashik,2018,6,26.74,77.89,10.27
Nashik,2018,7,23.87,91.69,23.9
Nashik,2018,8,23.34,90.36,7.83
Nashik,2018,9,23.16,85.53,2.32
Nashik,2018,10,24.52,60.18,0.51
Nashik,2018,11,24.0,41.59,0.15
Nashik,2018,12,20.41,32.05,0.0
Nashik,2018,13,24.85,55.44,3.79
Nashik,2019,1,20.09,25.31,0.0
Nashik,2019,2,22.59,32.45,0.0
Nashik,2019,3,26.09,29.79,0.0
Nashik,2019,4,29.84,33.59,0.2
Nashik,2019,5,29.22,50.02,0.0
Nashik,2019,6,27.58,71.08,9.4
Nashik,2019,7,24.64,91.08,26.87
Nashik,2019,8,23.73,91.83,17.06
Nashik,2019,9,23.8,92.8,19.41
Nashik,2019,10,22.89,87.65,4.48
Nashik,2019,11,21.39,81.66,1.47
Nashik,2019,12,20.19,76.13,0.01
Nashik,2019,13,24.34,63.8,6.62
Nashik,2020,1,18.69,62.35,0.0
Nashik,2020,2,23.03,37.13,0.0
Nashik,2020,3,25.01,41.73,0.15
Nashik,2020,4,30.06,34.13,0.02
Nashik,2020,5,30.65,48.81,0.31
Nashik,2020,6,25.56,83.17,15.02
Nashik,2020,7,24.68,90.38,13.99
Nashik,2020,8,23.97,93.53,25.55
Nashik,2020,9,24.23,91.09,9.84
Nashik,2020,10,23.89,82.72,3.35
Nashik,2020,11,21.22,75.39,0.07
Nashik,2020,12,20.28,65.27,0.65
Nashik,2020,13,24.27,67.26,5.77
Nashik,2021,1,22.1,55.63,0.41
Nashik,2021,2,23.34,33.47,0.27
Nashik,2021,3,27.93,24.32,0.02
Nashik,2021,4,29.36,38.51,0.41
Nashik,2021,5,28.37,61.15,6.11
Nashik,2021,6,25.5,85.3,11.02
Nashik,2021,7,24.66,89.16,12.17
Nashik,2021,8,23.71,89.51,10.68
Nashik,2021,9,23.73,92.37,15.41
Nashik,2021,10,22.98,82.41,1.59
Nashik,2021,11,22.06,78.77,1.08
Nashik,2021,12,19.15,73.72,2.28
Nashik,2021,13,24.41,67.23,5.14
Nashik,2022,1,18.47,61.79,0.04
Nashik,2022,2,22.08,38.98,0.0
Nashik,2022,3,28.26,26.06,0.14
Nashik,2022,4,30.55,31.06,0.0
Nashik,2022,5,29.27,57.19,0.36
Nashik,2022,6,26.88,74.02,6.93
Nashik,2022,7,23.83,92.54,32.01
Nashik,2022,8,23.58,91.59,16.22
Nashik,2022,9,23.78,91.77,15.08
Nashik,2022,10,22.13,84.02,4.8
Nashik,2022,11,19.53,72.74,0.0
Nashik,2022,12,20.97,64.39,0.3
Nashik,2022,13,24.12,65.71,6.38
Nashik,2023,1,19.83,48.2,0.02
Nashik,2023,2,23.96,20.69,0.0
Nashik,2023,3,25.18,42.44,0.65
Nashik,2023,4,28.39,39.71,0.35
Nashik,2023,5,29.22,51.8,0.25
Nashik,2023,6,27.3,70.48,8.91
Nashik,2023,7,24.36,91.91,23.45
Nashik,2023,8,23.8,89.19,2.99
Nashik,2023,9,24.2,89.75,10.94
Nashik,2023,10,23.21,76.63,0.17
Nashik,2023,11,22.12,68.1,1.19
Nashik,2023,12,21.11,61.17,0.02
Nashik,2023,13,24.38,62.8,4.1
Dhule,1997,1,20.8,32.43,0.38
Dhule,1997,2,23.19,21.02,0.0
Dhule,1997,3,29.07,19.11,0.0
Dhule,1997,4,30.41,29.59,0.18
Dhule,1997,5,32.92,34.35,0.05
Dhule,1997,6,29.76,62.84,4.38
Dhule,1997,7,27.37,78.23,6.1
Dhule,1997,8,26.44,80.78,5.06
Dhule,1997,9,26.15,80.8,3.4
Dhule,1997,10,26.25,67.18,0.59
Dhule,1997,11,25.91,63.91,2.08
Dhule,1997,12,22.0,69.07,1.12
Dhule,1997,13,26.7,53.48,1.95
Dhule,1998,1,22.3,47.33,0.07
Dhule,1998,2,23.58,32.3,0.03
Dhule,1998,3,28.17,25.04,0.07
Dhule,1998,4,33.2,26.61,0.05
Dhule,1998,5,35.41,30.73,0.57
Dhule,1998,6,31.61,58.55,5.82
Dhule,1998,7,27.69,78.96,5.62
Dhule,1998,8,26.7,85.57,7.84
Dhule,1998,9,26.32,86.55,6.05
Dhule,1998,10,25.19,81.42,2.82
Dhule,1998,11,22.03,71.85,1.14
Dhule,1998,12,19.59,53.76,0.0
Dhule,1998,13,26.83,56.71,2.52
Dhule,1999,1,20.22,37.12,0.0
Dhule,1999,2,25.77,36.54,0.51
Dhule,1999,3,29.35,17.45,0.0
Dhule,1999,4,33.43,20.63,0.0
Dhule,1999,5,32.86,42.05,0.79
Dhule,1999,6,29.56,64.93,5.53
Dhule,1999,7,27.65,75.31,3.51
Dhule,1999,8,27.04,75.18,2.48
Dhule,1999,9,26.93,77.0,5.6
Dhule,1999,10,24.51,74.83,3.13
Dhule,1999,11,22.71,53.68,0.0
Dhule,1999,12,21.09,34.69,0.0
Dhule,1999,13,26.75,50.87,1.8
Dhule,2000,1,22.25,23.76,0.0
Dhule,2000,2,22.73,28.05,0.16
Dhule,2000,3,26.93,20.71,0.0
Dhule,2000,4,33.44,25.59,0.02
Dhule,2000,5,32.34,47.34,3.3
Dhule,2000,6,29.76,65.67,2.84
Dhule,2000,7,27.26,75.91,4.68
Dhule,2000,8,27.03,78.45,7.48
Dhule,2000,9,27.08,73.92,1.49
Dhule,2000,10,28.02,49.38,0.34
Dhule,2000,11,25.81,26.43,0.01
Dhule,2000,12,22.63,16.33,0.38
Dhule,2000,13,27.11,44.34,1.74
Dhule,2001,1,21.91,30.2,0.0
Dhule,2001,2,24.77,18.52,0.0
Dhule,2001,3,28.49,29.07,0.12
Dhule,2001,4,32.77,22.77,0.04
Dhule,2001,5,34.04,39.23,0.58
Dhule,2001,6,28.81,69.12,4.64
Dhule,2001,7,27.45,74.66,2.48
Dhule,2001,8,26.09,82.76,5.89
Dhule,2001,9,27.95,70.74,2.27
Dhule,2001,10,25.59,69.08,3.22
Dhule,2001,11,24.15,46.64,0.03
Dhule,2001,12,23.09,27.16,0.0
Dhule,2001,13,27.1,48.53,1.62
Dhule,2002,1,20.9,29.08,0.0
Dhule,2002,2,25.05,27.41,0.17
Dhule,2002,3,28.95,23.61,0.12
Dhule,2002,4,32.72,26.33,0.54
Dhule,2002,5,34.69,39.15,0.04
Dhule,2002,6,30.78,63.08,6.83
Dhule,2002,7,28.08,72.5,1.49
Dhule,2002,8,25.99,82.76,7.43
Dhule,2002,9,25.9,80.46,2.93
Dhule,2002,10,27.33,52.86,0.24
Dhule,2002,11,25.9,31.53,0.05
Dhule,2002,12,23.71,28.29,0.0
Dhule,2002,13,27.51,46.53,1.66
Dhule,2003,1,23.48,28.95,0.02
Dhule,2003,2,24.91,38.42,0.77
Dhule,2003,3,28.28,20.01,0.0
Dhule,2003,4,33.01,27.82,0.17
Dhule,2003,5,34.06,33.25,0.03
Dhule,2003,6,30.36,63.99,7.04
Dhule,2003,7,27.28,82.31,7.93
Dhule,2003,8,26.24,84.58,4.37
Dhule,2003,9,25.67,84.79,4.52
Dhule,2003,10,24.36,72.17,0.93
Dhule,2003,11,24.48,59.19,0.0
Dhule,2003,12,22.43,40.76,0.09
Dhule,2003,13,27.05,53.08,2.16
Dhule,2004,1,22.14,37.76,0.21
Dhule,2004,2,24.62,24.24,0.0
Dhule,2004,3,30.44,15.14,0.01
Dhule,2004,4,32.74,30.4,0.0
Dhule,2004,5,33.77,40.5,0.86
Dhule,2004,6,30.87,59.51,2.8
Dhule,2004,7,27.72,75.41,6.2
Dhule,2004,8,25.81,84.71,5.67
Dhule,2004,9,26.53,82.13,5.9
Dhule,2004,10,24.24,71.73,1.51
Dhule,2004,11,23.83,58.38,0.32
Dhule,2004,12,22.09,38.27,0.0
Dhule,2004,13,27.06,51.6,1.96
Dhule,2005,1,21.28,32.32,0.25
Dhule,2005,2,24.4,29.8,0.01
Dhule,2005,3,28.79,26.55,0.19
Dhule,2005,4,31.71,20.53,0.14
Dhule,2005,5,33.8,35.04,0.32
Dhule,2005,6,31.91,56.11,6.48
Dhule,2005,7,26.53,83.92,9.99
Dhule,2005,8,25.89,85.23,4.7
Dhule,2005,9,26.18,86.4,9.62
Dhule,2005,10,24.39,73.47,2.0
Dhule,2005,11,21.41,60.52,0.0
Dhule,2005,12,20.07,49.75,0.0
Dhule,2005,13,26.36,53.47,2.82
Dhule,2006,1,22.02,32.12,0.0
Dhule,2006,2,27.05,18.82,0.0
Dhule,2006,3,27.65,34.72,0.96
Dhule,2006,4,32.2,27.53,0.0
Dhule,2006,5,33.98,38.94,1.94
Dhule,2006,6,29.89,65.62,4.96
Dhule,2006,7,27.16,79.47,7.85
Dhule,2006,8,25.46,86.46,11.56
Dhule,2006,9,26.28,85.51,7.44
Dhule,2006,10,25.18,74.27,1.53
Dhule,2006,11,22.45,71.89,1.16
Dhule,2006,12,21.53,59.61,0.02
Dhule,2006,13,26.72,56.48,3.14
Dhule,2007,1,22.53,36.89,0.02
Dhule,2007,2,25.18,34.25,0.05
Dhule,2007,3,28.53,22.29,0.0
Dhule,2007,4,33.2,24.5,0.55
Dhule,2007,5,34.03,36.89,0.26
Dhule,2007,6,29.91,68.71,5.62
Dhule,2007,7,27.42,79.79,7.16
Dhule,2007,8,26.43,84.18,8.03
Dhule,2007,9,26.36,84.8,6.31
Dhule,2007,10,23.61,67.4,0.06
Dhule,2007,11,23.14,56.63,0.14
Dhule,2007,12,22.4,45.72,0.0
Dhule,2007,13,26.9,53.61,2.36
Dhule,2008,1,21.55,28.74,0.04
Dhule,2008,2,22.51,20.39,0.0
Dhule,2008,3,29.53,23.39,0.4
Dhule,2008,4,32.7,26.04,0.03
Dhule,2008,5,33.01,40.22,0.0
Dhule,2008,6,30.03,61.44,2.5
Dhule,2008,7,27.89,73.73,3.42
Dhule,2008,8,26.51,80.79,5.57
Dhule,2008,9,25.84,84.84,9.22
Dhule,2008,10,24.94,69.65,0.6
Dhule,2008,11,23.93,55.77,0.1
Dhule,2008,12,23.95,36.21,0.04
Dhule,2008,13,26.88,50.19,1.82
Dhule,2009,1,24.4,32.09,0.01
Dhule,2009,2,26.0,22.91,0.0
Dhule,2009,3,29.6,23.27,0.18
Dhule,2009,4,33.16,18.23,0.07
Dhule,2009,5,33.76,37.28,0.7
Dhule,2009,6,32.25,52.9,1.51
Dhule,2009,7,27.46,78.29,8.25
Dhule,2009,8,27.13,79.29,4.26
Dhule,2009,9,26.97,80.86,4.16
Dhule,2009,10,25.47,63.2,1.7
Dhule,2009,11,22.46,70.23,3.9
Dhule,2009,12,21.62,60.77,0.34
Dhule,2009,13,27.52,51.8,2.1
Dhule,2010,1,21.24,43.21,0.14
Dhule,2010,2,25.65,27.11,0.04
Dhule,2010,3,30.42,24.79,0.18
Dhule,2010,4,33.56,25.18,0.0
Dhule,2010,5,35.1,34.59,0.21
Dhule,2010,6,30.74,64.5,4.55
Dhule,2010,7,27.45,81.31,7.76
Dhule,2010,8,26.54,84.71,7.65
Dhule,2010,9,26.13,84.1,4.2
Dhule,2010,10,25.41,79.14,2.36
Dhule,2010,11,24.18,80.98,3.0
Dhule,2010,12,19.94,62.53,0.0
Dhule,2010,13,27.19,57.86,2.52
Dhule,2011,1,19.99,40.55,0.0
Dhule,2011,2,24.51,29.39,0.09
Dhule,2011,3,28.93,20.28,0.08
Dhule,2011,4,32.75,25.16,0.2
Dhule,2011,5,33.78,38.14,0.19
Dhule,2011,6,30.52,61.79,2.8
Dhule,2011,7,27.5,76.69,6.99
Dhule,2011,8,26.54,83.26,8.44
Dhule,2011,9,25.78,84.8,3.71
Dhule,2011,10,25.09,71.78,1.09
Dhule,2011,11,23.85,54.91,0.0
Dhule,2011,12,22.95,32.94,0.0
Dhule,2011,13,26.85,51.77,1.98
Dhule,2012,1,20.94,32.88,0.03
Dhule,2012,2,23.96,21.04,0.0
Dhule,2012,3,27.69,17.09,0.0
Dhule,2012,4,32.65,25.48,0.11
Dhule,2012,5,33.45,37.61,0.42
Dhule,2012,6,30.87,58.82,3.42
Dhule,2012,7,27.43,77.81,5.85
Dhule,2012,8,26.69,79.75,3.68
Dhule,2012,9,26.09,82.9,5.36
Dhule,2012,10,26.3,67.27,1.49
Dhule,2012,11,23.51,52.5,0.01
Dhule,2012,12,23.58,36.04,0.02
Dhule,2012,13,26.93,49.19,1.7
Dhule,2013,1,22.0,31.5,0.09
Dhule,2013,2,25.58,35.75,0.42
Dhule,2013,3,28.63,20.76,0.06
Dhule,2013,4,32.04,29.19,0.1
Dhule,2013,5,34.33,36.08,0.09
Dhule,2013,6,28.29,75.49,8.12
Dhule,2013,7,26.03,85.26,9.09
Dhule,2013,8,25.58,85.6,4.13
Dhule,2013,9,26.04,84.22,5.24
Dhule,2013,10,24.86,79.25,2.34
Dhule,2013,11,21.83,70.5,0.91
Dhule,2013,12,20.3,59.55,0.63
Dhule,2013,13,26.29,57.87,2.61
Dhule,2014,1,20.87,51.88,0.34
Dhule,2014,2,23.34,38.04,0.42
Dhule,2014,3,27.29,40.41,1.07
Dhule,2014,4,32.47,25.28,0.31
Dhule,2014,5,34.28,32.83,0.5
Dhule,2014,6,33.18,48.76,1.07
Dhule,2014,7,28.46,72.45,7.83
Dhule,2014,8,26.62,82.05,5.38
Dhule,2014,9,25.89,83.05,4.37
Dhule,2014,10,26.07,67.81,0.53
Dhule,2014,11,24.68,55.28,0.92
Dhule,2014,12,20.59,38.33,0.29
Dhule,2014,13,26.99,53.14,1.93
Dhule,2015,1,20.06,50.92,0.73
Dhule,2015,2,25.05,30.47,0.19
Dhule,2015,3,27.06,42.95,1.67
Dhule,2015,4,31.3,37.21,0.69
Dhule,2015,5,34.82,34.52,0.25
Dhule,2015,6,30.12,65.05,7.12
Dhule,2015,7,27.95,74.11,3.77
Dhule,2015,8,26.85,79.24,3.97
Dhule,2015,9,26.58,77.25,7.39
Dhule,2015,10,27.2,63.77,0.71
Dhule,2015,11,25.8,49.03,0.1
Dhule,2015,12,22.85,24.84,0.0
Dhule,2015,13,27.14,52.58,2.21
Dhule,2016,1,22.46,26.21,0.0
Dhule,2016,2,25.76,26.28,0.02
Dhule,2016,3,30.13,24.09,0.16
Dhule,2016,4,33.07,26.65,0.02
Dhule,2016,5,34.52,37.79,0.32
Dhule,2016,6,31.95,55.97,2.45
Dhule,2016,7,27.1,80.31,7.88
Dhule,2016,8,26.4,81.32,3.33
Dhule,2016,9,26.37,79.95,5.14
Dhule,2016,10,24.68,69.07,1.63
Dhule,2016,11,22.07,48.33,0.0
Dhule,2016,12,21.56,33.03,0.0
Dhule,2016,13,27.17,49.17,1.75
Dhule,2017,1,21.89,31.26,0.0
Dhule,2017,2,25.89,23.28,0.0
Dhule,2017,3,28.85,20.89,0.02
Dhule,2017,4,32.31,23.47,0.0
Dhule,2017,5,35.02,31.79,0.05
Dhule,2017,6,30.5,65.55,3.97
Dhule,2017,7,27.54,76.43,6.21
Dhule,2017,8,27.01,78.68,4.53
Dhule,2017,9,27.0,79.84,4.08
Dhule,2017,10,26.39,64.6,1.64
Dhule,2017,11,23.09,51.48,0.01
Dhule,2017,12,22.13,38.97,0.08
Dhule,2017,13,27.3,49.0,1.73
Dhule,2018,1,22.46,26.32,0.0
Dhule,2018,2,25.84,24.8,0.01
Dhule,2018,3,30.04,21.06,0.04
Dhule,2018,4,33.05,23.01,0.02
Dhule,2018,5,34.9,31.11,0.0
Dhule,2018,6,31.53,58.74,3.21
Dhule,2018,7,27.45,75.77,3.21
Dhule,2018,8,26.59,77.6,4.78
Dhule,2018,9,26.93,70.5,1.22
Dhule,2018,10,28.55,42.03,0.04
Dhule,2018,11,25.7,34.6,0.17
Dhule,2018,12,20.64,30.37,0.0
Dhule,2018,13,27.81,43.1,1.07
Dhule,2019,1,19.95,23.64,0.0
Dhule,2019,2,23.88,27.33,0.0
Dhule,2019,3,28.18,22.3,0.0
Dhule,2019,4,33.32,23.37,0.27
Dhule,2019,5,33.89,32.89,0.0
Dhule,2019,6,33.02,50.53,2.81
Dhule,2019,7,27.72,79.18,8.22
Dhule,2019,8,26.17,85.11,7.9
Dhule,2019,9,26.07,88.03,7.21
Dhule,2019,10,24.66,84.5,2.74
Dhule,2019,11,22.56,80.4,1.13
Dhule,2019,12,20.29,75.26,0.05
Dhule,2019,13,26.64,56.23,2.54
Dhule,2020,1,19.51,61.34,0.0
Dhule,2020,2,23.76,36.68,0.0
Dhule,2020,3,27.38,33.96,0.43
Dhule,2020,4,33.13,24.28,0.02
Dhule,2020,5,35.19,32.04,0.11
Dhule,2020,6,29.5,68.49,5.21
Dhule,2020,7,28.4,77.7,7.09
Dhule,2020,8,26.65,85.5,7.57
Dhule,2020,9,26.64,85.83,5.38
Dhule,2020,10,25.9,77.73,1.53
Dhule,2020,11,22.64,68.16,0.04
Dhule,2020,12,21.45,57.99,0.17
Dhule,2020,13,26.68,59.24,2.3
Dhule,2021,1,23.83,43.84,0.14
Dhule,2021,2,24.83,26.02,0.04
Dhule,2021,3,30.3,20.28,0.08
Dhule,2021,4,32.68,26.78,0.17
Dhule,2021,5,32.9,43.4,1.32
Dhule,2021,6,29.69,67.8,3.74
Dhule,2021,7,28.85,71.37,2.83
Dhule,2021,8,27.85,72.78,2.83
Dhule,2021,9,26.67,83.53,7.08
Dhule,2021,10,25.07,75.66,1.57
Dhule,2021,11,23.29,70.63,0.53
Dhule,2021,12,20.8,64.27,0.48
Dhule,2021,13,27.24,55.7,1.74
Dhule,2022,1,20.54,48.62,0.01
Dhule,2022,2,24.05,29.27,0.0
Dhule,2022,3,30.47,21.35,0.13
Dhule,2022,4,34.12,20.78,0.0
Dhule,2022,5,34.27,37.82,0.0
Dhule,2022,6,31.37,56.66,2.78
Dhule,2022,7,26.56,83.91,10.28
Dhule,2022,8,26.18,84.73,5.78
Dhule,2022,9,26.36,85.55,5.97
Dhule,2022,10,24.06,79.24,3.35
Dhule,2022,11,20.94,70.06,0.0
Dhule,2022,12,21.64,64.82,0.34
Dhule,2022,13,26.72,57.11,2.41
Dhule,2023,1,20.66,46.39,0.09
Dhule,2023,2,24.89,18.99,0.0
Dhule,2023,3,27.87,34.04,0.47
Dhule,2023,4,31.2,32.49,1.1
Dhule,2023,5,33.18,37.94,0.11
Dhule,2023,6,32.06,51.5,1.52
Dhule,2023,7,27.68,80.08,7.77
Dhule,2023,8,26.98,77.35,1.75
Dhule,2023,9,26.95,80.72,8.31
Dhule,2023,10,25.5,69.77,0.03
Dhule,2023,11,23.7,60.93,2.09
Dhule,2023,12,21.25,64.45,0.09
Dhule,2023,13,26.82,54.83,1.95
Nandurbar,1997,1,20.09,30.49,0.27
Nandurbar,1997,2,22.62,23.31,0.0
Nandurbar,1997,3,28.47,20.92,0.0
Nandurbar,1997,4,29.47,34.46,0.21
Nandurbar,1997,5,31.77,42.11,0.06
Nandurbar,1997,6,28.21,72.98,8.94
Nandurbar,1997,7,26.31,85.4,8.15
Nandurbar,1997,8,25.57,86.93,6.33
Nandurbar,1997,9,25.5,84.94,2.5
Nandurbar,1997,10,25.45,68.7,0.43
Nandurbar,1997,11,25.51,60.88,1.2
Nandurbar,1997,12,21.59,64.82,0.63
Nandurbar,1997,13,25.89,56.52,2.4
Nandurbar,1998,1,21.93,42.02,0.06
Nandurbar,1998,2,22.72,32.33,0.03
Nandurbar,1998,3,27.32,28.64,0.05
Nandurbar,1998,4,32.09,32.16,0.05
Nandurbar,1998,5,34.29,36.25,0.29
Nandurbar,1998,6,31.34,60.02,4.36
Nandurbar,1998,7,26.99,83.28,8.33
Nandurbar,1998,8,26.33,87.93,7.39
Nandurbar,1998,9,26.0,88.46,7.19
Nandurbar,1998,10,24.96,81.41,2.47
Nandurbar,1998,11,22.11,68.6,0.79
Nandurbar,1998,12,19.73,48.51,0.0
Nandurbar,1998,13,26.33,57.62,2.6
Nandurbar,1999,1,20.12,32.5,0.0
Nandurbar,1999,2,25.04,37.19,0.53
Nandurbar,1999,3,28.47,19.74,0.0
Nandurbar,1999,4,32.51,25.7,0.0
Nandurbar,1999,5,31.87,47.25,0.31
Nandurbar,1999,6,29.03,67.51,4.84
Nandurbar,1999,7,27.1,79.03,4.86
Nandurbar,1999,8,26.35,79.39,2.04
Nandurbar,1999,9,26.78,77.65,5.29
Nandurbar,1999,10,24.14,75.36,3.42
Nandurbar,1999,11,22.37,52.32,0.0
Nandurbar,1999,12,20.54,32.34,0.0
Nandurbar,1999,13,26.19,52.25,1.78
Nandurbar,2000,1,21.59,24.7,0.0
Nandurbar,2000,2,22.01,27.9,0.09
Nandurbar,2000,3,26.26,24.9,0.0
Nandurbar,2000,4,32.46,31.71,0.01
Nandurbar,2000,5,31.23,52.55,1.85
Nandurbar,2000,6,30.11,63.69,2.28
Nandurbar,2000,7,26.44,81.34,6.51
Nandurbar,2000,8,26.4,82.33,5.45
Nandurbar,2000,9,27.22,72.33,0.77
Nandurbar,2000,10,28.67,44.07,0.29
Nandurbar,2000,11,25.72,22.89,0.01
Nandurbar,2000,12,22.21,16.37,0.31
Nandurbar,2000,13,26.7,45.47,1.48
Nandurbar,2001,1,21.13,28.41,0.0
Nandurbar,2001,2,24.03,20.8,0.0
Nandurbar,2001,3,27.53,33.0,0.09
Nandurbar,2001,4,31.78,26.55,0.04
Nandurbar,2001,5,32.61,47.02,0.93
Nandurbar,2001,6,27.95,75.04,5.81
Nandurbar,2001,7,26.18,83.16,4.72
Nandurbar,2001,8,25.53,86.37,5.18
Nandurbar,2001,9,27.27,73.96,1.0
Nandurbar,2001,10,26.27,64.27,2.29
Nandurbar,2001,11,24.63,35.58,0.01
Nandurbar,2001,12,22.62,24.06,0.0
Nandurbar,2001,13,26.46,50.06,1.69
Nandurbar,2002,1,19.97,29.31,0.0
Nandurbar,2002,2,23.9,27.38,0.2
Nandurbar,2002,3,28.17,27.16,0.14
Nandurbar,2002,4,31.75,30.99,0.39
Nandurbar,2002,5,33.37,45.27,0.07
Nandurbar,2002,6,29.94,67.68,7.79
Nandurbar,2002,7,27.07,78.67,1.61
Nandurbar,2002,8,25.51,86.07,8.83
Nandurbar,2002,9,25.4,83.15,2.84
Nandurbar,2002,10,27.02,52.59,0.1
Nandurbar,2002,11,25.7,29.49,0.04
Nandurbar,2002,12,23.16,28.84,0.01
Nandurbar,2002,13,26.75,49.02,1.84
Nandurbar,2003,1,22.51,28.59,0.02
Nandurbar,2003,2,23.88,41.21,0.92
Nandurbar,2003,3,27.41,23.68,0.0
Nandurbar,2003,4,31.95,32.99,0.07
Nandurbar,2003,5,32.93,40.13,0.05
Nandurbar,2003,6,29.41,69.68,8.42
Nandurbar,2003,7,26.51,87.71,11.39
Nandurbar,2003,8,25.62,88.79,6.5
Nandurbar,2003,9,25.13,88.42,6.44
Nandurbar,2003,10,23.6,73.94,1.1
Nandurbar,2003,11,23.41,65.21,0.0
Nandurbar,2003,12,21.42,45.39,0.05
Nandurbar,2003,13,26.15,57.2,2.92
Nandurbar,2004,1,21.2,38.72,0.12
Nandurbar,2004,2,23.92,24.55,0.0
Nandurbar,2004,3,29.73,17.55,0.01
Nandurbar,2004,4,31.65,38.19,0.0
Nandurbar,2004,5,32.88,43.2,0.51
Nandurbar,2004,6,29.88,64.83,4.65
Nandurbar,2004,7,26.6,82.72,9.57
Nandurbar,2004,8,25.08,90.03,10.9
Nandurbar,2004,9,26.05,84.29,3.73
Nandurbar,2004,10,23.98,71.63,1.2
Nandurbar,2004,11,23.65,55.95,0.24
Nandurbar,2004,12,21.82,37.0,0.0
Nandurbar,2004,13,26.37,54.14,2.6
Nandurbar,2005,1,20.5,30.77,0.15
Nandurbar,2005,2,23.57,31.54,0.01
Nandurbar,2005,3,28.05,29.31,0.11
Nandurbar,2005,4,30.84,24.0,0.14
Nandurbar,2005,5,32.83,41.44,0.26
Nandurbar,2005,6,31.28,59.69,11.46
Nandurbar,2005,7,25.97,88.11,10.35
Nandurbar,2005,8,25.37,88.28,5.51
Nandurbar,2005,9,25.91,87.83,9.97
Nandurbar,2005,10,24.19,71.76,1.16
Nandurbar,2005,11,22.13,54.82,0.0
Nandurbar,2005,12,20.54,40.37,0.0
Nandurbar,2005,13,25.93,54.15,3.26
Nandurbar,2006,1,21.67,29.43,0.0
Nandurbar,2006,2,26.67,20.17,0.0
Nandurbar,2006,3,27.19,34.46,0.68
Nandurbar,2006,4,31.09,34.76,0.0
Nandurbar,2006,5,32.91,44.81,1.0
Nandurbar,2006,6,29.33,68.8,5.57
Nandurbar,2006,7,26.4,84.85,11.8
Nandurbar,2006,8,24.91,90.26,13.3
Nandurbar,2006,9,25.83,87.4,5.92
Nandurbar,2006,10,25.01,72.97,0.9
Nandurbar,2006,11,22.4,65.69,0.78
Nandurbar,2006,12,21.97,51.61,0.01
Nandurbar,2006,13,26.27,57.33,3.36
Nandurbar,2007,1,22.29,32.76,0.03
Nandurbar,2007,2,24.46,37.76,0.09
Nandurbar,2007,3,27.83,24.26,0.0
Nandurbar,2007,4,32.48,28.75,0.52
Nandurbar,2007,5,32.83,43.41,0.4
Nandurbar,2007,6,29.69,70.15,5.29
Nandurbar,2007,7,26.6,85.15,9.47
Nandurbar,2007,8,25.81,88.48,11.3
Nandurbar,2007,9,25.89,87.26,6.66
Nandurbar,2007,10,23.46,67.51,0.03
Nandurbar,2007,11,23.21,54.64,0.1
Nandurbar,2007,12,22.05,42.88,0.0
Nandurbar,2007,13,26.38,55.34,2.84
Nandurbar,2008,1,20.85,28.48,0.01
Nandurbar,2008,2,21.49,20.93,0.01
Nandurbar,2008,3,29.02,23.42,0.16
Nandurbar,2008,4,31.69,30.68,0.03
Nandurbar,2008,5,31.74,48.01,0.0
Nandurbar,2008,6,28.71,69.58,4.46
Nandurbar,2008,7,26.41,83.44,5.73
Nandurbar,2008,8,25.56,86.78,7.4
Nandurbar,2008,9,25.4,87.26,7.92
Nandurbar,2008,10,24.97,68.62,0.52
Nandurbar,2008,11,23.68,50.64,0.09
Nandurbar,2008,12,23.88,32.52,0.01
Nandurbar,2008,13,26.13,52.63,2.2
Nandurbar,2009,1,23.53,33.5,0.01
Nandurbar,2009,2,25.27,24.17,0.0
Nandurbar,2009,3,28.75,26.33,0.3
Nandurbar,2009,4,32.44,20.92,0.03
Nandurbar,2009,5,32.66,43.7,0.39
Nandurbar,2009,6,31.22,58.04,1.56
Nandurbar,2009,7,26.6,84.82,13.38
Nandurbar,2009,8,26.14,85.19,4.46
Nandurbar,2009,9,26.4,83.73,3.21
Nandurbar,2009,10,25.33,61.97,1.64
Nandurbar,2009,11,22.23,67.21,3.06
Nandurbar,2009,12,21.43,60.04,0.43
Nandurbar,2009,13,26.83,54.34,2.4
Nandurbar,2010,1,20.76,40.97,0.09
Nandurbar,2010,2,24.48,27.83,0.04
Nandurbar,2010,3,29.55,28.01,0.08
Nandurbar,2010,4,32.59,31.08,0.0
Nandurbar,2010,5,33.99,40.76,0.16
Nandurbar,2010,6,30.13,67.99,4.09
Nandurbar,2010,7,26.91,84.71,8.79
Nandurbar,2010,8,26.0,88.67,9.5
Nandurbar,2010,9,25.72,86.69,6.41
Nandurbar,2010,10,25.13,78.95,2.49
Nandurbar,2010,11,23.75,80.52,2.55
Nandurbar,2010,12,19.49,60.98,0.0
Nandurbar,2010,13,26.54,59.95,2.87
Nandurbar,2011,1,19.51,36.96,0.0
Nandurbar,2011,2,23.9,29.57,0.03
Nandurbar,2011,3,28.19,22.52,0.04
Nandurbar,2011,4,31.93,28.72,0.08
Nandurbar,2011,5,32.51,45.49,0.06
Nandurbar,2011,6,30.15,64.38,2.2
Nandurbar,2011,7,26.74,81.79,7.91
Nandurbar,2011,8,25.77,88.16,11.58
Nandurbar,2011,9,25.18,88.15,4.57
Nandurbar,2011,10,24.85,71.87,0.57
Nandurbar,2011,11,23.77,53.24,0.0
Nandurbar,2011,12,22.52,32.19,0.0
Nandurbar,2011,13,26.25,53.73,2.28
Nandurbar,2012,1,19.97,33.67,0.01
Nandurbar,2012,2,22.84,21.23,0.0
Nandurbar,2012,3,26.81,20.78,0.0
Nandurbar,2012,4,31.63,30.87,0.06
Nandurbar,2012,5,32.33,44.68,0.42
Nandurbar,2012,6,30.0,64.29,2.28
Nandurbar,2012,7,27.1,80.85,6.87
Nandurbar,2012,8,25.95,85.25,4.26
Nandurbar,2012,9,25.43,86.63,8.07
Nandurbar,2012,10,25.68,69.89,0.94
Nandurbar,2012,11,22.41,52.91,0.0
Nandurbar,2012,12,22.78,36.01,0.01
Nandurbar,2012,13,26.08,52.35,1.91
Nandurbar,2013,1,20.84,28.59,0.03
Nandurbar,2013,2,24.39,37.19,0.42
Nandurbar,2013,3,27.61,23.45,0.08
Nandurbar,2013,4,30.86,35.29,0.18
Nandurbar,2013,5,33.03,42.98,0.1
Nandurbar,2013,6,27.79,79.48,11.2
Nandurbar,2013,7,25.46,90.58,13.37
Nandurbar,2013,8,25.05,89.34,6.52
Nandurbar,2013,9,25.61,86.57,4.94
Nandurbar,2013,10,24.44,78.81,1.9
Nandurbar,2013,11,21.51,67.82,0.38
Nandurbar,2013,12,20.06,55.5,0.3
Nandurbar,2013,13,25.55,59.73,3.3
Nandurbar,2014,1,20.26,47.98,0.4
Nandurbar,2014,2,22.36,40.21,0.34
Nandurbar,2014,3,26.79,38.43,0.52
Nandurbar,2014,4,31.54,30.02,0.19
Nandurbar,2014,5,33.34,37.92,0.38
Nandurbar,2014,6,32.19,53.55,0.62
Nandurbar,2014,7,27.94,76.07,11.26
Nandurbar,2014,8,25.95,86.16,5.62
Nandurbar,2014,9,25.4,86.41,5.57
Nandurbar,2014,10,25.55,68.82,0.44
Nandurbar,2014,11,24.33,55.68,0.59
Nandurbar,2014,12,20.18,36.11,0.18
Nandurbar,2014,13,26.33,54.88,2.2
Nandurbar,2015,1,19.39,49.94,0.58
Nandurbar,2015,2,24.29,33.21,0.07
Nandurbar,2015,3,26.73,40.8,1.16
Nandurbar,2015,4,30.6,42.28,0.43
Nandurbar,2015,5,33.81,40.63,0.1
Nandurbar,2015,6,29.29,69.89,9.38
Nandurbar,2015,7,26.85,81.26,6.76
Nandurbar,2015,8,26.03,84.51,3.46
Nandurbar,2015,9,25.88,80.92,8.67
Nandurbar,2015,10,26.55,64.25,0.48
Nandurbar,2015,11,25.27,48.68,0.07
Nandurbar,2015,12,22.03,23.2,0.0
Nandurbar,2015,13,26.4,55.08,2.6
Nandurbar,2016,1,21.93,26.8,0.0
Nandurbar,2016,2,24.9,27.92,0.0
Nandurbar,2016,3,29.41,26.28,0.04
Nandurbar,2016,4,31.76,32.68,0.01
Nandurbar,2016,5,33.36,44.08,0.23
Nandurbar,2016,6,31.02,60.71,2.56
Nandurbar,2016,7,26.49,84.1,9.25
Nandurbar,2016,8,25.59,86.88,5.78
Nandurbar,2016,9,25.46,85.08,4.89
Nandurbar,2016,10,24.18,71.07,1.85
Nandurbar,2016,11,21.61,48.56,0.0
Nandurbar,2016,12,21.13,31.35,0.0
Nandurbar,2016,13,26.4,52.21,2.06
Nandurbar,2017,1,21.31,32.05,0.0
Nandurbar,2017,2,25.04,24.09,0.0
Nandurbar,2017,3,28.11,23.72,0.0
Nandurbar,2017,4,31.12,29.95,0.0
Nandurbar,2017,5,33.74,38.72,0.08
Nandurbar,2017,6,29.7,70.16,4.37
Nandurbar,2017,7,26.5,82.94,9.63
Nandurbar,2017,8,25.98,85.14,5.34
Nandurbar,2017,9,26.21,83.64,2.39
Nandurbar,2017,10,26.58,61.63,1.05
Nandurbar,2017,11,23.36,44.36,0.0
Nandurbar,2017,12,21.4,39.9,0.28
Nandurbar,2017,13,26.59,51.52,1.95
Nandurbar,2018,1,22.03,26.95,0.0
Nandurbar,2018,2,25.31,25.96,0.0
Nandurbar,2018,3,29.2,23.29,0.01
Nandurbar,2018,4,32.11,29.0,0.0
Nandurbar,2018,5,33.6,38.79,0.0
Nandurbar,2018,6,30.72,63.09,2.6
Nandurbar,2018,7,26.5,82.75,7.01
Nandurbar,2018,8,25.55,84.4,4.45
Nandurbar,2018,9,25.63,77.04,1.52
Nandurbar,2018,10,27.96,44.59,0.04
Nandurbar,2018,11,25.57,31.67,0.03
Nandurbar,2018,12,20.06,28.83,0.0
Nandurbar,2018,13,27.02,46.49,1.32
Nandurbar,2019,1,19.37,24.19,0.0
Nandurbar,2019,2,22.78,29.48,0.0
Nandurbar,2019,3,27.29,25.5,0.0
Nandurbar,2019,4,32.48,27.91,0.29
Nandurbar,2019,5,32.73,39.9,0.0
Nandurbar,2019,6,31.51,58.11,4.14
Nandurbar,2019,7,26.99,84.67,11.41
Nandurbar,2019,8,25.48,89.67,13.28
Nandurbar,2019,9,25.65,91.01,8.84
Nandurbar,2019,10,24.29,85.14,2.0
Nandurbar,2019,11,22.25,81.2,0.87
Nandurbar,2019,12,19.65,73.48,0.01
Nandurbar,2019,13,25.87,59.37,3.43
Nandurbar,2020,1,18.78,58.65,0.0
Nandurbar,2020,2,23.21,33.29,0.0
Nandurbar,2020,3,26.43,36.06,0.19
Nandurbar,2020,4,32.4,27.66,0.0
Nandurbar,2020,5,34.15,38.01,0.03
Nandurbar,2020,6,28.91,71.78,4.78
Nandurbar,2020,7,27.51,82.66,7.86
Nandurbar,2020,8,26.1,89.15,13.46
Nandurbar,2020,9,26.17,87.83,5.07
Nandurbar,2020,10,25.48,76.38,0.52
Nandurbar,2020,11,22.3,64.86,0.01
Nandurbar,2020,12,21.18,56.09,0.41
Nandurbar,2020,13,26.05,60.32,2.71
Nandurbar,2021,1,22.99,40.81,0.09
Nandurbar,2021,2,24.43,26.45,0.01
Nandurbar,2021,3,29.53,21.82,0.02
Nandurbar,2021,4,31.66,32.78,0.16
Nandurbar,2021,5,31.62,50.14,1.73
Nandurbar,2021,6,28.79,73.06,5.47
Nandurbar,2021,7,27.5,79.6,4.17
Nandurbar,2021,8,26.35,81.37,3.51
Nandurbar,2021,9,25.92,88.1,9.97
Nandurbar,2021,10,24.46,78.26,1.59
Nandurbar,2021,11,22.39,71.79,0.38
Nandurbar,2021,12,19.96,66.46,0.8
Nandurbar,2021,13,26.31,59.41,2.33
Nandurbar,2022,1,19.29,51.35,0.02
Nandurbar,2022,2,23.35,31.62,0.0
Nandurbar,2022,3,29.84,22.31,0.05
Nandurbar,2022,4,33.01,26.11,0.0
Nandurbar,2022,5,32.98,44.84,0.0
Nandurbar,2022,6,30.32,62.55,3.26
Nandurbar,2022,7,25.85,88.87,15.09
Nandurbar,2022,8,25.52,88.56,7.88
Nandurbar,2022,9,25.95,87.66,5.52
Nandurbar,2022,10,23.69,78.51,3.24
Nandurbar,2022,11,20.86,68.17,0.0
Nandurbar,2022,12,21.14,63.38,0.42
Nandurbar,2022,13,25.99,59.71,2.99
Nandurbar,2023,1,19.99,43.48,0.02
Nandurbar,2023,2,24.44,19.26,0.0
Nandurbar,2023,3,27.23,35.6,0.32
Nandurbar,2023,4,30.53,33.66,0.66
Nandurbar,2023,5,32.26,42.66,0.11
Nandurbar,2023,6,30.74,59.46,3.29
Nandurbar,2023,7,26.88,85.74,10.74
Nandurbar,2023,8,25.86,84.07,1.42
Nandurbar,2023,9,26.23,84.68,9.08
Nandurbar,2023,10,25.01,71.58,0.01
Nandurbar,2023,11,23.1,60.37,1.61
Nandurbar,2023,12,20.9,63.17,0.04
Nandurbar,2023,13,26.09,57.26,2.28
Jalgaon,1997,1,20.35,34.63,0.54
Jalgaon,1997,2,22.89,19.88,0.0
Jalgaon,1997,3,28.93,18.33,0.0
Jalgaon,1997,4,30.44,27.22,0.21
Jalgaon,1997,5,33.24,30.6,0.05
Jalgaon,1997,6,30.03,60.45,4.34
Jalgaon,1997,7,27.28,78.18,6.19
Jalgaon,1997,8,26.29,81.33,5.27
Jalgaon,1997,9,25.94,81.89,3.36
Jalgaon,1997,10,25.98,68.29,0.72
Jalgaon,1997,11,25.56,66.28,2.38
Jalgaon,1997,12,21.78,71.83,1.12
Jalgaon,1997,13,26.57,53.45,2.03
Jalgaon,1998,1,21.79,51.39,0.08
Jalgaon,1998,2,23.47,33.15,0.04
Jalgaon,1998,3,28.05,23.21,0.1
Jalgaon,1998,4,33.35,23.63,0.05
Jalgaon,1998,5,35.75,27.63,0.55
Jalgaon,1998,6,31.65,57.7,6.06
Jalgaon,1998,7,27.52,79.45,5.83
Jalgaon,1998,8,26.5,86.3,7.87
Jalgaon,1998,9,26.11,87.1,6.36
Jalgaon,1998,10,25.02,81.69,2.78
Jalgaon,1998,11,21.73,72.21,1.22
Jalgaon,1998,12,19.26,53.74,0.0
Jalgaon,1998,13,26.69,56.58,2.59
Jalgaon,1999,1,19.76,38.32,0.0
Jalgaon,1999,2,25.58,36.93,0.57
Jalgaon,1999,3,29.27,15.9,0.0
Jalgaon,1999,4,33.49,16.86,0.0
Jalgaon,1999,5,33.3,38.93,0.81
Jalgaon,1999,6,29.56,64.35,5.9
Jalgaon,1999,7,27.38,76.05,3.68
Jalgaon,1999,8,26.73,76.96,3.13
Jalgaon,1999,9,26.44,79.28,6.19
Jalgaon,1999,10,24.16,76.28,3.2
Jalgaon,1999,11,22.1,56.02,0.0
Jalgaon,1999,12,20.35,38.67,0.0
Jalgaon,1999,13,26.5,51.3,1.96
Jalgaon,2000,1,21.86,24.01,0.0
Jalgaon,2000,2,22.57,28.01,0.26
Jalgaon,2000,3,26.77,18.39,0.0
Jalgaon,2000,4,33.49,21.77,0.02
Jalgaon,2000,5,32.67,44.83,3.29
Jalgaon,2000,6,29.57,65.93,3.03
Jalgaon,2000,7,27.07,76.66,5.05
Jalgaon,2000,8,26.79,79.56,7.89
Jalgaon,2000,9,26.59,76.12,1.53
Jalgaon,2000,10,27.44,50.13,0.32
Jalgaon,2000,11,25.43,27.16,0.01
Jalgaon,2000,12,22.4,16.25,0.43
Jalgaon,2000,13,26.89,44.12,1.84
Jalgaon,2001,1,21.68,30.6,0.03
Jalgaon,2001,2,24.57,17.25,0.0
Jalgaon,2001,3,28.53,27.01,0.18
Jalgaon,2001,4,32.86,20.7,0.07
Jalgaon,2001,5,34.49,35.81,0.53
Jalgaon,2001,6,28.78,68.3,4.74
Jalgaon,2001,7,27.4,74.14,2.42
Jalgaon,2001,8,25.95,83.55,6.09
Jalgaon,2001,9,27.77,71.02,2.65
Jalgaon,2001,10,25.01,71.3,3.49
Jalgaon,2001,11,23.59,49.86,0.02
Jalgaon,2001,12,22.62,28.79,0.0
Jalgaon,2001,13,26.94,48.4,1.7
Jalgaon,2002,1,20.75,28.68,0.01
Jalgaon,2002,2,25.06,27.39,0.19
Jalgaon,2002,3,28.84,21.71,0.14
Jalgaon,2002,4,32.61,24.07,0.6
Jalgaon,2002,5,35.08,35.5,0.04
Jalgaon,2002,6,30.89,61.93,6.86
Jalgaon,2002,7,28.05,72.03,1.57
Jalgaon,2002,8,25.74,84.15,7.77
Jalgaon,2002,9,25.69,81.22,3.03
Jalgaon,2002,10,26.86,54.89,0.27
Jalgaon,2002,11,25.53,33.32,0.06
Jalgaon,2002,12,23.5,28.31,0.0
Jalgaon,2002,13,27.39,46.21,1.71
Jalgaon,2003,1,23.14,29.0,0.02
Jalgaon,2003,2,24.84,37.66,0.72
Jalgaon,2003,3,28.17,18.37,0.02
Jalgaon,2003,4,33.2,24.77,0.18
Jalgaon,2003,5,34.35,29.0,0.04
Jalgaon,2003,6,30.47,62.55,7.03
Jalgaon,2003,7,27.1,82.55,8.09
Jalgaon,2003,8,26.01,85.49,4.37
Jalgaon,2003,9,25.49,85.66,4.62
Jalgaon,2003,10,24.23,72.8,0.95
Jalgaon,2003,11,24.14,60.02,0.0
Jalgaon,2003,12,21.9,43.42,0.11
Jalgaon,2003,13,26.92,52.67,2.18
Jalgaon,2004,1,21.93,39.49,0.26
Jalgaon,2004,2,24.42,24.01,0.0
Jalgaon,2004,3,30.36,14.15,0.02
Jalgaon,2004,4,32.84,26.63,0.0
Jalgaon,2004,5,33.87,39.12,0.94
Jalgaon,2004,6,31.02,57.9,2.54
Jalgaon,2004,7,27.7,74.89,6.04
Jalgaon,2004,8,25.64,85.19,5.06
Jalgaon,2004,9,26.43,82.15,6.05
Jalgaon,2004,10,24.01,71.64,1.59
Jalgaon,2004,11,23.6,58.26,0.42
Jalgaon,2004,12,21.8,37.14,0.0
Jalgaon,2004,13,26.97,50.97,1.92
Jalgaon,2005,1,21.18,33.82,0.36
Jalgaon,2005,2,24.33,30.23,0.02
Jalgaon,2005,3,28.69,25.8,0.28
Jalgaon,2005,4,31.75,18.82,0.12
Jalgaon,2005,5,34.2,30.93,0.29
Jalgaon,2005,6,32.12,53.99,4.98
Jalgaon,2005,7,26.45,83.51,10.66
Jalgaon,2005,8,25.75,85.9,4.83
Jalgaon,2005,9,26.11,86.12,8.94
Jalgaon,2005,10,24.1,74.7,2.06
Jalgaon,2005,11,21.19,59.54,0.0
Jalgaon,2005,12,19.93,49.58,0.0
Jalgaon,2005,13,26.32,52.91,2.73
Jalgaon,2006,1,21.88,31.67,0.0
Jalgaon,2006,2,26.79,18.36,0.0
Jalgaon,2006,3,27.33,36.49,1.34
Jalgaon,2006,4,32.26,24.24,0.01
Jalgaon,2006,5,34.2,36.66,2.22
Jalgaon,2006,6,29.73,65.37,4.89
Jalgaon,2006,7,26.95,80.0,7.77
Jalgaon,2006,8,25.28,87.39,11.99
Jalgaon,2006,9,26.11,85.8,8.09
Jalgaon,2006,10,24.95,74.8,1.56
Jalgaon,2006,11,22.34,72.82,1.05
Jalgaon,2006,12,21.32,59.73,0.01
Jalgaon,2006,13,26.58,56.36,3.27
Jalgaon,2007,1,22.18,37.28,0.02
Jalgaon,2007,2,25.01,32.45,0.05
Jalgaon,2007,3,28.55,21.1,0.0
Jalgaon,2007,4,33.16,22.23,0.48
Jalgaon,2007,5,34.41,33.27,0.27
Jalgaon,2007,6,30.01,67.4,5.36
Jalgaon,2007,7,27.31,79.83,7.25
Jalgaon,2007,8,26.22,84.89,8.01
Jalgaon,2007,9,26.24,84.67,6.28
Jalgaon,2007,10,23.29,67.68,0.06
Jalgaon,2007,11,22.68,57.82,0.14
Jalgaon,2007,12,22.1,46.6,0.0
Jalgaon,2007,13,26.76,53.05,2.34
Jalgaon,2008,1,21.34,29.73,0.08
Jalgaon,2008,2,22.54,19.8,0.0
Jalgaon,2008,3,29.39,23.25,0.43
Jalgaon,2008,4,32.71,23.37,0.03
Jalgaon,2008,5,33.46,36.08,0.0
Jalgaon,2008,6,30.0,60.39,2.48
Jalgaon,2008,7,27.9,72.91,3.19
Jalgaon,2008,8,26.46,80.94,5.13
Jalgaon,2008,9,25.78,84.65,8.73
Jalgaon,2008,10,24.9,68.66,0.54
Jalgaon,2008,11,23.92,55.73,0.12
Jalgaon,2008,12,23.73,34.65,0.03
Jalgaon,2008,13,26.85,49.27,1.73
Jalgaon,2009,1,24.27,32.0,0.01
Jalgaon,2009,2,25.88,22.1,0.0
Jalgaon,2009,3,29.49,21.32,0.17
Jalgaon,2009,4,33.1,16.45,0.06
Jalgaon,2009,5,34.0,34.71,0.87
Jalgaon,2009,6,32.47,51.04,1.99
Jalgaon,2009,7,27.18,79.51,8.19
Jalgaon,2009,8,26.88,80.52,4.56
Jalgaon,2009,9,26.71,82.03,4.3
Jalgaon,2009,10,25.02,64.63,1.75
Jalgaon,2009,11,22.16,70.98,4.03
Jalgaon,2009,12,21.22,61.34,0.43
Jalgaon,2009,13,27.36,51.59,2.21
Jalgaon,2010,1,20.65,44.63,0.22
Jalgaon,2010,2,25.66,28.43,0.05
Jalgaon,2010,3,30.32,23.52,0.21
Jalgaon,2010,4,33.55,22.31,0.01
Jalgaon,2010,5,35.42,30.85,0.2
Jalgaon,2010,6,30.95,62.4,4.58
Jalgaon,2010,7,27.17,82.34,8.28
Jalgaon,2010,8,26.31,85.73,8.36
Jalgaon,2010,9,25.83,84.89,4.31
Jalgaon,2010,10,25.16,79.56,2.05
Jalgaon,2010,11,23.87,81.53,2.81
Jalgaon,2010,12,19.75,63.01,0.0
Jalgaon,2010,13,27.05,57.61,2.61
Jalgaon,2011,1,19.76,40.59,0.0
Jalgaon,2011,2,24.49,30.08,0.13
Jalgaon,2011,3,28.71,19.87,0.1
Jalgaon,2011,4,32.69,23.76,0.3
Jalgaon,2011,5,34.21,34.67,0.23
Jalgaon,2011,6,30.48,61.31,3.11
Jalgaon,2011,7,27.32,77.4,7.46
Jalgaon,2011,8,26.34,84.47,8.37
Jalgaon,2011,9,25.6,85.62,4.03
Jalgaon,2011,10,24.72,72.71,1.04
Jalgaon,2011,11,23.33,56.96,0.0
Jalgaon,2011,12,22.43,34.98,0.0
Jalgaon,2011,13,26.68,51.99,2.08
Jalgaon,2012,1,20.79,33.26,0.07
Jalgaon,2012,2,23.87,21.31,0.0
Jalgaon,2012,3,27.59,15.02,0.0
Jalgaon,2012,4,32.7,23.06,0.11
Jalgaon,2012,5,33.84,33.93,0.4
Jalgaon,2012,6,30.87,58.01,3.83
Jalgaon,2012,7,26.95,79.86,6.66
Jalgaon,2012,8,26.33,81.5,4.01
Jalgaon,2012,9,25.95,83.75,5.53
Jalgaon,2012,10,25.68,68.97,1.44
Jalgaon,2012,11,23.03,56.35,0.01
Jalgaon,2012,12,23.14,38.1,0.04
Jalgaon,2012,13,26.73,49.52,1.85
Jalgaon,2013,1,21.9,32.56,0.18
Jalgaon,2013,2,25.49,35.62,0.37
Jalgaon,2013,3,28.63,19.94,0.07
Jalgaon,2013,4,32.22,25.86,0.13
Jalgaon,2013,5,34.85,32.2,0.09
Jalgaon,2013,6,28.22,75.4,8.36
Jalgaon,2013,7,25.84,86.05,9.63
Jalgaon,2013,8,25.42,86.61,4.31
Jalgaon,2013,9,25.92,84.72,5.24
Jalgaon,2013,10,24.73,79.94,2.53
Jalgaon,2013,11,21.36,72.12,0.95
Jalgaon,2013,12,20.02,59.91,0.67
Jalgaon,2013,13,26.21,57.68,2.72
Jalgaon,2014,1,20.68,54.06,0.35
Jalgaon,2014,2,23.24,37.58,0.55
Jalgaon,2014,3,26.99,41.9,1.2
Jalgaon,2014,4,32.33,23.62,0.35
Jalgaon,2014,5,34.7,29.55,0.42
Jalgaon,2014,6,33.54,45.96,1.13
Jalgaon,2014,7,28.26,72.94,7.91
Jalgaon,2014,8,26.5,82.39,5.25
Jalgaon,2014,9,25.76,83.17,4.26
Jalgaon,2014,10,25.87,67.95,0.48
Jalgaon,2014,11,24.41,54.6,0.81
Jalgaon,2014,12,20.52,37.06,0.39
Jalgaon,2014,13,26.91,52.7,1.94
Jalgaon,2015,1,19.53,54.12,1.01
Jalgaon,2015,2,24.94,30.29,0.27
Jalgaon,2015,3,26.82,43.73,1.8
Jalgaon,2015,4,30.84,37.3,1.14
Jalgaon,2015,5,34.98,31.76,0.25
Jalgaon,2015,6,30.12,64.4,7.08
Jalgaon,2015,7,27.85,73.97,4.35
Jalgaon,2015,8,26.38,81.85,6.38
Jalgaon,2015,9,26.18,78.93,6.19
Jalgaon,2015,10,27.06,63.38,0.54
Jalgaon,2015,11,25.75,48.29,0.04
Jalgaon,2015,12,22.77,25.23,0.0
Jalgaon,2015,13,26.94,52.91,2.43
Jalgaon,2016,1,22.33,26.49,0.0
Jalgaon,2016,2,25.79,25.02,0.06
Jalgaon,2016,3,29.84,23.83,0.23
Jalgaon,2016,4,33.29,23.48,0.02
Jalgaon,2016,5,34.9,34.49,0.25
Jalgaon,2016,6,31.96,55.42,3.63
Jalgaon,2016,7,26.72,82.32,10.28
Jalgaon,2016,8,26.04,83.33,3.83
Jalgaon,2016,9,26.0,82.29,5.04
Jalgaon,2016,10,24.23,70.42,1.61
Jalgaon,2016,11,21.42,51.59,0.0
Jalgaon,2016,12,20.89,36.29,0.0
Jalgaon,2016,13,26.94,49.68,2.09
Jalgaon,2017,1,21.6,31.82,0.0
Jalgaon,2017,2,25.75,23.13,0.0
Jalgaon,2017,3,28.69,19.57,0.06
Jalgaon,2017,4,32.45,20.35,0.0
Jalgaon,2017,5,35.38,28.53,0.07
Jalgaon,2017,6,30.2,66.76,5.41
Jalgaon,2017,7,27.23,77.65,7.61
Jalgaon,2017,8,26.6,81.16,6.38
Jalgaon,2017,9,26.41,83.01,5.67
Jalgaon,2017,10,25.38,69.55,1.63
Jalgaon,2017,11,21.89,58.86,0.04
Jalgaon,2017,12,21.37,42.44,0.02
Jalgaon,2017,13,26.91,50.38,2.25
Jalgaon,2018,1,21.98,26.52,0.0
Jalgaon,2018,2,25.68,24.85,0.06
Jalgaon,2018,3,29.91,20.69,0.06
Jalgaon,2018,4,33.07,20.59,0.02
Jalgaon,2018,5,35.29,27.55,0.0
Jalgaon,2018,6,31.44,58.71,4.6
Jalgaon,2018,7,26.85,78.72,5.15
Jalgaon,2018,8,26.06,80.4,6.56
Jalgaon,2018,9,26.17,74.35,1.42
Jalgaon,2018,10,27.39,48.23,0.02
Jalgaon,2018,11,25.0,38.59,0.38
Jalgaon,2018,12,20.42,32.1,0.0
Jalgaon,2018,13,27.44,44.39,1.53
Jalgaon,2019,1,19.8,24.12,0.0
Jalgaon,2019,2,23.75,26.85,0.01
Jalgaon,2019,3,28.06,20.92,0.0
Jalgaon,2019,4,33.42,20.52,0.12
Jalgaon,2019,5,34.29,29.19,0.0
Jalgaon,2019,6,33.5,48.04,3.26
Jalgaon,2019,7,27.42,80.36,10.08
Jalgaon,2019,8,25.85,86.87,9.67
Jalgaon,2019,9,25.79,89.36,9.06
Jalgaon,2019,10,24.42,85.11,3.23
Jalgaon,2019,11,22.1,81.42,1.09
Jalgaon,2019,12,19.6,77.97,0.14
Jalgaon,2019,13,26.5,56.09,3.08
Jalgaon,2020,1,18.86,65.61,0.01
Jalgaon,2020,2,22.93,43.02,0.0
Jalgaon,2020,3,27.19,34.37,0.64
Jalgaon,2020,4,33.03,23.35,0.06
Jalgaon,2020,5,35.38,28.44,0.24
Jalgaon,2020,6,29.1,70.27,6.64
Jalgaon,2020,7,27.93,80.28,8.39
Jalgaon,2020,8,26.36,87.08,8.77
Jalgaon,2020,9,26.49,86.25,5.87
Jalgaon,2020,10,25.57,79.02,1.62
Jalgaon,2020,11,21.85,71.3,0.11
Jalgaon,2020,12,20.64,60.61,0.19
Jalgaon,2020,13,26.28,60.88,2.72
Jalgaon,2021,1,23.15,45.3,0.11
Jalgaon,2021,2,24.54,26.06,0.08
Jalgaon,2021,3,30.02,21.45,0.24
Jalgaon,2021,4,32.65,23.67,0.06
Jalgaon,2021,5,33.28,40.41,1.21
Jalgaon,2021,6,29.55,67.7,3.88
Jalgaon,2021,7,28.56,72.95,5.15
Jalgaon,2021,8,27.26,76.86,4.33
Jalgaon,2021,9,26.3,86.24,9.76
Jalgaon,2021,10,24.54,77.83,2.57
Jalgaon,2021,11,22.03,76.35,0.49
Jalgaon,2021,12,19.69,68.98,0.46
Jalgaon,2021,13,26.81,57.17,2.37
Jalgaon,2022,1,19.54,55.43,0.04
Jalgaon,2022,2,23.58,31.05,0.0
Jalgaon,2022,3,30.16,21.63,0.2
Jalgaon,2022,4,34.05,18.59,0.0
Jalgaon,2022,5,34.71,33.93,0.0
Jalgaon,2022,6,31.13,57.69,4.93
Jalgaon,2022,7,26.22,85.8,12.81
Jalgaon,2022,8,25.91,86.34,5.98
Jalgaon,2022,9,26.15,86.38,6.7
Jalgaon,2022,10,23.85,80.81,3.72
Jalgaon,2022,11,20.31,72.11,0.0
Jalgaon,2022,12,21.03,67.37,0.28
Jalgaon,2022,13,26.39,58.31,2.91
Jalgaon,2023,1,20.13,50.77,0.08
Jalgaon,2023,2,24.56,19.88,0.0
Jalgaon,2023,3,27.63,33.43,0.56
Jalgaon,2023,4,30.8,34.0,1.64
Jalgaon,2023,5,33.18,36.78,0.09
Jalgaon,2023,6,32.42,48.68,1.17
Jalgaon,2023,7,27.45,81.35,9.14
Jalgaon,2023,8,26.51,79.91,2.36
Jalgaon,2023,9,26.52,82.78,9.61
Jalgaon,2023,10,24.85,72.08,0.09
Jalgaon,2023,11,22.94,64.76,2.55
Jalgaon,2023,12,20.73,66.02,0.22
Jalgaon,2023,13,26.47,56.15,2.3
Chhatrapati Sambhajinagar,1997,1,19.84,36.91,0.38
Chhatrapati Sambhajinagar,1997,2,22.37,19.79,0.0
Chhatrapati Sambhajinagar,1997,3,28.03,19.65,0.02
Chhatrapati Sambhajinagar,1997,4,29.35,27.43,0.13
Chhatrapati Sambhajinagar,1997,5,31.99,30.09,0.07
Chhatrapati Sambhajinagar,1997,6,28.62,60.43,2.55
Chhatrapati Sambhajinagar,1997,7,26.15,76.22,4.93
Chhatrapati Sambhajinagar,1997,8,25.42,78.48,4.74
Chhatrapati Sambhajinagar,1997,9,24.9,79.93,4.37
Chhatrapati Sambhajinagar,1997,10,24.71,69.52,0.85
Chhatrapati Sambhajinagar,1997,11,24.04,71.63,2.95
Chhatrapati Sambhajinagar,1997,12,20.84,73.52,1.63
Chhatrapati Sambhajinagar,1997,13,25.53,53.84,1.89
Chhatrapati Sambhajinagar,1998,1,21.03,54.23,0.02
Chhatrapati Sambhajinagar,1998,2,22.77,34.05,0.01
Chhatrapati Sambhajinagar,1998,3,27.43,23.92,0.08
Chhatrapati Sambhajinagar,1998,4,32.47,23.39,0.01
Chhatrapati Sambhajinagar,1998,5,34.02,30.57,0.87
Chhatrapati Sambhajinagar,1998,6,29.2,64.05,7.31
Chhatrapati Sambhajinagar,1998,7,26.13,80.08,4.81
Chhatrapati Sambhajinagar,1998,8,25.34,85.87,9.15
Chhatrapati Sambhajinagar,1998,9,24.75,87.26,5.41
Chhatrapati Sambhajinagar,1998,10,23.61,83.78,3.62
Chhatrapati Sambhajinagar,1998,11,20.53,76.27,1.47
Chhatrapati Sambhajinagar,1998,12,17.66,59.41,0.0
Chhatrapati Sambhajinagar,1998,13,25.42,58.73,2.74
Chhatrapati Sambhajinagar,1999,1,18.76,44.35,0.0
Chhatrapati Sambhajinagar,1999,2,25.12,35.42,0.37
Chhatrapati Sambhajinagar,1999,3,28.66,16.53,0.0
Chhatrapati Sambhajinagar,1999,4,32.12,17.76,0.0
Chhatrapati Sambhajinagar,1999,5,31.25,43.57,1.34
Chhatrapati Sambhajinagar,1999,6,27.52,68.16,6.15
Chhatrapati Sambhajinagar,1999,7,25.75,78.2,3.28
Chhatrapati Sambhajinagar,1999,8,25.24,78.22,2.65
Chhatrapati Sambhajinagar,1999,9,24.99,80.39,5.23
Chhatrapati Sambhajinagar,1999,10,23.22,75.45,2.54
Chhatrapati Sambhajinagar,1999,11,21.29,55.95,0.0
Chhatrapati Sambhajinagar,1999,12,19.81,38.73,0.0
Chhatrapati Sambhajinagar,1999,13,25.3,52.84,1.8
Chhatrapati Sambhajinagar,2000,1,21.47,25.56,0.0
Chhatrapati Sambhajinagar,2000,2,22.32,30.97,0.19
Chhatrapati Sambhajinagar,2000,3,26.14,18.28,0.0
Chhatrapati Sambhajinagar,2000,4,32.15,21.98,0.03
Chhatrapati Sambhajinagar,2000,5,30.86,47.14,4.78
Chhatrapati Sambhajinagar,2000,6,27.22,72.0,3.3
Chhatrapati Sambhajinagar,2000,7,25.58,77.37,3.89
Chhatrapati Sambhajinagar,2000,8,25.35,80.05,9.56
Chhatrapati Sambhajinagar,2000,9,24.99,78.84,2.27
Chhatrapati Sambhajinagar,2000,10,25.46,57.32,0.41
Chhatrapati Sambhajinagar,2000,11,23.87,35.17,0.03
Chhatrapati Sambhajinagar,2000,12,21.41,18.15,0.35
Chhatrapati Sambhajinagar,2000,13,25.57,46.93,2.08
Chhatrapati Sambhajinagar,2001,1,21.78,31.48,0.03
Chhatrapati Sambhajinagar,2001,2,24.33,17.72,0.0
Chhatrapati Sambhajinagar,2001,3,27.43,27.54,0.11
Chhatrapati Sambhajinagar,2001,4,31.73,21.99,0.05
Chhatrapati Sambhajinagar,2001,5,32.94,35.46,0.19
Chhatrapati Sambhajinagar,2001,6,27.22,68.85,4.0
Chhatrapati Sambhajinagar,2001,7,26.28,72.76,1.47
Chhatrapati Sambhajinagar,2001,8,24.56,83.87,7.04
Chhatrapati Sambhajinagar,2001,9,25.74,75.11,3.6
Chhatrapati Sambhajinagar,2001,10,23.27,76.19,4.22
Chhatrapati Sambhajinagar,2001,11,21.74,59.17,0.05
Chhatrapati Sambhajinagar,2001,12,21.05,35.64,0.0
Chhatrapati Sambhajinagar,2001,13,25.67,50.69,1.74
Chhatrapati Sambhajinagar,2002,1,20.24,32.47,0.02
Chhatrapati Sambhajinagar,2002,2,24.98,29.5,0.08
Chhatrapati Sambhajinagar,2002,3,28.19,21.12,0.07
Chhatrapati Sambhajinagar,2002,4,31.53,24.24,0.62
Chhatrapati Sambhajinagar,2002,5,33.61,36.55,0.07
Chhatrapati Sambhajinagar,2002,6,28.88,64.38,6.94
Chhatrapati Sambhajinagar,2002,7,26.46,73.91,1.67
Chhatrapati Sambhajinagar,2002,8,24.51,83.43,6.87
Chhatrapati Sambhajinagar,2002,9,24.62,79.6,3.22
Chhatrapati Sambhajinagar,2002,10,25.41,58.59,0.57
Chhatrapati Sambhajinagar,2002,11,24.02,36.9,0.03
Chhatrapati Sambhajinagar,2002,12,22.61,30.42,0.0
Chhatrapati Sambhajinagar,2002,13,26.25,47.7,1.68
Chhatrapati Sambhajinagar,2003,1,22.55,31.79,0.02
Chhatrapati Sambhajinagar,2003,2,24.71,36.0,0.59
Chhatrapati Sambhajinagar,2003,3,27.82,19.69,0.06
Chhatrapati Sambhajinagar,2003,4,31.97,26.65,0.29
Chhatrapati Sambhajinagar,2003,5,32.91,28.79,0.0
Chhatrapati Sambhajinagar,2003,6,28.78,63.37,6.58
Chhatrapati Sambhajinagar,2003,7,25.79,81.75,6.25
Chhatrapati Sambhajinagar,2003,8,24.99,83.23,3.69
Chhatrapati Sambhajinagar,2003,9,24.81,81.65,2.05
Chhatrapati Sambhajinagar,2003,10,24.43,66.84,0.48
Chhatrapati Sambhajinagar,2003,11,24.06,52.69,0.0
Chhatrapati Sambhajinagar,2003,12,21.56,40.16,0.12
Chhatrapati Sambhajinagar,2003,13,26.2,51.12,1.68
Chhatrapati Sambhajinagar,2004,1,21.53,40.07,0.26
Chhatrapati Sambhajinagar,2004,2,23.84,25.76,0.01
Chhatrapati Sambhajinagar,2004,3,29.32,14.76,0.01
Chhatrapati Sambhajinagar,2004,4,31.64,25.73,0.01
Chhatrapati Sambhajinagar,2004,5,31.8,43.95,1.18
Chhatrapati Sambhajinagar,2004,6,29.16,60.88,2.29
Chhatrapati Sambhajinagar,2004,7,26.41,74.48,5.23
Chhatrapati Sambhajinagar,2004,8,24.73,82.59,3.48
Chhatrapati Sambhajinagar,2004,9,25.12,82.05,8.19
Chhatrapati Sambhajinagar,2004,10,22.53,73.47,1.81
Chhatrapati Sambhajinagar,2004,11,22.02,62.46,0.29
Chhatrapati Sambhajinagar,2004,12,20.72,41.58,0.0
Chhatrapati Sambhajinagar,2004,13,25.73,52.4,1.9
Chhatrapati Sambhajinagar,2005,1,21.32,34.49,0.26
Chhatrapati Sambhajinagar,2005,2,24.1,30.67,0.01
Chhatrapati Sambhajinagar,2005,3,27.68,25.7,0.27
Chhatrapati Sambhajinagar,2005,4,30.56,22.12,0.13
Chhatrapati Sambhajinagar,2005,5,32.48,31.89,0.4
Chhatrapati Sambhajinagar,2005,6,29.77,59.06,4.22
Chhatrapati Sambhajinagar,2005,7,25.31,82.91,11.96
Chhatrapati Sambhajinagar,2005,8,24.73,85.11,4.44
Chhatrapati Sambhajinagar,2005,9,24.72,86.74,9.52
Chhatrapati Sambhajinagar,2005,10,22.77,77.01,2.89
Chhatrapati Sambhajinagar,2005,11,19.25,66.68,0.0
Chhatrapati Sambhajinagar,2005,12,18.61,55.66,0.0
Chhatrapati Sambhajinagar,2005,13,25.11,54.99,2.86
Chhatrapati Sambhajinagar,2006,1,20.62,37.44,0.0
Chhatrapati Sambhajinagar,2006,2,25.41,20.97,0.0
Chhatrapati Sambhajinagar,2006,3,26.61,35.66,1.04
Chhatrapati Sambhajinagar,2006,4,31.28,23.36,0.01
Chhatrapati Sambhajinagar,2006,5,32.68,37.2,3.14
Chhatrapati Sambhajinagar,2006,6,27.87,68.87,5.14
Chhatrapati Sambhajinagar,2006,7,25.3,81.12,6.51
Chhatrapati Sambhajinagar,2006,8,24.1,86.37,10.72
Chhatrapati Sambhajinagar,2006,9,24.84,85.38,9.38
Chhatrapati Sambhajinagar,2006,10,23.6,77.68,2.31
Chhatrapati Sambhajinagar,2006,11,20.96,77.87,1.72
Chhatrapati Sambhajinagar,2006,12,19.86,62.81,0.01
Chhatrapati Sambhajinagar,2006,13,25.25,58.13,3.35
Chhatrapati Sambhajinagar,2007,1,20.95,44.02,0.0
Chhatrapati Sambhajinagar,2007,2,24.02,34.37,0.01
Chhatrapati Sambhajinagar,2007,3,27.78,22.11,0.0
Chhatrapati Sambhajinagar,2007,4,31.74,23.27,0.51
Chhatrapati Sambhajinagar,2007,5,32.99,33.08,0.08
Chhatrapati Sambhajinagar,2007,6,28.04,71.41,6.17
Chhatrapati Sambhajinagar,2007,7,26.02,79.88,6.58
Chhatrapati Sambhajinagar,2007,8,24.94,84.31,7.36
Chhatrapati Sambhajinagar,2007,9,24.98,85.28,6.18
Chhatrapati Sambhajinagar,2007,10,21.92,70.13,0.12
Chhatrapati Sambhajinagar,2007,11,21.25,60.46,0.15
Chhatrapati Sambhajinagar,2007,12,21.26,49.95,0.0
Chhatrapati Sambhajinagar,2007,13,25.49,54.97,2.27
Chhatrapati Sambhajinagar,2008,1,20.85,31.19,0.04
Chhatrapati Sambhajinagar,2008,2,22.68,23.38,0.0
Chhatrapati Sambhajinagar,2008,3,28.22,28.68,0.82
Chhatrapati Sambhajinagar,2008,4,31.47,24.52,0.06
Chhatrapati Sambhajinagar,2008,5,32.1,34.8,0.0
Chhatrapati Sambhajinagar,2008,6,28.31,61.97,1.7
Chhatrapati Sambhajinagar,2008,7,26.83,70.68,2.46
Chhatrapati Sambhajinagar,2008,8,25.48,79.25,4.83
Chhatrapati Sambhajinagar,2008,9,24.46,84.79,9.94
Chhatrapati Sambhajinagar,2008,10,23.29,71.41,0.6
Chhatrapati Sambhajinagar,2008,11,22.26,61.48,0.16
Chhatrapati Sambhajinagar,2008,12,22.15,43.37,0.1
Chhatrapati Sambhajinagar,2008,13,25.68,51.37,1.72
Chhatrapati Sambhajinagar,2009,1,23.17,34.09,0.0
Chhatrapati Sambhajinagar,2009,2,25.43,22.6,0.0
Chhatrapati Sambhajinagar,2009,3,28.65,22.5,0.13
Chhatrapati Sambhajinagar,2009,4,31.83,17.6,0.11
Chhatrapati Sambhajinagar,2009,5,32.4,35.79,0.96
Chhatrapati Sambhajinagar,2009,6,30.33,54.99,1.52
Chhatrapati Sambhajinagar,2009,7,25.9,78.46,6.5
Chhatrapati Sambhajinagar,2009,8,25.91,78.34,5.13
Chhatrapati Sambhajinagar,2009,9,25.18,82.64,5.66
Chhatrapati Sambhajinagar,2009,10,23.55,68.42,1.63
Chhatrapati Sambhajinagar,2009,11,21.25,72.76,4.15
Chhatrapati Sambhajinagar,2009,12,20.06,62.07,0.08
Chhatrapati Sambhajinagar,2009,13,26.13,52.72,2.17
Chhatrapati Sambhajinagar,2010,1,20.18,45.43,0.19
Chhatrapati Sambhajinagar,2010,2,25.31,29.44,0.04
Chhatrapati Sambhajinagar,2010,3,29.36,24.35,0.31
Chhatrapati Sambhajinagar,2010,4,32.35,22.62,0.01
Chhatrapati Sambhajinagar,2010,5,33.72,32.31,0.28
Chhatrapati Sambhajinagar,2010,6,28.86,66.47,5.0
Chhatrapati Sambhajinagar,2010,7,25.59,83.43,9.18
Chhatrapati Sambhajinagar,2010,8,24.91,86.34,7.15
Chhatrapati Sambhajinagar,2010,9,24.6,85.04,3.26
Chhatrapati Sambhajinagar,2010,10,23.71,81.05,2.47
Chhatrapati Sambhajinagar,2010,11,22.8,83.35,3.02
Chhatrapati Sambhajinagar,2010,12,18.61,66.45,0.0
Chhatrapati Sambhajinagar,2010,13,25.82,59.04,2.59
Chhatrapati Sambhajinagar,2011,1,19.23,45.58,0.0
Chhatrapati Sambhajinagar,2011,2,23.55,32.94,0.13
Chhatrapati Sambhajinagar,2011,3,28.02,20.8,0.13
Chhatrapati Sambhajinagar,2011,4,31.46,25.21,0.32
Chhatrapati Sambhajinagar,2011,5,32.56,34.99,0.38
Chhatrapati Sambhajinagar,2011,6,28.23,66.25,3.25
Chhatrapati Sambhajinagar,2011,7,25.97,77.92,7.77
Chhatrapati Sambhajinagar,2011,8,25.15,83.11,6.87
Chhatrapati Sambhajinagar,2011,9,24.35,84.77,3.27
Chhatrapati Sambhajinagar,2011,10,23.3,75.68,2.0
Chhatrapati Sambhajinagar,2011,11,21.94,60.21,0.0
Chhatrapati Sambhajinagar,2011,12,21.45,37.99,0.0
Chhatrapati Sambhajinagar,2011,13,25.44,53.9,2.03
Chhatrapati Sambhajinagar,2012,1,20.6,34.06,0.04
Chhatrapati Sambhajinagar,2012,2,23.76,22.42,0.0
Chhatrapati Sambhajinagar,2012,3,26.99,15.28,0.0
Chhatrapati Sambhajinagar,2012,4,31.56,23.36,0.19
Chhatrapati Sambhajinagar,2012,5,32.37,33.17,0.39
Chhatrapati Sambhajinagar,2012,6,29.17,59.35,4.63
Chhatrapati Sambhajinagar,2012,7,25.62,80.08,5.34
Chhatrapati Sambhajinagar,2012,8,25.5,78.92,3.58
Chhatrapati Sambhajinagar,2012,9,24.82,82.54,3.77
Chhatrapati Sambhajinagar,2012,10,24.22,70.96,2.1
Chhatrapati Sambhajinagar,2012,11,22.68,57.58,0.03
Chhatrapati Sambhajinagar,2012,12,22.63,39.47,0.02
Chhatrapati Sambhajinagar,2012,13,25.82,49.85,1.68
Chhatrapati Sambhajinagar,2013,1,22.2,35.16,0.11
Chhatrapati Sambhajinagar,2013,2,25.06,35.56,0.28
Chhatrapati Sambhajinagar,2013,3,27.94,20.32,0.01
Chhatrapati Sambhajinagar,2013,4,31.3,25.54,0.04
Chhatrapati Sambhajinagar,2013,5,33.39,32.59,0.09
Chhatrapati Sambhajinagar,2013,6,26.84,74.68,6.36
Chhatrapati Sambhajinagar,2013,7,24.59,83.96,7.5
Chhatrapati Sambhajinagar,2013,8,24.47,83.83,2.46
Chhatrapati Sambhajinagar,2013,9,24.69,84.0,6.09
Chhatrapati Sambhajinagar,2013,10,23.56,81.45,2.79
Chhatrapati Sambhajinagar,2013,11,20.46,74.79,1.72
Chhatrapati Sambhajinagar,2013,12,18.86,62.75,1.09
Chhatrapati Sambhajinagar,2013,13,25.28,57.99,2.38
Chhatrapati Sambhajinagar,2014,1,20.24,57.19,0.23
Chhatrapati Sambhajinagar,2014,2,22.51,38.82,0.49
Chhatrapati Sambhajinagar,2014,3,25.81,47.07,1.78
Chhatrapati Sambhajinagar,2014,4,31.18,25.88,0.45
Chhatrapati Sambhajinagar,2014,5,33.09,31.2,0.45
Chhatrapati Sambhajinagar,2014,6,31.49,49.59,1.7
Chhatrapati Sambhajinagar,2014,7,26.78,73.68,6.11
Chhatrapati Sambhajinagar,2014,8,25.53,80.67,5.8
Chhatrapati Sambhajinagar,2014,9,24.51,82.11,2.96
Chhatrapati Sambhajinagar,2014,10,24.57,67.44,0.68
Chhatrapati Sambhajinagar,2014,11,22.8,58.17,1.23
Chhatrapati Sambhajinagar,2014,12,19.71,43.32,0.49
Chhatrapati Sambhajinagar,2014,13,25.69,54.73,1.88
Chhatrapati Sambhajinagar,2015,1,19.87,48.11,0.55
Chhatrapati Sambhajinagar,2015,2,23.95,29.16,0.43
Chhatrapati Sambhajinagar,2015,3,25.73,45.12,1.89
Chhatrapati Sambhajinagar,2015,4,29.73,36.47,1.07
Chhatrapati Sambhajinagar,2015,5,33.06,34.31,0.49
Chhatrapati Sambhajinagar,2015,6,28.37,66.33,7.41
Chhatrapati Sambhajinagar,2015,7,26.89,71.94,1.3
Chhatrapati Sambhajinagar,2015,8,26.01,76.42,4.36
Chhatrapati Sambhajinagar,2015,9,25.38,77.07,7.93
Chhatrapati Sambhajinagar,2015,10,25.95,63.98,0.86
Chhatrapati Sambhajinagar,2015,11,24.77,50.12,0.15
Chhatrapati Sambhajinagar,2015,12,22.84,28.06,0.0
Chhatrapati Sambhajinagar,2015,13,26.05,52.39,2.2
Chhatrapati Sambhajinagar,2016,1,21.61,27.11,0.0
Chhatrapati Sambhajinagar,2016,2,25.47,27.18,0.1
Chhatrapati Sambhajinagar,2016,3,28.64,27.83,0.64
Chhatrapati Sambhajinagar,2016,4,32.47,23.82,0.02
Chhatrapati Sambhajinagar,2016,5,33.25,36.34,0.46
Chhatrapati Sambhajinagar,2016,6,30.13,58.03,3.95
Chhatrapati Sambhajinagar,2016,7,25.41,82.62,9.19
Chhatrapati Sambhajinagar,2016,8,24.94,82.84,3.51
Chhatrapati Sambhajinagar,2016,9,24.52,83.73,6.73
Chhatrapati Sambhajinagar,2016,10,22.57,74.07,1.75
Chhatrapati Sambhajinagar,2016,11,19.78,57.44,0.0
Chhatrapati Sambhajinagar,2016,12,19.99,42.25,0.0
Chhatrapati Sambhajinagar,2016,13,25.72,52.03,2.2
Chhatrapati Sambhajinagar,2017,1,20.8,32.91,0.0
Chhatrapati Sambhajinagar,2017,2,24.9,24.67,0.0
Chhatrapati Sambhajinagar,2017,3,27.73,20.8,0.07
Chhatrapati Sambhajinagar,2017,4,31.47,19.57,0.0
Chhatrapati Sambhajinagar,2017,5,33.75,29.36,0.1
Chhatrapati Sambhajinagar,2017,6,28.42,69.68,5.84
Chhatrapati Sambhajinagar,2017,7,26.25,76.51,4.29
Chhatrapati Sambhajinagar,2017,8,25.7,78.12,6.55
Chhatrapati Sambhajinagar,2017,9,25.18,83.34,8.65
Chhatrapati Sambhajinagar,2017,10,23.85,73.0,2.38
Chhatrapati Sambhajinagar,2017,11,20.36,64.98,0.05
Chhatrapati Sambhajinagar,2017,12,20.17,49.34,0.01
Chhatrapati Sambhajinagar,2017,13,25.71,52.0,2.33
Chhatrapati Sambhajinagar,2018,1,21.07,29.37,0.0
Chhatrapati Sambhajinagar,2018,2,24.75,27.2,0.06
Chhatrapati Sambhajinagar,2018,3,28.85,22.66,0.05
Chhatrapati Sambhajinagar,2018,4,31.87,21.36,0.09
Chhatrapati Sambhajinagar,2018,5,33.9,27.44,0.01
Chhatrapati Sambhajinagar,2018,6,29.23,63.03,4.48
Chhatrapati Sambhajinagar,2018,7,25.54,79.12,4.54
Chhatrapati Sambhajinagar,2018,8,25.11,79.19,6.98
Chhatrapati Sambhajinagar,2018,9,24.99,74.37,1.5
Chhatrapati Sambhajinagar,2018,10,26.03,50.23,0.07
Chhatrapati Sambhajinagar,2018,11,24.04,40.68,0.4
Chhatrapati Sambhajinagar,2018,12,19.97,34.85,0.0
Chhatrapati Sambhajinagar,2018,13,26.28,45.9,1.53
Chhatrapati Sambhajinagar,2019,1,19.54,25.37,0.0
Chhatrapati Sambhajinagar,2019,2,23.45,28.06,0.01
Chhatrapati Sambhajinagar,2019,3,27.54,21.18,0.0
Chhatrapati Sambhajinagar,2019,4,32.16,20.63,0.13
Chhatrapati Sambhajinagar,2019,5,33.01,27.99,0.0
Chhatrapati Sambhajinagar,2019,6,31.39,51.34,3.38
Chhatrapati Sambhajinagar,2019,7,26.27,78.9,6.38
Chhatrapati Sambhajinagar,2019,8,25.17,83.02,4.94
Chhatrapati Sambhajinagar,2019,9,24.94,86.34,7.26
Chhatrapati Sambhajinagar,2019,10,23.47,84.59,4.66
Chhatrapati Sambhajinagar,2019,11,21.07,81.68,0.91
Chhatrapati Sambhajinagar,2019,12,19.59,76.86,0.15
Chhatrapati Sambhajinagar,2019,13,25.63,55.67,2.33
Chhatrapati Sambhajinagar,2020,1,19.18,63.5,0.03
Chhatrapati Sambhajinagar,2020,2,23.1,41.99,0.02
Chhatrapati Sambhajinagar,2020,3,26.7,35.83,1.05
Chhatrapati Sambhajinagar,2020,4,31.57,25.97,0.02
Chhatrapati Sambhajinagar,2020,5,33.67,30.51,0.41
Chhatrapati Sambhajinagar,2020,6,27.27,73.35,9.02
Chhatrapati Sambhajinagar,2020,7,26.04,82.79,8.78
Chhatrapati Sambhajinagar,2020,8,24.91,87.82,6.72
Chhatrapati Sambhajinagar,2020,9,25.12,87.55,8.87
Chhatrapati Sambhajinagar,2020,10,24.03,83.24,4.34
Chhatrapati Sambhajinagar,2020,11,20.68,76.69,0.13
Chhatrapati Sambhajinagar,2020,12,19.01,67.76,0.05
Chhatrapati Sambhajinagar,2020,13,25.11,63.17,3.29
Chhatrapati Sambhajinagar,2021,1,21.64,58.27,0.23
Chhatrapati Sambhajinagar,2021,2,23.2,31.83,0.11
Chhatrapati Sambhajinagar,2021,3,28.72,22.6,0.24
Chhatrapati Sambhajinagar,2021,4,31.37,24.43,0.12
Chhatrapati Sambhajinagar,2021,5,31.38,45.07,1.33
Chhatrapati Sambhajinagar,2021,6,27.4,73.19,5.34
Chhatrapati Sambhajinagar,2021,7,26.62,77.22,5.05
Chhatrapati Sambhajinagar,2021,8,25.94,78.04,4.39
Chhatrapati Sambhajinagar,2021,9,24.91,86.45,11.18
Chhatrapati Sambhajinagar,2021,10,23.2,80.26,3.08
Chhatrapati Sambhajinagar,2021,11,21.33,80.91,0.26
Chhatrapati Sambhajinagar,2021,12,18.88,72.45,0.43
Chhatrapati Sambhajinagar,2021,13,25.39,61.07,2.65
Chhatrapati Sambhajinagar,2022,1,18.87,60.51,0.06
Chhatrapati Sambhajinagar,2022,2,22.97,32.54,0.0
Chhatrapati Sambhajinagar,2022,3,28.93,22.4,0.18
Chhatrapati Sambhajinagar,2022,4,32.62,19.19,0.01
Chhatrapati Sambhajinagar,2022,5,33.2,34.76,0.06
Chhatrapati Sambhajinagar,2022,6,29.18,61.13,5.27
Chhatrapati Sambhajinagar,2022,7,25.12,84.29,8.93
Chhatrapati Sambhajinagar,2022,8,24.87,85.03,4.84
Chhatrapati Sambhajinagar,2022,9,24.74,87.15,6.65
Chhatrapati Sambhajinagar,2022,10,22.63,82.61,4.25
Chhatrapati Sambhajinagar,2022,11,19.27,74.25,0.0
Chhatrapati Sambhajinagar,2022,12,20.46,68.56,0.5
Chhatrapati Sambhajinagar,2022,13,25.24,59.58,2.58
Chhatrapati Sambhajinagar,2023,1,19.82,55.08,0.22
Chhatrapati Sambhajinagar,2023,2,23.84,20.91,0.0
Chhatrapati Sambhajinagar,2023,3,26.33,35.46,0.64
Chhatrapati Sambhajinagar,2023,4,29.49,36.81,1.83
Chhatrapati Sambhajinagar,2023,5,31.65,38.91,0.3
Chhatrapati Sambhajinagar,2023,6,30.57,51.11,1.37
Chhatrapati Sambhajinagar,2023,7,25.92,82.03,8.52
Chhatrapati Sambhajinagar,2023,8,25.5,79.02,1.96
Chhatrapati Sambhajinagar,2023,9,25.48,82.1,7.79
Chhatrapati Sambhajinagar,2023,10,23.8,71.12,0.03
Chhatrapati Sambhajinagar,2023,11,22.57,65.07,2.66
Chhatrapati Sambhajinagar,2023,12,19.94,66.54,0.32
Chhatrapati Sambhajinagar,2023,13,25.4,57.29,2.14
Jalna,1997,1,19.84,36.91,0.38
Jalna,1997,2,22.37,19.79,0.0
Jalna,1997,3,28.03,19.65,0.02
Jalna,1997,4,29.35,27.43,0.13
Jalna,1997,5,31.99,30.09,0.07
Jalna,1997,6,28.62,60.43,2.55
Jalna,1997,7,26.15,76.22,4.93
Jalna,1997,8,25.42,78.48,4.74
Jalna,1997,9,24.9,79.93,4.37
Jalna,1997,10,24.71,69.52,0.85
Jalna,1997,11,24.04,71.63,2.95
Jalna,1997,12,20.84,73.52,1.63
Jalna,1997,13,25.53,53.84,1.89
Jalna,1998,1,21.03,54.23,0.02
Jalna,1998,2,22.77,34.05,0.01
Jalna,1998,3,27.43,23.92,0.08
Jalna,1998,4,32.47,23.39,0.01
Jalna,1998,5,34.02,30.57,0.87
Jalna,1998,6,29.2,64.05,7.31
Jalna,1998,7,26.13,80.08,4.81
Jalna,1998,8,25.34,85.87,9.15
Jalna,1998,9,24.75,87.26,5.41
Jalna,1998,10,23.61,83.78,3.62
Jalna,1998,11,20.53,76.27,1.47
Jalna,1998,12,17.66,59.41,0.0
Jalna,1998,13,25.42,58.73,2.74
Jalna,1999,1,18.76,44.35,0.0
Jalna,1999,2,25.12,35.42,0.37
Jalna,1999,3,28.66,16.53,0.0
Jalna,1999,4,32.12,17.76,0.0
Jalna,1999,5,31.25,43.57,1.34
Jalna,1999,6,27.52,68.16,6.15
Jalna,1999,7,25.75,78.2,3.28
Jalna,1999,8,25.24,78.22,2.65
Jalna,1999,9,24.99,80.39,5.23
Jalna,1999,10,23.22,75.45,2.54
Jalna,1999,11,21.29,55.95,0.0
Jalna,1999,12,19.81,38.73,0.0
Jalna,1999,13,25.3,52.84,1.8
Jalna,2000,1,21.47,25.56,0.0
Jalna,2000,2,22.32,30.97,0.19
Jalna,2000,3,26.14,18.28,0.0
Jalna,2000,4,32.15,21.98,0.03
Jalna,2000,5,30.86,47.14,4.78
Jalna,2000,6,27.22,72.0,3.3
Jalna,2000,7,25.58,77.37,3.89
Jalna,2000,8,25.35,80.05,9.56
Jalna,2000,9,24.99,78.84,2.27
Jalna,2000,10,25.46,57.32,0.41
Jalna,2000,11,23.87,35.17,0.03
Jalna,2000,12,21.41,18.15,0.35
Jalna,2000,13,25.57,46.93,2.08
Jalna,2001,1,21.78,31.48,0.03
Jalna,2001,2,24.33,17.72,0.0
Jalna,2001,3,27.43,27.54,0.11
Jalna,2001,4,31.73,21.99,0.05
Jalna,2001,5,32.94,35.46,0.19
Jalna,2001,6,27.22,68.85,4.0
Jalna,2001,7,26.28,72.76,1.47
Jalna,2001,8,24.56,83.87,7.04
Jalna,2001,9,25.74,75.11,3.6
Jalna,2001,10,23.27,76.19,4.22
Jalna,2001,11,21.74,59.17,0.05
Jalna,2001,12,21.05,35.64,0.0
Jalna,2001,13,25.67,50.69,1.74
Jalna,2002,1,20.24,32.47,0.02
Jalna,2002,2,24.98,29.5,0.08
Jalna,2002,3,28.19,21.12,0.07
Jalna,2002,4,31.53,24.24,0.62
Jalna,2002,5,33.61,36.55,0.07
Jalna,2002,6,28.88,64.38,6.94
Jalna,2002,7,26.46,73.91,1.67
Jalna,2002,8,24.51,83.43,6.87
Jalna,2002,9,24.62,79.6,3.22
Jalna,2002,10,25.41,58.59,0.57
Jalna,2002,11,24.02,36.9,0.03
Jalna,2002,12,22.61,30.42,0.0
Jalna,2002,13,26.25,47.7,1.68
Jalna,2003,1,22.55,31.79,0.02
Jalna,2003,2,24.71,36.0,0.59
Jalna,2003,3,27.82,19.69,0.06
Jalna,2003,4,31.97,26.65,0.29
Jalna,2003,5,32.91,28.79,0.0
Jalna,2003,6,28.78,63.37,6.58
Jalna,2003,7,25.79,81.75,6.25
Jalna,2003,8,24.99,83.23,3.69
Jalna,2003,9,24.81,81.65,2.05
Jalna,2003,10,24.43,66.84,0.48
Jalna,2003,11,24.06,52.69,0.0
Jalna,2003,12,21.56,40.16,0.12
Jalna,2003,13,26.2,51.12,1.68
Jalna,2004,1,21.53,40.07,0.26
Jalna,2004,2,23.84,25.76,0.01
Jalna,2004,3,29.32,14.76,0.01
Jalna,2004,4,31.64,25.73,0.01
Jalna,2004,5,31.8,43.95,1.18
Jalna,2004,6,29.16,60.88,2.29
Jalna,2004,7,26.41,74.48,5.23
Jalna,2004,8,24.73,82.59,3.48
Jalna,2004,9,25.12,82.05,8.19
Jalna,2004,10,22.53,73.47,1.81
Jalna,2004,11,22.02,62.46,0.29
Jalna,2004,12,20.72,41.58,0.0
Jalna,2004,13,25.73,52.4,1.9
Jalna,2005,1,21.32,34.49,0.26
Jalna,2005,2,24.1,30.67,0.01
Jalna,2005,3,27.68,25.7,0.27
Jalna,2005,4,30.56,22.12,0.13
Jalna,2005,5,32.48,31.89,0.4
Jalna,2005,6,29.77,59.06,4.22
Jalna,2005,7,25.31,82.91,11.96
Jalna,2005,8,24.73,85.11,4.44
Jalna,2005,9,24.72,86.74,9.52
Jalna,2005,10,22.77,77.01,2.89
Jalna,2005,11,19.25,66.68,0.0
Jalna,2005,12,18.61,55.66,0.0
Jalna,2005,13,25.11,54.99,2.86
Jalna,2006,1,20.62,37.44,0.0
Jalna,2006,2,25.41,20.97,0.0
Jalna,2006,3,26.61,35.66,1.04
Jalna,2006,4,31.28,23.36,0.01
Jalna,2006,5,32.68,37.2,3.14
Jalna,2006,6,27.87,68.87,5.14
Jalna,2006,7,25.3,81.12,6.51
Jalna,2006,8,24.1,86.37,10.72
Jalna,2006,9,24.84,85.38,9.38
Jalna,2006,10,23.6,77.68,2.31
Jalna,2006,11,20.96,77.87,1.72
Jalna,2006,12,19.86,62.81,0.01
Jalna,2006,13,25.25,58.13,3.35
Jalna,2007,1,20.95,44.02,0.0
Jalna,2007,2,24.02,34.37,0.01
Jalna,2007,3,27.78,22.11,0.0
Jalna,2007,4,31.74,23.27,0.51
Jalna,2007,5,32.99,33.08,0.08
Jalna,2007,6,28.04,71.41,6.17
Jalna,2007,7,26.02,79.88,6.58
Jalna,2007,8,24.94,84.31,7.36
Jalna,2007,9,24.98,85.28,6.18
Jalna,2007,10,21.92,70.13,0.12
Jalna,2007,11,21.25,60.46,0.15
Jalna,2007,12,21.26,49.95,0.0
Jalna,2007,13,25.49,54.97,2.27
Jalna,2008,1,20.85,31.19,0.04
Jalna,2008,2,22.68,23.38,0.0
Jalna,2008,3,28.22,28.68,0.82
Jalna,2008,4,31.47,24.52,0.06
Jalna,2008,5,32.1,34.8,0.0
Jalna,2008,6,28.31,61.97,1.7
Jalna,2008,7,26.83,70.68,2.46
Jalna,2008,8,25.48,79.25,4.83
Jalna,2008,9,24.46,84.79,9.94
Jalna,2008,10,23.29,71.41,0.6
Jalna,2008,11,22.26,61.48,0.16
Jalna,2008,12,22.15,43.37,0.1
Jalna,2008,13,25.68,51.37,1.72
Jalna,2009,1,23.17,34.09,0.0
Jalna,2009,2,25.43,22.6,0.0
Jalna,2009,3,28.65,22.5,0.13
Jalna,2009,4,31.83,17.6,0.11
Jalna,2009,5,32.4,35.79,0.96
Jalna,2009,6,30.33,54.99,1.52
Jalna,2009,7,25.9,78.46,6.5
Jalna,2009,8,25.91,78.34,5.13
Jalna,2009,9,25.18,82.64,5.66
Jalna,2009,10,23.55,68.42,1.63
Jalna,2009,11,21.25,72.76,4.15
Jalna,2009,12,20.06,62.07,0.08
Jalna,2009,13,26.13,52.72,2.17
Jalna,2010,1,20.18,45.43,0.19
Jalna,2010,2,25.31,29.44,0.04
Jalna,2010,3,29.36,24.35,0.31
Jalna,2010,4,32.35,22.62,0.01
Jalna,2010,5,33.72,32.31,0.28
Jalna,2010,6,28.86,66.47,5.0
Jalna,2010,7,25.59,83.43,9.18
Jalna,2010,8,24.91,86.34,7.15
Jalna,2010,9,24.6,85.04,3.26
Jalna,2010,10,23.71,81.05,2.47
Jalna,2010,11,22.8,83.35,3.02
Jalna,2010,12,18.61,66.45,0.0
Jalna,2010,13,25.82,59.04,2.59
Jalna,2011,1,19.23,45.58,0.0
Jalna,2011,2,23.55,32.94,0.13
Jalna,2011,3,28.02,20.8,0.13
Jalna,2011,4,31.46,25.21,0.32
Jalna,2011,5,32.56,34.99,0.38
Jalna,2011,6,28.23,66.25,3.25
Jalna,2011,7,25.97,77.92,7.77
Jalna,2011,8,25.15,83.11,6.87
Jalna,2011,9,24.35,84.77,3.27
Jalna,2011,10,23.3,75.68,2.0
Jalna,2011,11,21.94,60.21,0.0
Jalna,2011,12,21.45,37.99,0.0
Jalna,2011,13,25.44,53.9,2.03
Jalna,2012,1,20.6,34.06,0.04
Jalna,2012,2,23.76,22.42,0.0
Jalna,2012,3,26.99,15.28,0.0
Jalna,2012,4,31.56,23.36,0.19
Jalna,2012,5,32.37,33.17,0.39
Jalna,2012,6,29.17,59.35,4.63
Jalna,2012,7,25.62,80.08,5.34
Jalna,2012,8,25.5,78.92,3.58
Jalna,2012,9,24.82,82.54,3.77
Jalna,2012,10,24.22,70.96,2.1
Jalna,2012,11,22.68,57.58,0.03
Jalna,2012,12,22.63,39.47,0.02
Jalna,2012,13,25.82,49.85,1.68
Jalna,2013,1,22.2,35.16,0.11
Jalna,2013,2,25.06,35.56,0.28
Jalna,2013,3,27.94,20.32,0.01
Jalna,2013,4,31.3,25.54,0.04
Jalna,2013,5,33.39,32.59,0.09
Jalna,2013,6,26.84,74.68,6.36
Jalna,2013,7,24.59,83.96,7.5
Jalna,2013,8,24.47,83.83,2.46
Jalna,2013,9,24.69,84.0,6.09
Jalna,2013,10,23.56,81.45,2.79
Jalna,2013,11,20.46,74.79,1.72
Jalna,2013,12,18.86,62.75,1.09
Jalna,2013,13,25.28,57.99,2.38
Jalna,2014,1,20.24,57.19,0.23
Jalna,2014,2,22.51,38.82,0.49
Jalna,2014,3,25.81,47.07,1.78
Jalna,2014,4,31.18,25.88,0.45
Jalna,2014,5,33.09,31.2,0.45
Jalna,2014,6,31.49,49.59,1.7
Jalna,2014,7,26.78,73.68,6.11
Jalna,2014,8,25.53,80.67,5.8
Jalna,2014,9,24.51,82.11,2.96
Jalna,2014,10,24.57,67.44,0.68
Jalna,2014,11,22.8,58.17,1.23
Jalna,2014,12,19.71,43.32,0.49
Jalna,2014,13,25.69,54.73,1.88
Jalna,2015,1,19.87,48.11,0.55
Jalna,2015,2,23.95,29.16,0.43
Jalna,2015,3,25.73,45.12,1.89
Jalna,2015,4,29.73,36.47,1.07
Jalna,2015,5,33.06,34.31,0.49
Jalna,2015,6,28.37,66.33,7.41
Jalna,2015,7,26.89,71.94,1.3
Jalna,2015,8,26.01,76.42,4.36
Jalna,2015,9,25.38,77.07,7.93
Jalna,2015,10,25.95,63.98,0.86
Jalna,2015,11,24.77,50.12,0.15
Jalna,2015,12,22.84,28.06,0.0
Jalna,2015,13,26.05,52.39,2.2
Jalna,2016,1,21.61,27.11,0.0
Jalna,2016,2,25.47,27.18,0.1
Jalna,2016,3,28.64,27.83,0.64
Jalna,2016,4,32.47,23.82,0.02
Jalna,2016,5,33.25,36.34,0.46
Jalna,2016,6,30.13,58.03,3.95
Jalna,2016,7,25.41,82.62,9.19
Jalna,2016,8,24.94,82.84,3.51
Jalna,2016,9,24.52,83.73,6.73
Jalna,2016,10,22.57,74.07,1.75
Jalna,2016,11,19.78,57.44,0.0
Jalna,2016,12,19.99,42.25,0.0
Jalna,2016,13,25.72,52.03,2.2
Jalna,2017,1,20.8,32.91,0.0
Jalna,2017,2,24.9,24.67,0.0
Jalna,2017,3,27.73,20.8,0.07
Jalna,2017,4,31.47,19.57,0.0
Jalna,2017,5,33.75,29.36,0.1
Jalna,2017,6,28.42,69.68,5.84
Jalna,2017,7,26.25,76.51,4.29
Jalna,2017,8,25.7,78.12,6.55
Jalna,2017,9,25.18,83.34,8.65
Jalna,2017,10,23.85,73.0,2.38
Jalna,2017,11,20.36,64.98,0.05
Jalna,2017,12,20.17,49.34,0.01
Jalna,2017,13,25.71,52.0,2.33
Jalna,2018,1,21.07,29.37,0.0
Jalna,2018,2,24.75,27.2,0.06
Jalna,2018,3,28.85,22.66,0.05
Jalna,2018,4,31.87,21.36,0.09
Jalna,2018,5,33.9,27.44,0.01
Jalna,2018,6,29.23,63.03,4.48
Jalna,2018,7,25.54,79.12,4.54
Jalna,2018,8,25.11,79.19,6.98
Jalna,2018,9,24.99,74.37,1.5
Jalna,2018,10,26.03,50.23,0.07
Jalna,2018,11,24.04,40.68,0.4
Jalna,2018,12,19.97,34.85,0.0
Jalna,2018,13,26.28,45.9,1.53
Jalna,2019,1,19.54,25.37,0.0
Jalna,2019,2,23.45,28.06,0.01
Jalna,2019,3,27.54,21.18,0.0
Jalna,2019,4,32.16,20.63,0.13
Jalna,2019,5,33.01,27.99,0.0
Jalna,2019,6,31.39,51.34,3.38
Jalna,2019,7,26.27,78.9,6.38
Jalna,2019,8,25.17,83.02,4.94
Jalna,2019,9,24.94,86.34,7.26
Jalna,2019,10,23.47,84.59,4.66
Jalna,2019,11,21.07,81.68,0.91
Jalna,2019,12,19.59,76.86,0.15
Jalna,2019,13,25.63,55.67,2.33
Jalna,2020,1,19.18,63.5,0.03
Jalna,2020,2,23.1,41.99,0.02
Jalna,2020,3,26.7,35.83,1.05
Jalna,2020,4,31.57,25.97,0.02
Jalna,2020,5,33.67,30.51,0.41
Jalna,2020,6,27.27,73.35,9.02
Jalna,2020,7,26.04,82.79,8.78
Jalna,2020,8,24.91,87.82,6.72
Jalna,2020,9,25.12,87.55,8.87
Jalna,2020,10,24.03,83.24,4.34
Jalna,2020,11,20.68,76.69,0.13
Jalna,2020,12,19.01,67.76,0.05
Jalna,2020,13,25.11,63.17,3.29
Jalna,2021,1,21.64,58.27,0.23
Jalna,2021,2,23.2,31.83,0.11
Jalna,2021,3,28.72,22.6,0.24
Jalna,2021,4,31.37,24.43,0.12
Jalna,2021,5,31.38,45.07,1.33
Jalna,2021,6,27.4,73.19,5.34
Jalna,2021,7,26.62,77.22,5.05
Jalna,2021,8,25.94,78.04,4.39
Jalna,2021,9,24.91,86.45,11.18
Jalna,2021,10,23.2,80.26,3.08
Jalna,2021,11,21.33,80.91,0.26
Jalna,2021,12,18.88,72.45,0.43
Jalna,2021,13,25.39,61.07,2.65
Jalna,2022,1,18.87,60.51,0.06
Jalna,2022,2,22.97,32.54,0.0
Jalna,2022,3,28.93,22.4,0.18
Jalna,2022,4,32.62,19.19,0.01
Jalna,2022,5,33.2,34.76,0.06
Jalna,2022,6,29.18,61.13,5.27
Jalna,2022,7,25.12,84.29,8.93
Jalna,2022,8,24.87,85.03,4.84
Jalna,2022,9,24.74,87.15,6.65
Jalna,2022,10,22.63,82.61,4.25
Jalna,2022,11,19.27,74.25,0.0
Jalna,2022,12,20.46,68.56,0.5
Jalna,2022,13,25.24,59.58,2.58
Jalna,2023,1,19.82,55.08,0.22
Jalna,2023,2,23.84,20.91,0.0
Jalna,2023,3,26.33,35.46,0.64
Jalna,2023,4,29.49,36.81,1.83
Jalna,2023,5,31.65,38.91,0.3
Jalna,2023,6,30.57,51.11,1.37
Jalna,2023,7,25.92,82.03,8.52
Jalna,2023,8,25.5,79.02,1.96
Jalna,2023,9,25.48,82.1,7.79
Jalna,2023,10,23.8,71.12,0.03
Jalna,2023,11,22.57,65.07,2.66
Jalna,2023,12,19.94,66.54,0.32
Jalna,2023,13,25.4,57.29,2.14
Parbhani,1997,1,19.83,47.46,1.08
Parbhani,1997,2,23.35,19.88,0.0
Parbhani,1997,3,29.62,18.98,0.11
Parbhani,1997,4,30.91,27.18,0.38
Parbhani,1997,5,33.98,26.06,0.2
Parbhani,1997,6,29.89,57.06,5.0
Parbhani,1997,7,26.76,75.72,5.08
Parbhani,1997,8,26.28,76.91,6.03
Parbhani,1997,9,25.74,79.99,2.95
Parbhani,1997,10,25.48,69.29,1.37
Parbhani,1997,11,24.53,73.88,3.39
Parbhani,1997,12,21.96,74.45,0.94
Parbhani,1997,13,26.54,54.12,2.22
Parbhani,1998,1,22.34,54.51,0.02
Parbhani,1998,2,24.1,34.81,0.27
Parbhani,1998,3,28.92,23.64,0.19
Parbhani,1998,4,34.64,19.99,0.03
Parbhani,1998,5,36.16,26.09,0.48
Parbhani,1998,6,30.79,58.75,5.92
Parbhani,1998,7,27.2,76.96,7.31
Parbhani,1998,8,26.14,85.13,8.32
Parbhani,1998,9,25.25,88.18,8.27
Parbhani,1998,10,24.27,85.34,4.64
Parbhani,1998,11,21.19,77.94,1.41
Parbhani,1998,12,17.95,60.61,0.0
Parbhani,1998,13,26.58,57.81,3.09
Parbhani,1999,1,19.2,47.26,0.0
Parbhani,1999,2,25.83,36.8,0.36
Parbhani,1999,3,29.94,15.18,0.0
Parbhani,1999,4,33.73,12.84,0.01
Parbhani,1999,5,33.51,36.72,1.01
Parbhani,1999,6,28.64,64.63,6.1
Parbhani,1999,7,26.5,76.89,4.46
Parbhani,1999,8,25.48,81.25,5.52
Parbhani,1999,9,25.04,83.96,6.51
Parbhani,1999,10,23.4,81.32,3.45
Parbhani,1999,11,20.63,65.57,0.0
Parbhani,1999,12,19.08,49.4,0.0
Parbhani,1999,13,25.9,54.44,2.29
Parbhani,2000,1,22.11,28.49,0.0
Parbhani,2000,2,23.34,34.28,0.87
Parbhani,2000,3,27.39,17.4,0.01
Parbhani,2000,4,33.92,17.31,0.03
Parbhani,2000,5,32.8,40.27,2.81
Parbhani,2000,6,28.11,69.67,3.87
Parbhani,2000,7,26.2,77.46,6.1
Parbhani,2000,8,25.89,81.42,9.41
Parbhani,2000,9,25.61,80.04,1.93
Parbhani,2000,10,26.04,60.34,0.41
Parbhani,2000,11,24.12,40.79,0.01
Parbhani,2000,12,21.8,18.23,0.38
Parbhani,2000,13,26.44,47.16,2.17
Parbhani,2001,1,22.38,33.98,0.26
Parbhani,2001,2,25.55,16.36,0.0
Parbhani,2001,3,29.28,26.86,0.46
Parbhani,2001,4,32.72,25.78,0.4
Parbhani,2001,5,34.8,29.93,0.47
Parbhani,2001,6,28.11,66.81,5.2
Parbhani,2001,7,27.25,70.7,2.77
Parbhani,2001,8,25.14,84.12,6.9
Parbhani,2001,9,26.26,76.6,5.02
Parbhani,2001,10,23.78,79.66,4.81
Parbhani,2001,11,21.93,65.97,0.01
Parbhani,2001,12,20.61,42.4,0.0
Parbhani,2001,13,26.48,51.81,2.2
Parbhani,2002,1,21.09,35.46,0.19
Parbhani,2002,2,26.29,30.56,0.09
Parbhani,2002,3,29.67,19.35,0.09
Parbhani,2002,4,33.27,20.59,0.46
Parbhani,2002,5,35.54,31.03,0.76
Parbhani,2002,6,29.65,63.41,7.21
Parbhani,2002,7,27.51,71.69,2.81
Parbhani,2002,8,25.19,83.8,8.69
Parbhani,2002,9,25.28,80.12,3.17
Parbhani,2002,10,24.95,66.53,1.36
Parbhani,2002,11,23.53,44.17,0.04
Parbhani,2002,12,23.28,31.98,0.0
Parbhani,2002,13,27.1,48.33,2.08
Parbhani,2003,1,23.34,30.31,0.02
Parbhani,2003,2,26.44,33.46,0.51
Parbhani,2003,3,29.24,22.24,0.46
Parbhani,2003,4,33.77,24.84,0.5
Parbhani,2003,5,34.94,21.02,0.0
Parbhani,2003,6,30.3,58.16,5.8
Parbhani,2003,7,26.39,80.76,7.58
Parbhani,2003,8,25.59,83.21,5.66
Parbhani,2003,9,25.44,82.62,2.4
Parbhani,2003,10,24.44,74.26,0.92
Parbhani,2003,11,23.13,62.16,0.01
Parbhani,2003,12,21.39,47.18,0.16
Parbhani,2003,13,27.03,51.78,2.01
Parbhani,2004,1,22.13,44.88,0.5
Parbhani,2004,2,24.29,29.11,0.12
Parbhani,2004,3,30.65,15.81,0.11
Parbhani,2004,4,33.31,22.63,0.17
Parbhani,2004,5,32.84,43.22,1.53
Parbhani,2004,6,30.13,58.96,2.79
Parbhani,2004,7,27.06,74.27,6.85
Parbhani,2004,8,25.55,81.35,3.09
Parbhani,2004,9,25.95,81.04,6.36
Parbhani,2004,10,23.43,72.65,1.82
Parbhani,2004,11,22.89,60.25,0.5
Parbhani,2004,12,21.57,37.06,0.0
Parbhani,2004,13,26.65,51.85,1.99
Parbhani,2005,1,22.54,35.99,0.94
Parbhani,2005,2,24.98,36.3,0.03
Parbhani,2005,3,29.0,25.98,0.54
Parbhani,2005,4,32.03,25.41,0.3
Parbhani,2005,5,34.76,25.43,0.43
Parbhani,2005,6,31.54,52.58,2.85
Parbhani,2005,7,26.31,80.12,12.41
Parbhani,2005,8,25.5,84.94,6.17
Parbhani,2005,9,25.5,86.26,8.0
Parbhani,2005,10,23.51,79.48,3.37
Parbhani,2005,11,19.22,70.69,0.0
Parbhani,2005,12,18.71,59.74,0.03
Parbhani,2005,13,26.13,55.36,2.95
Parbhani,2006,1,20.76,42.08,0.0
Parbhani,2006,2,26.08,23.06,0.0
Parbhani,2006,3,27.24,41.75,2.19
Parbhani,2006,4,32.67,24.37,0.21
Parbhani,2006,5,34.08,35.51,2.82
Parbhani,2006,6,28.8,66.85,5.5
Parbhani,2006,7,26.02,80.33,7.89
Parbhani,2006,8,24.97,85.55,12.31
Parbhani,2006,9,25.35,85.78,10.06
Parbhani,2006,10,24.34,78.81,1.42
Parbhani,2006,11,21.42,78.11,1.32
Parbhani,2006,12,20.37,63.93,0.0
Parbhani,2006,13,26.0,59.08,3.67
Parbhani,2007,1,21.61,43.66,0.0
Parbhani,2007,2,25.25,30.84,0.0
Parbhani,2007,3,29.41,20.94,0.01
Parbhani,2007,4,33.19,20.84,0.37
Parbhani,2007,5,35.27,26.15,0.1
Parbhani,2007,6,29.31,67.39,5.3
Parbhani,2007,7,27.01,76.95,6.24
Parbhani,2007,8,25.67,83.34,7.99
Parbhani,2007,9,25.47,85.81,7.98
Parbhani,2007,10,22.37,72.7,0.16
Parbhani,2007,11,21.17,63.5,0.22
Parbhani,2007,12,21.44,53.56,0.0
Parbhani,2007,13,26.43,53.93,2.37
Parbhani,2008,1,21.74,32.72,0.16
Parbhani,2008,2,24.03,26.44,0.12
Parbhani,2008,3,29.01,33.41,1.29
Parbhani,2008,4,32.57,24.77,0.11
Parbhani,2008,5,34.35,25.62,0.07
Parbhani,2008,6,29.26,59.52,2.62
Parbhani,2008,7,27.65,69.01,3.53
Parbhani,2008,8,26.07,79.97,6.32
Parbhani,2008,9,25.06,84.76,9.52
Parbhani,2008,10,23.75,74.36,0.78
Parbhani,2008,11,22.19,66.7,0.39
Parbhani,2008,12,22.01,48.71,0.06
Parbhani,2008,13,26.48,52.23,2.08
Parbhani,2009,1,23.75,36.45,0.0
Parbhani,2009,2,26.73,22.35,0.0
Parbhani,2009,3,29.88,20.6,0.18
Parbhani,2009,4,33.17,15.88,0.12
Parbhani,2009,5,33.79,33.14,1.35
Parbhani,2009,6,31.66,51.82,3.78
Parbhani,2009,7,26.57,78.47,7.01
Parbhani,2009,8,26.6,78.63,5.35
Parbhani,2009,9,26.14,81.2,4.71
Parbhani,2009,10,24.12,69.76,2.23
Parbhani,2009,11,22.19,70.5,2.7
Parbhani,2009,12,21.2,59.52,0.18
Parbhani,2009,13,27.14,51.73,2.31
Parbhani,2010,1,20.87,42.84,0.54
Parbhani,2010,2,26.9,32.37,0.31
Parbhani,2010,3,30.83,22.73,0.21
Parbhani,2010,4,34.07,19.39,0.06
Parbhani,2010,5,35.66,27.09,0.16
Parbhani,2010,6,30.51,60.33,5.53
Parbhani,2010,7,25.99,84.01,10.38
Parbhani,2010,8,25.48,87.25,9.98
Parbhani,2010,9,25.12,86.14,5.08
Parbhani,2010,10,24.02,82.41,1.98
Parbhani,2010,11,23.33,83.87,1.74
Parbhani,2010,12,19.16,68.41,0.03
Parbhani,2010,13,26.81,58.23,3.02
Parbhani,2011,1,19.84,48.02,0.0
Parbhani,2011,2,24.41,35.57,0.22
Parbhani,2011,3,29.45,21.19,0.16
Parbhani,2011,4,32.76,27.5,0.49
Parbhani,2011,5,34.66,28.87,0.34
Parbhani,2011,6,29.43,62.55,3.43
Parbhani,2011,7,26.76,77.3,9.01
Parbhani,2011,8,25.74,83.52,6.55
Parbhani,2011,9,25.13,84.61,4.57
Parbhani,2011,10,23.94,77.48,1.37
Parbhani,2011,11,22.24,62.09,0.0
Parbhani,2011,12,21.57,41.34,0.0
Parbhani,2011,13,26.33,54.27,2.2
Parbhani,2012,1,22.05,33.83,0.13
Parbhani,2012,2,25.17,22.76,0.0
Parbhani,2012,3,28.32,13.79,0.0
Parbhani,2012,4,33.42,20.86,0.17
Parbhani,2012,5,34.8,25.3,0.24
Parbhani,2012,6,30.36,56.59,4.65
Parbhani,2012,7,26.09,80.5,7.44
Parbhani,2012,8,26.01,80.26,4.61
Parbhani,2012,9,25.55,83.72,5.98
Parbhani,2012,10,23.91,76.45,1.82
Parbhani,2012,11,22.47,67.75,0.19
Parbhani,2012,12,22.43,46.87,0.06
Parbhani,2012,13,26.71,50.81,2.11
Parbhani,2013,1,23.02,39.56,0.44
Parbhani,2013,2,25.82,37.08,0.38
Parbhani,2013,3,29.5,20.95,0.03
Parbhani,2013,4,33.22,24.88,0.35
Parbhani,2013,5,35.64,26.3,0.26
Parbhani,2013,6,27.63,73.73,8.42
Parbhani,2013,7,25.12,84.99,12.88
Parbhani,2013,8,25.11,85.08,3.23
Parbhani,2013,9,25.45,83.97,5.13
Parbhani,2013,10,24.32,82.35,2.95
Parbhani,2013,11,20.76,77.36,0.79
Parbhani,2013,12,19.68,62.25,0.39
Parbhani,2013,13,26.27,58.31,2.95
Parbhani,2014,1,21.82,53.26,0.08
Parbhani,2014,2,23.96,36.22,0.77
Parbhani,2014,3,26.53,50.71,2.11
Parbhani,2014,4,33.03,24.66,0.41
Parbhani,2014,5,34.47,30.87,0.8
Parbhani,2014,6,33.22,43.89,1.78
Parbhani,2014,7,27.7,71.5,7.28
Parbhani,2014,8,26.62,78.19,5.36
Parbhani,2014,9,25.16,81.4,3.95
Parbhani,2014,10,25.07,68.57,0.73
Parbhani,2014,11,23.56,55.46,0.62
Parbhani,2014,12,20.73,40.33,0.57
Parbhani,2014,13,26.82,53.08,2.05
Parbhani,2015,1,20.51,46.87,0.52
Parbhani,2015,2,24.98,28.82,0.55
Parbhani,2015,3,27.26,42.33,1.15
Parbhani,2015,4,30.65,36.85,1.8
Parbhani,2015,5,34.91,29.0,0.34
Parbhani,2015,6,29.57,62.81,5.77
Parbhani,2015,7,28.19,68.23,2.65
Parbhani,2015,8,26.45,78.67,7.65
Parbhani,2015,9,26.08,78.84,4.8
Parbhani,2015,10,26.8,63.13,0.5
Parbhani,2015,11,25.84,48.37,0.03
Parbhani,2015,12,24.01,30.32,0.0
Parbhani,2015,13,27.11,51.31,2.15
Parbhani,2016,1,22.64,27.41,0.0
Parbhani,2016,2,27.06,26.48,0.07
Parbhani,2016,3,30.3,26.3,0.42
Parbhani,2016,4,34.73,20.64,0.09
Parbhani,2016,5,35.5,31.03,0.34
Parbhani,2016,6,31.26,55.46,4.48
Parbhani,2016,7,26.29,81.15,10.07
Parbhani,2016,8,25.84,81.36,2.52
Parbhani,2016,9,25.26,83.69,6.94
Parbhani,2016,10,23.16,75.15,1.77
Parbhani,2016,11,20.34,60.03,0.0
Parbhani,2016,12,20.29,44.24,0.0
Parbhani,2016,13,26.88,51.17,2.23
Parbhani,2017,1,21.5,33.29,0.0
Parbhani,2017,2,25.69,23.72,0.0
Parbhani,2017,3,29.0,20.68,0.13
Parbhani,2017,4,33.29,15.32,0.0
Parbhani,2017,5,35.94,24.08,0.11
Parbhani,2017,6,29.69,65.18,4.93
Parbhani,2017,7,27.38,73.19,4.93
Parbhani,2017,8,26.6,77.0,5.63
Parbhani,2017,9,26.27,80.77,3.63
Parbhani,2017,10,25.26,71.61,2.49
Parbhani,2017,11,22.92,56.86,0.02
Parbhani,2017,12,21.94,36.6,0.0
Parbhani,2017,13,27.13,48.32,1.83
Parbhani,2018,1,21.8,26.03,0.0
Parbhani,2018,2,25.51,28.27,0.14
Parbhani,2018,3,29.89,21.75,0.12
Parbhani,2018,4,33.61,19.8,0.1
Parbhani,2018,5,36.02,22.97,0.32
Parbhani,2018,6,29.14,66.92,6.79
Parbhani,2018,7,26.11,79.1,5.25
Parbhani,2018,8,25.8,79.29,8.44
Parbhani,2018,9,25.57,76.33,1.05
Parbhani,2018,10,26.34,54.8,0.04
Parbhani,2018,11,25.16,40.51,0.11
Parbhani,2018,12,21.04,38.74,0.11
Parbhani,2018,13,27.17,46.31,1.89
Parbhani,2019,1,20.46,29.3,0.03
Parbhani,2019,2,24.85,27.52,0.02
Parbhani,2019,3,29.18,20.42,0.02
Parbhani,2019,4,34.01,17.9,0.11
Parbhani,2019,5,35.46,21.44,0.02
Parbhani,2019,6,33.07,46.66,2.45
Parbhani,2019,7,27.45,74.4,5.85
Parbhani,2019,8,26.24,80.67,4.53
Parbhani,2019,9,25.89,84.04,5.24
Parbhani,2019,10,24.6,82.3,4.11
Parbhani,2019,11,22.3,77.48,0.38
Parbhani,2019,12,21.21,68.94,0.17
Parbhani,2019,13,27.06,52.75,1.92
Parbhani,2020,1,21.32,57.27,0.27
Parbhani,2020,2,24.51,39.84,0.11
Parbhani,2020,3,28.67,33.89,0.82
Parbhani,2020,4,33.42,24.7,0.12
Parbhani,2020,5,35.61,25.44,0.25
Parbhani,2020,6,28.53,69.18,7.57
Parbhani,2020,7,26.87,80.77,6.64
Parbhani,2020,8,25.99,84.19,4.84
Parbhani,2020,9,26.22,83.99,4.87
Parbhani,2020,10,24.9,81.73,2.49
Parbhani,2020,11,22.0,70.29,0.05
Parbhani,2020,12,20.95,57.03,0.0
Parbhani,2020,13,26.58,59.1,2.34
Parbhani,2021,1,23.8,45.2,0.03
Parbhani,2021,2,24.51,27.73,0.13
Parbhani,2021,3,29.61,22.17,0.28
Parbhani,2021,4,32.72,22.5,0.13
Parbhani,2021,5,33.07,39.91,0.83
Parbhani,2021,6,28.08,72.03,6.8
Parbhani,2021,7,26.91,80.44,10.87
Parbhani,2021,8,26.36,81.39,3.96
Parbhani,2021,9,25.43,87.13,11.19
Parbhani,2021,10,23.93,81.06,3.05
Parbhani,2021,11,21.81,82.89,0.13
Parbhani,2021,12,19.37,72.16,0.2
Parbhani,2021,13,26.31,59.74,3.14
Parbhani,2022,1,19.54,62.82,0.37
Parbhani,2022,2,23.75,36.58,0.0
Parbhani,2022,3,30.03,21.0,0.02
Parbhani,2022,4,34.25,18.65,0.05
Parbhani,2022,5,34.76,30.61,0.47
Parbhani,2022,6,30.18,60.29,5.65
Parbhani,2022,7,25.58,86.18,17.9
Parbhani,2022,8,25.55,85.78,4.33
Parbhani,2022,9,25.47,86.49,6.9
Parbhani,2022,10,23.37,83.53,3.47
Parbhani,2022,11,19.79,75.09,0.0
Parbhani,2022,12,21.14,69.68,0.15
Parbhani,2022,13,26.12,59.91,3.3
Parbhani,2023,1,21.33,52.21,0.01
Parbhani,2023,2,24.79,21.19,0.0
Parbhani,2023,3,28.0,30.19,0.35
Parbhani,2023,4,31.04,35.2,1.62
Parbhani,2023,5,33.18,37.84,1.0
Parbhani,2023,6,32.68,43.82,1.3
Parbhani,2023,7,26.64,81.26,14.52
Parbhani,2023,8,26.0,81.41,2.44
Parbhani,2023,9,25.92,84.05,5.57
Parbhani,2023,10,24.25,73.44,0.04
Parbhani,2023,11,22.97,68.62,2.25
Parbhani,2023,12,20.48,65.49,0.05
Parbhani,2023,13,26.43,56.5,2.45
Hingoli,1997,1,19.83,47.46,1.08
Hingoli,1997,2,23.35,19.88,0.0
Hingoli,1997,3,29.62,18.98,0.11
Hingoli,1997,4,30.91,27.18,0.38
Hingoli,1997,5,33.98,26.06,0.2
Hingoli,1997,6,29.89,57.06,5.0
Hingoli,1997,7,26.76,75.72,5.08
Hingoli,1997,8,26.28,76.91,6.03
Hingoli,1997,9,25.74,79.99,2.95
Hingoli,1997,10,25.48,69.29,1.37
Hingoli,1997,11,24.53,73.88,3.39
Hingoli,1997,12,21.96,74.45,0.94
Hingoli,1997,13,26.54,54.12,2.22
Hingoli,1998,1,22.34,54.51,0.02
Hingoli,1998,2,24.1,34.81,0.27
Hingoli,1998,3,28.92,23.64,0.19
Hingoli,1998,4,34.64,19.99,0.03
Hingoli,1998,5,36.16,26.09,0.48
Hingoli,1998,6,30.79,58.75,5.92
Hingoli,1998,7,27.2,76.96,7.31
Hingoli,1998,8,26.14,85.13,8.32
Hingoli,1998,9,25.25,88.18,8.27
Hingoli,1998,10,24.27,85.34,4.64
Hingoli,1998,11,21.19,77.94,1.41
Hingoli,1998,12,17.95,60.61,0.0
Hingoli,1998,13,26.58,57.81,3.09
Hingoli,1999,1,19.2,47.26,0.0
Hingoli,1999,2,25.83,36.8,0.36
Hingoli,1999,3,29.94,15.18,0.0
Hingoli,1999,4,33.73,12.84,0.01
Hingoli,1999,5,33.51,36.72,1.01
Hingoli,1999,6,28.64,64.63,6.1
Hingoli,1999,7,26.5,76.89,4.46
Hingoli,1999,8,25.48,81.25,5.52
Hingoli,1999,9,25.04,83.96,6.51
Hingoli,1999,10,23.4,81.32,3.45
Hingoli,1999,11,20.63,65.57,0.0
Hingoli,1999,12,19.08,49.4,0.0
Hingoli,1999,13,25.9,54.44,2.29
Hingoli,2000,1,22.11,28.49,0.0
Hingoli,2000,2,23.34,34.28,0.87
Hingoli,2000,3,27.39,17.4,0.01
Hingoli,2000,4,33.92,17.31,0.03
Hingoli,2000,5,32.8,40.27,2.81
Hingoli,2000,6,28.11,69.67,3.87
Hingoli,2000,7,26.2,77.46,6.1
Hingoli,2000,8,25.89,81.42,9.41
Hingoli,2000,9,25.61,80.04,1.93
Hingoli,2000,10,26.04,60.34,0.41
Hingoli,2000,11,24.12,40.79,0.01
Hingoli,2000,12,21.8,18.23,0.38
Hingoli,2000,13,26.44,47.16,2.17
Hingoli,2001,1,22.38,33.98,0.26
Hingoli,2001,2,25.55,16.36,0.0
Hingoli,2001,3,29.28,26.86,0.46
Hingoli,2001,4,32.72,25.78,0.4
Hingoli,2001,5,34.8,29.93,0.47
Hingoli,2001,6,28.11,66.81,5.2
Hingoli,2001,7,27.25,70.7,2.77
Hingoli,2001,8,25.14,84.12,6.9
Hingoli,2001,9,26.26,76.6,5.02
Hingoli,2001,10,23.78,79.66,4.81
Hingoli,2001,11,21.93,65.97,0.01
Hingoli,2001,12,20.61,42.4,0.0
Hingoli,2001,13,26.48,51.81,2.2
Hingoli,2002,1,21.09,35.46,0.19
Hingoli,2002,2,26.29,30.56,0.09
Hingoli,2002,3,29.67,19.35,0.09
Hingoli,2002,4,33.27,20.59,0.46
Hingoli,2002,5,35.54,31.03,0.76
Hingoli,2002,6,29.65,63.41,7.21
Hingoli,2002,7,27.51,71.69,2.81
Hingoli,2002,8,25.19,83.8,8.69
Hingoli,2002,9,25.28,80.12,3.17
Hingoli,2002,10,24.95,66.53,1.36
Hingoli,2002,11,23.53,44.17,0.04
Hingoli,2002,12,23.28,31.98,0.0
Hingoli,2002,13,27.1,48.33,2.08
Hingoli,2003,1,23.34,30.31,0.02
Hingoli,2003,2,26.44,33.46,0.51
Hingoli,2003,3,29.24,22.24,0.46
Hingoli,2003,4,33.77,24.84,0.5
Hingoli,2003,5,34.94,21.02,0.0
Hingoli,2003,6,30.3,58.16,5.8
Hingoli,2003,7,26.39,80.76,7.58
Hingoli,2003,8,25.59,83.21,5.66
Hingoli,2003,9,25.44,82.62,2.4
Hingoli,2003,10,24.44,74.26,0.92
Hingoli,2003,11,23.13,62.16,0.01
Hingoli,2003,12,21.39,47.18,0.16
Hingoli,2003,13,27.03,51.78,2.01
Hingoli,2004,1,22.13,44.88,0.5
Hingoli,2004,2,24.29,29.11,0.12
Hingoli,2004,3,30.65,15.81,0.11
Hingoli,2004,4,33.31,22.63,0.17
Hingoli,2004,5,32.84,43.22,1.53
Hingoli,2004,6,30.13,58.96,2.79
Hingoli,2004,7,27.06,74.27,6.85
Hingoli,2004,8,25.55,81.35,3.09
Hingoli,2004,9,25.95,81.04,6.36
Hingoli,2004,10,23.43,72.65,1.82
Hingoli,2004,11,22.89,60.25,0.5
Hingoli,2004,12,21.57,37.06,0.0
Hingoli,2004,13,26.65,51.85,1.99
Hingoli,2005,1,22.54,35.99,0.94
Hingoli,2005,2,24.98,36.3,0.03
Hingoli,2005,3,29.0,25.98,0.54
Hingoli,2005,4,32.03,25.41,0.3
Hingoli,2005,5,34.76,25.43,0.43
Hingoli,2005,6,31.54,52.58,2.85
Hingoli,2005,7,26.31,80.12,12.41
Hingoli,2005,8,25.5,84.94,6.17
Hingoli,2005,9,25.5,86.26,8.0
Hingoli,2005,10,23.51,79.48,3.37
Hingoli,2005,11,19.22,70.69,0.0
Hingoli,2005,12,18.71,59.74,0.03
Hingoli,2005,13,26.13,55.36,2.95
Hingoli,2006,1,20.76,42.08,0.0
Hingoli,2006,2,26.08,23.06,0.0
Hingoli,2006,3,27.24,41.75,2.19
Hingoli,2006,4,32.67,24.37,0.21
Hingoli,2006,5,34.08,35.51,2.82
Hingoli,2006,6,28.8,66.85,5.5
Hingoli,2006,7,26.02,80.33,7.89
Hingoli,2006,8,24.97,85.55,12.31
Hingoli,2006,9,25.35,85.78,10.06
Hingoli,2006,10,24.34,78.81,1.42
Hingoli,2006,11,21.42,78.11,1.32
Hingoli,2006,12,20.37,63.93,0.0
Hingoli,2006,13,26.0,59.08,3.67
Hingoli,2007,1,21.61,43.66,0.0
Hingoli,2007,2,25.25,30.84,0.0
Hingoli,2007,3,29.41,20.94,0.01
Hingoli,2007,4,33.19,20.84,0.37
Hingoli,2007,5,35.27,26.15,0.1
Hingoli,2007,6,29.31,67.39,5.3
Hingoli,2007,7,27.01,76.95,6.24
Hingoli,2007,8,25.67,83.34,7.99
Hingoli,2007,9,25.47,85.81,7.98
Hingoli,2007,10,22.37,72.7,0.16
Hingoli,2007,11,21.17,63.5,0.22
Hingoli,2007,12,21.44,53.56,0.0
Hingoli,2007,13,26.43,53.93,2.37
Hingoli,2008,1,21.74,32.72,0.16
Hingoli,2008,2,24.03,26.44,0.12
Hingoli,2008,3,29.01,33.41,1.29
Hingoli,2008,4,32.57,24.77,0.11
Hingoli,2008,5,34.35,25.62,0.07
Hingoli,2008,6,29.26,59.52,2.62
Hingoli,2008,7,27.65,69.01,3.53
Hingoli,2008,8,26.07,79.97,6.32
Hingoli,2008,9,25.06,84.76,9.52
Hingoli,2008,10,23.75,74.36,0.78
Hingoli,2008,11,22.19,66.7,0.39
Hingoli,2008,12,22.01,48.71,0.06
Hingoli,2008,13,26.48,52.23,2.08
Hingoli,2009,1,23.75,36.45,0.0
Hingoli,2009,2,26.73,22.35,0.0
Hingoli,2009,3,29.88,20.6,0.18
Hingoli,2009,4,33.17,15.88,0.12
Hingoli,2009,5,33.79,33.14,1.35
Hingoli,2009,6,31.66,51.82,3.78
Hingoli,2009,7,26.57,78.47,7.01
Hingoli,2009,8,26.6,78.63,5.35
Hingoli,2009,9,26.14,81.2,4.71
Hingoli,2009,10,24.12,69.76,2.23
Hingoli,2009,11,22.19,70.5,2.7
Hingoli,2009,12,21.2,59.52,0.18
Hingoli,2009,13,27.14,51.73,2.31
Hingoli,2010,1,20.87,42.84,0.54
Hingoli,2010,2,26.9,32.37,0.31
Hingoli,2010,3,30.83,22.73,0.21
Hingoli,2010,4,34.07,19.39,0.06
Hingoli,2010,5,35.66,27.09,0.16
Hingoli,2010,6,30.51,60.33,5.53
Hingoli,2010,7,25.99,84.01,10.38
Hingoli,2010,8,25.48,87.25,9.98
Hingoli,2010,9,25.12,86.14,5.08
Hingoli,2010,10,24.02,82.41,1.98
Hingoli,2010,11,23.33,83.87,1.74
Hingoli,2010,12,19.16,68.41,0.03
Hingoli,2010,13,26.81,58.23,3.02
Hingoli,2011,1,19.84,48.02,0.0
Hingoli,2011,2,24.41,35.57,0.22
Hingoli,2011,3,29.45,21.19,0.16
Hingoli,2011,4,32.76,27.5,0.49
Hingoli,2011,5,34.66,28.87,0.34
Hingoli,2011,6,29.43,62.55,3.43
Hingoli,2011,7,26.76,77.3,9.01
Hingoli,2011,8,25.74,83.52,6.55
Hingoli,2011,9,25.13,84.61,4.57
Hingoli,2011,10,23.94,77.48,1.37
Hingoli,2011,11,22.24,62.09,0.0
Hingoli,2011,12,21.57,41.34,0.0
Hingoli,2011,13,26.33,54.27,2.2
Hingoli,2012,1,22.05,33.83,0.13
Hingoli,2012,2,25.17,22.76,0.0
Hingoli,2012,3,28.32,13.79,0.0
Hingoli,2012,4,33.42,20.86,0.17
Hingoli,2012,5,34.8,25.3,0.24
Hingoli,2012,6,30.36,56.59,4.65
Hingoli,2012,7,26.09,80.5,7.44
Hingoli,2012,8,26.01,80.26,4.61
Hingoli,2012,9,25.55,83.72,5.98
Hingoli,2012,10,23.91,76.45,1.82
Hingoli,2012,11,22.47,67.75,0.19
Hingoli,2012,12,22.43,46.87,0.06
Hingoli,2012,13,26.71,50.81,2.11
Hingoli,2013,1,23.02,39.56,0.44
Hingoli,2013,2,25.82,37.08,0.38
Hingoli,2013,3,29.5,20.95,0.03
Hingoli,2013,4,33.22,24.88,0.35
Hingoli,2013,5,35.64,26.3,0.26
Hingoli,2013,6,27.63,73.73,8.42
Hingoli,2013,7,25.12,84.99,12.88
Hingoli,2013,8,25.11,85.08,3.23
Hingoli,2013,9,25.45,83.97,5.13
Hingoli,2013,10,24.32,82.35,2.95
Hingoli,2013,11,20.76,77.36,0.79
Hingoli,2013,12,19.68,62.25,0.39
Hingoli,2013,13,26.27,58.31,2.95
Hingoli,2014,1,21.82,53.26,0.08
Hingoli,2014,2,23.96,36.22,0.77
Hingoli,2014,3,26.53,50.71,2.11
Hingoli,2014,4,33.03,24.66,0.41
Hingoli,2014,5,34.47,30.87,0.8
Hingoli,2014,6,33.22,43.89,1.78
Hingoli,2014,7,27.7,71.5,7.28
Hingoli,2014,8,26.62,78.19,5.36
Hingoli,2014,9,25.16,81.4,3.95
Hingoli,2014,10,25.07,68.57,0.73
Hingoli,2014,11,23.56,55.46,0.62
Hingoli,2014,12,20.73,40.33,0.57
Hingoli,2014,13,26.82,53.08,2.05
Hingoli,2015,1,20.51,46.87,0.52
Hingoli,2015,2,24.98,28.82,0.55
Hingoli,2015,3,27.26,42.33,1.15
Hingoli,2015,4,30.65,36.85,1.8
Hingoli,2015,5,34.91,29.0,0.34
Hingoli,2015,6,29.57,62.81,5.77
Hingoli,2015,7,28.19,68.23,2.65
Hingoli,2015,8,26.45,78.67,7.65
Hingoli,2015,9,26.08,78.84,4.8
Hingoli,2015,10,26.8,63.13,0.5
Hingoli,2015,11,25.84,48.37,0.03
Hingoli,2015,12,24.01,30.32,0.0
Hingoli,2015,13,27.11,51.31,2.15
Hingoli,2016,1,22.64,27.41,0.0
Hingoli,2016,2,27.06,26.48,0.07
Hingoli,2016,3,30.3,26.3,0.42
Hingoli,2016,4,34.73,20.64,0.09
Hingoli,2016,5,35.5,31.03,0.34
Hingoli,2016,6,31.26,55.46,4.48
Hingoli,2016,7,26.29,81.15,10.07
Hingoli,2016,8,25.84,81.36,2.52
Hingoli,2016,9,25.26,83.69,6.94
Hingoli,2016,10,23.16,75.15,1.77
Hingoli,2016,11,20.34,60.03,0.0
Hingoli,2016,12,20.29,44.24,0.0
Hingoli,2016,13,26.88,51.17,2.23
Hingoli,2017,1,21.5,33.29,0.0
Hingoli,2017,2,25.69,23.72,0.0
Hingoli,2017,3,29.0,20.68,0.13
Hingoli,2017,4,33.29,15.32,0.0
Hingoli,2017,5,35.94,24.08,0.11
Hingoli,2017,6,29.69,65.18,4.93
Hingoli,2017,7,27.38,73.19,4.93
Hingoli,2017,8,26.6,77.0,5.63
Hingoli,2017,9,26.27,80.77,3.63
Hingoli,2017,10,25.26,71.61,2.49
Hingoli,2017,11,22.92,56.86,0.02
Hingoli,2017,12,21.94,36.6,0.0
Hingoli,2017,13,27.13,48.32,1.83
Hingoli,2018,1,21.8,26.03,0.0
Hingoli,2018,2,25.51,28.27,0.14
Hingoli,2018,3,29.89,21.75,0.12
Hingoli,2018,4,33.61,19.8,0.1
Hingoli,2018,5,36.02,22.97,0.32
Hingoli,2018,6,29.14,66.92,6.79
Hingoli,2018,7,26.11,79.1,5.25
Hingoli,2018,8,25.8,79.29,8.44
Hingoli,2018,9,25.57,76.33,1.05
Hingoli,2018,10,26.34,54.8,0.04
Hingoli,2018,11,25.16,40.51,0.11
Hingoli,2018,12,21.04,38.74,0.11
Hingoli,2018,13,27.17,46.31,1.89
Hingoli,2019,1,20.46,29.3,0.03
Hingoli,2019,2,24.85,27.52,0.02
Hingoli,2019,3,29.18,20.42,0.02
Hingoli,2019,4,34.01,17.9,0.11
Hingoli,2019,5,35.46,21.44,0.02
Hingoli,2019,6,33.07,46.66,2.45
Hingoli,2019,7,27.45,74.4,5.85
Hingoli,2019,8,26.24,80.67,4.53
Hingoli,2019,9,25.89,84.04,5.24
Hingoli,2019,10,24.6,82.3,4.11
Hingoli,2019,11,22.3,77.48,0.38
Hingoli,2019,12,21.21,68.94,0.17
Hingoli,2019,13,27.06,52.75,1.92
Hingoli,2020,1,21.32,57.27,0.27
Hingoli,2020,2,24.51,39.84,0.11
Hingoli,2020,3,28.67,33.89,0.82
Hingoli,2020,4,33.42,24.7,0.12
Hingoli,2020,5,35.61,25.44,0.25
Hingoli,2020,6,28.53,69.18,7.57
Hingoli,2020,7,26.87,80.77,6.64
Hingoli,2020,8,25.99,84.19,4.84
Hingoli,2020,9,26.22,83.99,4.87
Hingoli,2020,10,24.9,81.73,2.49
Hingoli,2020,11,22.0,70.29,0.05
Hingoli,2020,12,20.95,57.03,0.0
Hingoli,2020,13,26.58,59.1,2.34
Hingoli,2021,1,23.8,45.2,0.03
Hingoli,2021,2,24.51,27.73,0.13
Hingoli,2021,3,29.61,22.17,0.28
Hingoli,2021,4,32.72,22.5,0.13
Hingoli,2021,5,33.07,39.91,0.83
Hingoli,2021,6,28.08,72.03,6.8
Hingoli,2021,7,26.91,80.44,10.87
Hingoli,2021,8,26.36,81.39,3.96
Hingoli,2021,9,25.43,87.13,11.19
Hingoli,2021,10,23.93,81.06,3.05
Hingoli,2021,11,21.81,82.89,0.13
Hingoli,2021,12,19.37,72.16,0.2
Hingoli,2021,13,26.31,59.74,3.14
Hingoli,2022,1,19.54,62.82,0.37
Hingoli,2022,2,23.75,36.58,0.0
Hingoli,2022,3,30.03,21.0,0.02
Hingoli,2022,4,34.25,18.65,0.05
Hingoli,2022,5,34.76,30.61,0.47
Hingoli,2022,6,30.18,60.29,5.65
Hingoli,2022,7,25.58,86.18,17.9
Hingoli,2022,8,25.55,85.78,4.33
Hingoli,2022,9,25.47,86.49,6.9
Hingoli,2022,10,23.37,83.53,3.47
Hingoli,2022,11,19.79,75.09,0.0
Hingoli,2022,12,21.14,69.68,0.15
Hingoli,2022,13,26.12,59.91,3.3
Hingoli,2023,1,21.33,52.21,0.01
Hingoli,2023,2,24.79,21.19,0.0
Hingoli,2023,3,28.0,30.19,0.35
Hingoli,2023,4,31.04,35.2,1.62
Hingoli,2023,5,33.18,37.84,1.0
Hingoli,2023,6,32.68,43.82,1.3
Hingoli,2023,7,26.64,81.26,14.52
Hingoli,2023,8,26.0,81.41,2.44
Hingoli,2023,9,25.92,84.05,5.57
Hingoli,2023,10,24.25,73.44,0.04
Hingoli,2023,11,22.97,68.62,2.25
Hingoli,2023,12,20.48,65.49,0.05
Hingoli,2023,13,26.43,56.5,2.45
Nanded,1997,1,20.04,52.84,1.35
Nanded,1997,2,23.6,21.69,0.0
Nanded,1997,3,30.04,20.75,0.2
Nanded,1997,4,30.6,33.14,1.2
Nanded,1997,5,34.08,28.55,0.56
Nanded,1997,6,30.11,57.25,4.89
Nanded,1997,7,26.9,75.6,5.94
Nanded,1997,8,26.13,78.48,6.25
Nanded,1997,9,25.65,81.91,2.87
Nanded,1997,10,25.4,70.97,1.5
Nanded,1997,11,24.73,74.61,2.53
Nanded,1997,12,22.81,72.99,0.83
Nanded,1997,13,26.69,55.95,2.36
Nanded,1998,1,23.52,52.25,0.03
Nanded,1998,2,24.5,37.91,0.78
Nanded,1998,3,29.72,23.85,0.17
Nanded,1998,4,35.15,21.45,0.08
Nanded,1998,5,36.84,25.45,0.3
Nanded,1998,6,31.48,55.72,4.29
Nanded,1998,7,27.5,75.78,8.44
Nanded,1998,8,26.26,85.32,8.61
Nanded,1998,9,25.34,88.47,7.85
Nanded,1998,10,24.37,86.29,5.26
Nanded,1998,11,21.42,78.93,0.99
Nanded,1998,12,17.97,61.76,0.0
Nanded,1998,13,27.01,57.89,3.08
Nanded,1999,1,19.57,48.71,0.0
Nanded,1999,2,26.27,37.19,0.28
Nanded,1999,3,30.39,15.78,0.0
Nanded,1999,4,34.28,12.91,0.07
Nanded,1999,5,33.46,38.96,1.69
Nanded,1999,6,28.75,63.82,4.7
Nanded,1999,7,26.82,75.29,4.69
Nanded,1999,8,25.54,81.81,5.81
Nanded,1999,9,25.08,84.66,5.47
Nanded,1999,10,23.87,81.38,2.68
Nanded,1999,11,21.44,63.19,0.0
Nanded,1999,12,19.85,46.73,0.0
Nanded,1999,13,26.26,54.32,2.13
Nanded,2000,1,22.64,28.69,0.0
Nanded,2000,2,24.2,36.72,1.24
Nanded,2000,3,27.79,19.37,0.02
Nanded,2000,4,34.49,19.07,0.03
Nanded,2000,5,33.21,39.63,1.68
Nanded,2000,6,28.07,70.12,5.21
Nanded,2000,7,26.21,78.11,5.79
Nanded,2000,8,25.86,82.3,10.0
Nanded,2000,9,25.62,81.75,1.98
Nanded,2000,10,26.04,62.75,0.51
Nanded,2000,11,24.28,45.69,0.02
Nanded,2000,12,21.93,19.57,0.23
Nanded,2000,13,26.69,48.65,2.24
Nanded,2001,1,22.98,33.69,0.27
Nanded,2001,2,26.04,16.85,0.0
Nanded,2001,3,29.79,29.25,0.68
Nanded,2001,4,32.54,32.11,0.98
Nanded,2001,5,35.28,28.83,0.39
Nanded,2001,6,28.13,67.07,5.24
Nanded,2001,7,27.4,70.66,3.29
Nanded,2001,8,25.21,84.34,7.17
Nanded,2001,9,26.13,79.39,4.43
Nanded,2001,10,23.88,81.53,4.46
Nanded,2001,11,22.33,67.68,0.01
Nanded,2001,12,20.93,42.33,0.0
Nanded,2001,13,26.72,53.01,2.26
Nanded,2002,1,21.57,40.23,0.53
Nanded,2002,2,26.74,32.76,0.08
Nanded,2002,3,30.25,20.35,0.15
Nanded,2002,4,34.12,20.01,0.19
Nanded,2002,5,35.56,33.3,1.4
Nanded,2002,6,29.51,64.95,6.56
Nanded,2002,7,27.77,70.9,3.28
Nanded,2002,8,25.36,83.76,9.91
Nanded,2002,9,25.52,80.11,2.21
Nanded,2002,10,24.95,68.91,1.95
Nanded,2002,11,23.53,45.98,0.04
Nanded,2002,12,23.41,34.13,0.0
Nanded,2002,13,27.35,49.72,2.21
Nanded,2003,1,23.8,31.51,0.01
Nanded,2003,2,27.38,33.6,0.35
Nanded,2003,3,30.09,26.06,0.51
Nanded,2003,4,34.06,26.35,0.63
Nanded,2003,5,35.55,19.62,0.0
Nanded,2003,6,30.9,55.24,4.09
Nanded,2003,7,26.47,80.51,9.42
Nanded,2003,8,25.64,84.08,6.89
Nanded,2003,9,25.47,84.08,2.78
Nanded,2003,10,24.16,79.9,2.43
Nanded,2003,11,22.23,68.96,0.01
Nanded,2003,12,21.13,52.82,0.09
Nanded,2003,13,27.23,53.67,2.29
Nanded,2004,1,22.17,48.6,0.87
Nanded,2004,2,24.06,35.03,0.34
Nanded,2004,3,30.99,19.19,0.27
Nanded,2004,4,33.35,28.23,0.63
Nanded,2004,5,32.73,45.43,1.4
Nanded,2004,6,30.19,58.97,2.41
Nanded,2004,7,26.7,77.06,8.37
Nanded,2004,8,25.72,81.44,2.96
Nanded,2004,9,26.09,80.95,4.54
Nanded,2004,10,24.1,71.65,1.97
Nanded,2004,11,23.71,56.03,0.33
Nanded,2004,12,22.04,34.6,0.0
Nanded,2004,13,26.82,53.16,2.02
Nanded,2005,1,23.14,38.63,1.39
Nanded,2005,2,25.39,38.82,0.02
Nanded,2005,3,29.41,26.81,0.46
Nanded,2005,4,32.43,30.08,0.48
Nanded,2005,5,35.17,25.92,0.61
Nanded,2005,6,31.76,52.77,4.13
Nanded,2005,7,26.3,81.13,12.64
Nanded,2005,8,25.58,85.54,5.99
Nanded,2005,9,25.59,87.01,8.08
Nanded,2005,10,23.74,82.33,4.61
Nanded,2005,11,19.06,73.53,0.0
Nanded,2005,12,18.5,64.11,0.09
Nanded,2005,13,26.34,57.33,3.23
Nanded,2006,1,20.47,48.4,0.0
Nanded,2006,2,25.94,27.23,0.0
Nanded,2006,3,28.04,42.7,1.92
Nanded,2006,4,32.87,28.16,0.9
Nanded,2006,5,33.64,39.34,2.62
Nanded,2006,6,29.16,65.2,4.44
Nanded,2006,7,26.4,78.65,7.51
Nanded,2006,8,25.2,85.15,10.98
Nanded,2006,9,25.38,86.4,9.68
Nanded,2006,10,24.52,79.56,0.95
Nanded,2006,11,21.6,78.44,1.43
Nanded,2006,12,20.73,64.64,0.0
Nanded,2006,13,26.15,60.55,3.39
Nanded,2007,1,22.11,43.93,0.0
Nanded,2007,2,25.76,31.12,0.0
Nanded,2007,3,29.97,22.26,0.01
Nanded,2007,4,33.52,23.59,0.45
Nanded,2007,5,35.88,26.28,0.42
Nanded,2007,6,29.55,66.4,5.49
Nanded,2007,7,27.26,75.82,4.65
Nanded,2007,8,25.87,82.57,7.75
Nanded,2007,9,25.5,86.35,8.97
Nanded,2007,10,22.45,75.55,0.42
Nanded,2007,11,20.96,65.62,0.23
Nanded,2007,12,21.59,56.68,0.0
Nanded,2007,13,26.7,54.81,2.37
Nanded,2008,1,22.11,33.28,0.11
Nanded,2008,2,24.02,34.49,0.55
Nanded,2008,3,28.8,37.15,2.67
Nanded,2008,4,31.85,32.49,0.21
Nanded,2008,5,34.91,24.13,0.25
Nanded,2008,6,29.24,60.54,3.26
Nanded,2008,7,27.65,70.18,4.8
Nanded,2008,8,25.79,82.92,10.06
Nanded,2008,9,25.1,85.67,8.35
Nanded,2008,10,23.64,76.93,1.18
Nanded,2008,11,22.03,71.13,0.65
Nanded,2008,12,21.96,53.57,0.03
Nanded,2008,13,26.43,55.24,2.68
Nanded,2009,1,23.78,40.19,0.0
Nanded,2009,2,27.12,23.85,0.0
Nanded,2009,3,30.22,21.34,0.19
Nanded,2009,4,33.36,18.59,0.29
Nanded,2009,5,34.38,32.05,1.17
Nanded,2009,6,31.4,54.24,4.08
Nanded,2009,7,26.97,76.18,5.72
Nanded,2009,8,26.99,77.46,7.31
Nanded,2009,9,26.31,81.49,4.07
Nanded,2009,10,24.16,71.82,2.51
Nanded,2009,11,22.76,68.73,1.66
Nanded,2009,12,21.88,56.54,0.13
Nanded,2009,13,27.44,52.06,2.28
Nanded,2010,1,21.38,41.06,0.44
Nanded,2010,2,27.27,34.36,0.61
Nanded,2010,3,31.54,22.4,0.06
Nanded,2010,4,34.77,19.7,0.07
Nanded,2010,5,36.0,27.01,0.22
Nanded,2010,6,31.1,57.75,5.49
Nanded,2010,7,26.13,83.55,9.98
Nanded,2010,8,25.76,86.51,9.56
Nanded,2010,9,25.17,87.07,6.01
Nanded,2010,10,23.99,83.81,2.1
Nanded,2010,11,23.47,84.31,1.42
Nanded,2010,12,19.33,70.7,0.11
Nanded,2010,13,27.14,58.34,3.02
Nanded,2011,1,20.04,50.77,0.0
Nanded,2011,2,24.91,39.15,0.22
Nanded,2011,3,29.9,22.02,0.15
Nanded,2011,4,32.89,28.47,0.23
Nanded,2011,5,35.26,27.36,0.21
Nanded,2011,6,29.87,60.44,2.73
Nanded,2011,7,26.92,77.08,9.7
Nanded,2011,8,25.78,83.74,7.75
Nanded,2011,9,25.35,84.51,3.59
Nanded,2011,10,24.25,78.02,1.22
Nanded,2011,11,22.73,60.82,0.01
Nanded,2011,12,21.9,40.15,0.0
Nanded,2011,13,26.65,54.46,2.17
Nanded,2012,1,22.74,34.38,0.08
Nanded,2012,2,25.76,24.07,0.0
Nanded,2012,3,28.73,13.97,0.0
Nanded,2012,4,34.04,23.28,0.18
Nanded,2012,5,35.38,23.92,0.23
Nanded,2012,6,30.71,55.06,4.08
Nanded,2012,7,26.44,78.43,6.7
Nanded,2012,8,26.18,80.04,4.98
Nanded,2012,9,25.63,83.95,6.0
Nanded,2012,10,24.08,76.71,1.6
Nanded,2012,11,22.85,67.86,0.4
Nanded,2012,12,22.94,46.65,0.02
Nanded,2012,13,27.12,50.76,2.03
Nanded,2013,1,23.72,40.11,0.41
Nanded,2013,2,26.02,39.76,0.63
Nanded,2013,3,30.19,23.69,0.03
Nanded,2013,4,33.38,29.0,0.77
Nanded,2013,5,36.18,26.22,0.37
Nanded,2013,6,27.82,73.04,7.59
Nanded,2013,7,25.33,84.98,16.14
Nanded,2013,8,25.15,86.06,3.79
Nanded,2013,9,25.55,84.5,4.12
Nanded,2013,10,24.32,83.35,3.49
Nanded,2013,11,20.98,78.54,0.39
Nanded,2013,12,19.92,62.82,0.03
Nanded,2013,13,26.55,59.42,3.17
Nanded,2014,1,22.49,52.75,0.01
Nanded,2014,2,24.64,35.19,0.58
Nanded,2014,3,26.88,51.66,2.33
Nanded,2014,4,33.53,26.9,0.4
Nanded,2014,5,34.03,36.04,1.51
Nanded,2014,6,33.08,45.91,2.42
Nanded,2014,7,27.81,70.87,5.96
Nanded,2014,8,27.07,76.58,5.42
Nanded,2014,9,25.3,80.98,4.02
Nanded,2014,10,25.33,68.28,0.61
Nanded,2014,11,24.01,52.24,0.32
Nanded,2014,12,21.37,40.05,0.22
Nanded,2014,13,27.13,53.29,2.0
Nanded,2015,1,21.01,45.25,0.58
Nanded,2015,2,25.39,28.96,0.5
Nanded,2015,3,28.14,40.75,0.75
Nanded,2015,4,30.66,39.23,2.16
Nanded,2015,5,35.24,28.81,0.28
Nanded,2015,6,30.04,60.52,4.69
Nanded,2015,7,28.71,66.05,2.57
Nanded,2015,8,26.76,77.87,6.52
Nanded,2015,9,26.69,76.59,2.88
Nanded,2015,10,27.86,57.45,0.39
Nanded,2015,11,26.52,46.91,0.01
Nanded,2015,12,24.75,33.35,0.01
Nanded,2015,13,27.66,50.26,1.78
Nanded,2016,1,23.14,28.72,0.01
Nanded,2016,2,27.73,27.96,0.13
Nanded,2016,3,31.02,26.65,0.3
Nanded,2016,4,35.14,21.44,0.3
Nanded,2016,5,35.47,33.54,0.78
Nanded,2016,6,30.92,57.91,5.2
Nanded,2016,7,26.49,80.26,8.24
Nanded,2016,8,26.28,79.54,2.03
Nanded,2016,9,25.44,83.66,8.27
Nanded,2016,10,23.35,76.06,1.44
Nanded,2016,11,20.73,61.42,0.0
Nanded,2016,12,20.66,44.6,0.0
Nanded,2016,13,27.19,51.9,2.22
Nanded,2017,1,21.83,33.89,0.0
Nanded,2017,2,25.96,23.68,0.0
Nanded,2017,3,29.21,23.26,0.33
Nanded,2017,4,33.75,14.96,0.0
Nanded,2017,5,36.27,24.77,0.28
Nanded,2017,6,30.02,63.41,4.53
Nanded,2017,7,27.62,72.3,5.23
Nanded,2017,8,26.67,77.31,5.03
Nanded,2017,9,26.73,79.04,2.69
Nanded,2017,10,26.08,70.41,2.15
Nanded,2017,11,23.78,55.66,0.05
Nanded,2017,12,22.12,38.13,0.0
Nanded,2017,13,27.5,48.21,1.7
Nanded,2018,1,22.01,26.48,0.0
Nanded,2018,2,25.83,28.41,0.09
Nanded,2018,3,30.25,21.53,0.08
Nanded,2018,4,33.96,22.46,0.14
Nanded,2018,5,36.09,26.44,0.91
Nanded,2018,6,29.3,65.92,5.3
Nanded,2018,7,26.65,76.11,4.22
Nanded,2018,8,26.13,78.6,9.15
Nanded,2018,9,25.67,77.69,1.25
Nanded,2018,10,26.51,56.42,0.07
Nanded,2018,11,25.63,41.8,0.0
Nanded,2018,12,21.62,42.1,0.23
Nanded,2018,13,27.47,47.09,1.8
Nanded,2019,1,20.95,33.54,0.17
Nanded,2019,2,25.33,29.7,0.03
Nanded,2019,3,29.88,22.39,0.07
Nanded,2019,4,34.58,20.17,0.07
Nanded,2019,5,36.25,20.12,0.06
Nanded,2019,6,33.32,46.81,2.05
Nanded,2019,7,27.54,74.19,7.17
Nanded,2019,8,26.26,81.83,5.79
Nanded,2019,9,25.89,85.16,5.25
Nanded,2019,10,24.68,84.36,3.52
Nanded,2019,11,22.67,76.77,0.14
Nanded,2019,12,21.69,68.61,0.07
Nanded,2019,13,27.42,53.79,2.05
Nanded,2020,1,22.31,56.27,0.42
Nanded,2020,2,25.05,39.9,0.11
Nanded,2020,3,29.6,34.44,0.62
Nanded,2020,4,33.77,26.82,0.28
Nanded,2020,5,35.8,26.7,0.49
Nanded,2020,6,28.83,68.13,5.62
Nanded,2020,7,27.08,79.98,6.27
Nanded,2020,8,26.2,83.87,6.19
Nanded,2020,9,26.29,84.92,5.29
Nanded,2020,10,24.91,83.08,2.87
Nanded,2020,11,22.01,72.46,0.02
Nanded,2020,12,21.06,60.87,0.0
Nanded,2020,13,26.91,59.86,2.36
Nanded,2021,1,24.25,49.0,0.01
Nanded,2021,2,24.76,29.42,0.04
Nanded,2021,3,30.07,21.72,0.06
Nanded,2021,4,32.94,25.52,0.32
Nanded,2021,5,32.82,43.24,1.36
Nanded,2021,6,28.25,71.24,6.45
Nanded,2021,7,26.74,82.11,11.45
Nanded,2021,8,26.24,83.32,5.43
Nanded,2021,9,25.47,87.87,10.91
Nanded,2021,10,24.19,81.97,1.37
Nanded,2021,11,22.19,83.0,0.25
Nanded,2021,12,20.1,70.52,0.05
Nanded,2021,13,26.51,60.93,3.15
Nanded,2022,1,20.09,63.28,0.88
Nanded,2022,2,24.25,37.86,0.01
Nanded,2022,3,30.52,21.47,0.0
Nanded,2022,4,34.76,22.37,0.05
Nanded,2022,5,34.75,33.14,0.84
Nanded,2022,6,30.46,59.53,4.1
Nanded,2022,7,25.69,86.5,22.52
Nanded,2022,8,25.62,86.38,4.99
Nanded,2022,9,25.62,86.36,6.79
Nanded,2022,10,23.67,83.38,2.53
Nanded,2022,11,20.1,75.7,0.0
Nanded,2022,12,21.82,68.52,0.08
Nanded,2022,13,26.45,60.55,3.6
Nanded,2023,1,22.28,48.05,0.0
Nanded,2023,2,25.21,21.36,0.0
Nanded,2023,3,28.41,31.63,0.58
Nanded,2023,4,31.75,35.11,2.35
Nanded,2023,5,32.72,43.14,1.62
Nanded,2023,6,32.76,44.66,1.82
Nanded,2023,7,26.75,80.37,17.17
Nanded,2023,8,26.09,82.33,2.29
Nanded,2023,9,25.92,85.88,7.3
Nanded,2023,10,23.94,77.0,0.05
Nanded,2023,11,22.96,73.02,1.58
Nanded,2023,12,20.7,65.01,0.06
Nanded,2023,13,26.62,57.57,2.92
Beed,1997,1,20.51,42.36,0.22
Beed,1997,2,22.87,20.03,0.0
Beed,1997,3,28.65,20.32,0.14
Beed,1997,4,29.79,28.68,0.18
Beed,1997,5,32.09,31.78,0.2
Beed,1997,6,28.17,62.74,2.66
Beed,1997,7,26.25,73.37,3.8
Beed,1997,8,25.65,75.0,4.02
Beed,1997,9,25.73,73.99,2.9
Beed,1997,10,25.7,66.21,1.35
Beed,1997,11,24.28,73.1,3.3
Beed,1997,12,21.83,71.46,1.22
Beed,1997,13,25.97,53.46,1.67
Beed,1998,1,21.94,51.99,0.0
Beed,1998,2,23.53,33.3,0.0
Beed,1998,3,28.18,24.23,0.05
Beed,1998,4,33.07,23.17,0.03
Beed,1998,5,34.09,32.88,0.85
Beed,1998,6,29.06,63.52,5.74
Beed,1998,7,26.31,76.53,4.3
Beed,1998,8,25.63,82.71,7.66
Beed,1998,9,24.73,85.62,7.02
Beed,1998,10,23.69,84.17,4.77
Beed,1998,11,20.85,77.59,1.13
Beed,1998,12,17.51,62.82,0.0
Beed,1998,13,25.72,58.37,2.64
Beed,1999,1,19.1,47.02,0.0
Beed,1999,2,25.32,36.11,0.31
Beed,1999,3,29.1,16.89,0.0
Beed,1999,4,32.33,18.0,0.0
Beed,1999,5,31.12,45.13,1.3
Beed,1999,6,27.3,67.56,5.08
Beed,1999,7,25.79,76.07,2.87
Beed,1999,8,25.61,74.32,1.72
Beed,1999,9,25.19,76.98,4.22
Beed,1999,10,23.83,73.58,2.56
Beed,1999,11,21.85,54.89,0.0
Beed,1999,12,20.32,37.69,0.0
Beed,1999,13,25.56,52.13,1.51
Beed,2000,1,22.21,26.29,0.0
Beed,2000,2,23.17,35.02,0.27
Beed,2000,3,26.77,18.82,0.02
Beed,2000,4,32.57,22.1,0.06
Beed,2000,5,30.77,46.94,3.61
Beed,2000,6,27.04,71.6,3.22
Beed,2000,7,25.52,75.57,3.3
Beed,2000,8,25.23,78.81,8.03
Beed,2000,9,25.2,77.4,2.26
Beed,2000,10,25.43,60.88,0.78
Beed,2000,11,23.74,42.68,0.09
Beed,2000,12,21.38,20.36,0.32
Beed,2000,13,25.75,48.05,1.84
Beed,2001,1,22.61,32.93,0.02
Beed,2001,2,25.02,18.24,0.0
Beed,2001,3,27.92,27.57,0.06
Beed,2001,4,31.89,26.19,0.25
Beed,2001,5,32.53,37.1,0.22
Beed,2001,6,27.31,66.35,2.99
Beed,2001,7,26.45,70.34,1.68
Beed,2001,8,24.72,80.5,4.9
Beed,2001,9,25.83,74.57,5.18
Beed,2001,10,23.42,77.75,4.1
Beed,2001,11,21.59,64.01,0.14
Beed,2001,12,20.8,41.94,0.0
Beed,2001,13,25.84,51.66,1.64
Beed,2002,1,20.78,36.39,0.07
Beed,2002,2,25.74,30.14,0.04
Beed,2002,3,28.74,21.46,0.04
Beed,2002,4,32.13,23.92,0.43
Beed,2002,5,33.36,38.55,0.73
Beed,2002,6,28.27,65.6,5.33
Beed,2002,7,26.87,70.12,1.82
Beed,2002,8,24.97,79.08,5.35
Beed,2002,9,25.32,75.78,3.04
Beed,2002,10,25.29,60.63,1.25
Beed,2002,11,23.86,39.64,0.03
Beed,2002,12,22.98,31.42,0.0
Beed,2002,13,26.52,47.83,1.52
Beed,2003,1,23.36,32.22,0.02
Beed,2003,2,25.63,33.04,0.35
Beed,2003,3,28.57,22.38,0.25
Beed,2003,4,32.21,28.38,0.52
Beed,2003,5,33.08,29.19,0.0
Beed,2003,6,28.59,62.62,4.38
Beed,2003,7,26.03,77.41,3.92
Beed,2003,8,25.4,78.12,3.72
Beed,2003,9,25.67,75.1,1.87
Beed,2003,10,25.23,65.75,0.65
Beed,2003,11,24.52,49.38,0.01
Beed,2003,12,22.08,38.74,0.08
Beed,2003,13,26.69,49.45,1.32
Beed,2004,1,22.2,39.66,0.17
Beed,2004,2,24.37,26.78,0.06
Beed,2004,3,29.69,16.34,0.02
Beed,2004,4,31.97,26.66,0.15
Beed,2004,5,30.88,48.8,1.96
Beed,2004,6,28.14,65.38,3.03
Beed,2004,7,26.24,73.61,5.08
Beed,2004,8,24.95,79.54,3.31
Beed,2004,9,25.27,80.2,7.67
Beed,2004,10,22.82,74.15,1.31
Beed,2004,11,22.16,63.31,0.22
Beed,2004,12,20.78,42.41,0.0
Beed,2004,13,25.78,53.15,1.92
Beed,2005,1,22.21,34.58,0.18
Beed,2005,2,25.07,30.72,0.01
Beed,2005,3,28.11,25.35,0.25
Beed,2005,4,30.42,29.08,0.49
Beed,2005,5,32.44,33.74,0.76
Beed,2005,6,29.32,61.08,3.87
Beed,2005,7,25.52,80.17,10.1
Beed,2005,8,24.88,83.21,4.93
Beed,2005,9,24.84,85.05,7.85
Beed,2005,10,22.93,78.18,2.84
Beed,2005,11,19.08,69.27,0.0
Beed,2005,12,18.98,57.81,0.0
Beed,2005,13,25.31,55.83,2.62
Beed,2006,1,20.98,38.64,0.0
Beed,2006,2,25.35,23.4,0.0
Beed,2006,3,27.51,33.87,0.65
Beed,2006,4,31.76,25.1,0.11
Beed,2006,5,32.61,38.08,3.04
Beed,2006,6,27.63,69.42,4.76
Beed,2006,7,25.21,79.72,5.2
Beed,2006,8,24.3,83.81,7.52
Beed,2006,9,25.05,83.46,8.29
Beed,2006,10,23.75,78.29,1.87
Beed,2006,11,21.01,78.92,2.19
Beed,2006,12,19.86,63.74,0.01
Beed,2006,13,25.41,58.25,2.82
Beed,2007,1,21.45,45.08,0.0
Beed,2007,2,24.26,35.62,0.0
Beed,2007,3,28.39,22.6,0.0
Beed,2007,4,32.09,23.43,0.36
Beed,2007,5,33.15,33.73,0.09
Beed,2007,6,28.17,69.01,5.63
Beed,2007,7,26.21,77.45,5.05
Beed,2007,8,25.23,80.64,6.07
Beed,2007,9,25.02,83.91,6.13
Beed,2007,10,22.26,71.32,0.13
Beed,2007,11,21.41,60.25,0.18
Beed,2007,12,21.74,50.17,0.0
Beed,2007,13,25.78,54.54,1.97
Beed,2008,1,21.59,30.84,0.01
Beed,2008,2,23.64,26.62,0.01
Beed,2008,3,28.4,32.42,1.0
Beed,2008,4,31.58,27.22,0.17
Beed,2008,5,32.36,34.5,0.07
Beed,2008,6,27.87,63.67,1.46
Beed,2008,7,26.91,68.8,2.85
Beed,2008,8,25.39,78.36,5.23
Beed,2008,9,24.45,83.09,8.8
Beed,2008,10,23.29,72.62,0.93
Beed,2008,11,22.1,64.68,0.39
Beed,2008,12,21.83,50.25,0.19
Beed,2008,13,25.79,52.82,1.76
Beed,2009,1,23.21,37.52,0.0
Beed,2009,2,25.94,22.93,0.0
Beed,2009,3,29.03,22.96,0.15
Beed,2009,4,31.99,19.29,0.15
Beed,2009,5,32.27,37.67,1.03
Beed,2009,6,29.45,58.76,2.13
Beed,2009,7,26.2,75.0,4.7
Beed,2009,8,26.26,75.05,4.98
Beed,2009,9,25.43,80.54,5.87
Beed,2009,10,23.65,70.87,2.23
Beed,2009,11,21.45,73.19,3.39
Beed,2009,12,20.47,62.5,0.03
Beed,2009,13,26.27,53.22,2.06
Beed,2010,1,20.81,47.05,0.34
Beed,2010,2,25.8,32.82,0.05
Beed,2010,3,30.05,24.62,0.28
Beed,2010,4,32.68,23.62,0.09
Beed,2010,5,33.89,33.13,0.31
Beed,2010,6,28.47,67.15,4.93
Beed,2010,7,25.56,81.11,7.79
Beed,2010,8,24.98,84.11,6.65
Beed,2010,9,24.7,83.35,3.1
Beed,2010,10,23.71,80.56,2.97
Beed,2010,11,23.13,82.21,2.33
Beed,2010,12,19.09,66.93,0.03
Beed,2010,13,26.06,59.05,2.42
Beed,2011,1,20.04,47.09,0.0
Beed,2011,2,24.03,34.21,0.08
Beed,2011,3,28.72,21.6,0.08
Beed,2011,4,31.64,27.99,0.54
Beed,2011,5,32.43,36.02,0.53
Beed,2011,6,27.74,67.22,2.62
Beed,2011,7,26.13,75.16,6.53
Beed,2011,8,25.28,80.21,5.39
Beed,2011,9,24.66,81.28,2.84
Beed,2011,10,23.76,76.36,2.91
Beed,2011,11,22.18,59.95,0.0
Beed,2011,12,21.79,37.5,0.0
Beed,2011,13,25.7,53.82,1.81
Beed,2012,1,21.41,33.87,0.01
Beed,2012,2,24.73,22.94,0.0
Beed,2012,3,27.52,15.89,0.0
Beed,2012,4,31.9,24.65,0.39
Beed,2012,5,32.71,32.79,0.4
Beed,2012,6,29.19,57.33,3.42
Beed,2012,7,26.05,75.5,3.9
Beed,2012,8,25.97,74.75,3.27
Beed,2012,9,25.14,79.22,3.33
Beed,2012,10,24.19,71.89,2.6
Beed,2012,11,23.13,59.05,0.14
Beed,2012,12,23.05,41.21,0.0
Beed,2012,13,26.25,49.17,1.46
Beed,2013,1,23.17,33.78,0.03
Beed,2013,2,25.74,34.35,0.21
Beed,2013,3,28.68,21.08,0.01
Beed,2013,4,31.86,26.5,0.24
Beed,2013,5,33.44,34.05,0.49
Beed,2013,6,26.72,73.55,5.41
Beed,2013,7,24.75,81.88,7.02
Beed,2013,8,24.8,80.56,1.78
Beed,2013,9,25.08,80.95,5.8
Beed,2013,10,24.02,79.94,2.32
Beed,2013,11,21.24,72.02,1.24
Beed,2013,12,19.34,61.35,0.72
Beed,2013,13,25.73,56.78,2.11
Beed,2014,1,21.68,51.91,0.13
Beed,2014,2,23.36,37.52,0.52
Beed,2014,3,26.38,47.77,1.62
Beed,2014,4,31.83,27.0,0.44
Beed,2014,5,33.11,32.84,0.63
Beed,2014,6,31.44,49.36,1.33
Beed,2014,7,26.74,72.22,4.97
Beed,2014,8,26.02,77.14,6.08
Beed,2014,9,24.79,78.6,2.51
Beed,2014,10,24.75,66.76,1.59
Beed,2014,11,22.5,59.97,1.26
Beed,2014,12,19.93,48.47,0.57
Beed,2014,13,26.05,54.27,1.82
Beed,2015,1,20.56,44.83,0.26
Beed,2015,2,24.32,28.54,0.48
Beed,2015,3,26.51,43.32,1.26
Beed,2015,4,30.35,35.07,0.83
Beed,2015,5,32.56,38.72,1.07
Beed,2015,6,28.27,64.9,5.21
Beed,2015,7,27.34,68.29,0.82
Beed,2015,8,26.84,70.62,2.85
Beed,2015,9,25.98,74.59,7.11
Beed,2015,10,26.2,64.06,1.29
Beed,2015,11,24.85,50.73,0.44
Beed,2015,12,23.5,32.69,0.0
Beed,2015,13,26.45,51.5,1.8
Beed,2016,1,22.18,27.3,0.0
Beed,2016,2,26.22,28.77,0.08
Beed,2016,3,29.3,27.97,0.47
Beed,2016,4,33.17,24.59,0.06
Beed,2016,5,33.44,35.82,0.39
Beed,2016,6,29.55,59.54,3.01
Beed,2016,7,25.72,78.92,6.24
Beed,2016,8,25.63,77.21,2.04
Beed,2016,9,24.85,79.9,9.61
Beed,2016,10,22.62,74.15,1.83
Beed,2016,11,19.76,59.37,0.0
Beed,2016,12,20.03,45.44,0.01
Beed,2016,13,26.03,51.66,1.98
Beed,2017,1,21.21,33.46,0.0
Beed,2017,2,25.16,24.76,0.0
Beed,2017,3,28.25,21.81,0.04
Beed,2017,4,31.92,19.8,0.0
Beed,2017,5,33.88,30.34,0.13
Beed,2017,6,28.31,67.92,4.59
Beed,2017,7,26.77,71.91,2.4
Beed,2017,8,26.11,73.88,6.55
Beed,2017,9,25.59,80.86,6.51
Beed,2017,10,24.09,73.96,3.24
Beed,2017,11,21.06,64.9,0.02
Beed,2017,12,20.85,47.92,0.01
Beed,2017,13,26.1,51.09,1.96
Beed,2018,1,21.43,30.46,0.01
Beed,2018,2,25.07,27.53,0.02
Beed,2018,3,29.07,22.86,0.03
Beed,2018,4,32.34,21.79,0.09
Beed,2018,5,34.1,28.36,0.26
Beed,2018,6,28.53,64.97,3.33
Beed,2018,7,26.18,73.35,2.27
Beed,2018,8,25.94,72.99,4.88
Beed,2018,9,26.03,69.33,1.37
Beed,2018,10,26.97,47.06,0.27
Beed,2018,11,24.98,37.91,0.11
Beed,2018,12,21.02,36.13,0.01
Beed,2018,13,26.81,44.49,1.06
Beed,2019,1,20.4,26.92,0.0
Beed,2019,2,24.58,28.36,0.0
Beed,2019,3,28.3,21.09,0.01
Beed,2019,4,32.68,20.14,0.12
Beed,2019,5,33.45,27.27,0.01
Beed,2019,6,31.1,52.0,1.88
Beed,2019,7,26.86,73.08,2.66
Beed,2019,8,26.37,74.27,2.74
Beed,2019,9,25.67,80.2,5.28
Beed,2019,10,24.12,81.73,6.55
Beed,2019,11,21.81,78.85,0.31
Beed,2019,12,21.13,72.74,0.09
Beed,2019,13,26.37,53.21,1.65
Beed,2020,1,20.96,58.47,0.04
Beed,2020,2,24.4,38.35,0.05
Beed,2020,3,27.97,34.51,0.73
Beed,2020,4,32.59,25.72,0.02
Beed,2020,5,33.96,30.4,0.37
Beed,2020,6,27.09,73.16,10.14
Beed,2020,7,25.89,81.36,5.92
Beed,2020,8,25.23,83.7,3.62
Beed,2020,9,25.44,84.74,7.82
Beed,2020,10,24.29,82.89,5.26
Beed,2020,11,21.15,77.61,0.02
Beed,2020,12,19.83,67.27,0.01
Beed,2020,13,25.73,61.6,2.83
Beed,2021,1,22.51,59.65,0.18
Beed,2021,2,23.65,33.23,0.16
Beed,2021,3,29.02,22.15,0.14
Beed,2021,4,31.56,25.97,0.25
Beed,2021,5,30.96,48.37,1.32
Beed,2021,6,27.18,72.98,5.46
Beed,2021,7,26.2,77.96,4.96
Beed,2021,8,25.9,77.05,3.76
Beed,2021,9,24.94,84.29,10.73
Beed,2021,10,23.46,80.93,3.11
Beed,2021,11,21.75,82.19,0.31
Beed,2021,12,19.46,73.27,0.5
Beed,2021,13,25.56,61.68,2.58
Beed,2022,1,19.68,61.3,0.06
Beed,2022,2,23.65,33.89,0.0
Beed,2022,3,29.33,21.98,0.06
Beed,2022,4,32.7,21.84,0.1
Beed,2022,5,32.81,36.63,0.32
Beed,2022,6,28.83,61.82,6.15
Beed,2022,7,25.2,82.08,7.27
Beed,2022,8,25.07,82.31,3.91
Beed,2022,9,24.89,84.58,7.01
Beed,2022,10,22.85,82.01,4.6
Beed,2022,11,19.62,75.33,0.0
Beed,2022,12,21.04,69.02,0.31
Beed,2022,13,25.48,59.59,2.49
Beed,2023,1,20.86,53.72,0.15
Beed,2023,2,24.24,22.06,0.0
Beed,2023,3,26.72,33.78,0.42
Beed,2023,4,30.37,34.18,1.58
Beed,2023,5,31.96,39.24,0.4
Beed,2023,6,30.75,50.42,1.22
Beed,2023,7,25.94,78.54,6.35
Beed,2023,8,26.29,73.33,1.09
Beed,2023,9,26.18,77.28,5.03
Beed,2023,10,24.75,66.84,0.45
Beed,2023,11,23.9,62.59,1.61
Beed,2023,12,21.1,60.2,0.18
Beed,2023,13,26.08,54.59,1.54
Latur,1997,1,19.66,55.75,0.79
Latur,1997,2,23.15,21.2,0.0
Latur,1997,3,29.01,22.38,0.34
Latur,1997,4,29.95,31.67,0.77
Latur,1997,5,32.82,30.7,0.51
Latur,1997,6,28.55,61.18,3.33
Latur,1997,7,26.49,72.35,4.38
Latur,1997,8,25.88,73.92,4.03
Latur,1997,9,25.59,77.19,2.7
Latur,1997,10,25.34,68.53,2.11
Latur,1997,11,24.07,75.95,2.64
Latur,1997,12,22.53,72.31,0.79
Latur,1997,13,26.1,55.47,1.88
Latur,1998,1,23.16,50.48,0.0
Latur,1998,2,24.44,34.23,0.21
Latur,1998,3,29.26,23.45,0.05
Latur,1998,4,34.22,22.02,0.06
Latur,1998,5,35.08,30.06,0.68
Latur,1998,6,29.87,59.39,4.74
Latur,1998,7,26.71,74.64,5.89
Latur,1998,8,25.56,84.09,8.35
Latur,1998,9,24.47,88.38,10.41
Latur,1998,10,23.49,87.33,7.22
Latur,1998,11,20.81,79.59,0.68
Latur,1998,12,17.24,64.26,0.0
Latur,1998,13,26.19,58.31,3.21
Latur,1999,1,19.05,50.83,0.0
Latur,1999,2,25.54,37.99,0.34
Latur,1999,3,29.64,16.94,0.0
Latur,1999,4,33.05,14.69,0.06
Latur,1999,5,31.73,43.12,1.67
Latur,1999,6,27.64,64.86,4.33
Latur,1999,7,26.05,74.92,3.52
Latur,1999,8,25.28,77.03,2.82
Latur,1999,9,25.02,79.17,4.41
Latur,1999,10,23.66,77.31,2.67
Latur,1999,11,21.63,58.19,0.0
Latur,1999,12,20.1,40.61,0.0
Latur,1999,13,25.69,53.08,1.66
Latur,2000,1,22.51,27.92,0.0
Latur,2000,2,23.74,36.14,1.01
Latur,2000,3,27.24,20.11,0.03
Latur,2000,4,33.41,21.02,0.1
Latur,2000,5,31.58,43.62,2.54
Latur,2000,6,26.83,72.48,5.0
Latur,2000,7,25.56,76.31,3.69
Latur,2000,8,25.04,81.57,10.62
Latur,2000,9,24.77,81.53,2.23
Latur,2000,10,24.85,65.42,0.94
Latur,2000,11,23.14,51.84,0.04
Latur,2000,12,21.33,22.65,0.24
Latur,2000,13,25.83,50.05,2.21
Latur,2001,1,22.68,34.67,0.14
Latur,2001,2,25.55,16.89,0.0
Latur,2001,3,29.01,27.6,0.48
Latur,2001,4,31.92,32.68,0.73
Latur,2001,5,33.56,32.71,0.41
Latur,2001,6,27.44,65.69,4.29
Latur,2001,7,26.77,68.79,2.36
Latur,2001,8,24.67,81.52,5.33
Latur,2001,9,25.43,78.81,7.69
Latur,2001,10,23.1,82.45,4.62
Latur,2001,11,21.04,71.79,0.03
Latur,2001,12,19.89,49.7,0.0
Latur,2001,13,25.92,53.82,2.18
Latur,2002,1,21.05,41.64,0.28
Latur,2002,2,26.14,33.59,0.03
Latur,2002,3,29.44,21.46,0.14
Latur,2002,4,33.01,22.51,0.26
Latur,2002,5,33.62,38.89,1.96
Latur,2002,6,28.17,66.93,5.49
Latur,2002,7,27.06,69.87,3.07
Latur,2002,8,24.88,80.73,7.03
Latur,2002,9,25.02,78.34,3.31
Latur,2002,10,24.44,67.76,2.64
Latur,2002,11,22.99,47.01,0.02
Latur,2002,12,22.79,35.78,0.0
Latur,2002,13,26.55,50.48,2.03
Latur,2003,1,23.33,34.08,0.01
Latur,2003,2,26.57,33.1,0.26
Latur,2003,3,29.24,27.04,0.54
Latur,2003,4,32.73,30.44,1.0
Latur,2003,5,34.31,22.27,0.01
Latur,2003,6,29.82,55.75,2.79
Latur,2003,7,26.13,76.35,5.07
Latur,2003,8,25.38,79.08,5.87
Latur,2003,9,25.41,78.83,2.58
Latur,2003,10,24.35,74.36,1.82
Latur,2003,11,22.68,61.75,0.01
Latur,2003,12,21.4,46.68,0.07
Latur,2003,13,26.77,51.74,1.68
Latur,2004,1,22.12,45.0,0.5
Latur,2004,2,24.11,32.13,0.18
Latur,2004,3,30.18,19.25,0.24
Latur,2004,4,32.29,30.25,0.73
Latur,2004,5,30.66,52.32,2.67
Latur,2004,6,28.04,65.96,3.18
Latur,2004,7,25.64,77.88,7.93
Latur,2004,8,25.07,79.72,2.14
Latur,2004,9,25.01,82.18,6.94
Latur,2004,10,22.97,76.53,1.74
Latur,2004,11,22.44,61.84,0.21
Latur,2004,12,21.3,38.2,0.0
Latur,2004,13,25.82,55.18,2.21
Latur,2005,1,22.68,39.37,0.67
Latur,2005,2,25.53,34.25,0.01
Latur,2005,3,28.64,26.34,0.42
Latur,2005,4,31.0,34.84,0.81
Latur,2005,5,33.46,30.15,1.12
Latur,2005,6,29.88,58.42,3.28
Latur,2005,7,25.67,79.57,11.08
Latur,2005,8,24.86,84.27,6.76
Latur,2005,9,24.77,86.6,6.83
Latur,2005,10,22.98,82.36,4.22
Latur,2005,11,18.55,73.86,0.0
Latur,2005,12,18.36,63.43,0.03
Latur,2005,13,25.53,57.92,2.96
Latur,2006,1,20.23,46.99,0.0
Latur,2006,2,25.31,26.35,0.0
Latur,2006,3,27.87,37.87,1.14
Latur,2006,4,32.16,28.01,0.74
Latur,2006,5,32.56,40.16,3.35
Latur,2006,6,27.61,70.01,5.11
Latur,2006,7,25.65,77.63,4.71
Latur,2006,8,24.62,82.81,6.4
Latur,2006,9,24.81,85.15,9.08
Latur,2006,10,23.72,80.13,1.1
Latur,2006,11,20.9,79.51,2.39
Latur,2006,12,20.0,65.37,0.0
Latur,2006,13,25.44,60.21,2.84
Latur,2007,1,21.61,45.34,0.0
Latur,2007,2,24.95,31.75,0.0
Latur,2007,3,29.22,22.82,0.0
Latur,2007,4,32.59,25.16,0.32
Latur,2007,5,34.39,28.85,0.22
Latur,2007,6,28.52,67.21,5.46
Latur,2007,7,26.59,74.98,3.74
Latur,2007,8,25.38,80.06,7.11
Latur,2007,9,24.77,85.73,8.8
Latur,2007,10,21.98,75.81,0.37
Latur,2007,11,20.56,65.09,0.17
Latur,2007,12,21.2,56.81,0.0
Latur,2007,13,25.98,55.09,2.18
Latur,2008,1,21.75,32.93,0.04
Latur,2008,2,23.84,34.75,0.45
Latur,2008,3,28.07,38.0,2.36
Latur,2008,4,31.11,33.23,0.38
Latur,2008,5,33.55,27.18,0.25
Latur,2008,6,28.61,59.34,1.52
Latur,2008,7,27.52,65.5,4.56
Latur,2008,8,25.1,81.81,8.89
Latur,2008,9,24.22,85.68,8.84
Latur,2008,10,22.89,77.49,1.49
Latur,2008,11,21.28,72.15,0.95
Latur,2008,12,21.16,57.78,0.09
Latur,2008,13,25.76,55.52,2.49
Latur,2009,1,22.89,43.01,0.0
Latur,2009,2,26.4,24.56,0.0
Latur,2009,3,29.46,22.58,0.2
Latur,2009,4,32.36,20.89,0.35
Latur,2009,5,32.94,35.38,1.58
Latur,2009,6,29.46,59.7,3.65
Latur,2009,7,26.47,73.46,3.31
Latur,2009,8,26.51,74.37,6.5
Latur,2009,9,25.42,81.61,6.1
Latur,2009,10,23.37,73.74,2.88
Latur,2009,11,21.61,72.7,1.64
Latur,2009,12,21.06,60.63,0.09
Latur,2009,13,26.49,53.73,2.2
Latur,2010,1,21.08,44.42,0.45
Latur,2010,2,26.82,33.63,0.32
Latur,2010,3,30.73,23.33,0.07
Latur,2010,4,33.55,22.35,0.22
Latur,2010,5,34.56,30.66,0.49
Latur,2010,6,29.11,63.6,5.58
Latur,2010,7,25.45,81.79,8.85
Latur,2010,8,25.05,85.42,9.13
Latur,2010,9,24.49,86.29,5.15
Latur,2010,10,23.27,83.83,2.32
Latur,2010,11,22.88,84.49,1.62
Latur,2010,12,18.83,71.13,0.07
Latur,2010,13,26.3,59.4,2.87
Latur,2011,1,19.81,51.51,0.0
Latur,2011,2,24.36,38.48,0.16
Latur,2011,3,29.18,22.4,0.09
Latur,2011,4,31.83,29.86,0.47
Latur,2011,5,33.51,31.74,0.64
Latur,2011,6,28.33,63.92,2.29
Latur,2011,7,26.24,75.51,7.8
Latur,2011,8,25.29,81.08,6.15
Latur,2011,9,24.65,82.39,2.47
Latur,2011,10,23.85,77.89,2.15
Latur,2011,11,22.37,59.52,0.01
Latur,2011,12,21.79,36.88,0.0
Latur,2011,13,25.94,54.34,1.87
Latur,2012,1,22.1,34.09,0.03
Latur,2012,2,25.2,25.02,0.0
Latur,2012,3,27.86,14.97,0.0
Latur,2012,4,32.65,27.67,0.6
Latur,2012,5,33.9,27.23,0.41
Latur,2012,6,29.55,55.89,3.9
Latur,2012,7,25.88,76.5,5.04
Latur,2012,8,25.79,76.67,4.44
Latur,2012,9,24.9,82.84,4.93
Latur,2012,10,23.45,76.46,2.26
Latur,2012,11,22.52,67.19,0.39
Latur,2012,12,22.83,44.74,0.01
Latur,2012,13,26.38,50.83,1.84
Latur,2013,1,23.53,38.04,0.17
Latur,2013,2,25.77,38.03,0.44
Latur,2013,3,29.43,23.97,0.01
Latur,2013,4,32.42,30.17,0.92
Latur,2013,5,34.24,31.14,1.04
Latur,2013,6,26.9,73.05,6.0
Latur,2013,7,24.81,82.92,11.18
Latur,2013,8,24.67,83.25,2.51
Latur,2013,9,24.82,83.96,5.75
Latur,2013,10,23.54,83.7,2.97
Latur,2013,11,20.46,78.53,0.58
Latur,2013,12,19.37,62.18,0.14
Latur,2013,13,25.83,59.17,2.65
Latur,2014,1,21.99,53.01,0.03
Latur,2014,2,24.02,36.29,0.6
Latur,2014,3,26.44,50.34,1.94
Latur,2014,4,32.35,29.24,0.76
Latur,2014,5,32.68,38.94,1.65
Latur,2014,6,31.71,48.22,2.03
Latur,2014,7,26.99,70.77,4.49
Latur,2014,8,26.54,74.78,7.09
Latur,2014,9,24.52,80.89,3.22
Latur,2014,10,24.26,70.27,1.77
Latur,2014,11,22.53,58.94,0.77
Latur,2014,12,20.52,45.63,0.39
Latur,2014,13,26.21,54.93,2.08
Latur,2015,1,20.75,43.84,0.29
Latur,2015,2,24.59,29.43,0.3
Latur,2015,3,27.4,41.5,0.86
Latur,2015,4,29.88,39.6,2.02
Latur,2015,5,33.58,33.35,0.58
Latur,2015,6,29.08,60.26,3.21
Latur,2015,7,28.27,63.3,1.78
Latur,2015,8,26.56,73.57,4.95
Latur,2015,9,25.75,77.46,4.49
Latur,2015,10,26.52,61.7,0.82
Latur,2015,11,25.56,47.85,0.06
Latur,2015,12,24.19,35.42,0.0
Latur,2015,13,26.85,50.72,1.62
Latur,2016,1,22.53,29.6,0.01
Latur,2016,2,26.94,29.11,0.05
Latur,2016,3,30.19,26.4,0.21
Latur,2016,4,34.21,23.36,0.28
Latur,2016,5,34.53,33.88,0.51
Latur,2016,6,29.3,61.47,4.56
Latur,2016,7,25.82,78.64,6.78
Latur,2016,8,25.83,76.8,1.45
Latur,2016,9,24.82,81.38,9.64
Latur,2016,10,22.58,75.85,1.53
Latur,2016,11,19.99,61.28,0.0
Latur,2016,12,20.26,45.39,0.01
Latur,2016,13,26.41,52.0,2.08
Latur,2017,1,21.31,34.29,0.0
Latur,2017,2,25.26,24.45,0.0
Latur,2017,3,28.52,23.67,0.27
Latur,2017,4,32.82,16.63,0.03
Latur,2017,5,34.98,27.02,0.21
Latur,2017,6,28.62,66.21,4.72
Latur,2017,7,26.85,71.6,3.87
Latur,2017,8,26.09,75.1,5.01
Latur,2017,9,25.79,80.0,3.56
Latur,2017,10,24.66,73.8,3.23
Latur,2017,11,22.62,60.01,0.02
Latur,2017,12,21.67,40.22,0.0
Latur,2017,13,26.6,49.55,1.75
Latur,2018,1,21.58,28.04,0.0
Latur,2018,2,25.24,27.89,0.02
Latur,2018,3,29.42,21.71,0.03
Latur,2018,4,32.72,24.07,0.31
Latur,2018,5,34.4,29.6,0.99
Latur,2018,6,27.97,68.28,4.55
Latur,2018,7,26.25,72.98,2.62
Latur,2018,8,25.87,74.53,5.84
Latur,2018,9,25.93,71.41,1.17
Latur,2018,10,26.39,52.92,0.48
Latur,2018,11,25.1,41.13,0.04
Latur,2018,12,21.3,42.13,0.19
Latur,2018,13,26.85,46.32,1.36
Latur,2019,1,20.65,32.44,0.08
Latur,2019,2,25.03,30.39,0.01
Latur,2019,3,29.14,21.95,0.07
Latur,2019,4,33.48,20.46,0.15
Latur,2019,5,34.87,21.84,0.1
Latur,2019,6,31.42,51.75,2.21
Latur,2019,7,27.0,72.02,3.69
Latur,2019,8,26.2,76.13,3.95
Latur,2019,9,25.44,82.53,5.77
Latur,2019,10,24.2,83.68,4.64
Latur,2019,11,22.26,77.51,0.15
Latur,2019,12,21.62,69.44,0.08
Latur,2019,13,26.78,53.48,1.75
Latur,2020,1,22.38,54.55,0.18
Latur,2020,2,24.93,39.0,0.05
Latur,2020,3,28.98,33.83,0.56
Latur,2020,4,33.02,26.94,0.15
Latur,2020,5,34.42,30.14,0.69
Latur,2020,6,27.6,70.57,6.93
Latur,2020,7,25.98,80.98,6.0
Latur,2020,8,25.44,83.2,4.05
Latur,2020,9,25.48,85.1,6.57
Latur,2020,10,24.21,84.09,5.02
Latur,2020,11,21.19,77.06,0.02
Latur,2020,12,20.24,66.42,0.0
Latur,2020,13,26.16,61.07,2.52
Latur,2021,1,23.47,54.76,0.02
Latur,2021,2,24.1,31.44,0.07
Latur,2021,3,29.31,21.96,0.07
Latur,2021,4,31.71,28.98,0.57
Latur,2021,5,31.23,48.49,1.83
Latur,2021,6,27.34,71.3,5.08
Latur,2021,7,25.89,81.03,9.27
Latur,2021,8,25.47,81.8,4.4
Latur,2021,9,24.71,86.54,11.21
Latur,2021,10,23.43,83.16,2.21
Latur,2021,11,21.75,84.28,0.48
Latur,2021,12,19.78,72.64,0.04
Latur,2021,13,25.69,62.39,2.95
Latur,2022,1,20.08,61.77,0.29
Latur,2022,2,24.24,35.72,0.0
Latur,2022,3,29.79,22.11,0.01
Latur,2022,4,33.52,25.32,0.18
Latur,2022,5,33.19,36.62,1.09
Latur,2022,6,29.13,61.44,3.51
Latur,2022,7,25.12,84.04,15.74
Latur,2022,8,24.86,85.21,4.11
Latur,2022,9,24.78,85.87,7.02
Latur,2022,10,22.84,83.85,3.53
Latur,2022,11,19.57,77.24,0.0
Latur,2022,12,21.29,69.77,0.08
Latur,2022,13,25.7,60.93,2.99
Latur,2023,1,21.73,49.98,0.0
Latur,2023,2,24.74,21.39,0.0
Latur,2023,3,27.2,33.77,0.73
Latur,2023,4,30.69,36.37,2.55
Latur,2023,5,31.56,45.15,1.45
Latur,2023,6,31.37,47.54,1.52
Latur,2023,7,25.98,78.87,11.83
Latur,2023,8,25.68,79.15,1.47
Latur,2023,9,25.35,83.98,6.88
Latur,2023,10,23.51,74.64,0.29
Latur,2023,11,23.02,71.64,1.81
Latur,2023,12,20.51,64.08,0.02
Latur,2023,13,25.94,57.48,2.39
Dharashiv,1997,1,20.43,52.99,0.3
Dharashiv,1997,2,23.56,20.71,0.0
Dharashiv,1997,3,28.96,22.73,0.42
Dharashiv,1997,4,30.29,30.36,0.39
Dharashiv,1997,5,32.43,32.94,0.54
Dharashiv,1997,6,27.78,65.0,3.02
Dharashiv,1997,7,26.31,71.86,2.85
Dharashiv,1997,8,25.92,72.18,2.4
Dharashiv,1997,9,26.5,69.27,1.82
Dharashiv,1997,10,26.34,63.52,2.62
Dharashiv,1997,11,24.1,76.04,2.8
Dharashiv,1997,12,22.74,71.11,0.77
Dharashiv,1997,13,26.29,54.27,1.5
Dharashiv,1998,1,23.34,49.06,0.0
Dharashiv,1998,2,24.8,32.47,0.02
Dharashiv,1998,3,29.43,23.84,0.02
Dharashiv,1998,4,34.15,22.04,0.09
Dharashiv,1998,5,34.39,33.87,0.83
Dharashiv,1998,6,29.26,61.28,4.51
Dharashiv,1998,7,26.45,74.04,4.04
Dharashiv,1998,8,25.57,81.96,7.0
Dharashiv,1998,9,24.5,86.22,12.15
Dharashiv,1998,10,23.62,85.37,7.77
Dharashiv,1998,11,21.11,77.93,0.46
Dharashiv,1998,12,17.69,63.53,0.0
Dharashiv,1998,13,26.19,57.79,3.09
Dharashiv,1999,1,19.71,48.25,0.0
Dharashiv,1999,2,25.45,38.54,0.38
Dharashiv,1999,3,29.89,17.38,0.0
Dharashiv,1999,4,32.72,17.31,0.02
Dharashiv,1999,5,30.71,47.42,1.47
Dharashiv,1999,6,27.27,65.79,3.96
Dharashiv,1999,7,25.75,75.24,2.63
Dharashiv,1999,8,25.74,72.61,1.3
Dharashiv,1999,9,25.71,73.19,3.01
Dharashiv,1999,10,24.6,70.54,2.67
Dharashiv,1999,11,23.04,49.69,0.0
Dharashiv,1999,12,21.31,35.1,0.0
Dharashiv,1999,13,25.98,51.02,1.29
Dharashiv,2000,1,23.22,27.41,0.0
Dharashiv,2000,2,24.16,35.87,0.67
Dharashiv,2000,3,27.75,19.59,0.04
Dharashiv,2000,4,33.27,22.99,0.15
Dharashiv,2000,5,31.13,45.13,2.36
Dharashiv,2000,6,26.62,72.27,3.62
Dharashiv,2000,7,25.52,74.61,2.75
Dharashiv,2000,8,24.92,79.75,8.79
Dharashiv,2000,9,24.97,78.81,2.32
Dharashiv,2000,10,24.78,65.89,1.34
Dharashiv,2000,11,23.11,54.48,0.07
Dharashiv,2000,12,21.48,25.67,0.21
Dharashiv,2000,13,25.91,50.21,1.87
Dharashiv,2001,1,23.31,34.01,0.06
Dharashiv,2001,2,25.86,17.02,0.0
Dharashiv,2001,3,28.99,26.37,0.16
Dharashiv,2001,4,31.89,34.12,0.76
Dharashiv,2001,5,32.58,36.97,0.5
Dharashiv,2001,6,27.37,64.35,2.58
Dharashiv,2001,7,26.75,67.02,2.08
Dharashiv,2001,8,24.98,77.71,3.12
Dharashiv,2001,9,25.64,76.51,9.42
Dharashiv,2001,10,23.23,80.55,4.27
Dharashiv,2001,11,21.24,70.93,0.07
Dharashiv,2001,12,20.05,52.14,0.0
Dharashiv,2001,13,25.99,53.35,1.92
Dharashiv,2002,1,21.36,42.29,0.19
Dharashiv,2002,2,26.0,34.1,0.02
Dharashiv,2002,3,29.5,22.18,0.07
Dharashiv,2002,4,33.1,23.32,0.23
Dharashiv,2002,5,32.38,44.28,2.25
Dharashiv,2002,6,27.58,68.72,4.17
Dharashiv,2002,7,26.87,69.38,2.86
Dharashiv,2002,8,25.06,77.72,5.13
Dharashiv,2002,9,25.5,74.69,3.69
Dharashiv,2002,10,24.86,65.23,2.93
Dharashiv,2002,11,23.36,47.3,0.02
Dharashiv,2002,12,22.88,37.34,0.0
Dharashiv,2002,13,26.53,50.65,1.81
Dharashiv,2003,1,23.62,35.26,0.0
Dharashiv,2003,2,26.58,32.59,0.19
Dharashiv,2003,3,29.27,27.37,0.67
Dharashiv,2003,4,32.23,32.86,1.21
Dharashiv,2003,5,33.75,26.33,0.01
Dharashiv,2003,6,29.44,56.4,1.65
Dharashiv,2003,7,26.45,72.36,2.07
Dharashiv,2003,8,25.84,74.01,5.26
Dharashiv,2003,9,25.9,73.69,2.52
Dharashiv,2003,10,25.23,68.48,1.14
Dharashiv,2003,11,23.93,54.2,0.01
Dharashiv,2003,12,22.26,42.57,0.05
Dharashiv,2003,13,27.04,49.77,1.24
Dharashiv,2004,1,22.61,41.31,0.18
Dharashiv,2004,2,24.77,29.52,0.15
Dharashiv,2004,3,30.2,19.31,0.11
Dharashiv,2004,4,32.3,30.24,0.6
Dharashiv,2004,5,29.76,56.46,3.45
Dharashiv,2004,6,26.95,70.98,3.82
Dharashiv,2004,7,25.25,78.61,6.98
Dharashiv,2004,8,25.01,78.32,1.65
Dharashiv,2004,9,25.05,80.68,7.31
Dharashiv,2004,10,23.32,74.81,1.04
Dharashiv,2004,11,22.58,60.9,0.11
Dharashiv,2004,12,21.41,39.46,0.0
Dharashiv,2004,13,25.76,55.13,2.12
Dharashiv,2005,1,23.18,37.42,0.23
Dharashiv,2005,2,25.83,31.69,0.0
Dharashiv,2005,3,28.75,25.21,0.34
Dharashiv,2005,4,30.59,37.98,1.05
Dharashiv,2005,5,32.72,34.13,1.45
Dharashiv,2005,6,28.89,63.07,2.92
Dharashiv,2005,7,25.59,79.04,8.26
Dharashiv,2005,8,24.86,82.2,7.13
Dharashiv,2005,9,24.84,83.9,4.93
Dharashiv,2005,10,23.34,79.52,3.27
Dharashiv,2005,11,19.16,70.32,0.01
Dharashiv,2005,12,19.65,57.77,0.0
Dharashiv,2005,13,25.61,56.98,2.49
Dharashiv,2006,1,21.37,41.49,0.0
Dharashiv,2006,2,25.3,25.77,0.0
Dharashiv,2006,3,28.41,32.6,0.56
Dharashiv,2006,4,32.35,27.49,0.42
Dharashiv,2006,5,32.19,41.37,3.26
Dharashiv,2006,6,27.26,71.27,5.1
Dharashiv,2006,7,25.43,77.18,2.63
Dharashiv,2006,8,24.76,79.63,3.11
Dharashiv,2006,9,25.27,81.13,7.57
Dharashiv,2006,10,24.07,76.38,0.91
Dharashiv,2006,11,21.62,75.42,2.97
Dharashiv,2006,12,20.64,61.38,0.0
Dharashiv,2006,13,25.72,57.79,2.21
Dharashiv,2007,1,22.22,42.0,0.0
Dharashiv,2007,2,24.85,32.7,0.0
Dharashiv,2007,3,29.51,23.11,0.0
Dharashiv,2007,4,32.76,25.59,0.14
Dharashiv,2007,5,33.58,32.8,0.16
Dharashiv,2007,6,28.27,66.94,5.04
Dharashiv,2007,7,26.31,75.21,2.71
Dharashiv,2007,8,25.5,77.65,5.82
Dharashiv,2007,9,24.73,83.95,7.94
Dharashiv,2007,10,22.63,72.46,0.24
Dharashiv,2007,11,21.33,61.63,0.17
Dharashiv,2007,12,21.98,52.66,0.0
Dharashiv,2007,13,26.14,54.0,1.85
Dharashiv,2008,1,22.25,32.09,0.01
Dharashiv,2008,2,24.65,31.91,0.15
Dharashiv,2008,3,27.86,38.76,1.82
Dharashiv,2008,4,31.11,34.09,0.46
Dharashiv,2008,5,32.82,31.6,0.25
Dharashiv,2008,6,28.12,61.56,0.77
Dharashiv,2008,7,27.34,65.51,4.55
Dharashiv,2008,8,25.09,80.2,6.93
Dharashiv,2008,9,24.32,82.58,8.16
Dharashiv,2008,10,23.07,75.74,1.71
Dharashiv,2008,11,21.61,70.18,1.04
Dharashiv,2008,12,21.21,58.97,0.15
Dharashiv,2008,13,25.79,55.32,2.17
Dharashiv,2009,1,22.75,44.07,0.0
Dharashiv,2009,2,26.67,24.54,0.0
Dharashiv,2009,3,29.55,23.49,0.23
Dharashiv,2009,4,32.38,22.58,0.31
Dharashiv,2009,5,32.44,37.95,1.74
Dharashiv,2009,6,28.45,63.62,3.67
Dharashiv,2009,7,26.25,73.04,1.92
Dharashiv,2009,8,26.48,72.29,4.84
Dharashiv,2009,9,25.58,78.82,7.37
Dharashiv,2009,10,23.45,74.36,3.3
Dharashiv,2009,11,21.89,71.83,1.53
Dharashiv,2009,12,21.46,60.6,0.05
Dharashiv,2009,13,26.44,54.12,2.08
Dharashiv,2010,1,21.85,46.68,0.62
Dharashiv,2010,2,26.85,34.26,0.09
Dharashiv,2010,3,30.72,23.51,0.07
Dharashiv,2010,4,33.33,24.69,0.32
Dharashiv,2010,5,34.19,33.33,0.48
Dharashiv,2010,6,28.22,66.89,5.03
Dharashiv,2010,7,25.52,79.25,7.61
Dharashiv,2010,8,25.15,82.86,8.21
Dharashiv,2010,9,24.66,83.8,4.04
Dharashiv,2010,10,23.56,81.3,2.53
Dharashiv,2010,11,23.15,82.04,1.53
Dharashiv,2010,12,19.53,67.34,0.07
Dharashiv,2010,13,26.38,58.97,2.57
Dharashiv,2011,1,20.75,47.42,0.0
Dharashiv,2011,2,24.51,37.5,0.1
Dharashiv,2011,3,29.37,22.15,0.03
Dharashiv,2011,4,31.5,32.35,0.82
Dharashiv,2011,5,32.57,35.92,0.95
Dharashiv,2011,6,27.64,66.17,1.7
Dharashiv,2011,7,26.11,74.04,5.95
Dharashiv,2011,8,25.45,78.17,4.64
Dharashiv,2011,9,25.07,77.85,1.49
Dharashiv,2011,10,24.46,74.14,3.06
Dharashiv,2011,11,23.28,54.22,0.0
Dharashiv,2011,12,22.64,35.4,0.0
Dharashiv,2011,13,26.12,53.02,1.58
Dharashiv,2012,1,22.51,33.5,0.01
Dharashiv,2012,2,25.65,25.25,0.0
Dharashiv,2012,3,28.26,15.64,0.0
Dharashiv,2012,4,32.37,30.1,0.88
Dharashiv,2012,5,33.27,30.73,0.52
Dharashiv,2012,6,29.13,56.06,2.79
Dharashiv,2012,7,26.03,73.99,3.48
Dharashiv,2012,8,26.01,73.56,3.64
Dharashiv,2012,9,25.17,79.0,4.0
Dharashiv,2012,10,23.79,73.34,2.76
Dharashiv,2012,11,23.09,63.63,0.4
Dharashiv,2012,12,23.26,44.22,0.0
Dharashiv,2012,13,26.54,49.97,1.54
Dharashiv,2013,1,23.76,36.5,0.04
Dharashiv,2013,2,25.98,36.16,0.29
Dharashiv,2013,3,29.52,23.95,0.0
Dharashiv,2013,4,32.21,30.17,0.9
Dharashiv,2013,5,33.54,35.08,1.46
Dharashiv,2013,6,26.63,73.21,4.55
Dharashiv,2013,7,24.73,81.9,8.26
Dharashiv,2013,8,24.84,79.99,1.68
Dharashiv,2013,9,25.06,80.84,6.07
Dharashiv,2013,10,23.94,80.49,2.14
Dharashiv,2013,11,21.58,71.59,0.48
Dharashiv,2013,12,20.07,56.04,0.12
Dharashiv,2013,13,25.98,57.26,2.17
Dharashiv,2014,1,22.41,50.39,0.02
Dharashiv,2014,2,24.21,36.76,0.68
Dharashiv,2014,3,26.96,47.1,1.59
Dharashiv,2014,4,32.08,30.1,0.8
Dharashiv,2014,5,32.42,39.43,1.48
Dharashiv,2014,6,31.23,49.57,1.36
Dharashiv,2014,7,26.76,70.91,3.57
Dharashiv,2014,8,26.41,73.79,7.22
Dharashiv,2014,9,24.8,78.3,2.42
Dharashiv,2014,10,24.3,69.29,3.04
Dharashiv,2014,11,22.1,62.37,1.13
Dharashiv,2014,12,20.52,51.04,0.45
Dharashiv,2014,13,26.18,55.07,2.0
Dharashiv,2015,1,21.16,42.97,0.16
Dharashiv,2015,2,24.46,30.07,0.19
Dharashiv,2015,3,27.63,39.81,0.73
Dharashiv,2015,4,30.15,37.88,1.34
Dharashiv,2015,5,32.49,39.63,1.2
Dharashiv,2015,6,28.59,60.93,1.82
Dharashiv,2015,7,28.25,61.81,1.12
Dharashiv,2015,8,26.96,69.01,3.24
Dharashiv,2015,9,25.88,75.83,5.82
Dharashiv,2015,10,25.97,65.2,1.42
Dharashiv,2015,11,25.16,51.41,0.19
Dharashiv,2015,12,24.42,36.9,0.0
Dharashiv,2015,13,26.77,51.06,1.44
Dharashiv,2016,1,22.83,29.97,0.0
Dharashiv,2016,2,27.0,30.3,0.04
Dharashiv,2016,3,30.2,27.14,0.34
Dharashiv,2016,4,34.02,25.69,0.38
Dharashiv,2016,5,34.02,35.36,0.63
Dharashiv,2016,6,28.11,66.64,4.6
Dharashiv,2016,7,25.61,78.41,7.05
Dharashiv,2016,8,25.63,76.56,1.13
Dharashiv,2016,9,24.71,79.67,10.51
Dharashiv,2016,10,22.52,75.43,1.73
Dharashiv,2016,11,19.88,61.48,0.0
Dharashiv,2016,12,20.57,47.23,0.04
Dharashiv,2016,13,26.25,52.89,2.2
Dharashiv,2017,1,21.74,34.66,0.0
Dharashiv,2017,2,25.37,24.33,0.0
Dharashiv,2017,3,28.46,24.86,0.38
Dharashiv,2017,4,32.55,18.83,0.07
Dharashiv,2017,5,34.15,31.06,0.39
Dharashiv,2017,6,27.75,69.76,6.04
Dharashiv,2017,7,26.5,72.47,2.4
Dharashiv,2017,8,26.03,73.62,5.29
Dharashiv,2017,9,25.63,80.12,5.32
Dharashiv,2017,10,24.31,75.52,4.19
Dharashiv,2017,11,22.12,64.47,0.01
Dharashiv,2017,12,21.35,47.01,0.03
Dharashiv,2017,13,26.33,51.54,2.02
Dharashiv,2018,1,21.93,30.91,0.0
Dharashiv,2018,2,25.3,27.27,0.0
Dharashiv,2018,3,29.18,22.82,0.01
Dharashiv,2018,4,32.5,25.55,0.45
Dharashiv,2018,5,33.43,34.34,1.34
Dharashiv,2018,6,27.25,71.18,4.75
Dharashiv,2018,7,25.93,73.82,1.77
Dharashiv,2018,8,25.66,73.89,4.26
Dharashiv,2018,9,26.14,69.4,1.77
Dharashiv,2018,10,26.42,53.35,1.09
Dharashiv,2018,11,25.25,42.02,0.2
Dharashiv,2018,12,21.88,42.1,0.29
Dharashiv,2018,13,26.74,47.33,1.33
Dharashiv,2019,1,21.22,31.01,0.02
Dharashiv,2019,2,25.47,30.21,0.0
Dharashiv,2019,3,29.53,21.38,0.12
Dharashiv,2019,4,33.3,22.1,0.31
Dharashiv,2019,5,34.47,24.16,0.12
Dharashiv,2019,6,30.08,58.17,3.18
Dharashiv,2019,7,26.7,72.9,2.13
Dharashiv,2019,8,26.14,74.64,3.5
Dharashiv,2019,9,25.43,80.82,7.16
Dharashiv,2019,10,24.15,83.37,6.35
Dharashiv,2019,11,22.27,78.23,0.17
Dharashiv,2019,12,21.74,72.09,0.12
Dharashiv,2019,13,26.71,54.22,1.94
Dharashiv,2020,1,22.27,57.48,0.09
Dharashiv,2020,2,25.03,39.68,0.06
Dharashiv,2020,3,28.93,34.46,0.64
Dharashiv,2020,4,32.97,27.18,0.14
Dharashiv,2020,5,34.1,32.3,0.76
Dharashiv,2020,6,27.33,71.23,8.36
Dharashiv,2020,7,25.5,81.96,7.64
Dharashiv,2020,8,25.17,83.7,3.44
Dharashiv,2020,9,25.24,84.56,6.98
Dharashiv,2020,10,24.21,83.26,6.86
Dharashiv,2020,11,21.42,78.23,0.02
Dharashiv,2020,12,19.98,70.53,0.0
Dharashiv,2020,13,26.01,62.13,2.92
Dharashiv,2021,1,23.13,61.09,0.03
Dharashiv,2021,2,24.04,35.08,0.07
Dharashiv,2021,3,29.19,21.97,0.06
Dharashiv,2021,4,31.25,32.71,1.18
Dharashiv,2021,5,30.4,53.23,2.32
Dharashiv,2021,6,27.08,71.53,4.86
Dharashiv,2021,7,25.78,79.45,6.97
Dharashiv,2021,8,25.46,79.11,4.07
Dharashiv,2021,9,24.83,83.71,9.91
Dharashiv,2021,10,23.67,81.96,3.03
Dharashiv,2021,11,22.3,82.27,1.12
Dharashiv,2021,12,20.36,72.38,0.15
Dharashiv,2021,13,25.63,63.05,2.82
Dharashiv,2022,1,20.52,60.19,0.05
Dharashiv,2022,2,24.33,36.27,0.0
Dharashiv,2022,3,29.85,22.88,0.03
Dharashiv,2022,4,32.7,29.67,0.57
Dharashiv,2022,5,32.33,40.66,1.43
Dharashiv,2022,6,28.53,62.55,3.72
Dharashiv,2022,7,25.13,81.74,9.99
Dharashiv,2022,8,24.83,83.24,4.86
Dharashiv,2022,9,24.81,83.67,6.05
Dharashiv,2022,10,23.0,81.71,4.19
Dharashiv,2022,11,20.35,74.83,0.0
Dharashiv,2022,12,21.86,67.42,0.06
Dharashiv,2022,13,25.69,60.58,2.6
Dharashiv,2023,1,22.04,47.79,0.0
Dharashiv,2023,2,24.98,21.9,0.0
Dharashiv,2023,3,27.27,32.67,0.47
Dharashiv,2023,4,30.62,35.88,2.57
Dharashiv,2023,5,31.52,44.95,0.82
Dharashiv,2023,6,30.83,49.89,1.5
Dharashiv,2023,7,25.62,79.14,8.73
Dharashiv,2023,8,25.95,75.61,0.95
Dharashiv,2023,9,25.76,79.57,5.9
Dharashiv,2023,10,24.11,70.01,0.92
Dharashiv,2023,11,23.98,67.76,1.74
Dharashiv,2023,12,21.67,58.04,0.01
Dharashiv,2023,13,26.19,55.51,1.97
Nagpur,1997,1,19.56,41.66,0.88
Nagpur,1997,2,23.13,17.66,0.0
Nagpur,1997,3,29.88,16.88,0.05
Nagpur,1997,4,31.71,29.29,0.45
Nagpur,1997,5,35.58,24.16,0.38
Nagpur,1997,6,31.82,54.24,3.43
Nagpur,1997,7,27.82,78.49,8.05
Nagpur,1997,8,26.9,82.64,9.19
Nagpur,1997,9,26.22,84.74,5.51
Nagpur,1997,10,24.63,76.78,2.57
Nagpur,1997,11,23.2,78.8,2.9
Nagpur,1997,12,19.4,84.38,2.91
Nagpur,1997,13,26.67,56.06,3.05
Nagpur,1998,1,19.18,68.19,0.36
Nagpur,1998,2,21.68,53.8,1.53
Nagpur,1998,3,26.71,34.48,1.13
Nagpur,1998,4,34.56,23.41,0.26
Nagpur,1998,5,37.65,24.37,0.6
Nagpur,1998,6,34.1,48.72,3.81
Nagpur,1998,7,27.92,79.43,7.26
Nagpur,1998,8,26.98,87.09,9.74
Nagpur,1998,9,26.74,86.84,6.8
Nagpur,1998,10,25.18,83.82,2.21
Nagpur,1998,11,21.12,76.28,2.71
Nagpur,1998,12,18.24,54.12,0.0
Nagpur,1998,13,26.69,60.11,3.04
Nagpur,1999,1,19.09,42.36,0.02
Nagpur,1999,2,25.22,40.4,0.75
Nagpur,1999,3,30.15,13.75,0.02
Nagpur,1999,4,34.98,9.25,0.0
Nagpur,1999,5,36.45,29.09,1.12
Nagpur,1999,6,31.06,57.56,4.33
Nagpur,1999,7,27.55,78.6,8.52
Nagpur,1999,8,26.37,86.43,11.28
Nagpur,1999,9,25.65,88.22,8.46
Nagpur,1999,10,24.14,83.19,3.69
Nagpur,1999,11,20.4,69.01,0.0
Nagpur,1999,12,18.46,58.53,0.0
Nagpur,1999,13,26.62,54.8,3.2
Nagpur,2000,1,20.64,35.51,0.0
Nagpur,2000,2,23.01,35.38,0.52
Nagpur,2000,3,27.78,14.79,0.0
Nagpur,2000,4,35.12,13.82,0.01
Nagpur,2000,5,35.02,36.27,1.86
Nagpur,2000,6,29.72,67.6,6.32
Nagpur,2000,7,26.99,81.58,9.8
Nagpur,2000,8,26.81,84.79,6.18
Nagpur,2000,9,26.52,80.84,3.13
Nagpur,2000,10,26.43,60.48,0.37
Nagpur,2000,11,24.11,38.47,0.0
Nagpur,2000,12,20.98,17.98,0.05
Nagpur,2000,13,26.93,47.33,2.36
Nagpur,2001,1,21.8,25.37,0.2
Nagpur,2001,2,25.41,16.13,0.01
Nagpur,2001,3,29.79,29.42,0.61
Nagpur,2001,4,32.67,29.81,0.96
Nagpur,2001,5,36.29,30.24,1.43
Nagpur,2001,6,28.34,73.3,9.63
Nagpur,2001,7,26.7,81.8,7.91
Nagpur,2001,8,26.4,87.34,9.19
Nagpur,2001,9,27.17,78.41,3.86
Nagpur,2001,10,24.46,79.16,4.95
Nagpur,2001,11,22.08,68.82,0.02
Nagpur,2001,12,19.85,50.15,0.0
Nagpur,2001,13,26.75,54.38,3.25
Nagpur,2002,1,20.3,41.49,0.31
Nagpur,2002,2,24.88,37.5,0.59
Nagpur,2002,3,29.87,20.01,0.09
Nagpur,2002,4,34.33,16.99,0.22
Nagpur,2002,5,36.81,25.96,1.48
Nagpur,2002,6,31.92,59.45,10.97
Nagpur,2002,7,28.22,76.26,3.87
Nagpur,2002,8,26.32,86.98,11.92
Nagpur,2002,9,25.76,82.69,3.29
Nagpur,2002,10,25.04,70.38,1.1
Nagpur,2002,11,22.59,52.42,0.19
Nagpur,2002,12,22.61,34.94,0.01
Nagpur,2002,13,27.39,50.5,2.85
Nagpur,2003,1,21.9,27.85,0.01
Nagpur,2003,2,25.31,45.14,1.4
Nagpur,2003,3,28.38,31.05,1.42
Nagpur,2003,4,34.54,23.41,0.37
Nagpur,2003,5,36.73,16.48,0.0
Nagpur,2003,6,32.74,53.42,9.86
Nagpur,2003,7,27.02,85.51,11.54
Nagpur,2003,8,26.25,88.7,11.93
Nagpur,2003,9,25.83,89.57,6.11
Nagpur,2003,10,24.14,82.12,1.13
Nagpur,2003,11,21.87,74.26,0.07
Nagpur,2003,12,18.78,66.98,0.19
Nagpur,2003,13,26.95,57.1,3.68
Nagpur,2004,1,19.55,61.95,1.35
Nagpur,2004,2,22.15,40.74,0.1
Nagpur,2004,3,30.76,18.83,0.06
Nagpur,2004,4,34.98,19.88,0.21
Nagpur,2004,5,36.0,32.2,0.4
Nagpur,2004,6,31.79,57.67,4.81
Nagpur,2004,7,27.98,77.43,10.22
Nagpur,2004,8,26.29,86.5,7.61
Nagpur,2004,9,26.96,83.3,2.64
Nagpur,2004,10,23.83,71.69,0.5
Nagpur,2004,11,22.46,60.58,0.44
Nagpur,2004,12,20.78,43.2,0.0
Nagpur,2004,13,26.96,54.56,2.38
Nagpur,2005,1,21.18,41.24,3.58
Nagpur,2005,2,23.18,51.72,0.04
Nagpur,2005,3,28.9,32.59,0.45
Nagpur,2005,4,32.84,21.27,0.2
Nagpur,2005,5,36.68,21.91,0.37
Nagpur,2005,6,34.67,43.93,7.09
Nagpur,2005,7,26.97,84.77,12.19
Nagpur,2005,8,26.48,86.77,5.85
Nagpur,2005,9,26.63,85.52,11.36
Nagpur,2005,10,23.94,81.12,3.33
Nagpur,2005,11,19.44,66.91,0.0
Nagpur,2005,12,18.41,59.02,0.04
Nagpur,2005,13,26.62,56.46,3.73
Nagpur,2006,1,20.58,40.42,0.0
Nagpur,2006,2,26.26,21.71,0.0
Nagpur,2006,3,26.98,47.07,2.69
Nagpur,2006,4,33.61,24.42,0.24
Nagpur,2006,5,35.5,35.74,1.79
Nagpur,2006,6,32.13,53.88,4.32
Nagpur,2006,7,26.89,83.73,13.81
Nagpur,2006,8,25.8,88.81,10.66
Nagpur,2006,9,26.3,86.26,9.63
Nagpur,2006,10,25.41,75.21,0.2
Nagpur,2006,11,22.37,73.86,0.43
Nagpur,2006,12,20.89,58.95,0.0
Nagpur,2006,13,26.88,57.78,3.68
Nagpur,2007,1,21.46,34.53,0.0
Nagpur,2007,2,24.97,34.73,0.28
Nagpur,2007,3,28.89,25.84,0.24
Nagpur,2007,4,34.34,19.64,0.14
Nagpur,2007,5,37.27,22.77,0.32
Nagpur,2007,6,31.64,61.45,11.19
Nagpur,2007,7,27.17,83.48,9.07
Nagpur,2007,8,26.56,86.27,6.94
Nagpur,2007,9,26.41,86.06,7.59
Nagpur,2007,10,23.12,71.17,0.3
Nagpur,2007,11,21.37,63.42,0.68
Nagpur,2007,12,20.9,55.81,0.01
Nagpur,2007,13,27.01,53.88,3.07
Nagpur,2008,1,21.13,37.58,0.07
Nagpur,2008,2,22.62,27.21,0.06
Nagpur,2008,3,29.27,31.67,0.84
Nagpur,2008,4,33.46,22.81,0.24
Nagpur,2008,5,36.43,21.77,0.45
Nagpur,2008,6,29.29,67.71,7.55
Nagpur,2008,7,26.98,82.51,9.57
Nagpur,2008,8,26.42,87.46,6.91
Nagpur,2008,9,26.18,85.51,6.95
Nagpur,2008,10,24.33,73.71,1.37
Nagpur,2008,11,21.9,68.97,0.03
Nagpur,2008,12,21.36,49.46,0.0
Nagpur,2008,13,26.62,54.78,2.84
Nagpur,2009,1,23.15,41.22,0.1
Nagpur,2009,2,26.47,22.47,0.0
Nagpur,2009,3,30.01,19.03,0.24
Nagpur,2009,4,33.94,14.67,0.04
Nagpur,2009,5,37.11,24.81,0.71
Nagpur,2009,6,34.01,47.53,5.53
Nagpur,2009,7,26.98,85.39,13.25
Nagpur,2009,8,26.88,85.66,7.89
Nagpur,2009,9,27.01,82.73,3.42
Nagpur,2009,10,24.23,70.46,2.11
Nagpur,2009,11,21.95,70.92,1.73
Nagpur,2009,12,20.54,62.42,0.27
Nagpur,2009,13,27.68,52.5,2.97
Nagpur,2010,1,19.56,41.98,0.38
Nagpur,2010,2,26.07,31.36,0.22
Nagpur,2010,3,31.31,20.56,0.23
Nagpur,2010,4,35.28,16.18,0.02
Nagpur,2010,5,37.18,24.04,0.15
Nagpur,2010,6,33.68,50.85,5.43
Nagpur,2010,7,27.33,85.58,14.13
Nagpur,2010,8,26.84,88.71,16.96
Nagpur,2010,9,26.27,86.12,8.66
Nagpur,2010,10,24.66,82.18,1.36
Nagpur,2010,11,23.18,81.03,1.93
Nagpur,2010,12,18.86,66.84,0.36
Nagpur,2010,13,27.51,56.47,4.19
Nagpur,2011,1,18.7,49.6,0.0
Nagpur,2011,2,24.08,36.91,0.28
Nagpur,2011,3,29.46,20.72,0.09
Nagpur,2011,4,31.39,40.32,2.05
Nagpur,2011,5,36.97,24.1,0.41
Nagpur,2011,6,31.02,61.51,5.04
Nagpur,2011,7,27.76,79.84,8.21
Nagpur,2011,8,26.4,88.26,12.61
Nagpur,2011,9,26.04,86.7,6.94
Nagpur,2011,10,24.23,75.03,0.09
Nagpur,2011,11,22.0,64.85,0.0
Nagpur,2011,12,20.21,54.95,0.19
Nagpur,2011,13,26.53,56.99,3.01
Nagpur,2012,1,20.5,48.09,0.44
Nagpur,2012,2,24.17,28.0,0.03
Nagpur,2012,3,28.69,13.84,0.0
Nagpur,2012,4,34.59,19.78,0.09
Nagpur,2012,5,37.22,18.15,0.09
Nagpur,2012,6,32.07,56.55,4.76
Nagpur,2012,7,26.7,85.26,16.39
Nagpur,2012,8,26.05,89.35,8.46
Nagpur,2012,9,26.21,86.61,11.85
Nagpur,2012,10,24.0,74.48,0.63
Nagpur,2012,11,21.62,70.19,0.53
Nagpur,2012,12,20.62,57.71,0.01
Nagpur,2012,13,26.87,54.1,3.62
Nagpur,2013,1,21.0,41.03,0.31
Nagpur,2013,2,24.5,42.83,0.62
Nagpur,2013,3,29.01,26.97,0.43
Nagpur,2013,4,33.61,26.99,0.42
Nagpur,2013,5,38.08,18.91,0.08
Nagpur,2013,6,29.83,70.06,15.2
Nagpur,2013,7,26.33,87.92,20.71
Nagpur,2013,8,26.0,89.39,9.26
Nagpur,2013,9,26.36,85.61,4.26
Nagpur,2013,10,24.74,83.35,5.15
Nagpur,2013,11,20.5,76.67,0.02
Nagpur,2013,12,19.06,65.81,0.0
Nagpur,2013,13,26.59,59.71,4.74
Nagpur,2014,1,20.52,61.71,0.16
Nagpur,2014,2,23.02,42.59,1.23
Nagpur,2014,3,26.82,48.42,1.07
Nagpur,2014,4,33.75,23.79,0.39
Nagpur,2014,5,36.0,28.0,0.67
Nagpur,2014,6,35.15,42.18,2.56
Nagpur,2014,7,28.76,73.22,14.35
Nagpur,2014,8,26.81,83.53,6.1
Nagpur,2014,9,26.01,83.65,6.06
Nagpur,2014,10,24.61,76.61,0.64
Nagpur,2014,11,22.76,61.38,0.05
Nagpur,2014,12,19.15,50.73,0.09
Nagpur,2014,13,26.95,56.47,2.8
Nagpur,2015,1,19.42,49.21,0.6
Nagpur,2015,2,24.51,33.95,0.5
Nagpur,2015,3,27.24,43.3,1.49
Nagpur,2015,4,31.28,38.04,1.52
Nagpur,2015,5,36.11,28.87,1.06
Nagpur,2015,6,31.19,63.32,14.4
Nagpur,2015,7,27.47,80.4,4.36
Nagpur,2015,8,26.66,86.08,14.56
Nagpur,2015,9,26.63,82.09,6.31
Nagpur,2015,10,25.71,72.86,0.39
Nagpur,2015,11,23.42,69.0,0.0
Nagpur,2015,12,22.05,42.88,0.01
Nagpur,2015,13,26.81,57.63,3.77
Nagpur,2016,1,21.71,32.33,0.06
Nagpur,2016,2,26.86,30.2,0.5
Nagpur,2016,3,29.9,32.58,0.65
Nagpur,2016,4,35.64,20.72,0.17
Nagpur,2016,5,36.98,28.89,0.53
Nagpur,2016,6,33.34,52.51,5.23
Nagpur,2016,7,26.7,87.36,15.97
Nagpur,2016,8,26.13,87.53,9.45
Nagpur,2016,9,26.07,87.57,6.49
Nagpur,2016,10,23.84,76.13,2.3
Nagpur,2016,11,20.29,64.49,0.0
Nagpur,2016,12,18.68,56.51,0.0
Nagpur,2016,13,27.16,54.85,3.47
Nagpur,2017,1,20.23,47.42,0.06
Nagpur,2017,2,25.16,26.87,0.03
Nagpur,2017,3,29.14,21.02,0.26
Nagpur,2017,4,34.72,13.72,0.0
Nagpur,2017,5,37.39,25.18,1.07
Nagpur,2017,6,31.62,61.53,6.23
Nagpur,2017,7,27.45,80.87,13.58
Nagpur,2017,8,26.79,84.96,9.23
Nagpur,2017,9,27.07,83.91,4.7
Nagpur,2017,10,25.77,74.76,1.4
Nagpur,2017,11,21.85,68.2,0.01
Nagpur,2017,12,19.67,52.69,0.0
Nagpur,2017,13,27.24,53.61,3.08
Nagpur,2018,1,20.4,30.17,0.0
Nagpur,2018,2,24.55,35.71,0.78
Nagpur,2018,3,30.02,22.16,0.09
Nagpur,2018,4,33.82,24.03,0.64
Nagpur,2018,5,37.15,25.91,0.99
Nagpur,2018,6,30.38,66.82,8.07
Nagpur,2018,7,26.54,85.47,12.91
Nagpur,2018,8,26.09,86.39,7.62
Nagpur,2018,9,25.84,81.99,3.24
Nagpur,2018,10,25.54,66.29,0.01
Nagpur,2018,11,23.87,52.45,0.02
Nagpur,2018,12,19.57,51.24,0.51
Nagpur,2018,13,26.98,52.48,2.92
Nagpur,2019,1,19.08,39.35,0.61
Nagpur,2019,2,23.14,33.95,0.23
Nagpur,2019,3,28.93,27.67,0.37
Nagpur,2019,4,34.61,19.96,0.24
Nagpur,2019,5,37.46,18.83,0.1
Nagpur,2019,6,35.64,42.28,3.52
Nagpur,2019,7,28.08,79.4,11.19
Nagpur,2019,8,26.28,88.2,12.35
Nagpur,2019,9,26.03,91.54,14.03
Nagpur,2019,10,24.17,85.19,2.05
Nagpur,2019,11,21.1,80.56,0.09
Nagpur,2019,12,18.19,77.83,0.46
Nagpur,2019,13,26.9,57.24,3.79
Nagpur,2020,1,17.98,69.72,1.25
Nagpur,2020,2,20.81,57.32,0.43
Nagpur,2020,3,26.5,50.91,1.72
Nagpur,2020,4,33.18,27.03,0.33
Nagpur,2020,5,35.27,31.37,1.58
Nagpur,2020,6,29.53,69.99,7.08
Nagpur,2020,7,27.74,83.09,9.89
Nagpur,2020,8,26.49,89.13,14.24
Nagpur,2020,9,27.17,84.82,6.06
Nagpur,2020,10,24.9,81.31,1.93
Nagpur,2020,11,20.51,75.23,0.28
Nagpur,2020,12,19.13,63.93,0.01
Nagpur,2020,13,25.77,65.38,3.75
Nagpur,2021,1,21.07,50.95,0.1
Nagpur,2021,2,23.44,32.25,0.24
Nagpur,2021,3,29.36,25.35,0.59
Nagpur,2021,4,33.22,20.14,0.09
Nagpur,2021,5,33.83,39.46,1.33
Nagpur,2021,6,29.55,71.08,7.19
Nagpur,2021,7,27.88,81.48,11.14
Nagpur,2021,8,27.04,84.2,5.21
Nagpur,2021,9,26.7,86.93,10.88
Nagpur,2021,10,24.64,78.36,0.91
Nagpur,2021,11,21.85,78.51,0.23
Nagpur,2021,12,19.2,66.12,0.6
Nagpur,2021,13,26.49,59.74,3.22
Nagpur,2022,1,18.38,66.28,2.11
Nagpur,2022,2,21.53,48.49,0.25
Nagpur,2022,3,30.16,23.5,0.03
Nagpur,2022,4,35.39,17.88,0.01
Nagpur,2022,5,36.86,26.88,0.28
Nagpur,2022,6,33.06,52.18,4.28
Nagpur,2022,7,26.83,87.81,20.62
Nagpur,2022,8,26.38,88.97,15.61
Nagpur,2022,9,26.34,87.69,9.1
Nagpur,2022,10,23.92,82.89,3.04
Nagpur,2022,11,19.73,73.71,0.0
Nagpur,2022,12,20.16,68.01,0.13
Nagpur,2022,13,26.58,60.48,4.67
Nagpur,2023,1,20.17,56.22,0.06
Nagpur,2023,2,24.27,24.63,0.0
Nagpur,2023,3,28.54,31.94,0.48
Nagpur,2023,4,31.19,38.62,2.89
Nagpur,2023,5,33.59,39.23,1.27
Nagpur,2023,6,34.09,43.14,4.35
Nagpur,2023,7,28.25,83.45,16.88
Nagpur,2023,8,26.43,86.38,7.02
Nagpur,2023,9,26.78,86.37,10.99
Nagpur,2023,10,24.09,77.32,0.15
Nagpur,2023,11,21.39,77.17,1.27
Nagpur,2023,12,18.87,72.49,0.43
Nagpur,2023,13,26.47,60.02,3.84
Wardha,1997,1,19.76,44.0,1.29
Wardha,1997,2,23.35,19.26,0.0
Wardha,1997,3,30.34,16.97,0.02
Wardha,1997,4,32.11,28.22,0.49
Wardha,1997,5,35.69,24.14,0.34
Wardha,1997,6,31.9,53.29,5.07
Wardha,1997,7,27.9,76.59,6.21
Wardha,1997,8,26.99,80.4,7.88
Wardha,1997,9,26.3,83.74,3.86
Wardha,1997,10,25.01,75.38,1.95
Wardha,1997,11,23.97,76.69,3.31
Wardha,1997,12,20.3,82.25,1.86
Wardha,1997,13,26.98,55.31,2.71
Wardha,1998,1,20.25,65.67,0.2
Wardha,1998,2,22.59,49.39,1.26
Wardha,1998,3,27.87,29.82,0.8
Wardha,1998,4,35.29,21.05,0.16
Wardha,1998,5,38.07,23.05,0.38
Wardha,1998,6,33.87,49.42,4.02
Wardha,1998,7,28.32,77.05,7.81
Wardha,1998,8,27.0,86.06,8.0
Wardha,1998,9,26.6,87.1,7.1
Wardha,1998,10,25.3,83.84,2.58
Wardha,1998,11,21.38,76.5,2.25
Wardha,1998,12,18.27,57.0,0.0
Wardha,1998,13,27.08,58.91,2.89
Wardha,1999,1,19.31,44.34,0.01
Wardha,1999,2,25.75,38.7,0.52
Wardha,1999,3,30.49,13.71,0.01
Wardha,1999,4,35.2,9.58,0.0
Wardha,1999,5,36.37,29.48,0.99
Wardha,1999,6,30.7,59.22,5.01
Wardha,1999,7,27.66,77.21,6.69
Wardha,1999,8,26.2,85.71,9.46
Wardha,1999,9,25.64,87.55,7.46
Wardha,1999,10,24.15,83.19,3.89
Wardha,1999,11,20.56,70.27,0.0
Wardha,1999,12,18.22,61.04,0.0
Wardha,1999,13,26.68,55.12,2.85
Wardha,2000,1,20.84,36.87,0.0
Wardha,2000,2,23.28,36.96,0.8
Wardha,2000,3,27.88,15.84,0.0
Wardha,2000,4,35.23,14.29,0.0
Wardha,2000,5,35.15,35.31,1.67
Wardha,2000,6,29.78,65.7,4.55
Wardha,2000,7,27.1,80.06,8.7
Wardha,2000,8,26.79,83.8,6.46
Wardha,2000,9,26.53,80.43,2.35
Wardha,2000,10,26.64,61.04,0.27
Wardha,2000,11,24.28,38.77,0.0
Wardha,2000,12,21.44,17.85,0.19
Wardha,2000,13,27.08,47.27,2.09
Wardha,2001,1,22.22,29.81,0.39
Wardha,2001,2,25.78,15.79,0.0
Wardha,2001,3,30.07,29.45,0.62
Wardha,2001,4,33.16,28.7,0.86
Wardha,2001,5,36.57,28.56,1.06
Wardha,2001,6,28.67,70.04,7.35
Wardha,2001,7,27.25,77.8,5.67
Wardha,2001,8,26.24,85.86,7.5
Wardha,2001,9,27.22,77.92,3.53
Wardha,2001,10,24.54,79.63,4.83
Wardha,2001,11,22.21,69.8,0.01
Wardha,2001,12,20.0,49.18,0.0
Wardha,2001,13,27.0,53.77,2.67
Wardha,2002,1,20.66,41.29,0.35
Wardha,2002,2,25.77,35.12,0.41
Wardha,2002,3,30.36,19.1,0.06
Wardha,2002,4,34.68,16.9,0.22
Wardha,2002,5,36.76,27.13,1.36
Wardha,2002,6,31.84,59.02,9.59
Wardha,2002,7,28.36,74.36,3.32
Wardha,2002,8,26.32,85.7,10.68
Wardha,2002,9,25.92,82.0,2.65
Wardha,2002,10,25.34,69.59,0.99
Wardha,2002,11,23.02,50.33,0.16
Wardha,2002,12,23.11,33.09,0.0
Wardha,2002,13,27.68,49.56,2.49
Wardha,2003,1,22.51,28.24,0.01
Wardha,2003,2,26.25,40.56,1.07
Wardha,2003,3,29.1,28.37,1.18
Wardha,2003,4,34.88,22.73,0.33
Wardha,2003,5,36.71,17.2,0.0
Wardha,2003,6,32.49,53.93,8.49
Wardha,2003,7,27.07,84.03,10.41
Wardha,2003,8,26.17,87.81,9.35
Wardha,2003,9,25.83,88.33,4.6
Wardha,2003,10,24.23,81.78,0.97
Wardha,2003,11,22.02,75.08,0.05
Wardha,2003,12,19.15,67.3,0.16
Wardha,2003,13,27.19,56.37,3.06
Wardha,2004,1,20.29,59.28,1.02
Wardha,2004,2,23.03,36.97,0.19
Wardha,2004,3,31.25,17.6,0.05
Wardha,2004,4,35.04,19.85,0.13
Wardha,2004,5,35.57,34.78,0.68
Wardha,2004,6,31.88,55.81,3.56
Wardha,2004,7,28.06,75.68,8.26
Wardha,2004,8,26.35,84.73,5.36
Wardha,2004,9,27.0,82.29,2.81
Wardha,2004,10,24.25,70.03,0.98
Wardha,2004,11,22.95,60.51,0.58
Wardha,2004,12,21.2,41.28,0.0
Wardha,2004,13,27.24,53.31,1.98
Wardha,2005,1,21.98,39.09,2.68
Wardha,2005,2,23.83,49.07,0.04
Wardha,2005,3,29.39,29.96,0.53
Wardha,2005,4,33.04,22.17,0.21
Wardha,2005,5,36.96,20.79,0.28
Wardha,2005,6,34.52,43.88,5.23
Wardha,2005,7,27.16,82.39,10.51
Wardha,2005,8,26.45,85.71,5.55
Wardha,2005,9,26.59,85.6,9.39
Wardha,2005,10,24.05,81.34,3.2
Wardha,2005,11,19.36,69.38,0.0
Wardha,2005,12,18.29,62.03,0.06
Wardha,2005,13,26.81,56.01,3.16
Wardha,2006,1,20.54,43.55,0.0
Wardha,2006,2,26.49,21.94,0.0
Wardha,2006,3,27.28,48.09,3.06
Wardha,2006,4,33.84,24.16,0.2
Wardha,2006,5,35.45,35.59,1.78
Wardha,2006,6,31.75,55.6,4.53
Wardha,2006,7,27.04,81.93,11.49
Wardha,2006,8,25.83,87.77,12.05
Wardha,2006,9,26.27,86.43,9.39
Wardha,2006,10,25.33,76.9,0.43
Wardha,2006,11,22.26,76.44,0.39
Wardha,2006,12,20.64,63.29,0.0
Wardha,2006,13,26.88,58.75,3.64
Wardha,2007,1,21.43,39.58,0.0
Wardha,2007,2,25.5,32.88,0.06
Wardha,2007,3,29.7,23.1,0.12
Wardha,2007,4,34.52,19.57,0.26
Wardha,2007,5,37.36,23.1,0.28
Wardha,2007,6,31.35,61.76,7.61
Wardha,2007,7,27.54,80.45,7.3
Wardha,2007,8,26.59,85.12,6.92
Wardha,2007,9,26.44,86.03,7.66
Wardha,2007,10,22.95,72.64,0.22
Wardha,2007,11,21.22,66.05,0.52
Wardha,2007,12,20.95,58.4,0.0
Wardha,2007,13,27.13,54.18,2.58
Wardha,2008,1,21.35,37.7,0.17
Wardha,2008,2,23.36,26.24,0.04
Wardha,2008,3,29.62,31.79,1.01
Wardha,2008,4,33.67,22.87,0.14
Wardha,2008,5,36.5,21.46,0.29
Wardha,2008,6,29.57,64.3,5.7
Wardha,2008,7,27.49,78.3,6.8
Wardha,2008,8,26.54,85.3,6.35
Wardha,2008,9,26.15,85.08,7.43
Wardha,2008,10,24.36,74.31,1.1
Wardha,2008,11,22.1,69.63,0.08
Wardha,2008,12,21.6,49.83,0.0
Wardha,2008,13,26.87,53.98,2.43
Wardha,2009,1,23.62,38.77,0.02
Wardha,2009,2,26.83,22.11,0.0
Wardha,2009,3,30.33,19.28,0.24
Wardha,2009,4,34.28,14.28,0.03
Wardha,2009,5,36.75,25.78,0.96
Wardha,2009,6,34.13,46.28,5.35
Wardha,2009,7,27.06,83.68,10.29
Wardha,2009,8,26.9,84.31,5.95
Wardha,2009,9,27.19,81.55,2.89
Wardha,2009,10,24.45,70.28,2.1
Wardha,2009,11,22.16,71.8,2.3
Wardha,2009,12,20.72,62.86,0.26
Wardha,2009,13,27.86,51.97,2.55
Wardha,2010,1,19.84,44.0,0.53
Wardha,2010,2,26.74,31.76,0.28
Wardha,2010,3,31.73,20.69,0.22
Wardha,2010,4,35.38,16.49,0.02
Wardha,2010,5,37.32,23.97,0.11
Wardha,2010,6,33.49,51.34,5.11
Wardha,2010,7,27.33,84.23,12.4
Wardha,2010,8,26.73,88.07,14.61
Wardha,2010,9,26.03,86.71,7.17
Wardha,2010,10,24.74,82.7,1.48
Wardha,2010,11,23.5,82.51,1.7
Wardha,2010,12,18.93,69.49,0.12
Wardha,2010,13,27.63,57.01,3.68
Wardha,2011,1,18.9,51.75,0.0
Wardha,2011,2,24.19,38.71,0.33
Wardha,2011,3,29.85,21.01,0.13
Wardha,2011,4,32.41,35.36,1.35
Wardha,2011,5,37.06,23.31,0.31
Wardha,2011,6,30.95,60.83,4.3
Wardha,2011,7,27.73,79.01,7.89
Wardha,2011,8,26.55,86.34,8.94
Wardha,2011,9,26.11,85.75,6.08
Wardha,2011,10,24.34,76.0,0.22
Wardha,2011,11,22.1,66.22,0.0
Wardha,2011,12,20.42,54.07,0.07
Wardha,2011,13,26.73,56.62,2.48
Wardha,2012,1,21.49,42.16,0.29
Wardha,2012,2,24.83,26.14,0.01
Wardha,2012,3,29.1,13.3,0.0
Wardha,2012,4,34.93,18.91,0.06
Wardha,2012,5,37.35,18.91,0.09
Wardha,2012,6,31.99,55.7,4.49
Wardha,2012,7,26.72,83.67,12.97
Wardha,2012,8,26.09,87.64,6.62
Wardha,2012,9,26.05,87.19,9.38
Wardha,2012,10,24.07,76.47,1.01
Wardha,2012,11,21.51,73.87,0.37
Wardha,2012,12,20.47,61.5,0.04
Wardha,2012,13,27.04,53.88,2.95
Wardha,2013,1,21.22,45.74,0.54
Wardha,2013,2,24.85,43.18,0.58
Wardha,2013,3,29.75,25.15,0.24
Wardha,2013,4,34.16,25.46,0.41
Wardha,2013,5,38.07,19.74,0.12
Wardha,2013,6,29.19,72.43,12.43
Wardha,2013,7,26.07,87.28,17.46
Wardha,2013,8,25.84,88.55,6.48
Wardha,2013,9,26.29,85.19,4.17
Wardha,2013,10,24.97,82.74,4.1
Wardha,2013,11,20.75,77.78,0.07
Wardha,2013,12,19.27,66.4,0.01
Wardha,2013,13,26.71,60.05,3.91
Wardha,2014,1,21.04,60.09,0.09
Wardha,2014,2,23.49,40.84,0.99
Wardha,2014,3,27.03,49.24,1.49
Wardha,2014,4,34.08,22.91,0.38
Wardha,2014,5,36.13,27.81,0.73
Wardha,2014,6,35.34,40.35,1.97
Wardha,2014,7,28.79,72.03,11.56
Wardha,2014,8,27.03,81.82,4.82
Wardha,2014,9,26.0,82.58,5.47
Wardha,2014,10,25.1,74.3,0.22
Wardha,2014,11,23.37,59.78,0.14
Wardha,2014,12,19.77,48.84,0.18
Wardha,2014,13,27.27,55.21,2.35
Wardha,2015,1,19.99,49.09,0.78
Wardha,2015,2,25.13,32.18,0.57
Wardha,2015,3,27.81,42.28,1.26
Wardha,2015,4,31.61,37.05,1.74
Wardha,2015,5,36.43,26.91,0.79
Wardha,2015,6,31.14,62.66,11.33
Wardha,2015,7,27.92,77.12,3.89
Wardha,2015,8,26.59,84.84,12.31
Wardha,2015,9,26.67,81.69,5.46
Wardha,2015,10,25.76,73.45,0.31
Wardha,2015,11,23.68,68.1,0.0
Wardha,2015,12,22.59,41.34,0.0
Wardha,2015,13,27.11,56.53,3.21
Wardha,2016,1,22.27,30.72,0.02
Wardha,2016,2,27.42,28.74,0.31
Wardha,2016,3,30.44,31.09,0.67
Wardha,2016,4,35.83,20.05,0.15
Wardha,2016,5,36.84,30.44,0.71
Wardha,2016,6,32.8,54.7,6.36
Wardha,2016,7,26.65,85.88,16.64
Wardha,2016,8,26.22,86.2,5.46
Wardha,2016,9,25.98,87.13,6.29
Wardha,2016,10,23.78,76.75,1.78
Wardha,2016,11,20.12,67.35,0.0
Wardha,2016,12,18.71,58.66,0.0
Wardha,2016,13,27.24,54.92,3.21
Wardha,2017,1,20.47,46.06,0.0
Wardha,2017,2,25.57,26.42,0.01
Wardha,2017,3,29.5,20.55,0.24
Wardha,2017,4,34.72,13.49,0.0
Wardha,2017,5,37.58,24.04,0.9
Wardha,2017,6,31.05,63.74,6.19
Wardha,2017,7,27.8,77.27,9.16
Wardha,2017,8,26.81,83.17,6.24
Wardha,2017,9,27.13,82.98,4.39
Wardha,2017,10,25.75,74.74,1.72
Wardha,2017,11,22.19,66.97,0.02
Wardha,2017,12,20.21,49.21,0.0
Wardha,2017,13,27.4,52.55,2.42
Wardha,2018,1,21.09,28.49,0.0
Wardha,2018,2,25.06,34.08,0.62
Wardha,2018,3,30.39,21.95,0.15
Wardha,2018,4,34.42,21.54,0.46
Wardha,2018,5,37.77,22.84,0.54
Wardha,2018,6,30.34,66.89,8.1
Wardha,2018,7,26.52,83.99,9.65
Wardha,2018,8,26.03,85.2,7.97
Wardha,2018,9,25.9,81.21,3.15
Wardha,2018,10,25.47,67.1,0.0
Wardha,2018,11,24.11,52.4,0.01
Wardha,2018,12,19.92,49.51,0.43
Wardha,2018,13,27.25,51.36,2.6
Wardha,2019,1,19.68,37.72,0.49
Wardha,2019,2,23.87,31.1,0.08
Wardha,2019,3,29.69,24.35,0.1
Wardha,2019,4,35.07,19.4,0.21
Wardha,2019,5,37.63,18.04,0.02
Wardha,2019,6,35.55,42.1,3.49
Wardha,2019,7,28.37,76.67,10.61
Wardha,2019,8,26.39,86.41,9.1
Wardha,2019,9,26.08,90.0,8.47
Wardha,2019,10,24.47,85.27,1.97
Wardha,2019,11,21.37,81.77,0.19
Wardha,2019,12,18.82,78.37,0.27
Wardha,2019,13,27.25,56.11,2.94
Wardha,2020,1,18.71,69.72,0.81
Wardha,2020,2,21.94,52.9,0.22
Wardha,2020,3,27.53,45.1,1.4
Wardha,2020,4,33.63,26.54,0.38
Wardha,2020,5,36.2,27.47,0.88
Wardha,2020,6,29.68,68.47,5.99
Wardha,2020,7,27.89,81.93,11.83
Wardha,2020,8,26.59,87.75,9.36
Wardha,2020,9,27.16,84.94,5.06
Wardha,2020,10,25.03,81.93,1.54
Wardha,2020,11,20.61,76.52,0.18
Wardha,2020,12,18.91,67.26,0.01
Wardha,2020,13,26.16,64.27,3.16
Wardha,2021,1,21.58,51.53,0.03
Wardha,2021,2,23.84,31.05,0.1
Wardha,2021,3,29.64,25.08,0.64
Wardha,2021,4,33.57,21.27,0.19
Wardha,2021,5,34.62,36.37,0.87
Wardha,2021,6,29.19,72.24,7.92
Wardha,2021,7,27.82,81.31,9.55
Wardha,2021,8,27.11,83.54,5.96
Wardha,2021,9,26.6,87.6,11.81
Wardha,2021,10,24.64,79.6,2.12
Wardha,2021,11,21.84,81.75,0.22
Wardha,2021,12,19.09,70.38,0.28
Wardha,2021,13,26.64,60.32,3.31
Wardha,2022,1,18.7,67.49,2.74
Wardha,2022,2,22.06,47.96,0.1
Wardha,2022,3,30.53,22.8,0.01
Wardha,2022,4,35.6,17.58,0.02
Wardha,2022,5,36.82,27.25,0.37
Wardha,2022,6,32.46,54.91,4.66
Wardha,2022,7,26.6,87.82,22.88
Wardha,2022,8,26.35,88.42,10.33
Wardha,2022,9,26.29,87.49,7.49
Wardha,2022,10,24.06,83.02,2.62
Wardha,2022,11,19.71,75.81,0.0
Wardha,2022,12,20.28,71.72,0.14
Wardha,2022,13,26.64,61.15,4.33
Wardha,2023,1,20.46,57.29,0.05
Wardha,2023,2,24.5,25.24,0.0
Wardha,2023,3,28.92,29.89,0.31
Wardha,2023,4,31.56,37.28,2.5
Wardha,2023,5,34.1,38.02,1.2
Wardha,2023,6,34.02,42.89,2.35
Wardha,2023,7,28.28,81.6,18.21
Wardha,2023,8,26.58,84.63,4.87
Wardha,2023,9,26.78,85.87,8.97
Wardha,2023,10,24.23,78.13,0.27
Wardha,2023,11,21.36,79.32,1.51
Wardha,2023,12,19.02,73.91,0.18
Wardha,2023,13,26.65,59.77,3.39
Amravati,1997,1,19.28,41.14,1.4
Amravati,1997,2,22.82,19.11,0.0
Amravati,1997,3,29.38,16.64,0.0
Amravati,1997,4,31.11,24.48,0.28
Amravati,1997,5,34.23,25.29,0.22
Amravati,1997,6,30.84,55.17,5.61
Amravati,1997,7,27.38,77.08,5.37
Amravati,1997,8,26.46,80.3,7.4
Amravati,1997,9,25.83,82.33,2.94
Amravati,1997,10,24.95,72.07,1.89
Amravati,1997,11,23.98,73.33,3.72
Amravati,1997,12,19.96,81.18,1.6
Amravati,1997,13,26.36,54.24,2.55
Amravati,1998,1,20.01,62.87,0.16
Amravati,1998,2,22.29,42.38,0.61
Amravati,1998,3,27.45,26.25,0.71
Amravati,1998,4,34.14,19.11,0.1
Amravati,1998,5,36.89,22.66,0.24
Amravati,1998,6,32.71,51.69,4.18
Amravati,1998,7,27.51,78.74,7.98
Amravati,1998,8,26.36,86.71,6.59
Amravati,1998,9,25.95,87.25,7.37
Amravati,1998,10,24.72,82.55,2.62
Amravati,1998,11,21.13,72.38,2.06
Amravati,1998,12,18.72,51.48,0.0
Amravati,1998,13,26.5,57.12,2.73
Amravati,1999,1,19.43,37.52,0.01
Amravati,1999,2,25.29,36.82,0.59
Amravati,1999,3,29.71,13.45,0.01
Amravati,1999,4,34.14,10.44,0.0
Amravati,1999,5,35.19,29.1,0.68
Amravati,1999,6,30.06,60.54,5.29
Amravati,1999,7,26.98,77.85,6.04
Amravati,1999,8,25.62,85.04,8.18
Amravati,1999,9,25.15,86.96,7.47
Amravati,1999,10,23.38,81.54,4.35
Amravati,1999,11,20.58,63.81,0.0
Amravati,1999,12,18.46,52.65,0.0
Amravati,1999,13,26.16,53.08,2.73
Amravati,2000,1,21.12,28.07,0.0
Amravati,2000,2,22.62,30.76,0.86
Amravati,2000,3,26.85,15.8,0.0
Amravati,2000,4,34.17,14.73,0.0
Amravati,2000,5,33.87,36.19,1.73
Amravati,2000,6,29.7,63.58,3.7
Amravati,2000,7,26.5,80.43,8.49
Amravati,2000,8,26.25,83.4,6.4
Amravati,2000,9,25.97,79.11,1.72
Amravati,2000,10,26.99,51.39,0.19
Amravati,2000,11,24.52,30.04,0.0
Amravati,2000,12,21.83,15.4,0.36
Amravati,2000,13,26.7,44.12,1.97
Amravati,2001,1,21.51,32.34,0.42
Amravati,2001,2,25.01,14.92,0.01
Amravati,2001,3,28.97,28.59,0.63
Amravati,2001,4,33.04,21.95,0.49
Amravati,2001,5,35.3,30.73,0.98
Amravati,2001,6,28.13,70.88,6.91
Amravati,2001,7,26.71,77.86,4.68
Amravati,2001,8,25.75,85.54,6.33
Amravati,2001,9,27.1,73.12,3.65
Amravati,2001,10,24.17,75.44,4.59
Amravati,2001,11,22.23,59.85,0.0
Amravati,2001,12,20.94,36.94,0.0
Amravati,2001,13,26.57,50.91,2.41
Amravati,2002,1,20.41,31.22,0.1
Amravati,2002,2,25.09,30.95,0.41
Amravati,2002,3,29.31,18.29,0.13
Amravati,2002,4,33.28,17.69,0.33
Amravati,2002,5,35.73,28.51,1.15
Amravati,2002,6,31.39,58.51,8.32
Amravati,2002,7,27.9,73.0,2.57
Amravati,2002,8,25.64,86.0,9.59
Amravati,2002,9,25.24,82.58,2.59
Amravati,2002,10,25.55,62.33,0.73
Amravati,2002,11,23.69,43.72,0.19
Amravati,2002,12,23.13,29.44,0.0
Amravati,2002,13,27.2,46.94,2.18
Amravati,2003,1,22.34,27.45,0.03
Amravati,2003,2,25.07,40.14,1.12
Amravati,2003,3,28.25,23.27,1.0
Amravati,2003,4,33.98,22.01,0.29
Amravati,2003,5,35.34,19.96,0.01
Amravati,2003,6,31.14,57.4,7.97
Amravati,2003,7,26.57,84.45,9.47
Amravati,2003,8,25.53,88.12,7.66
Amravati,2003,9,25.15,88.62,5.17
Amravati,2003,10,23.55,78.06,0.68
Amravati,2003,11,22.37,70.04,0.03
Amravati,2003,12,19.68,56.89,0.19
Amravati,2003,13,26.58,54.77,2.81
Amravati,2004,1,20.47,50.21,0.79
Amravati,2004,2,23.61,26.78,0.04
Amravati,2004,3,30.69,13.92,0.05
Amravati,2004,4,33.68,19.02,0.06
Amravati,2004,5,34.32,35.31,0.94
Amravati,2004,6,31.18,56.32,3.07
Amravati,2004,7,27.78,74.36,6.79
Amravati,2004,8,25.66,85.02,4.56
Amravati,2004,9,26.7,80.12,3.32
Amravati,2004,10,24.45,66.11,1.07
Amravati,2004,11,23.23,56.0,0.72
Amravati,2004,12,21.55,32.56,0.0
Amravati,2004,13,26.94,49.73,1.79
Amravati,2005,1,21.46,35.35,1.98
Amravati,2005,2,23.19,42.97,0.05
Amravati,2005,3,28.63,28.34,0.68
Amravati,2005,4,32.23,19.79,0.21
Amravati,2005,5,35.46,21.63,0.19
Amravati,2005,6,33.53,44.25,3.18
Amravati,2005,7,26.66,81.49,10.13
Amravati,2005,8,25.76,86.23,5.7
Amravati,2005,9,26.05,85.4,7.97
Amravati,2005,10,23.55,77.26,2.45
Amravati,2005,11,20.16,60.88,0.0
Amravati,2005,12,19.18,49.72,0.01
Amravati,2005,13,26.33,52.86,2.73
Amravati,2006,1,21.46,31.41,0.0
Amravati,2006,2,26.45,18.05,0.0
Amravati,2006,3,26.32,48.3,3.5
Amravati,2006,4,32.69,22.64,0.07
Amravati,2006,5,34.66,33.71,1.83
Amravati,2006,6,30.77,57.8,4.73
Amravati,2006,7,26.41,83.1,10.55
Amravati,2006,8,25.16,88.74,13.64
Amravati,2006,9,25.84,86.01,8.71
Amravati,2006,10,24.87,75.23,0.6
Amravati,2006,11,22.27,72.32,0.24
Amravati,2006,12,21.05,57.77,0.01
Amravati,2006,13,26.48,56.53,3.69
Amravati,2007,1,21.81,31.5,0.0
Amravati,2007,2,24.98,29.88,0.11
Amravati,2007,3,29.02,20.73,0.09
Amravati,2007,4,33.62,18.65,0.29
Amravati,2007,5,35.81,24.61,0.13
Amravati,2007,6,30.71,62.58,5.05
Amravati,2007,7,27.14,79.64,7.48
Amravati,2007,8,25.93,86.11,7.07
Amravati,2007,9,25.84,85.68,7.37
Amravati,2007,10,22.82,66.65,0.09
Amravati,2007,11,21.87,58.27,0.39
Amravati,2007,12,21.56,47.16,0.0
Amravati,2007,13,26.76,51.07,2.35
Amravati,2008,1,21.06,32.82,0.23
Amravati,2008,2,23.07,20.16,0.0
Amravati,2008,3,29.64,24.95,0.36
Amravati,2008,4,33.27,19.32,0.08
Amravati,2008,5,34.8,25.44,0.17
Amravati,2008,6,29.33,62.68,4.38
Amravati,2008,7,27.35,75.8,4.76
Amravati,2008,8,26.14,83.94,5.41
Amravati,2008,9,25.54,85.03,7.8
Amravati,2008,10,24.42,69.65,0.75
Amravati,2008,11,22.78,60.02,0.09
Amravati,2008,12,22.77,35.43,0.0
Amravati,2008,13,26.69,49.69,2.0
Amravati,2009,1,23.52,34.9,0.09
Amravati,2009,2,26.23,20.87,0.0
Amravati,2009,3,29.75,18.55,0.22
Amravati,2009,4,33.6,13.93,0.02
Amravati,2009,5,35.09,28.13,1.12
Amravati,2009,6,33.41,45.76,4.91
Amravati,2009,7,26.48,84.22,9.35
Amravati,2009,8,26.32,84.12,4.5
Amravati,2009,9,26.73,79.97,2.84
Amravati,2009,10,24.56,65.83,2.24
Amravati,2009,11,22.12,67.62,2.85
Amravati,2009,12,20.72,60.05,0.46
Amravati,2009,13,27.37,50.55,2.4
Amravati,2010,1,19.95,42.53,0.66
Amravati,2010,2,25.95,30.58,0.17
Amravati,2010,3,30.62,21.09,0.26
Amravati,2010,4,33.94,17.28,0.03
Amravati,2010,5,36.17,25.09,0.05
Amravati,2010,6,32.17,54.56,5.13
Amravati,2010,7,26.74,84.82,10.78
Amravati,2010,8,26.13,88.14,12.84
Amravati,2010,9,25.54,85.65,5.76
Amravati,2010,10,24.56,80.25,1.4
Amravati,2010,11,23.3,80.14,1.8
Amravati,2010,12,19.36,63.0,0.03
Amravati,2010,13,27.03,56.27,3.27
Amravati,2011,1,19.82,37.94,0.0
Amravati,2011,2,24.16,31.35,0.3
Amravati,2011,3,29.06,19.5,0.14
Amravati,2011,4,32.18,30.65,1.13
Amravati,2011,5,35.49,26.13,0.27
Amravati,2011,6,29.99,63.37,4.47
Amravati,2011,7,26.83,81.0,7.66
Amravati,2011,8,26.16,86.43,6.92
Amravati,2011,9,25.4,86.2,6.55
Amravati,2011,10,24.22,72.5,0.15
Amravati,2011,11,22.64,58.18,0.0
Amravati,2011,12,21.42,38.73,0.04
Amravati,2011,13,26.45,52.76,2.31
Amravati,2012,1,20.94,36.75,0.3
Amravati,2012,2,24.07,22.78,0.0
Amravati,2012,3,28.27,12.12,0.0
Amravati,2012,4,33.53,18.74,0.04
Amravati,2012,5,35.68,23.12,0.11
Amravati,2012,6,30.9,57.93,4.58
Amravati,2012,7,25.99,84.85,11.41
Amravati,2012,8,25.5,87.59,5.71
Amravati,2012,9,25.65,86.18,8.15
Amravati,2012,10,24.04,74.61,0.99
Amravati,2012,11,21.62,66.12,0.19
Amravati,2012,12,21.16,50.32,0.08
Amravati,2012,13,26.44,51.86,2.64
Amravati,2013,1,21.3,37.87,0.68
Amravati,2013,2,24.82,38.73,0.45
Amravati,2013,3,28.85,22.63,0.26
Amravati,2013,4,33.11,22.9,0.27
Amravati,2013,5,36.45,22.02,0.02
Amravati,2013,6,28.29,74.62,11.78
Amravati,2013,7,25.44,88.74,13.79
Amravati,2013,8,25.25,88.82,6.07
Amravati,2013,9,25.78,84.88,4.18
Amravati,2013,10,24.54,81.13,3.14
Amravati,2013,11,21.04,71.51,0.06
Amravati,2013,12,19.83,57.75,0.03
Amravati,2013,13,26.23,57.72,3.41
Amravati,2014,1,21.2,49.48,0.21
Amravati,2014,2,23.17,36.56,1.16
Amravati,2014,3,26.7,45.44,1.18
Amravati,2014,4,33.25,19.97,0.34
Amravati,2014,5,35.35,26.35,0.44
Amravati,2014,6,34.64,38.87,1.26
Amravati,2014,7,28.23,72.36,11.29
Amravati,2014,8,26.36,82.65,3.93
Amravati,2014,9,25.72,82.5,5.18
Amravati,2014,10,25.31,69.35,0.2
Amravati,2014,11,24.15,50.85,0.19
Amravati,2014,12,20.4,36.35,0.37
Amravati,2014,13,27.05,51.04,2.16
Amravati,2015,1,19.51,50.21,0.91
Amravati,2015,2,24.78,30.47,0.65
Amravati,2015,3,26.99,41.29,1.23
Amravati,2015,4,30.57,36.74,1.76
Amravati,2015,5,35.48,26.55,0.6
Amravati,2015,6,30.42,62.27,9.24
Amravati,2015,7,27.29,76.84,4.12
Amravati,2015,8,25.73,85.89,11.69
Amravati,2015,9,25.87,81.8,5.03
Amravati,2015,10,26.18,66.81,0.27
Amravati,2015,11,24.54,56.48,0.0
Amravati,2015,12,22.75,28.26,0.0
Amravati,2015,13,26.68,53.76,2.97
Amravati,2016,1,21.96,27.84,0.07
Amravati,2016,2,26.49,25.08,0.21
Amravati,2016,3,30.07,25.9,0.36
Amravati,2016,4,34.63,18.78,0.01
Amravati,2016,5,35.68,30.62,0.61
Amravati,2016,6,32.3,54.01,4.98
Amravati,2016,7,26.06,86.54,16.05
Amravati,2016,8,25.46,87.15,5.31
Amravati,2016,9,25.47,86.14,4.91
Amravati,2016,10,23.38,73.66,1.64
Amravati,2016,11,20.83,56.21,0.0
Amravati,2016,12,20.1,41.63,0.0
Amravati,2016,13,26.86,51.24,2.86
Amravati,2017,1,21.03,34.55,0.01
Amravati,2017,2,25.4,23.77,0.04
Amravati,2017,3,29.09,18.03,0.02
Amravati,2017,4,33.46,14.73,0.0
Amravati,2017,5,36.49,22.56,0.48
Amravati,2017,6,30.3,64.87,4.62
Amravati,2017,7,27.18,77.19,6.97
Amravati,2017,8,26.21,82.9,5.24
Amravati,2017,9,26.45,82.73,4.22
Amravati,2017,10,25.22,71.44,2.71
Amravati,2017,11,22.06,59.74,0.05
Amravati,2017,12,21.05,38.38,0.0
Amravati,2017,13,27.0,49.38,2.04
Amravati,2018,1,21.3,24.77,0.0
Amravati,2018,2,24.97,31.15,0.49
Amravati,2018,3,29.74,21.5,0.1
Amravati,2018,4,33.47,19.64,0.44
Amravati,2018,5,36.54,20.26,0.25
Amravati,2018,6,30.3,64.93,7.79
Amravati,2018,7,25.89,84.74,7.65
Amravati,2018,8,25.4,85.26,5.84
Amravati,2018,9,25.36,79.32,3.06
Amravati,2018,10,26.17,58.01,0.0
Amravati,2018,11,24.86,38.71,0.07
Amravati,2018,12,20.1,37.6,0.17
Amravati,2018,13,27.01,47.25,2.16
Amravati,2019,1,19.65,28.15,0.12
Amravati,2019,2,23.66,26.72,0.04
Amravati,2019,3,28.67,21.24,0.08
Amravati,2019,4,34.09,17.4,0.25
Amravati,2019,5,35.78,20.54,0.01
Amravati,2019,6,34.5,43.78,3.31
Amravati,2019,7,27.65,78.32,9.44
Amravati,2019,8,25.61,87.9,8.37
Amravati,2019,9,25.5,90.34,8.49
Amravati,2019,10,23.98,84.32,2.22
Amravati,2019,11,21.34,80.6,0.3
Amravati,2019,12,19.05,73.93,0.38
Amravati,2019,13,26.62,54.63,2.77
Amravati,2020,1,18.47,65.01,0.7
Amravati,2020,2,22.32,46.54,0.14
Amravati,2020,3,26.99,37.29,1.23
Amravati,2020,4,33.05,23.84,0.18
Amravati,2020,5,35.71,24.76,0.6
Amravati,2020,6,28.98,69.19,6.14
Amravati,2020,7,27.49,81.8,9.6
Amravati,2020,8,26.05,88.33,10.39
Amravati,2020,9,26.54,85.06,4.74
Amravati,2020,10,24.95,79.89,1.33
Amravati,2020,11,21.15,69.57,0.19
Amravati,2020,12,19.6,59.64,0.05
Amravati,2020,13,25.95,60.98,2.96
Amravati,2021,1,22.25,41.92,0.05
Amravati,2021,2,23.88,26.98,0.1
Amravati,2021,3,29.18,24.97,0.66
Amravati,2021,4,32.88,19.81,0.24
Amravati,2021,5,33.57,37.22,1.22
Amravati,2021,6,28.63,72.07,7.26
Amravati,2021,7,27.52,80.22,8.49
Amravati,2021,8,26.33,84.08,5.21
Amravati,2021,9,26.04,88.1,10.99
Amravati,2021,10,24.19,78.11,3.6
Amravati,2021,11,21.48,77.39,0.26
Amravati,2021,12,19.17,65.83,0.26
Amravati,2021,13,26.27,58.24,3.2
Amravati,2022,1,18.57,61.97,0.68
Amravati,2022,2,22.57,36.29,0.11
Amravati,2022,3,30.22,20.45,0.03
Amravati,2022,4,34.72,15.16,0.0
Amravati,2022,5,35.78,26.55,0.25
Amravati,2022,6,31.33,56.93,5.65
Amravati,2022,7,25.94,88.29,17.7
Amravati,2022,8,25.63,89.04,8.39
Amravati,2022,9,25.83,87.56,7.58
Amravati,2022,10,23.59,82.14,2.81
Amravati,2022,11,20.01,70.16,0.0
Amravati,2022,12,20.82,64.88,0.22
Amravati,2022,13,26.26,58.47,3.65
Amravati,2023,1,20.98,48.18,0.03
Amravati,2023,2,24.73,19.32,0.0
Amravati,2023,3,27.81,30.85,0.47
Amravati,2023,4,30.37,36.74,2.38
Amravati,2023,5,33.06,37.12,0.72
Amravati,2023,6,32.93,46.04,2.84
Amravati,2023,7,27.4,83.36,13.6
Amravati,2023,8,25.83,84.98,3.48
Amravati,2023,9,26.15,85.74,8.21
Amravati,2023,10,24.0,74.97,0.26
Amravati,2023,11,21.85,70.56,2.09
Amravati,2023,12,19.72,67.96,0.17
Amravati,2023,13,26.23,57.43,2.87
Akola,1997,1,19.31,43.0,1.44
Akola,1997,2,22.63,21.02,0.0
Akola,1997,3,29.02,17.98,0.01
Akola,1997,4,30.78,25.0,0.25
Akola,1997,5,33.96,25.07,0.08
Akola,1997,6,30.68,54.78,5.98
Akola,1997,7,27.3,75.58,4.61
Akola,1997,8,26.58,77.84,6.62
Akola,1997,9,25.83,80.94,2.39
Akola,1997,10,25.62,68.83,1.2
Akola,1997,11,24.65,71.46,3.9
Akola,1997,12,20.9,77.46,0.95
Akola,1997,13,26.45,53.46,2.3
Akola,1998,1,20.92,59.58,0.07
Akola,1998,2,23.18,36.33,0.21
Akola,1998,3,27.9,24.95,0.33
Akola,1998,4,33.91,19.93,0.03
Akola,1998,5,36.48,23.52,0.22
Akola,1998,6,31.83,54.7,5.08
Akola,1998,7,27.44,77.92,7.81
Akola,1998,8,26.24,85.88,6.43
Akola,1998,9,25.65,87.63,7.6
Akola,1998,10,24.57,83.29,3.29
Akola,1998,11,21.28,74.11,1.78
Akola,1998,12,18.54,55.68,0.0
Akola,1998,13,26.5,57.11,2.75
Akola,1999,1,19.15,43.03,0.0
Akola,1999,2,25.6,36.27,0.43
Akola,1999,3,29.52,14.35,0.0
Akola,1999,4,33.51,12.59,0.0
Akola,1999,5,34.11,33.54,0.7
Akola,1999,6,29.44,62.49,6.09
Akola,1999,7,27.0,76.23,4.74
Akola,1999,8,25.63,82.69,6.9
Akola,1999,9,25.16,85.21,7.16
Akola,1999,10,23.45,81.02,4.23
Akola,1999,11,20.62,64.61,0.0
Akola,1999,12,18.53,53.18,0.0
Akola,1999,13,25.97,53.88,2.53
Akola,2000,1,21.17,28.94,0.0
Akola,2000,2,22.59,32.28,0.93
Akola,2000,3,26.72,17.22,0.0
Akola,2000,4,33.66,16.63,0.01
Akola,2000,5,33.39,38.28,2.18
Akola,2000,6,29.19,65.17,3.12
Akola,2000,7,26.59,78.06,7.27
Akola,2000,8,26.26,81.55,7.32
Akola,2000,9,25.99,78.05,1.36
Akola,2000,10,27.0,52.62,0.16
Akola,2000,11,24.79,30.56,0.0
Akola,2000,12,22.03,15.92,0.57
Akola,2000,13,26.62,44.64,1.92
Akola,2001,1,21.42,35.26,0.29
Akola,2001,2,24.88,15.94,0.0
Akola,2001,3,28.81,27.9,0.56
Akola,2001,4,32.88,21.44,0.3
Akola,2001,5,34.91,31.01,0.65
Akola,2001,6,28.41,67.49,5.7
Akola,2001,7,27.24,72.98,3.16
Akola,2001,8,25.61,84.17,6.15
Akola,2001,9,27.15,71.95,4.03
Akola,2001,10,24.1,76.34,4.58
Akola,2001,11,22.29,61.35,0.0
Akola,2001,12,21.01,37.84,0.0
Akola,2001,13,26.56,50.53,2.13
Akola,2002,1,20.63,31.65,0.07
Akola,2002,2,25.47,29.14,0.2
Akola,2002,3,29.11,19.12,0.12
Akola,2002,4,32.87,20.33,0.53
Akola,2002,5,35.59,29.78,0.51
Akola,2002,6,30.85,59.47,7.54
Akola,2002,7,27.88,71.34,2.28
Akola,2002,8,25.35,85.23,8.65
Akola,2002,9,25.19,81.75,2.8
Akola,2002,10,25.76,61.71,0.66
Akola,2002,11,24.1,40.49,0.11
Akola,2002,12,23.36,29.33,0.0
Akola,2002,13,27.18,46.71,1.96
Akola,2003,1,22.63,29.01,0.03
Akola,2003,2,25.42,37.17,0.78
Akola,2003,3,28.31,21.19,0.53
Akola,2003,4,33.66,23.15,0.28
Akola,2003,5,34.73,22.37,0.02
Akola,2003,6,30.61,58.96,7.13
Akola,2003,7,26.63,82.48,8.39
Akola,2003,8,25.6,85.91,5.4
Akola,2003,9,25.17,86.46,3.6
Akola,2003,10,23.92,76.03,0.68
Akola,2003,11,23.04,64.94,0.01
Akola,2003,12,20.79,49.6,0.22
Akola,2003,13,26.7,53.18,2.26
Akola,2004,1,21.32,46.19,0.5
Akola,2004,2,24.04,26.18,0.04
Akola,2004,3,30.37,14.09,0.07
Akola,2004,4,33.31,20.63,0.01
Akola,2004,5,33.69,38.67,1.25
Akola,2004,6,30.98,56.0,2.6
Akola,2004,7,27.62,73.47,5.72
Akola,2004,8,25.71,82.59,3.21
Akola,2004,9,26.47,79.85,4.69
Akola,2004,10,24.05,68.74,1.59
Akola,2004,11,23.21,58.57,0.77
Akola,2004,12,21.65,34.94,0.0
Akola,2004,13,26.87,50.08,1.71
Akola,2005,1,21.61,35.41,1.19
Akola,2005,2,24.02,37.76,0.05
Akola,2005,3,28.67,27.63,0.69
Akola,2005,4,31.93,20.28,0.2
Akola,2005,5,34.79,25.13,0.17
Akola,2005,6,32.61,48.04,2.08
Akola,2005,7,26.64,79.76,10.25
Akola,2005,8,25.69,85.12,6.02
Akola,2005,9,25.86,85.53,7.2
Akola,2005,10,23.62,77.15,2.62
Akola,2005,11,20.16,62.79,0.0
Akola,2005,12,19.3,52.49,0.01
Akola,2005,13,26.24,53.21,2.56
Akola,2006,1,21.47,33.82,0.0
Akola,2006,2,26.49,18.77,0.0
Akola,2006,3,26.45,46.39,3.25
Akola,2006,4,32.47,22.65,0.02
Akola,2006,5,34.3,34.11,2.14
Akola,2006,6,29.72,62.53,5.21
Akola,2006,7,26.45,80.78,8.96
Akola,2006,8,25.14,86.57,13.98
Akola,2006,9,25.71,85.77,9.07
Akola,2006,10,24.69,76.27,1.14
Akola,2006,11,22.25,73.51,0.49
Akola,2006,12,21.19,58.57,0.0
Akola,2006,13,26.35,56.91,3.72
Akola,2007,1,21.92,35.38,0.0
Akola,2007,2,25.1,29.41,0.02
Akola,2007,3,28.89,20.42,0.02
Akola,2007,4,33.17,19.87,0.38
Akola,2007,5,35.1,26.99,0.05
Akola,2007,6,30.08,64.86,4.18
Akola,2007,7,27.45,76.48,6.57
Akola,2007,8,25.94,84.25,7.57
Akola,2007,9,25.86,85.1,7.45
Akola,2007,10,22.86,67.58,0.06
Akola,2007,11,22.16,58.38,0.25
Akola,2007,12,21.88,47.28,0.0
Akola,2007,13,26.7,51.45,2.22
Akola,2008,1,21.14,33.09,0.27
Akola,2008,2,23.17,21.01,0.0
Akola,2008,3,29.57,26.22,0.42
Akola,2008,4,32.97,20.48,0.02
Akola,2008,5,34.16,27.89,0.02
Akola,2008,6,29.53,59.87,3.06
Akola,2008,7,27.77,71.01,2.9
Akola,2008,8,26.48,79.32,4.89
Akola,2008,9,25.5,84.34,8.85
Akola,2008,10,24.49,69.75,0.49
Akola,2008,11,23.06,60.2,0.13
Akola,2008,12,22.93,37.61,0.02
Akola,2008,13,26.74,49.31,1.75
Akola,2009,1,23.88,33.18,0.01
Akola,2009,2,26.12,21.43,0.0
Akola,2009,3,29.55,19.49,0.2
Akola,2009,4,33.19,14.7,0.03
Akola,2009,5,34.19,31.3,1.36
Akola,2009,6,32.82,47.34,4.26
Akola,2009,7,26.55,81.44,7.93
Akola,2009,8,26.38,82.03,4.07
Akola,2009,9,26.62,80.08,3.31
Akola,2009,10,24.67,66.24,1.97
Akola,2009,11,22.1,69.87,3.45
Akola,2009,12,20.82,61.0,0.4
Akola,2009,13,27.23,50.89,2.26
Akola,2010,1,19.83,46.76,0.69
Akola,2010,2,26.28,31.05,0.15
Akola,2010,3,30.39,22.48,0.28
Akola,2010,4,33.63,18.83,0.03
Akola,2010,5,35.79,26.54,0.06
Akola,2010,6,31.36,57.93,5.22
Akola,2010,7,26.52,83.94,10.31
Akola,2010,8,25.89,87.24,11.05
Akola,2010,9,25.38,85.79,4.98
Akola,2010,10,24.46,81.06,1.66
Akola,2010,11,23.48,81.88,1.76
Akola,2010,12,19.43,64.5,0.01
Akola,2010,13,26.86,57.51,3.04
Akola,2011,1,19.67,42.94,0.0
Akola,2011,2,24.14,32.93,0.31
Akola,2011,3,28.87,20.5,0.17
Akola,2011,4,32.54,27.74,0.74
Akola,2011,5,34.8,28.94,0.27
Akola,2011,6,29.99,62.08,4.17
Akola,2011,7,26.8,79.11,8.05
Akola,2011,8,26.05,84.54,5.36
Akola,2011,9,25.35,85.38,6.2
Akola,2011,10,24.28,73.64,0.55
Akola,2011,11,22.93,57.94,0.0
Akola,2011,12,21.7,38.42,0.01
Akola,2011,13,26.43,52.95,2.16
Akola,2012,1,21.14,35.19,0.24
Akola,2012,2,24.14,22.96,0.0
Akola,2012,3,27.94,13.02,0.0
Akola,2012,4,33.12,19.93,0.05
Akola,2012,5,34.7,26.74,0.15
Akola,2012,6,30.6,57.24,4.81
Akola,2012,7,26.09,82.73,9.26
Akola,2012,8,25.7,84.14,4.75
Akola,2012,9,25.68,84.74,6.76
Akola,2012,10,24.32,74.28,1.45
Akola,2012,11,22.06,66.72,0.07
Akola,2012,12,21.93,47.85,0.13
Akola,2012,13,26.45,51.39,2.31
Akola,2013,1,21.79,39.97,0.68
Akola,2013,2,25.18,38.1,0.35
Akola,2013,3,28.79,20.91,0.08
Akola,2013,4,32.96,23.11,0.18
Akola,2013,5,35.67,25.86,0.03
Akola,2013,6,28.0,74.23,10.11
Akola,2013,7,25.37,86.07,11.59
Akola,2013,8,25.11,87.25,4.29
Akola,2013,9,25.59,84.47,4.76
Akola,2013,10,24.47,81.64,2.7
Akola,2013,11,21.0,73.79,0.46
Akola,2013,12,19.92,58.68,0.29
Akola,2013,13,26.15,57.94,2.97
Akola,2014,1,21.34,51.44,0.13
Akola,2014,2,23.38,36.21,1.0
Akola,2014,3,26.6,47.26,1.61
Akola,2014,4,32.77,21.7,0.38
Akola,2014,5,34.93,28.02,0.41
Akola,2014,6,34.0,40.98,1.09
Akola,2014,7,28.06,71.91,9.58
Akola,2014,8,26.45,80.88,3.89
Akola,2014,9,25.49,82.39,4.71
Akola,2014,10,25.59,67.59,0.24
Akola,2014,11,24.14,52.27,0.43
Akola,2014,12,20.51,36.99,0.63
Akola,2014,13,26.94,51.62,2.02
Akola,2015,1,19.66,52.39,0.9
Akola,2015,2,24.79,30.09,0.65
Akola,2015,3,26.86,42.49,1.25
Akola,2015,4,30.6,36.5,1.94
Akola,2015,5,35.19,27.67,0.22
Akola,2015,6,30.1,61.89,6.63
Akola,2015,7,28.0,71.19,3.73
Akola,2015,8,25.89,83.08,10.21
Akola,2015,9,25.82,80.73,5.29
Akola,2015,10,26.74,64.16,0.28
Akola,2015,11,25.44,50.76,0.0
Akola,2015,12,23.15,27.56,0.0
Akola,2015,13,26.86,52.5,2.6
Akola,2016,1,22.17,27.11,0.02
Akola,2016,2,26.47,25.1,0.09
Akola,2016,3,29.94,24.71,0.33
Akola,2016,4,34.15,19.83,0.01
Akola,2016,5,35.31,31.41,0.55
Akola,2016,6,31.59,56.1,5.67
Akola,2016,7,26.15,84.28,14.95
Akola,2016,8,25.58,85.0,4.06
Akola,2016,9,25.27,85.87,5.36
Akola,2016,10,23.29,74.52,2.32
Akola,2016,11,20.43,58.45,0.0
Akola,2016,12,19.82,46.62,0.0
Akola,2016,13,26.67,51.69,2.79
Akola,2017,1,21.12,34.16,0.0
Akola,2017,2,25.54,23.55,0.01
Akola,2017,3,28.8,18.85,0.07
Akola,2017,4,33.03,15.78,0.0
Akola,2017,5,35.97,23.68,0.21
Akola,2017,6,29.81,66.62,5.21
Akola,2017,7,27.22,75.97,5.95
Akola,2017,8,26.39,80.65,5.6
Akola,2017,9,26.16,82.8,4.33
Akola,2017,10,25.03,71.87,2.54
Akola,2017,11,22.09,60.35,0.05
Akola,2017,12,21.47,37.92,0.0
Akola,2017,13,26.89,49.48,2.01
Akola,2018,1,21.41,25.75,0.0
Akola,2018,2,25.19,29.83,0.34
Akola,2018,3,29.7,22.14,0.15
Akola,2018,4,33.33,19.34,0.23
Akola,2018,5,36.03,22.23,0.06
Akola,2018,6,29.95,65.14,8.32
Akola,2018,7,25.86,83.31,7.71
Akola,2018,8,25.27,84.26,8.36
Akola,2018,9,25.17,79.06,2.17
Akola,2018,10,25.67,59.36,0.0
Akola,2018,11,24.55,42.43,0.28
Akola,2018,12,20.16,37.83,0.11
Akola,2018,13,26.86,47.66,2.32
Akola,2019,1,19.9,27.11,0.03
Akola,2019,2,24.1,26.59,0.04
Akola,2019,3,28.43,20.47,0.01
Akola,2019,4,33.72,17.52,0.16
Akola,2019,5,35.04,23.15,0.01
Akola,2019,6,33.57,46.6,4.03
Akola,2019,7,27.23,79.24,9.56
Akola,2019,8,25.58,86.63,6.98
Akola,2019,9,25.51,88.75,7.76
Akola,2019,10,24.16,84.73,2.96
Akola,2019,11,21.42,82.02,0.71
Akola,2019,12,19.29,77.19,0.26
Akola,2019,13,26.49,55.19,2.73
Akola,2020,1,18.91,66.45,0.25
Akola,2020,2,22.8,46.58,0.08
Akola,2020,3,27.43,35.66,1.01
Akola,2020,4,33.07,23.7,0.09
Akola,2020,5,35.54,24.53,0.38
Akola,2020,6,28.73,69.73,6.42
Akola,2020,7,27.23,81.74,9.55
Akola,2020,8,26.06,86.94,7.97
Akola,2020,9,26.35,85.37,4.86
Akola,2020,10,25.06,80.3,1.41
Akola,2020,11,21.29,71.96,0.15
Akola,2020,12,19.78,61.87,0.05
Akola,2020,13,26.02,61.3,2.7
Akola,2021,1,22.71,44.1,0.06
Akola,2021,2,24.2,26.74,0.08
Akola,2021,3,29.5,23.33,0.48
Akola,2021,4,32.71,20.5,0.15
Akola,2021,5,33.35,38.29,1.1
Akola,2021,6,28.47,71.43,7.0
Akola,2021,7,27.53,78.81,9.97
Akola,2021,8,26.37,82.48,5.07
Akola,2021,9,25.78,87.87,11.09
Akola,2021,10,24.06,79.48,4.25
Akola,2021,11,21.56,81.18,0.15
Akola,2021,12,18.87,71.83,0.53
Akola,2021,13,26.27,59.03,3.34
Akola,2022,1,18.65,64.42,0.39
Akola,2022,2,22.69,39.44,0.02
Akola,2022,3,29.86,21.22,0.07
Akola,2022,4,34.16,16.27,0.01
Akola,2022,5,35.28,28.3,0.19
Akola,2022,6,30.58,59.78,7.59
Akola,2022,7,25.75,87.5,15.62
Akola,2022,8,25.6,87.5,5.59
Akola,2022,9,25.68,87.04,6.55
Akola,2022,10,23.56,82.57,3.21
Akola,2022,11,20.08,71.27,0.0
Akola,2022,12,21.01,67.07,0.17
Akola,2022,13,26.09,59.54,3.31
Akola,2023,1,20.72,52.33,0.02
Akola,2023,2,24.63,19.44,0.0
Akola,2023,3,27.73,31.5,0.48
Akola,2023,4,30.17,37.54,2.15
Akola,2023,5,33.1,36.56,0.55
Akola,2023,6,32.64,45.53,1.6
Akola,2023,7,27.18,81.96,14.33
Akola,2023,8,25.94,82.95,2.48
Akola,2023,9,25.94,84.94,6.32
Akola,2023,10,24.36,72.8,0.2
Akola,2023,11,22.42,68.68,2.78
Akola,2023,12,20.0,68.17,0.09
Akola,2023,13,26.23,57.15,2.6
Washim,1997,1,19.16,45.35,1.29
Washim,1997,2,22.61,20.88,0.0
Washim,1997,3,28.89,18.91,0.04
Washim,1997,4,30.42,26.33,0.27
Washim,1997,5,33.61,25.31,0.11
Washim,1997,6,29.87,56.31,5.68
Washim,1997,7,26.57,76.62,4.86
Washim,1997,8,26.05,78.08,6.5
Washim,1997,9,25.38,81.0,2.72
Washim,1997,10,25.03,70.1,1.21
Washim,1997,11,24.1,73.69,3.76
Washim,1997,12,20.95,77.03,0.97
Washim,1997,13,26.07,54.35,2.29
Washim,1998,1,21.09,58.48,0.04
Washim,1998,2,23.19,36.34,0.24
Washim,1998,3,27.97,24.78,0.27
Washim,1998,4,33.84,20.22,0.02
Washim,1998,5,35.86,25.01,0.34
Washim,1998,6,30.83,57.48,5.68
Washim,1998,7,26.92,78.24,7.72
Washim,1998,8,25.87,85.77,7.39
Washim,1998,9,25.1,88.21,7.75
Washim,1998,10,24.05,84.68,3.8
Washim,1998,11,20.87,76.45,1.68
Washim,1998,12,17.94,58.19,0.0
Washim,1998,13,26.13,57.97,2.92
Washim,1999,1,18.8,45.8,0.0
Washim,1999,2,25.18,37.95,0.38
Washim,1999,3,29.31,15.14,0.0
Washim,1999,4,33.21,13.0,0.0
Washim,1999,5,33.34,35.69,0.83
Washim,1999,6,28.59,64.29,6.31
Washim,1999,7,26.39,77.16,4.68
Washim,1999,8,25.17,82.63,6.5
Washim,1999,9,24.74,85.2,7.01
Washim,1999,10,23.03,81.65,3.9
Washim,1999,11,20.11,66.43,0.0
Washim,1999,12,18.21,53.55,0.0
Washim,1999,13,25.5,54.99,2.48
Washim,2000,1,21.14,30.39,0.0
Washim,2000,2,22.52,34.03,0.89
Washim,2000,3,26.68,17.51,0.0
Washim,2000,4,33.32,17.05,0.01
Washim,2000,5,32.69,39.67,2.58
Washim,2000,6,28.21,68.23,3.41
Washim,2000,7,26.05,78.12,6.9
Washim,2000,8,25.76,81.64,8.33
Washim,2000,9,25.42,79.43,1.61
Washim,2000,10,26.14,57.01,0.24
Washim,2000,11,24.11,35.54,0.01
Washim,2000,12,21.66,17.18,0.48
Washim,2000,13,26.14,46.34,2.05
Washim,2001,1,21.54,35.14,0.29
Washim,2001,2,24.92,16.47,0.0
Washim,2001,3,28.62,27.76,0.51
Washim,2001,4,32.33,23.58,0.31
Washim,2001,5,34.43,30.7,0.56
Washim,2001,6,27.82,67.86,5.58
Washim,2001,7,26.84,72.53,2.98
Washim,2001,8,25.03,84.63,6.73
Washim,2001,9,26.25,74.98,4.33
Washim,2001,10,23.61,78.11,4.77
Washim,2001,11,21.74,64.01,0.01
Washim,2001,12,20.37,41.04,0.0
Washim,2001,13,26.12,51.62,2.19
Washim,2002,1,20.47,34.11,0.12
Washim,2002,2,25.47,30.27,0.14
Washim,2002,3,29.01,19.4,0.09
Washim,2002,4,32.65,20.81,0.52
Washim,2002,5,35.2,30.31,0.52
Washim,2002,6,29.89,61.67,7.69
Washim,2002,7,27.27,72.31,2.58
Washim,2002,8,24.93,84.86,8.8
Washim,2002,9,24.84,81.22,3.0
Washim,2002,10,24.97,64.43,0.93
Washim,2002,11,23.4,42.93,0.07
Washim,2002,12,22.95,31.21,0.0
Washim,2002,13,26.75,47.9,2.05
Washim,2003,1,22.52,30.25,0.02
Washim,2003,2,25.49,35.84,0.66
Washim,2003,3,28.3,21.88,0.5
Washim,2003,4,33.27,24.24,0.36
Washim,2003,5,34.37,21.87,0.01
Washim,2003,6,30.03,59.13,6.81
Washim,2003,7,26.16,82.02,8.15
Washim,2003,8,25.26,84.78,5.47
Washim,2003,9,24.95,84.88,2.65
Washim,2003,10,23.76,75.68,0.68
Washim,2003,11,22.66,63.89,0.01
Washim,2003,12,20.71,48.67,0.2
Washim,2003,13,26.45,52.84,2.14
Washim,2004,1,21.37,46.14,0.5
Washim,2004,2,23.77,27.74,0.08
Washim,2004,3,30.06,15.02,0.08
Washim,2004,4,32.96,21.12,0.05
Washim,2004,5,32.91,41.05,1.31
Washim,2004,6,30.22,57.63,2.69
Washim,2004,7,27.01,74.16,6.17
Washim,2004,8,25.3,82.18,3.18
Washim,2004,9,25.81,81.04,5.5
Washim,2004,10,23.31,70.92,1.73
Washim,2004,11,22.63,59.9,0.66
Washim,2004,12,21.21,37.48,0.0
Washim,2004,13,26.38,51.29,1.83
Washim,2005,1,21.71,36.07,1.09
Washim,2005,2,24.13,37.46,0.04
Washim,2005,3,28.44,27.09,0.63
Washim,2005,4,31.55,22.86,0.21
Washim,2005,5,34.36,25.59,0.25
Washim,2005,6,31.63,50.78,2.42
Washim,2005,7,26.14,80.3,11.5
Washim,2005,8,25.28,85.21,6.08
Washim,2005,9,25.32,86.26,7.69
Washim,2005,10,23.18,78.61,2.98
Washim,2005,11,19.32,67.0,0.0
Washim,2005,12,18.59,56.79,0.02
Washim,2005,13,25.81,54.62,2.77
Washim,2006,1,20.63,39.24,0.0
Washim,2006,2,25.92,21.35,0.0
Washim,2006,3,26.31,44.97,2.82
Washim,2006,4,32.12,23.91,0.06
Washim,2006,5,33.76,35.09,2.46
Washim,2006,6,28.84,65.25,5.48
Washim,2006,7,25.84,81.17,8.75
Washim,2006,8,24.71,86.38,13.71
Washim,2006,9,25.18,86.03,9.65
Washim,2006,10,24.14,77.77,1.33
Washim,2006,11,21.42,76.54,0.83
Washim,2006,12,20.38,61.68,0.0
Washim,2006,13,25.76,58.53,3.79
Washim,2007,1,21.26,41.24,0.0
Washim,2007,2,24.67,31.25,0.01
Washim,2007,3,28.73,21.04,0.02
Washim,2007,4,32.72,20.5,0.38
Washim,2007,5,34.68,26.93,0.06
Washim,2007,6,29.23,67.04,4.78
Washim,2007,7,26.8,77.53,6.66
Washim,2007,8,25.44,84.26,7.9
Washim,2007,9,25.31,85.93,7.65
Washim,2007,10,22.21,70.22,0.1
Washim,2007,11,21.29,61.28,0.24
Washim,2007,12,21.18,51.67,0.0
Washim,2007,13,26.13,53.36,2.33
Washim,2008,1,21.01,34.04,0.23
Washim,2008,2,23.27,23.78,0.03
Washim,2008,3,28.88,30.55,0.79
Washim,2008,4,32.41,22.29,0.05
Washim,2008,5,33.78,26.93,0.03
Washim,2008,6,28.96,60.37,2.94
Washim,2008,7,27.31,70.68,3.1
Washim,2008,8,25.98,79.59,5.36
Washim,2008,9,24.94,84.72,9.29
Washim,2008,10,23.75,72.29,0.58
Washim,2008,11,22.29,63.63,0.21
Washim,2008,12,22.11,43.3,0.04
Washim,2008,13,26.23,51.09,1.88
Washim,2009,1,23.46,35.03,0.0
Washim,2009,2,26.06,22.24,0.0
Washim,2009,3,29.29,20.46,0.19
Washim,2009,4,32.75,15.25,0.06
Washim,2009,5,33.52,32.41,1.35
Washim,2009,6,31.88,49.59,4.07
Washim,2009,7,26.13,80.87,7.81
Washim,2009,8,26.04,81.24,4.63
Washim,2009,9,25.95,81.23,3.92
Washim,2009,10,24.07,67.98,2.01
Washim,2009,11,21.71,70.99,3.16
Washim,2009,12,20.54,61.09,0.27
Washim,2009,13,26.78,51.74,2.3
Washim,2010,1,19.88,45.9,0.62
Washim,2010,2,26.2,32.38,0.23
Washim,2010,3,30.21,22.95,0.26
Washim,2010,4,33.43,19.29,0.04
Washim,2010,5,35.27,27.16,0.1
Washim,2010,6,30.51,59.75,5.43
Washim,2010,7,25.89,84.5,10.68
Washim,2010,8,25.31,87.89,10.69
Washim,2010,9,24.9,86.35,5.02
Washim,2010,10,23.87,82.03,1.8
Washim,2010,11,23.02,83.8,1.75
Washim,2010,12,18.8,67.47,0.02
Washim,2010,13,26.43,58.46,3.08
Washim,2011,1,19.28,47.21,0.0
Washim,2011,2,23.66,35.83,0.28
Washim,2011,3,28.69,21.45,0.17
Washim,2011,4,32.19,28.28,0.63
Washim,2011,5,34.28,29.24,0.29
Washim,2011,6,29.28,63.09,3.97
Washim,2011,7,26.39,78.87,8.7
Washim,2011,8,25.53,84.47,5.92
Washim,2011,9,24.87,85.57,5.59
Washim,2011,10,23.61,76.58,0.91
Washim,2011,11,22.03,61.43,0.0
Washim,2011,12,21.09,42.32,0.01
Washim,2011,13,25.91,54.63,2.22
Washim,2012,1,21.13,35.48,0.19
Washim,2012,2,24.27,23.2,0.0
Washim,2012,3,27.81,13.66,0.0
Washim,2012,4,32.81,20.52,0.09
Washim,2012,5,34.25,26.39,0.18
Washim,2012,6,30.03,57.72,4.88
Washim,2012,7,25.73,82.14,8.69
Washim,2012,8,25.5,82.65,4.69
Washim,2012,9,25.28,84.59,6.43
Washim,2012,10,23.71,75.72,1.62
Washim,2012,11,21.76,68.77,0.12
Washim,2012,12,21.59,49.74,0.1
Washim,2012,13,26.15,51.8,2.25
Washim,2013,1,21.92,41.73,0.59
Washim,2013,2,25.0,38.17,0.35
Washim,2013,3,28.66,21.04,0.04
Washim,2013,4,32.7,24.09,0.22
Washim,2013,5,35.24,26.24,0.09
Washim,2013,6,27.45,74.32,9.54
Washim,2013,7,24.88,85.73,12.37
Washim,2013,8,24.77,86.45,3.68
Washim,2013,9,25.12,84.68,4.98
Washim,2013,10,24.04,82.46,2.83
Washim,2013,11,20.37,76.81,0.68
Washim,2013,12,19.39,61.14,0.39
Washim,2013,13,25.79,58.67,2.99
Washim,2014,1,20.88,55.1,0.1
Washim,2014,2,23.16,37.45,0.89
Washim,2014,3,26.15,49.72,1.93
Washim,2014,4,32.4,23.35,0.38
Washim,2014,5,34.28,29.53,0.52
Washim,2014,6,33.18,42.8,1.43
Washim,2014,7,27.51,72.3,8.73
Washim,2014,8,26.13,80.19,4.56
Washim,2014,9,24.92,82.46,4.35
Washim,2014,10,24.87,68.81,0.4
Washim,2014,11,23.4,54.89,0.53
Washim,2014,12,20.18,39.63,0.64
Washim,2014,13,26.43,53.17,2.05
Washim,2015,1,19.72,50.09,0.69
Washim,2015,2,24.46,30.03,0.64
Washim,2015,3,26.57,43.04,1.23
Washim,2015,4,30.25,37.01,1.87
Washim,2015,5,34.57,28.74,0.25
Washim,2015,6,29.38,63.17,6.51
Washim,2015,7,27.65,70.56,3.23
Washim,2015,8,25.76,81.4,9.27
Washim,2015,9,25.49,80.67,5.25
Washim,2015,10,26.17,65.37,0.37
Washim,2015,11,24.97,51.91,0.01
Washim,2015,12,23.2,29.45,0.0
Washim,2015,13,26.52,52.74,2.45
Washim,2016,1,22.0,27.62,0.01
Washim,2016,2,26.37,26.15,0.08
Washim,2016,3,29.63,26.15,0.44
Washim,2016,4,34.02,20.51,0.05
Washim,2016,5,34.9,31.63,0.45
Washim,2016,6,30.98,56.54,5.34
Washim,2016,7,25.84,83.38,12.9
Washim,2016,8,25.33,83.84,3.41
Washim,2016,9,24.85,85.61,6.03
Washim,2016,10,22.82,75.57,2.08
Washim,2016,11,19.84,60.41,0.0
Washim,2016,12,19.44,48.15,0.0
Washim,2016,13,26.32,52.23,2.58
Washim,2017,1,20.86,34.85,0.0
Washim,2017,2,25.22,24.19,0.0
Washim,2017,3,28.47,20.09,0.1
Washim,2017,4,32.77,15.66,0.0
Washim,2017,5,35.5,24.12,0.15
Washim,2017,6,29.31,66.79,5.34
Washim,2017,7,26.88,75.55,5.35
Washim,2017,8,26.11,79.4,5.72
Washim,2017,9,25.8,82.36,4.19
Washim,2017,10,24.65,72.52,2.4
Washim,2017,11,22.05,59.5,0.04
Washim,2017,12,21.29,37.78,0.0
Washim,2017,13,26.58,49.53,1.95
Washim,2018,1,21.27,26.36,0.0
Washim,2018,2,24.94,29.81,0.25
Washim,2018,3,29.33,22.64,0.16
Washim,2018,4,33.02,19.83,0.16
Washim,2018,5,35.59,22.7,0.15
Washim,2018,6,29.05,67.2,7.95
Washim,2018,7,25.56,82.33,6.88
Washim,2018,8,25.09,82.93,8.84
Washim,2018,9,24.83,78.93,1.59
Washim,2018,10,25.24,59.85,0.0
Washim,2018,11,24.32,43.3,0.22
Washim,2018,12,20.16,39.14,0.13
Washim,2018,13,26.53,48.02,2.21
Washim,2019,1,19.79,28.67,0.02
Washim,2019,2,24.08,27.36,0.03
Washim,2019,3,28.38,20.77,0.01
Washim,2019,4,33.39,17.87,0.14
Washim,2019,5,34.76,22.84,0.01
Washim,2019,6,32.83,47.31,3.46
Washim,2019,7,26.89,77.89,7.89
Washim,2019,8,25.47,84.58,5.67
Washim,2019,9,25.33,86.88,6.3
Washim,2019,10,23.91,84.49,3.52
Washim,2019,11,21.3,81.35,0.6
Washim,2019,12,19.68,74.91,0.21
Washim,2019,13,26.32,54.76,2.34
Washim,2020,1,19.56,63.72,0.26
Washim,2020,2,23.21,43.88,0.1
Washim,2020,3,27.58,35.4,0.97
Washim,2020,4,32.76,24.55,0.12
Washim,2020,5,35.06,25.5,0.31
Washim,2020,6,28.26,69.8,7.15
Washim,2020,7,26.63,82.05,8.53
Washim,2020,8,25.65,86.21,6.39
Washim,2020,9,25.9,85.17,4.87
Washim,2020,10,24.58,81.5,1.85
Washim,2020,11,21.02,73.0,0.11
Washim,2020,12,19.75,61.1,0.01
Washim,2020,13,25.83,61.06,2.56
Washim,2021,1,22.72,45.89,0.05
Washim,2021,2,23.92,27.83,0.11
Washim,2021,3,29.06,23.33,0.41
Washim,2021,4,32.29,21.62,0.12
Washim,2021,5,32.77,39.41,0.91
Washim,2021,6,27.87,72.53,7.28
Washim,2021,7,26.88,80.13,10.78
Washim,2021,8,26.09,82.12,4.61
Washim,2021,9,25.25,87.99,11.18
Washim,2021,10,23.58,80.85,3.69
Washim,2021,11,21.33,82.78,0.12
Washim,2021,12,18.55,73.79,0.39
Washim,2021,13,25.87,60.05,3.32
Washim,2022,1,18.54,65.33,0.36
Washim,2022,2,22.58,40.56,0.01
Washim,2022,3,29.41,21.92,0.05
Washim,2022,4,33.75,17.56,0.03
Washim,2022,5,34.67,29.31,0.3
Washim,2022,6,29.94,60.74,6.83
Washim,2022,7,25.33,87.2,16.84
Washim,2022,8,25.25,86.99,4.89
Washim,2022,9,25.2,87.24,6.58
Washim,2022,10,23.08,83.44,3.31
Washim,2022,11,19.55,73.69,0.0
Washim,2022,12,20.66,69.13,0.16
Washim,2022,13,25.67,60.43,3.31
Washim,2023,1,20.49,54.45,0.02
Washim,2023,2,24.23,21.31,0.0
Washim,2023,3,27.46,31.22,0.38
Washim,2023,4,30.1,36.96,1.79
Washim,2023,5,32.75,37.16,0.78
Washim,2023,6,32.17,45.25,1.34
Washim,2023,7,26.6,82.18,15.0
Washim,2023,8,25.59,82.83,2.51
Washim,2023,9,25.54,84.96,5.66
Washim,2023,10,23.88,73.56,0.08
Washim,2023,11,22.2,69.52,2.58
Washim,2023,12,19.8,67.6,0.07
Washim,2023,13,25.9,57.52,2.53
Buldhana,1997,1,19.38,39.73,0.95
Buldhana,1997,2,22.38,20.06,0.0
Buldhana,1997,3,28.32,18.7,0.01
Buldhana,1997,4,30.0,25.84,0.21
Buldhana,1997,5,33.02,27.13,0.05
Buldhana,1997,6,29.75,57.41,4.34
Buldhana,1997,7,26.69,76.99,5.09
Buldhana,1997,8,25.92,79.33,5.68
Buldhana,1997,9,25.26,81.6,3.31
Buldhana,1997,10,25.21,69.18,0.97
Buldhana,1997,11,24.52,70.37,3.36
Buldhana,1997,12,20.88,75.73,1.19
Buldhana,1997,13,25.96,53.72,2.11
Buldhana,1998,1,20.95,56.95,0.06
Buldhana,1998,2,22.97,34.62,0.06
Buldhana,1998,3,27.54,24.03,0.17
Buldhana,1998,4,33.05,21.7,0.03
Buldhana,1998,5,35.34,26.12,0.51
Buldhana,1998,6,30.64,58.9,6.32
Buldhana,1998,7,26.8,79.59,6.34
Buldhana,1998,8,25.76,86.56,7.82
Buldhana,1998,9,25.22,88.02,6.67
Buldhana,1998,10,24.16,83.45,3.26
Buldhana,1998,11,21.0,74.13,1.57
Buldhana,1998,12,18.3,56.03,0.0
Buldhana,1998,13,25.99,57.66,2.75
Buldhana,1999,1,18.82,43.57,0.0
Buldhana,1999,2,25.22,36.67,0.47
Buldhana,1999,3,28.93,15.36,0.0
Buldhana,1999,4,32.75,14.72,0.0
Buldhana,1999,5,32.79,37.8,0.96
Buldhana,1999,6,28.68,64.74,6.28
Buldhana,1999,7,26.47,77.22,3.98
Buldhana,1999,8,25.45,81.11,4.78
Buldhana,1999,9,25.05,83.6,6.53
Buldhana,1999,10,23.26,78.99,3.45
Buldhana,1999,11,20.78,60.96,0.0
Buldhana,1999,12,19.0,46.24,0.0
Buldhana,1999,13,25.59,53.52,2.21
Buldhana,2000,1,21.2,26.21,0.0
Buldhana,2000,2,22.17,30.91,0.56
Buldhana,2000,3,26.26,17.29,0.0
Buldhana,2000,4,32.89,19.0,0.02
Buldhana,2000,5,32.27,42.4,3.38
Buldhana,2000,6,28.35,68.17,3.2
Buldhana,2000,7,26.21,77.72,5.62
Buldhana,2000,8,25.88,81.12,8.58
Buldhana,2000,9,25.49,78.79,1.71
Buldhana,2000,10,26.31,53.6,0.26
Buldhana,2000,11,24.43,30.87,0.01
Buldhana,2000,12,21.86,16.36,0.51
Buldhana,2000,13,26.11,45.24,2.0
Buldhana,2001,1,21.26,33.62,0.14
Buldhana,2001,2,24.39,16.5,0.0
Buldhana,2001,3,28.11,26.85,0.34
Buldhana,2001,4,32.36,20.87,0.16
Buldhana,2001,5,34.11,32.6,0.43
Buldhana,2001,6,27.97,67.92,4.9
Buldhana,2001,7,26.81,73.05,2.23
Buldhana,2001,8,25.12,84.57,6.69
Buldhana,2001,9,26.49,73.59,3.81
Buldhana,2001,10,23.71,75.77,4.31
Buldhana,2001,11,22.04,59.03,0.01
Buldhana,2001,12,21.12,35.51,0.0
Buldhana,2001,13,26.13,50.21,1.93
Buldhana,2002,1,20.32,30.9,0.02
Buldhana,2002,2,25.02,28.66,0.15
Buldhana,2002,3,28.45,20.17,0.12
Buldhana,2002,4,32.06,22.55,0.66
Buldhana,2002,5,34.73,32.6,0.11
Buldhana,2002,6,30.08,61.41,7.18
Buldhana,2002,7,27.26,72.48,1.92
Buldhana,2002,8,24.93,84.98,7.97
Buldhana,2002,9,24.85,81.53,3.13
Buldhana,2002,10,25.74,58.97,0.51
Buldhana,2002,11,24.33,36.84,0.07
Buldhana,2002,12,22.98,29.34,0.0
Buldhana,2002,13,26.73,46.81,1.82
Buldhana,2003,1,22.5,29.99,0.03
Buldhana,2003,2,24.79,36.95,0.67
Buldhana,2003,3,27.88,19.13,0.17
Buldhana,2003,4,32.83,24.28,0.27
Buldhana,2003,5,33.83,25.24,0.02
Buldhana,2003,6,29.86,60.83,6.92
Buldhana,2003,7,26.33,82.24,7.57
Buldhana,2003,8,25.33,85.11,4.23
Buldhana,2003,9,24.88,85.32,3.04
Buldhana,2003,10,24.06,72.01,0.65
Buldhana,2003,11,23.7,58.41,0.0
Buldhana,2003,12,21.36,43.37,0.18
Buldhana,2003,13,26.44,51.97,1.98
Buldhana,2004,1,21.33,43.0,0.37
Buldhana,2004,2,23.82,25.41,0.01
Buldhana,2004,3,29.83,14.06,0.04
Buldhana,2004,4,32.51,22.97,0.0
Buldhana,2004,5,32.9,40.36,1.21
Buldhana,2004,6,30.35,57.23,2.32
Buldhana,2004,7,27.12,73.84,5.47
Buldhana,2004,8,25.22,83.24,3.28
Buldhana,2004,9,25.77,81.65,6.34
Buldhana,2004,10,23.31,71.24,1.77
Buldhana,2004,11,22.79,59.42,0.59
Buldhana,2004,12,21.31,37.37,0.0
Buldhana,2004,13,26.35,50.91,1.79
Buldhana,2005,1,21.15,35.47,0.66
Buldhana,2005,2,23.96,33.28,0.03
Buldhana,2005,3,28.06,26.81,0.5
Buldhana,2005,4,31.23,19.62,0.14
Buldhana,2005,5,33.7,28.33,0.25
Buldhana,2005,6,31.38,52.76,2.66
Buldhana,2005,7,26.02,81.47,11.44
Buldhana,2005,8,25.2,85.61,5.27
Buldhana,2005,9,25.35,86.36,8.01
Buldhana,2005,10,23.23,76.8,2.59
Buldhana,2005,11,20.01,62.19,0.0
Buldhana,2005,12,19.06,52.54,0.0
Buldhana,2005,13,25.7,53.58,2.65
Buldhana,2006,1,21.18,34.25,0.0
Buldhana,2006,2,26.04,19.08,0.0
Buldhana,2006,3,26.43,41.65,2.21
Buldhana,2006,4,31.84,22.3,0.01
Buldhana,2006,5,33.58,35.27,2.69
Buldhana,2006,6,28.73,66.31,5.14
Buldhana,2006,7,26.06,80.63,7.69
Buldhana,2006,8,24.68,86.83,12.58
Buldhana,2006,9,25.29,85.95,9.3
Buldhana,2006,10,24.22,76.51,1.72
Buldhana,2006,11,21.72,74.76,0.98
Buldhana,2006,12,20.7,60.01,0.0
Buldhana,2006,13,25.86,57.22,3.55
Buldhana,2007,1,21.43,39.14,0.01
Buldhana,2007,2,24.5,31.39,0.02
Buldhana,2007,3,28.13,20.98,0.0
Buldhana,2007,4,32.45,21.09,0.42
Buldhana,2007,5,34.02,29.97,0.1
Buldhana,2007,6,29.22,67.69,4.97
Buldhana,2007,7,26.81,78.39,6.73
Buldhana,2007,8,25.46,84.82,7.6
Buldhana,2007,9,25.48,85.3,6.73
Buldhana,2007,10,22.49,68.16,0.07
Buldhana,2007,11,21.85,58.92,0.17
Buldhana,2007,12,21.51,48.41,0.0
Buldhana,2007,13,26.11,52.97,2.24
Buldhana,2008,1,20.86,31.91,0.17
Buldhana,2008,2,22.55,21.06,0.0
Buldhana,2008,3,28.85,26.29,0.56
Buldhana,2008,4,32.21,21.93,0.03
Buldhana,2008,5,33.18,31.26,0.0
Buldhana,2008,6,29.15,60.0,2.36
Buldhana,2008,7,27.45,70.62,2.57
Buldhana,2008,8,26.08,79.17,4.55
Buldhana,2008,9,25.05,84.8,9.01
Buldhana,2008,10,24.15,69.2,0.46
Buldhana,2008,11,22.99,58.81,0.15
Buldhana,2008,12,22.93,37.2,0.04
Buldhana,2008,13,26.3,49.43,1.65
Buldhana,2009,1,23.59,32.91,0.01
Buldhana,2009,2,25.64,21.9,0.0
Buldhana,2009,3,29.03,20.4,0.15
Buldhana,2009,4,32.43,15.77,0.06
Buldhana,2009,5,33.33,33.3,1.23
Buldhana,2009,6,31.7,50.68,2.93
Buldhana,2009,7,26.26,80.48,7.38
Buldhana,2009,8,26.11,80.98,4.67
Buldhana,2009,9,25.8,82.69,4.46
Buldhana,2009,10,24.13,66.94,1.78
Buldhana,2009,11,21.61,71.54,3.98
Buldhana,2009,12,20.44,61.79,0.35
Buldhana,2009,13,26.67,51.82,2.26
Buldhana,2010,1,19.73,47.43,0.45
Buldhana,2010,2,25.63,30.43,0.08
Buldhana,2010,3,29.81,23.3,0.3
Buldhana,2010,4,32.98,20.39,0.02
Buldhana,2010,5,34.85,28.71,0.16
Buldhana,2010,6,30.32,61.45,5.01
Buldhana,2010,7,26.15,83.9,9.83
Buldhana,2010,8,25.45,87.18,9.25
Buldhana,2010,9,24.96,85.94,4.26
Buldhana,2010,10,24.2,80.9,1.83
Buldhana,2010,11,23.16,82.7,2.34
Buldhana,2010,12,19.08,64.74,0.0
Buldhana,2010,13,26.35,58.27,2.82
Buldhana,2011,1,19.21,44.21,0.0
Buldhana,2011,2,23.8,32.84,0.23
Buldhana,2011,3,28.22,20.58,0.15
Buldhana,2011,4,31.97,25.96,0.53
Buldhana,2011,5,33.79,31.79,0.32
Buldhana,2011,6,29.36,63.27,3.78
Buldhana,2011,7,26.38,79.05,8.16
Buldhana,2011,8,25.6,84.71,6.34
Buldhana,2011,9,24.86,85.86,4.9
Buldhana,2011,10,23.79,74.51,1.1
Buldhana,2011,11,22.53,58.7,0.0
Buldhana,2011,12,21.54,38.1,0.0
Buldhana,2011,13,25.92,53.41,2.14
Buldhana,2012,1,20.52,34.96,0.15
Buldhana,2012,2,23.6,22.73,0.0
Buldhana,2012,3,27.24,14.01,0.0
Buldhana,2012,4,32.26,21.54,0.11
Buldhana,2012,5,33.49,30.2,0.28
Buldhana,2012,6,30.02,58.09,4.7
Buldhana,2012,7,25.86,82.07,7.7
Buldhana,2012,8,25.45,82.86,4.24
Buldhana,2012,9,25.26,84.34,5.49
Buldhana,2012,10,24.33,72.3,1.64
Buldhana,2012,11,22.14,63.07,0.03
Buldhana,2012,12,22.31,42.29,0.09
Buldhana,2012,13,26.04,50.79,2.04
Buldhana,2013,1,21.69,37.78,0.42
Buldhana,2013,2,25.04,36.59,0.29
Buldhana,2013,3,28.17,20.41,0.05
Buldhana,2013,4,31.98,23.96,0.11
Buldhana,2013,5,34.55,29.21,0.06
Buldhana,2013,6,27.49,74.8,8.47
Buldhana,2013,7,25.05,85.54,9.7
Buldhana,2013,8,24.78,86.37,3.58
Buldhana,2013,9,25.11,84.98,5.36
Buldhana,2013,10,24.0,81.86,2.76
Buldhana,2013,11,20.58,74.87,1.08
Buldhana,2013,12,19.36,60.41,0.72
Buldhana,2013,13,25.65,58.17,2.73
Buldhana,2014,1,20.38,56.33,0.23
Buldhana,2014,2,22.73,37.83,0.79
Buldhana,2014,3,26.1,46.84,1.69
Buldhana,2014,4,31.84,23.47,0.42
Buldhana,2014,5,34.14,28.97,0.36
Buldhana,2014,6,32.88,44.79,1.34
Buldhana,2014,7,27.46,73.26,7.87
Buldhana,2014,8,25.92,81.75,4.77
Buldhana,2014,9,25.0,83.07,3.88
Buldhana,2014,10,25.12,67.74,0.39
Buldhana,2014,11,23.57,54.89,0.75
Buldhana,2014,12,20.08,38.21,0.54
Buldhana,2014,13,26.27,53.24,1.93
Buldhana,2015,1,19.28,53.9,0.98
Buldhana,2015,2,24.3,30.17,0.47
Buldhana,2015,3,26.15,44.23,1.63
Buldhana,2015,4,30.07,36.74,1.68
Buldhana,2015,5,34.26,30.06,0.23
Buldhana,2015,6,29.39,63.67,6.62
Buldhana,2015,7,27.47,71.92,3.12
Buldhana,2015,8,25.67,81.94,8.22
Buldhana,2015,9,25.44,80.01,6.06
Buldhana,2015,10,26.41,63.7,0.42
Buldhana,2015,11,25.21,49.24,0.02
Buldhana,2015,12,22.75,26.88,0.0
Buldhana,2015,13,26.37,52.84,2.46
Buldhana,2016,1,21.81,27.03,0.01
Buldhana,2016,2,25.73,25.64,0.11
Buldhana,2016,3,29.16,25.52,0.4
Buldhana,2016,4,33.14,21.62,0.01
Buldhana,2016,5,34.49,32.8,0.39
Buldhana,2016,6,30.95,57.03,5.22
Buldhana,2016,7,25.82,83.79,12.81
Buldhana,2016,8,25.22,84.59,3.96
Buldhana,2016,9,24.92,85.27,5.37
Buldhana,2016,10,23.08,73.47,2.19
Buldhana,2016,11,20.33,56.14,0.0
Buldhana,2016,12,19.87,43.64,0.0
Buldhana,2016,13,26.2,51.48,2.55
Buldhana,2017,1,20.85,33.39,0.0
Buldhana,2017,2,25.19,23.71,0.0
Buldhana,2017,3,28.12,19.58,0.11
Buldhana,2017,4,32.19,17.31,0.0
Buldhana,2017,5,34.94,26.06,0.09
Buldhana,2017,6,29.09,69.06,6.47
Buldhana,2017,7,26.57,77.76,6.06
Buldhana,2017,8,25.88,81.37,6.26
Buldhana,2017,9,25.57,84.0,6.57
Buldhana,2017,10,24.34,72.45,2.12
Buldhana,2017,11,21.03,62.94,0.07
Buldhana,2017,12,20.64,44.46,0.0
Buldhana,2017,13,26.2,51.15,2.32
Buldhana,2018,1,21.2,27.29,0.0
Buldhana,2018,2,24.99,27.81,0.19
Buldhana,2018,3,29.22,22.15,0.11
Buldhana,2018,4,32.58,19.75,0.07
Buldhana,2018,5,35.0,24.64,0.02
Buldhana,2018,6,29.95,62.81,6.77
Buldhana,2018,7,25.67,82.05,6.92
Buldhana,2018,8,25.04,83.1,8.58
Buldhana,2018,9,24.84,78.34,1.79
Buldhana,2018,10,25.45,56.66,0.01
Buldhana,2018,11,23.95,43.5,0.56
Buldhana,2018,12,19.83,35.77,0.01
Buldhana,2018,13,26.47,47.1,2.1
Buldhana,2019,1,19.49,25.71,0.0
Buldhana,2019,2,23.52,27.42,0.03
Buldhana,2019,3,27.73,20.79,0.0
Buldhana,2019,4,32.94,18.68,0.12
Buldhana,2019,5,33.96,25.95,0.0
Buldhana,2019,6,32.68,48.53,4.29
Buldhana,2019,7,26.57,81.08,9.86
Buldhana,2019,8,25.16,86.87,7.39
Buldhana,2019,9,25.12,89.09,8.62
Buldhana,2019,10,23.74,85.59,3.62
Buldhana,2019,11,21.19,82.57,1.09
Buldhana,2019,12,19.0,79.16,0.24
Buldhana,2019,13,25.92,56.15,2.96
Buldhana,2020,1,18.47,67.71,0.08
Buldhana,2020,2,22.26,48.22,0.03
Buldhana,2020,3,26.77,35.92,0.95
Buldhana,2020,4,32.29,24.53,0.06
Buldhana,2020,5,34.65,27.14,0.43
Buldhana,2020,6,28.16,71.04,6.99
Buldhana,2020,7,26.76,82.4,9.37
Buldhana,2020,8,25.56,87.83,8.06
Buldhana,2020,9,25.76,86.71,6.33
Buldhana,2020,10,24.64,81.08,1.89
Buldhana,2020,11,20.98,73.62,0.2
Buldhana,2020,12,19.61,63.1,0.1
Buldhana,2020,13,25.5,62.5,2.88
Buldhana,2021,1,22.26,48.32,0.11
Buldhana,2021,2,23.76,27.75,0.1
Buldhana,2021,3,29.17,23.19,0.44
Buldhana,2021,4,32.11,21.74,0.08
Buldhana,2021,5,32.49,40.91,1.19
Buldhana,2021,6,28.25,70.78,5.72
Buldhana,2021,7,27.27,77.4,8.3
Buldhana,2021,8,26.13,80.93,5.03
Buldhana,2021,9,25.47,87.3,10.98
Buldhana,2021,10,23.66,79.68,3.67
Buldhana,2021,11,21.29,80.94,0.21
Buldhana,2021,12,18.72,72.55,0.61
Buldhana,2021,13,25.89,59.49,3.05
Buldhana,2022,1,18.52,63.02,0.16
Buldhana,2022,2,22.62,36.42,0.0
Buldhana,2022,3,29.31,22.09,0.18
Buldhana,2022,4,33.4,17.3,0.01
Buldhana,2022,5,34.39,30.79,0.06
Buldhana,2022,6,30.02,60.1,7.24
Buldhana,2022,7,25.42,86.87,13.5
Buldhana,2022,8,25.2,87.08,5.2
Buldhana,2022,9,25.27,87.38,6.27
Buldhana,2022,10,23.15,82.45,3.78
Buldhana,2022,11,19.61,72.78,0.0
Buldhana,2022,12,20.61,68.14,0.26
Buldhana,2022,13,25.64,59.73,3.08
Buldhana,2023,1,19.88,54.65,0.07
Buldhana,2023,2,24.12,20.16,0.0
Buldhana,2023,3,26.96,33.77,0.6
Buldhana,2023,4,29.61,37.97,2.19
Buldhana,2023,5,32.43,36.89,0.23
Buldhana,2023,6,31.85,47.16,1.06
Buldhana,2023,7,26.65,82.22,11.64
Buldhana,2023,8,25.63,82.06,2.78
Buldhana,2023,9,25.55,84.79,7.45
Buldhana,2023,10,24.01,72.55,0.1
Buldhana,2023,11,22.26,67.26,3.1
Buldhana,2023,12,19.85,67.87,0.2
Buldhana,2023,13,25.73,57.56,2.46
Yavatmal,1997,1,19.49,43.96,1.26
Yavatmal,1997,2,23.14,19.44,0.0
Yavatmal,1997,3,29.99,16.94,0.01
Yavatmal,1997,4,31.74,26.84,0.43
Yavatmal,1997,5,35.14,24.5,0.33
Yavatmal,1997,6,31.39,54.17,4.81
Yavatmal,1997,7,27.73,76.01,6.2
Yavatmal,1997,8,26.82,79.66,7.88
Yavatmal,1997,9,26.08,83.11,4.08
Yavatmal,1997,10,24.78,75.42,2.02
Yavatmal,1997,11,23.95,76.24,3.32
Yavatmal,1997,12,20.31,81.75,2.0
Yavatmal,1997,13,26.73,55.07,2.71
Yavatmal,1998,1,20.22,65.26,0.21
Yavatmal,1998,2,22.27,48.57,1.29
Yavatmal,1998,3,27.71,29.07,0.85
Yavatmal,1998,4,34.96,19.86,0.16
Yavatmal,1998,5,37.6,23.32,0.42
Yavatmal,1998,6,33.29,50.5,3.97
Yavatmal,1998,7,28.08,77.03,7.64
Yavatmal,1998,8,26.76,85.79,8.14
Yavatmal,1998,9,26.24,87.33,7.0
Yavatmal,1998,10,25.07,83.38,2.52
Yavatmal,1998,11,21.33,75.34,2.34
Yavatmal,1998,12,18.25,56.24,0.0
Yavatmal,1998,13,26.83,58.56,2.89
Yavatmal,1999,1,19.27,43.36,0.01
Yavatmal,1999,2,25.45,39.01,0.54
Yavatmal,1999,3,30.16,13.87,0.01
Yavatmal,1999,4,34.88,9.96,0.0
Yavatmal,1999,5,35.68,29.84,1.01
Yavatmal,1999,6,30.35,59.83,4.88
Yavatmal,1999,7,27.44,76.93,6.84
Yavatmal,1999,8,25.89,85.27,9.42
Yavatmal,1999,9,25.39,87.38,7.52
Yavatmal,1999,10,23.77,82.8,3.91
Yavatmal,1999,11,20.56,68.48,0.0
Yavatmal,1999,12,18.17,58.3,0.0
Yavatmal,1999,13,26.41,54.69,2.86
Yavatmal,2000,1,20.8,35.29,0.0
Yavatmal,2000,2,22.97,35.0,0.77
Yavatmal,2000,3,27.56,15.55,0.0
Yavatmal,2000,4,34.79,14.04,0.0
Yavatmal,2000,5,34.61,35.93,1.74
Yavatmal,2000,6,29.52,65.85,4.74
Yavatmal,2000,7,26.83,79.98,8.69
Yavatmal,2000,8,26.58,83.05,6.34
Yavatmal,2000,9,26.29,79.98,2.48
Yavatmal,2000,10,26.71,58.32,0.29
Yavatmal,2000,11,24.24,36.46,0.0
Yavatmal,2000,12,21.61,16.83,0.19
Yavatmal,2000,13,26.88,46.39,2.11
Yavatmal,2001,1,22.12,30.7,0.38
Yavatmal,2001,2,25.53,15.44,0.0
Yavatmal,2001,3,29.72,29.16,0.64
Yavatmal,2001,4,33.0,27.06,0.84
Yavatmal,2001,5,35.96,29.76,1.12
Yavatmal,2001,6,28.48,69.64,7.64
Yavatmal,2001,7,27.13,77.04,5.82
Yavatmal,2001,8,25.94,85.75,7.62
Yavatmal,2001,9,26.95,77.3,3.58
Yavatmal,2001,10,24.38,78.47,4.87
Yavatmal,2001,11,22.03,67.48,0.0
Yavatmal,2001,12,20.14,45.83,0.0
Yavatmal,2001,13,26.78,53.03,2.73
Yavatmal,2002,1,20.51,38.27,0.32
Yavatmal,2002,2,25.64,34.1,0.43
Yavatmal,2002,3,29.99,18.46,0.05
Yavatmal,2002,4,34.14,17.08,0.22
Yavatmal,2002,5,36.21,28.56,1.39
Yavatmal,2002,6,31.53,58.94,9.8
Yavatmal,2002,7,28.09,73.96,3.35
Yavatmal,2002,8,25.97,85.68,10.57
Yavatmal,2002,9,25.65,82.05,2.68
Yavatmal,2002,10,25.19,68.31,1.01
Yavatmal,2002,11,23.17,49.09,0.17
Yavatmal,2002,12,23.14,31.89,0.0
Yavatmal,2002,13,27.44,48.96,2.51
Yavatmal,2003,1,22.44,28.34,0.01
Yavatmal,2003,2,25.82,39.88,1.11
Yavatmal,2003,3,28.77,26.42,1.23
Yavatmal,2003,4,34.55,22.64,0.34
Yavatmal,2003,5,36.05,18.38,0.0
Yavatmal,2003,6,31.86,55.33,8.66
Yavatmal,2003,7,26.9,83.54,10.35
Yavatmal,2003,8,25.89,87.5,9.4
Yavatmal,2003,9,25.52,88.22,4.53
Yavatmal,2003,10,23.96,80.41,0.84
Yavatmal,2003,11,22.04,73.86,0.05
Yavatmal,2003,12,19.26,64.55,0.15
Yavatmal,2003,13,26.91,55.84,3.07
Yavatmal,2004,1,20.42,56.4,1.02
Yavatmal,2004,2,23.25,33.63,0.17
Yavatmal,2004,3,31.08,15.96,0.05
Yavatmal,2004,4,34.48,19.33,0.14
Yavatmal,2004,5,35.0,35.26,0.64
Yavatmal,2004,6,31.46,56.57,3.67
Yavatmal,2004,7,27.91,75.21,8.38
Yavatmal,2004,8,26.02,84.68,5.56
Yavatmal,2004,9,26.75,81.99,2.74
Yavatmal,2004,10,24.23,69.23,0.89
Yavatmal,2004,11,23.02,59.43,0.57
Yavatmal,2004,12,21.34,37.27,0.0
Yavatmal,2004,13,27.08,52.16,2.0
Yavatmal,2005,1,21.93,37.28,2.79
Yavatmal,2005,2,23.43,48.7,0.04
Yavatmal,2005,3,29.11,29.01,0.53
Yavatmal,2005,4,32.68,21.81,0.21
Yavatmal,2005,5,36.3,21.29,0.29
Yavatmal,2005,6,33.89,44.9,5.4
Yavatmal,2005,7,26.83,82.36,10.42
Yavatmal,2005,8,26.16,85.68,5.47
Yavatmal,2005,9,26.32,85.52,9.56
Yavatmal,2005,10,23.87,80.06,3.16
Yavatmal,2005,11,19.54,67.02,0.0
Yavatmal,2005,12,18.45,58.36,0.06
Yavatmal,2005,13,26.55,55.22,3.18
Yavatmal,2006,1,20.72,40.43,0.0
Yavatmal,2006,2,26.45,20.63,0.0
Yavatmal,2006,3,27.01,48.12,3.05
Yavatmal,2006,4,33.46,23.62,0.18
Yavatmal,2006,5,35.08,35.02,1.78
Yavatmal,2006,6,31.21,57.07,4.49
Yavatmal,2006,7,26.8,81.67,11.78
Yavatmal,2006,8,25.54,87.64,11.69
Yavatmal,2006,9,26.04,86.48,9.23
Yavatmal,2006,10,25.13,76.44,0.4
Yavatmal,2006,11,22.11,76.14,0.4
Yavatmal,2006,12,20.64,62.46,0.0
Yavatmal,2006,13,26.67,58.25,3.61
Yavatmal,2007,1,21.47,38.08,0.0
Yavatmal,2007,2,25.35,31.14,0.06
Yavatmal,2007,3,29.54,22.0,0.14
Yavatmal,2007,4,34.21,18.82,0.24
Yavatmal,2007,5,36.74,23.86,0.27
Yavatmal,2007,6,31.0,62.57,8.0
Yavatmal,2007,7,27.33,80.04,7.41
Yavatmal,2007,8,26.34,85.07,6.8
Yavatmal,2007,9,26.2,85.73,7.5
Yavatmal,2007,10,22.86,70.49,0.22
Yavatmal,2007,11,21.33,63.44,0.54
Yavatmal,2007,12,21.05,55.5,0.0
Yavatmal,2007,13,26.95,53.19,2.6
Yavatmal,2008,1,21.29,35.19,0.15
Yavatmal,2008,2,23.29,23.86,0.04
Yavatmal,2008,3,29.64,30.71,0.99
Yavatmal,2008,4,33.43,22.42,0.16
Yavatmal,2008,5,35.65,23.27,0.32
Yavatmal,2008,6,29.36,63.8,5.84
Yavatmal,2008,7,27.34,77.48,7.0
Yavatmal,2008,8,26.3,84.98,6.28
Yavatmal,2008,9,25.86,84.98,7.21
Yavatmal,2008,10,24.22,73.73,1.15
Yavatmal,2008,11,22.12,67.52,0.08
Yavatmal,2008,12,21.77,46.7,0.0
Yavatmal,2008,13,26.7,52.97,2.44
Yavatmal,2009,1,23.56,37.42,0.02
Yavatmal,2009,2,26.57,21.81,0.0
Yavatmal,2009,3,30.06,19.41,0.25
Yavatmal,2009,4,34.0,14.14,0.03
Yavatmal,2009,5,36.03,26.41,0.93
Yavatmal,2009,6,33.55,47.3,5.38
Yavatmal,2009,7,26.84,83.32,10.46
Yavatmal,2009,8,26.65,84.03,6.02
Yavatmal,2009,9,26.95,81.29,2.9
Yavatmal,2009,10,24.31,69.75,2.08
Yavatmal,2009,11,22.12,70.72,2.15
Yavatmal,2009,12,20.77,61.59,0.24
Yavatmal,2009,13,27.61,51.65,2.56
Yavatmal,2010,1,19.94,42.85,0.51
Yavatmal,2010,2,26.67,31.46,0.3
Yavatmal,2010,3,31.35,20.84,0.22
Yavatmal,2010,4,34.76,16.93,0.02
Yavatmal,2010,5,36.86,24.53,0.11
Yavatmal,2010,6,32.8,53.01,5.23
Yavatmal,2010,7,26.98,84.62,12.3
Yavatmal,2010,8,26.38,88.55,14.56
Yavatmal,2010,9,25.76,86.45,7.06
Yavatmal,2010,10,24.61,82.11,1.39
Yavatmal,2010,11,23.38,82.78,1.73
Yavatmal,2010,12,18.93,68.37,0.09
Yavatmal,2010,13,27.35,57.05,3.66
Yavatmal,2011,1,19.06,48.95,0.0
Yavatmal,2011,2,24.07,36.57,0.31
Yavatmal,2011,3,29.62,20.54,0.13
Yavatmal,2011,4,32.29,34.07,1.43
Yavatmal,2011,5,36.35,24.48,0.31
Yavatmal,2011,6,30.64,61.0,4.27
Yavatmal,2011,7,27.41,79.06,7.82
Yavatmal,2011,8,26.41,85.74,9.24
Yavatmal,2011,9,25.83,85.85,6.0
Yavatmal,2011,10,24.24,75.46,0.23
Yavatmal,2011,11,22.11,64.22,0.0
Yavatmal,2011,12,20.56,50.01,0.07
Yavatmal,2011,13,26.56,55.59,2.5
Yavatmal,2012,1,21.4,39.61,0.29
Yavatmal,2012,2,24.57,24.83,0.01
Yavatmal,2012,3,28.83,12.77,0.0
Yavatmal,2012,4,34.48,18.51,0.05
Yavatmal,2012,5,36.74,20.65,0.1
Yavatmal,2012,6,31.49,56.41,4.46
Yavatmal,2012,7,26.44,83.41,13.01
Yavatmal,2012,8,25.9,86.97,6.36
Yavatmal,2012,9,25.9,86.42,9.59
Yavatmal,2012,10,24.04,76.56,0.94
Yavatmal,2012,11,21.43,72.52,0.38
Yavatmal,2012,12,20.51,59.33,0.03
Yavatmal,2012,13,26.81,53.26,2.94
Yavatmal,2013,1,21.21,44.37,0.54
Yavatmal,2013,2,24.84,41.61,0.58
Yavatmal,2013,3,29.5,24.33,0.26
Yavatmal,2013,4,33.82,24.32,0.38
Yavatmal,2013,5,37.34,20.76,0.1
Yavatmal,2013,6,28.83,72.45,12.58
Yavatmal,2013,7,25.75,87.22,17.72
Yavatmal,2013,8,25.54,88.36,6.52
Yavatmal,2013,9,25.99,85.14,4.06
Yavatmal,2013,10,24.76,82.31,4.11
Yavatmal,2013,11,20.63,77.23,0.08
Yavatmal,2013,12,19.36,64.2,0.01
Yavatmal,2013,13,26.47,59.44,3.94
Yavatmal,2014,1,20.86,58.83,0.08
Yavatmal,2014,2,23.49,38.69,1.0
Yavatmal,2014,3,27.0,48.14,1.49
Yavatmal,2014,4,33.87,21.79,0.35
Yavatmal,2014,5,35.8,27.53,0.73
Yavatmal,2014,6,34.83,40.69,2.03
Yavatmal,2014,7,28.47,72.36,11.65
Yavatmal,2014,8,26.78,81.83,4.86
Yavatmal,2014,9,25.84,82.41,5.31
Yavatmal,2014,10,25.09,73.05,0.2
Yavatmal,2014,11,23.63,57.03,0.13
Yavatmal,2014,12,20.01,44.18,0.45
Yavatmal,2014,13,27.14,54.04,2.37
Yavatmal,2015,1,19.81,50.49,0.85
Yavatmal,2015,2,24.98,31.75,0.69
Yavatmal,2015,3,27.56,42.02,1.12
Yavatmal,2015,4,31.29,36.47,1.93
Yavatmal,2015,5,36.24,25.7,0.39
Yavatmal,2015,6,30.95,61.29,7.88
Yavatmal,2015,7,28.05,74.19,3.85
Yavatmal,2015,8,26.35,83.85,10.95
Yavatmal,2015,9,26.5,80.63,4.97
Yavatmal,2015,10,26.51,67.72,0.25
Yavatmal,2015,11,24.74,58.68,0.0
Yavatmal,2015,12,22.99,33.57,0.0
Yavatmal,2015,13,27.17,53.99,2.75
Yavatmal,2016,1,22.28,28.62,0.02
Yavatmal,2016,2,27.18,26.88,0.13
Yavatmal,2016,3,30.59,27.59,0.48
Yavatmal,2016,4,35.57,19.01,0.06
Yavatmal,2016,5,36.34,30.86,0.71
Yavatmal,2016,6,32.48,54.96,5.96
Yavatmal,2016,7,26.55,84.8,15.34
Yavatmal,2016,8,26.02,85.48,4.24
Yavatmal,2016,9,25.78,86.25,5.59
Yavatmal,2016,10,23.62,75.52,1.89
Yavatmal,2016,11,20.28,63.52,0.0
Yavatmal,2016,12,19.22,52.91,0.0
Yavatmal,2016,13,27.14,53.14,2.88
Yavatmal,2017,1,20.8,39.87,0.0
Yavatmal,2017,2,25.61,24.64,0.01
Yavatmal,2017,3,29.34,19.32,0.13
Yavatmal,2017,4,34.23,13.89,0.0
Yavatmal,2017,5,37.37,21.92,0.43
Yavatmal,2017,6,30.73,63.78,4.87
Yavatmal,2017,7,27.82,75.14,6.32
Yavatmal,2017,8,26.76,81.09,5.14
Yavatmal,2017,9,26.99,81.66,3.85
Yavatmal,2017,10,25.75,72.31,2.33
Yavatmal,2017,11,22.47,62.14,0.04
Yavatmal,2017,12,20.74,42.52,0.0
Yavatmal,2017,13,27.39,50.0,1.94
Yavatmal,2018,1,21.27,26.21,0.0
Yavatmal,2018,2,25.17,32.45,0.46
Yavatmal,2018,3,30.1,22.13,0.17
Yavatmal,2018,4,34.23,19.78,0.36
Yavatmal,2018,5,37.53,20.4,0.19
Yavatmal,2018,6,30.17,66.86,8.48
Yavatmal,2018,7,26.31,83.52,8.02
Yavatmal,2018,8,25.83,84.41,7.97
Yavatmal,2018,9,25.73,80.01,2.54
Yavatmal,2018,10,25.83,63.13,0.0
Yavatmal,2018,11,24.56,46.57,0.08
Yavatmal,2018,12,20.11,43.88,0.27
Yavatmal,2018,13,27.24,49.2,2.39
Yavatmal,2019,1,19.85,32.72,0.13
Yavatmal,2019,2,24.06,27.9,0.04
Yavatmal,2019,3,29.39,22.61,0.04
Yavatmal,2019,4,34.8,18.28,0.2
Yavatmal,2019,5,36.95,18.74,0.02
Yavatmal,2019,6,34.98,43.22,3.62
Yavatmal,2019,7,28.11,76.78,9.71
Yavatmal,2019,8,26.18,85.87,7.05
Yavatmal,2019,9,25.93,89.0,6.89
Yavatmal,2019,10,24.37,84.52,2.25
Yavatmal,2019,11,21.45,81.34,0.43
Yavatmal,2019,12,19.05,76.59,0.25
Yavatmal,2019,13,27.09,54.98,2.57
Yavatmal,2020,1,18.97,67.08,0.48
Yavatmal,2020,2,22.57,47.99,0.15
Yavatmal,2020,3,27.74,39.38,1.21
Yavatmal,2020,4,33.63,24.74,0.22
Yavatmal,2020,5,36.32,24.89,0.5
Yavatmal,2020,6,29.41,68.38,5.89
Yavatmal,2020,7,27.78,81.1,10.37
Yavatmal,2020,8,26.46,86.98,8.44
Yavatmal,2020,9,26.94,84.64,4.52
Yavatmal,2020,10,25.11,80.74,1.32
Yavatmal,2020,11,20.93,73.29,0.14
Yavatmal,2020,12,19.26,63.82,0.02
Yavatmal,2020,13,26.26,61.99,2.79
Yavatmal,2021,1,22.06,47.15,0.03
Yavatmal,2021,2,24.02,28.58,0.06
Yavatmal,2021,3,29.54,24.5,0.53
Yavatmal,2021,4,33.4,20.7,0.19
Yavatmal,2021,5,34.28,36.6,1.03
Yavatmal,2021,6,28.84,72.35,7.79
Yavatmal,2021,7,27.69,80.67,9.49
Yavatmal,2021,8,26.82,83.44,5.58
Yavatmal,2021,9,26.32,87.72,11.51
Yavatmal,2021,10,24.43,79.54,3.77
Yavatmal,2021,11,21.62,81.53,0.17
Yavatmal,2021,12,18.92,70.33,0.35
Yavatmal,2021,13,26.5,59.61,3.39
Yavatmal,2022,1,18.55,66.82,0.92
Yavatmal,2022,2,22.27,44.75,0.04
Yavatmal,2022,3,30.39,21.95,0.02
Yavatmal,2022,4,35.23,16.46,0.02
Yavatmal,2022,5,36.52,26.15,0.34
Yavatmal,2022,6,31.69,57.52,6.43
Yavatmal,2022,7,26.26,87.95,18.86
Yavatmal,2022,8,26.1,88.03,6.93
Yavatmal,2022,9,26.13,86.98,6.74
Yavatmal,2022,10,23.92,82.66,2.71
Yavatmal,2022,11,19.7,74.64,0.0
Yavatmal,2022,12,20.43,70.36,0.14
Yavatmal,2022,13,26.45,60.5,3.63
Yavatmal,2023,1,20.67,54.83,0.02
Yavatmal,2023,2,24.7,22.36,0.0
Yavatmal,2023,3,28.54,29.65,0.36
Yavatmal,2023,4,31.23,36.8,2.19
Yavatmal,2023,5,33.98,36.58,0.93
Yavatmal,2023,6,33.57,43.86,1.92
Yavatmal,2023,7,27.95,81.39,16.3
Yavatmal,2023,8,26.43,83.48,2.7
Yavatmal,2023,9,26.64,84.73,6.66
Yavatmal,2023,10,24.5,75.0,0.24
Yavatmal,2023,11,22.07,73.42,2.11
Yavatmal,2023,12,19.5,70.73,0.09
Yavatmal,2023,13,26.65,58.01,2.81
Chandrapur,1997,1,20.23,46.4,1.16
Chandrapur,1997,2,23.91,19.02,0.0
Chandrapur,1997,3,30.76,19.15,0.12
Chandrapur,1997,4,31.76,35.4,1.23
Chandrapur,1997,5,35.68,26.89,0.6
Chandrapur,1997,6,31.79,55.82,5.46
Chandrapur,1997,7,27.44,80.52,8.16
Chandrapur,1997,8,26.58,84.19,8.79
Chandrapur,1997,9,26.42,84.99,4.13
Chandrapur,1997,10,25.19,75.93,1.8
Chandrapur,1997,11,24.2,77.85,2.42
Chandrapur,1997,12,21.23,80.34,1.71
Chandrapur,1997,13,27.11,57.45,2.99
Chandrapur,1998,1,21.56,62.45,0.18
Chandrapur,1998,2,23.19,52.34,1.91
Chandrapur,1998,3,28.72,30.24,0.65
Chandrapur,1998,4,35.45,24.48,0.32
Chandrapur,1998,5,38.09,25.09,0.38
Chandrapur,1998,6,33.75,50.89,4.29
Chandrapur,1998,7,28.16,79.52,8.8
Chandrapur,1998,8,27.08,87.32,9.58
Chandrapur,1998,9,26.7,87.88,7.05
Chandrapur,1998,10,25.58,85.06,3.02
Chandrapur,1998,11,21.77,78.67,1.95
Chandrapur,1998,12,18.74,58.03,0.0
Chandrapur,1998,13,27.41,60.23,3.19
Chandrapur,1999,1,20.19,42.02,0.01
Chandrapur,1999,2,26.75,36.11,0.41
Chandrapur,1999,3,30.97,14.23,0.01
Chandrapur,1999,4,35.27,11.47,0.0
Chandrapur,1999,5,35.85,34.87,1.41
Chandrapur,1999,6,30.15,62.95,5.33
Chandrapur,1999,7,27.47,79.1,7.0
Chandrapur,1999,8,26.18,87.16,11.41
Chandrapur,1999,9,25.76,88.33,7.03
Chandrapur,1999,10,24.66,84.14,3.01
Chandrapur,1999,11,21.04,70.62,0.0
Chandrapur,1999,12,19.03,60.75,0.0
Chandrapur,1999,13,26.93,56.12,2.99
Chandrapur,2000,1,21.91,34.34,0.0
Chandrapur,2000,2,24.23,42.53,0.8
Chandrapur,2000,3,28.42,16.64,0.0
Chandrapur,2000,4,35.67,17.95,0.03
Chandrapur,2000,5,35.24,36.58,1.23
Chandrapur,2000,6,29.84,66.56,4.95
Chandrapur,2000,7,27.12,81.29,9.33
Chandrapur,2000,8,26.8,85.31,7.6
Chandrapur,2000,9,26.67,81.89,2.72
Chandrapur,2000,10,26.66,64.66,0.31
Chandrapur,2000,11,24.71,42.69,0.0
Chandrapur,2000,12,21.65,20.77,0.03
Chandrapur,2000,13,27.41,49.27,2.26
Chandrapur,2001,1,22.77,29.4,0.28
Chandrapur,2001,2,26.27,17.95,0.0
Chandrapur,2001,3,30.78,30.05,0.5
Chandrapur,2001,4,32.59,35.77,1.53
Chandrapur,2001,5,36.7,30.3,0.9
Chandrapur,2001,6,28.74,70.75,6.51
Chandrapur,2001,7,27.51,77.87,6.57
Chandrapur,2001,8,26.21,87.32,8.81
Chandrapur,2001,9,27.24,80.46,3.1
Chandrapur,2001,10,24.7,82.36,4.7
Chandrapur,2001,11,22.67,72.5,0.07
Chandrapur,2001,12,20.37,49.39,0.0
Chandrapur,2001,13,27.21,55.55,2.77
Chandrapur,2002,1,21.15,48.3,0.86
Chandrapur,2002,2,26.19,36.55,0.31
Chandrapur,2002,3,30.85,21.93,0.07
Chandrapur,2002,4,35.23,19.88,0.18
Chandrapur,2002,5,37.11,27.75,1.18
Chandrapur,2002,6,31.15,63.96,9.34
Chandrapur,2002,7,28.22,76.75,4.16
Chandrapur,2002,8,26.3,87.44,13.61
Chandrapur,2002,9,26.12,82.91,2.7
Chandrapur,2002,10,25.38,71.93,1.15
Chandrapur,2002,11,23.37,49.34,0.12
Chandrapur,2002,12,23.4,34.15,0.0
Chandrapur,2002,13,27.87,51.84,2.82
Chandrapur,2003,1,23.05,30.04,0.0
Chandrapur,2003,2,27.07,41.0,0.82
Chandrapur,2003,3,29.75,31.56,0.95
Chandrapur,2003,4,35.34,25.11,0.32
Chandrapur,2003,5,37.05,18.07,0.0
Chandrapur,2003,6,32.52,54.4,7.69
Chandrapur,2003,7,26.95,86.09,12.88
Chandrapur,2003,8,26.18,89.14,11.12
Chandrapur,2003,9,26.04,88.52,4.84
Chandrapur,2003,10,24.71,83.82,2.42
Chandrapur,2003,11,22.03,75.97,0.05
Chandrapur,2003,12,19.68,67.43,0.22
Chandrapur,2003,13,27.52,57.69,3.47
Chandrapur,2004,1,20.94,59.58,1.42
Chandrapur,2004,2,22.81,45.12,0.49
Chandrapur,2004,3,31.35,21.52,0.07
Chandrapur,2004,4,35.22,24.23,0.2
Chandrapur,2004,5,35.59,36.22,0.47
Chandrapur,2004,6,31.73,57.46,3.73
Chandrapur,2004,7,27.67,79.49,10.1
Chandrapur,2004,8,26.37,86.28,5.87
Chandrapur,2004,9,26.93,83.91,2.72
Chandrapur,2004,10,24.14,74.04,1.41
Chandrapur,2004,11,23.27,60.81,0.35
Chandrapur,2004,12,21.52,46.06,0.0
Chandrapur,2004,13,27.3,56.28,2.25
Chandrapur,2005,1,22.42,42.84,2.87
Chandrapur,2005,2,24.37,51.22,0.04
Chandrapur,2005,3,30.05,29.67,0.31
Chandrapur,2005,4,33.48,25.62,0.2
Chandrapur,2005,5,36.88,23.58,0.42
Chandrapur,2005,6,34.26,47.58,7.3
Chandrapur,2005,7,27.05,85.04,12.65
Chandrapur,2005,8,26.55,87.0,5.84
Chandrapur,2005,9,26.66,86.83,10.76
Chandrapur,2005,10,24.55,83.44,4.48
Chandrapur,2005,11,19.43,72.38,0.0
Chandrapur,2005,12,18.5,66.23,0.15
Chandrapur,2005,13,27.02,58.52,3.77
Chandrapur,2006,1,21.06,44.07,0.0
Chandrapur,2006,2,26.7,24.05,0.0
Chandrapur,2006,3,28.03,46.86,2.26
Chandrapur,2006,4,33.98,27.87,0.61
Chandrapur,2006,5,34.88,40.64,1.87
Chandrapur,2006,6,32.11,54.94,4.2
Chandrapur,2006,7,27.14,82.57,11.37
Chandrapur,2006,8,26.02,88.2,12.75
Chandrapur,2006,9,26.42,86.93,11.21
Chandrapur,2006,10,25.47,78.03,0.47
Chandrapur,2006,11,22.65,76.14,0.69
Chandrapur,2006,12,21.42,61.43,0.0
Chandrapur,2006,13,27.14,59.58,3.81
Chandrapur,2007,1,22.35,39.31,0.0
Chandrapur,2007,2,26.06,33.92,0.1
Chandrapur,2007,3,30.21,25.32,0.1
Chandrapur,2007,4,34.55,23.89,0.29
Chandrapur,2007,5,37.48,25.49,0.63
Chandrapur,2007,6,31.1,64.33,9.68
Chandrapur,2007,7,27.46,82.31,6.4
Chandrapur,2007,8,26.69,85.62,7.59
Chandrapur,2007,9,26.58,87.3,9.05
Chandrapur,2007,10,23.05,76.52,0.47
Chandrapur,2007,11,21.29,69.09,0.5
Chandrapur,2007,12,21.51,58.14,0.0
Chandrapur,2007,13,27.36,56.06,2.9
Chandrapur,2008,1,21.94,39.43,0.12
Chandrapur,2008,2,23.91,32.37,0.12
Chandrapur,2008,3,29.39,35.39,2.1
Chandrapur,2008,4,32.99,31.27,0.15
Chandrapur,2008,5,36.7,22.21,0.34
Chandrapur,2008,6,29.31,67.63,6.93
Chandrapur,2008,7,27.37,80.81,8.91
Chandrapur,2008,8,26.4,87.55,8.22
Chandrapur,2008,9,26.21,86.33,8.1
Chandrapur,2008,10,24.53,76.27,1.31
Chandrapur,2008,11,22.44,72.53,0.11
Chandrapur,2008,12,22.1,51.08,0.0
Chandrapur,2008,13,26.95,56.96,3.04
Chandrapur,2009,1,23.93,39.4,0.0
Chandrapur,2009,2,27.31,23.8,0.0
Chandrapur,2009,3,30.7,20.28,0.24
Chandrapur,2009,4,34.5,16.7,0.09
Chandrapur,2009,5,36.87,27.58,0.85
Chandrapur,2009,6,33.52,50.64,5.64
Chandrapur,2009,7,27.03,84.86,11.24
Chandrapur,2009,8,26.99,85.24,7.89
Chandrapur,2009,9,27.35,83.04,3.08
Chandrapur,2009,10,24.67,72.58,2.18
Chandrapur,2009,11,22.82,72.68,2.36
Chandrapur,2009,12,21.25,62.56,0.16
Chandrapur,2009,13,28.07,53.5,2.83
Chandrapur,2010,1,20.52,42.23,0.39
Chandrapur,2010,2,27.07,32.21,0.32
Chandrapur,2010,3,32.24,22.11,0.14
Chandrapur,2010,4,36.0,18.8,0.04
Chandrapur,2010,5,37.13,27.29,0.25
Chandrapur,2010,6,33.5,51.6,4.35
Chandrapur,2010,7,27.33,85.49,15.32
Chandrapur,2010,8,26.7,89.24,17.4
Chandrapur,2010,9,26.14,87.93,10.02
Chandrapur,2010,10,24.94,84.23,2.24
Chandrapur,2010,11,23.96,82.76,1.53
Chandrapur,2010,12,19.49,70.52,0.42
Chandrapur,2010,13,27.9,58.05,4.41
Chandrapur,2011,1,19.77,52.21,0.0
Chandrapur,2011,2,24.96,40.16,0.44
Chandrapur,2011,3,30.35,22.49,0.09
Chandrapur,2011,4,32.56,37.64,1.23
Chandrapur,2011,5,37.04,25.72,0.45
Chandrapur,2011,6,31.01,61.73,4.37
Chandrapur,2011,7,27.81,79.96,8.88
Chandrapur,2011,8,26.47,87.74,10.9
Chandrapur,2011,9,26.19,87.04,5.74
Chandrapur,2011,10,24.61,77.06,0.26
Chandrapur,2011,11,22.65,66.36,0.0
Chandrapur,2011,12,21.27,51.75,0.1
Chandrapur,2011,13,27.06,57.57,2.72
Chandrapur,2012,1,22.25,44.14,0.27
Chandrapur,2012,2,25.55,27.56,0.01
Chandrapur,2012,3,29.4,14.87,0.0
Chandrapur,2012,4,35.17,23.49,0.19
Chandrapur,2012,5,37.56,19.85,0.1
Chandrapur,2012,6,31.94,56.91,4.42
Chandrapur,2012,7,26.69,84.92,15.54
Chandrapur,2012,8,26.16,88.65,10.05
Chandrapur,2012,9,26.17,88.02,9.83
Chandrapur,2012,10,24.23,77.06,1.34
Chandrapur,2012,11,21.95,75.99,0.58
Chandrapur,2012,12,21.6,59.39,0.01
Chandrapur,2012,13,27.38,55.16,3.55
Chandrapur,2013,1,22.77,44.17,0.28
Chandrapur,2013,2,25.29,44.17,0.8
Chandrapur,2013,3,30.23,26.01,0.18
Chandrapur,2013,4,33.93,29.92,0.88
Chandrapur,2013,5,38.04,23.18,0.42
Chandrapur,2013,6,28.89,74.67,12.72
Chandrapur,2013,7,26.18,88.11,21.3
Chandrapur,2013,8,25.93,88.87,7.68
Chandrapur,2013,9,26.43,85.95,4.79
Chandrapur,2013,10,25.08,84.0,5.48
Chandrapur,2013,11,21.11,79.85,0.08
Chandrapur,2013,12,19.58,68.59,0.0
Chandrapur,2013,13,26.96,61.53,4.58
Chandrapur,2014,1,22.11,58.48,0.05
Chandrapur,2014,2,24.35,39.38,0.73
Chandrapur,2014,3,27.55,50.87,1.74
Chandrapur,2014,4,34.19,25.9,0.5
Chandrapur,2014,5,35.41,33.52,1.27
Chandrapur,2014,6,34.8,44.57,2.77
Chandrapur,2014,7,28.46,74.58,11.61
Chandrapur,2014,8,27.11,83.03,6.31
Chandrapur,2014,9,26.05,83.41,6.84
Chandrapur,2014,10,24.93,77.95,0.5
Chandrapur,2014,11,23.13,63.0,0.08
Chandrapur,2014,12,20.18,52.28,0.08
Chandrapur,2014,13,27.36,57.43,2.72
Chandrapur,2015,1,20.1,51.48,0.88
Chandrapur,2015,2,25.56,32.29,0.31
Chandrapur,2015,3,28.29,42.2,1.27
Chandrapur,2015,4,31.93,38.64,1.66
Chandrapur,2015,5,36.5,29.0,0.68
Chandrapur,2015,6,30.76,65.29,11.32
Chandrapur,2015,7,27.93,78.92,4.95
Chandrapur,2015,8,26.77,85.49,10.77
Chandrapur,2015,9,26.84,82.72,6.2
Chandrapur,2015,10,26.21,72.79,0.35
Chandrapur,2015,11,24.66,64.82,0.0
Chandrapur,2015,12,24.03,43.59,0.01
Chandrapur,2015,13,27.47,57.41,3.21
Chandrapur,2016,1,22.68,32.66,0.02
Chandrapur,2016,2,27.89,31.6,0.36
Chandrapur,2016,3,30.7,34.05,0.73
Chandrapur,2016,4,35.72,24.35,0.37
Chandrapur,2016,5,36.73,32.25,0.82
Chandrapur,2016,6,32.23,58.33,7.22
Chandrapur,2016,7,26.66,86.82,18.47
Chandrapur,2016,8,26.56,85.63,4.68
Chandrapur,2016,9,26.05,88.26,9.2
Chandrapur,2016,10,24.05,78.35,2.73
Chandrapur,2016,11,20.45,71.03,0.0
Chandrapur,2016,12,19.15,60.91,0.0
Chandrapur,2016,13,27.39,57.12,3.73
Chandrapur,2017,1,21.13,45.08,0.0
Chandrapur,2017,2,25.93,26.7,0.0
Chandrapur,2017,3,29.54,25.02,0.6
Chandrapur,2017,4,34.87,14.89,0.0
Chandrapur,2017,5,37.07,28.26,1.28
Chandrapur,2017,6,30.71,66.69,7.29
Chandrapur,2017,7,27.65,80.36,12.97
Chandrapur,2017,8,26.8,84.44,6.84
Chandrapur,2017,9,27.2,84.01,4.22
Chandrapur,2017,10,25.93,76.85,1.9
Chandrapur,2017,11,22.51,69.49,0.09
Chandrapur,2017,12,20.61,51.8,0.0
Chandrapur,2017,13,27.49,54.65,2.96
Chandrapur,2018,1,21.24,31.13,0.0
Chandrapur,2018,2,25.28,35.33,0.73
Chandrapur,2018,3,30.62,23.14,0.16
Chandrapur,2018,4,34.51,26.83,0.42
Chandrapur,2018,5,37.3,28.96,0.63
Chandrapur,2018,6,30.2,67.36,6.48
Chandrapur,2018,7,26.58,85.02,11.97
Chandrapur,2018,8,26.07,86.68,11.48
Chandrapur,2018,9,26.02,82.44,3.4
Chandrapur,2018,10,25.46,69.34,0.0
Chandrapur,2018,11,24.59,54.67,0.0
Chandrapur,2018,12,20.36,55.0,0.7
Chandrapur,2018,13,27.35,53.93,3.02
Chandrapur,2019,1,20.06,42.06,1.05
Chandrapur,2019,2,23.81,38.93,0.18
Chandrapur,2019,3,30.16,27.11,0.13
Chandrapur,2019,4,35.27,22.73,0.15
Chandrapur,2019,5,37.76,19.56,0.05
Chandrapur,2019,6,35.36,44.38,3.85
Chandrapur,2019,7,28.15,78.78,12.17
Chandrapur,2019,8,26.44,87.85,12.48
Chandrapur,2019,9,26.25,90.39,11.3
Chandrapur,2019,10,24.96,86.34,2.5
Chandrapur,2019,11,21.55,82.28,0.07
Chandrapur,2019,12,19.78,76.78,0.15
Chandrapur,2019,13,27.47,58.24,3.7
Chandrapur,2020,1,20.07,66.57,0.72
Chandrapur,2020,2,23.14,49.7,0.25
Chandrapur,2020,3,28.71,44.39,1.27
Chandrapur,2020,4,33.93,29.28,0.4
Chandrapur,2020,5,35.73,31.36,1.42
Chandrapur,2020,6,29.54,71.32,6.64
Chandrapur,2020,7,27.71,83.96,13.54
Chandrapur,2020,8,26.66,88.5,9.45
Chandrapur,2020,9,27.28,85.42,4.5
Chandrapur,2020,10,25.13,83.91,1.87
Chandrapur,2020,11,21.51,76.6,0.09
Chandrapur,2020,12,20.12,64.02,0.0
Chandrapur,2020,13,26.63,64.66,3.37
Chandrapur,2021,1,23.0,47.04,0.02
Chandrapur,2021,2,24.37,30.23,0.13
Chandrapur,2021,3,30.1,23.32,0.25
Chandrapur,2021,4,33.71,24.13,0.26
Chandrapur,2021,5,34.69,38.28,0.73
Chandrapur,2021,6,29.13,73.55,8.56
Chandrapur,2021,7,27.55,84.32,11.16
Chandrapur,2021,8,27.12,85.13,5.74
Chandrapur,2021,9,26.73,87.72,11.74
Chandrapur,2021,10,24.99,81.48,1.12
Chandrapur,2021,11,22.73,81.51,0.47
Chandrapur,2021,12,20.06,69.52,0.54
Chandrapur,2021,13,27.03,60.7,3.4
Chandrapur,2022,1,19.27,68.42,6.32
Chandrapur,2022,2,22.56,49.14,0.06
Chandrapur,2022,3,30.83,23.89,0.0
Chandrapur,2022,4,35.69,22.38,0.02
Chandrapur,2022,5,36.33,31.43,0.44
Chandrapur,2022,6,32.54,56.15,4.76
Chandrapur,2022,7,26.71,88.68,24.52
Chandrapur,2022,8,26.57,88.38,12.98
Chandrapur,2022,9,26.51,87.49,7.35
Chandrapur,2022,10,24.32,82.88,2.15
Chandrapur,2022,11,20.48,75.09,0.0
Chandrapur,2022,12,21.8,66.35,0.07
Chandrapur,2022,13,26.98,61.81,4.95
Chandrapur,2023,1,21.89,51.26,0.05
Chandrapur,2023,2,25.23,22.86,0.0
Chandrapur,2023,3,29.18,32.89,0.5
Chandrapur,2023,4,32.37,36.27,2.76
Chandrapur,2023,5,33.99,40.85,1.64
Chandrapur,2023,6,34.21,43.23,2.84
Chandrapur,2023,7,28.06,83.88,23.31
Chandrapur,2023,8,26.59,86.41,6.42
Chandrapur,2023,9,26.83,86.85,9.87
Chandrapur,2023,10,24.3,78.6,0.45
Chandrapur,2023,11,22.23,77.68,0.97
Chandrapur,2023,12,19.87,70.97,0.21
Chandrapur,2023,13,27.06,59.59,4.12
Gadchiroli,1997,1,20.25,46.27,0.91
Gadchiroli,1997,2,23.85,19.19,0.0
Gadchiroli,1997,3,30.23,21.34,0.36
Gadchiroli,1997,4,30.69,40.97,1.75
Gadchiroli,1997,5,35.02,29.74,0.71
Gadchiroli,1997,6,31.41,57.79,5.5
Gadchiroli,1997,7,26.97,83.65,10.04
Gadchiroli,1997,8,26.22,86.95,10.07
Gadchiroli,1997,9,26.26,86.3,4.19
Gadchiroli,1997,10,25.09,76.18,1.6
Gadchiroli,1997,11,23.9,79.0,1.86
Gadchiroli,1997,12,21.25,79.89,1.66
Gadchiroli,1997,13,26.77,59.19,3.25
Gadchiroli,1998,1,21.84,61.38,0.18
Gadchiroli,1998,2,23.37,52.13,1.88
Gadchiroli,1998,3,28.6,31.29,0.61
Gadchiroli,1998,4,34.54,27.61,0.46
Gadchiroli,1998,5,37.45,27.25,0.5
Gadchiroli,1998,6,33.17,53.51,4.77
Gadchiroli,1998,7,27.62,82.71,9.29
Gadchiroli,1998,8,26.91,88.53,10.08
Gadchiroli,1998,9,26.69,88.0,6.87
Gadchiroli,1998,10,25.65,85.26,3.79
Gadchiroli,1998,11,21.83,80.03,2.06
Gadchiroli,1998,12,18.42,60.24,0.0
Gadchiroli,1998,13,27.18,61.56,3.38
Gadchiroli,1999,1,20.01,43.03,0.01
Gadchiroli,1999,2,26.58,36.68,0.35
Gadchiroli,1999,3,30.66,14.92,0.01
Gadchiroli,1999,4,34.67,13.78,0.0
Gadchiroli,1999,5,35.17,38.08,1.55
Gadchiroli,1999,6,29.6,66.1,5.78
Gadchiroli,1999,7,26.95,81.95,7.32
Gadchiroli,1999,8,25.93,89.24,14.41
Gadchiroli,1999,9,25.66,89.48,7.32
Gadchiroli,1999,10,24.76,84.72,2.54
Gadchiroli,1999,11,20.87,72.43,0.0
Gadchiroli,1999,12,19.03,61.15,0.0
Gadchiroli,1999,13,26.65,57.77,3.3
Gadchiroli,2000,1,21.8,37.0,0.0
Gadchiroli,2000,2,24.06,46.36,0.91
Gadchiroli,2000,3,28.06,18.38,0.0
Gadchiroli,2000,4,35.18,20.65,0.11
Gadchiroli,2000,5,34.84,38.18,1.17
Gadchiroli,2000,6,29.23,70.72,6.74
Gadchiroli,2000,7,26.74,83.87,10.24
Gadchiroli,2000,8,26.51,87.46,8.53
Gadchiroli,2000,9,26.57,82.96,3.04
Gadchiroli,2000,10,26.07,68.49,0.31
Gadchiroli,2000,11,23.92,47.34,0.0
Gadchiroli,2000,12,21.24,24.26,0.01
Gadchiroli,2000,13,27.02,52.13,2.6
Gadchiroli,2001,1,22.69,28.87,0.16
Gadchiroli,2001,2,26.28,18.82,0.0
Gadchiroli,2001,3,30.61,30.59,0.47
Gadchiroli,2001,4,32.05,38.68,1.68
Gadchiroli,2001,5,36.07,33.58,1.05
Gadchiroli,2001,6,28.16,74.22,7.33
Gadchiroli,2001,7,26.92,82.12,7.87
Gadchiroli,2001,8,26.06,89.1,10.37
Gadchiroli,2001,9,27.14,81.68,3.53
Gadchiroli,2001,10,24.67,83.19,4.33
Gadchiroli,2001,11,22.34,75.14,0.25
Gadchiroli,2001,12,19.96,52.47,0.0
Gadchiroli,2001,13,26.91,57.58,3.11
Gadchiroli,2002,1,21.02,51.77,1.08
Gadchiroli,2002,2,25.81,37.95,0.24
Gadchiroli,2002,3,30.47,24.0,0.15
Gadchiroli,2002,4,34.59,24.08,0.27
Gadchiroli,2002,5,36.76,28.32,1.14
Gadchiroli,2002,6,30.39,67.99,9.28
Gadchiroli,2002,7,27.77,79.91,4.91
Gadchiroli,2002,8,26.02,89.34,14.77
Gadchiroli,2002,9,25.96,83.81,2.85
Gadchiroli,2002,10,25.14,72.97,1.2
Gadchiroli,2002,11,23.05,49.98,0.09
Gadchiroli,2002,12,23.01,36.81,0.0
Gadchiroli,2002,13,27.5,54.01,3.02
Gadchiroli,2003,1,22.94,30.97,0.0
Gadchiroli,2003,2,26.79,41.94,0.84
Gadchiroli,2003,3,29.35,33.88,0.96
Gadchiroli,2003,4,34.82,27.9,0.37
Gadchiroli,2003,5,36.77,18.71,0.01
Gadchiroli,2003,6,32.27,55.16,6.79
Gadchiroli,2003,7,26.66,88.08,14.64
Gadchiroli,2003,8,26.04,90.63,13.5
Gadchiroli,2003,9,25.93,89.71,6.18
Gadchiroli,2003,10,24.82,84.57,3.77
Gadchiroli,2003,11,21.52,78.18,0.05
Gadchiroli,2003,12,19.07,71.0,0.51
Gadchiroli,2003,13,27.24,59.33,4.0
Gadchiroli,2004,1,20.41,62.7,1.74
Gadchiroli,2004,2,22.43,48.53,0.49
Gadchiroli,2004,3,30.59,25.46,0.1
Gadchiroli,2004,4,34.62,27.51,0.32
Gadchiroli,2004,5,35.26,37.46,0.54
Gadchiroli,2004,6,31.05,61.0,5.16
Gadchiroli,2004,7,27.15,83.56,11.4
Gadchiroli,2004,8,26.15,88.22,6.75
Gadchiroli,2004,9,26.84,84.83,4.22
Gadchiroli,2004,10,23.8,78.11,1.66
Gadchiroli,2004,11,22.32,65.24,0.22
Gadchiroli,2004,12,20.92,51.26,0.0
Gadchiroli,2004,13,26.8,59.55,2.73
Gadchiroli,2005,1,22.12,46.42,2.83
Gadchiroli,2005,2,24.45,50.68,0.08
Gadchiroli,2005,3,29.83,31.43,0.22
Gadchiroli,2005,4,33.2,27.59,0.22
Gadchiroli,2005,5,35.97,27.36,0.69
Gadchiroli,2005,6,33.69,50.94,7.72
Gadchiroli,2005,7,26.76,87.02,14.75
Gadchiroli,2005,8,26.4,88.29,7.49
Gadchiroli,2005,9,26.56,87.51,11.8
Gadchiroli,2005,10,24.65,84.04,5.32
Gadchiroli,2005,11,19.22,74.29,0.01
Gadchiroli,2005,12,18.32,67.92,0.14
Gadchiroli,2005,13,26.77,60.37,4.3
Gadchiroli,2006,1,20.75,45.94,0.0
Gadchiroli,2006,2,26.05,27.04,0.0
Gadchiroli,2006,3,28.04,45.45,1.87
Gadchiroli,2006,4,33.15,32.51,1.05
Gadchiroli,2006,5,33.98,45.42,2.15
Gadchiroli,2006,6,31.68,57.34,4.11
Gadchiroli,2006,7,26.78,85.01,12.52
Gadchiroli,2006,8,25.84,89.78,13.62
Gadchiroli,2006,9,26.43,86.79,12.26
Gadchiroli,2006,10,25.4,78.12,0.43
Gadchiroli,2006,11,22.56,76.96,0.88
Gadchiroli,2006,12,21.13,61.68,0.0
Gadchiroli,2006,13,26.8,61.26,4.1
Gadchiroli,2007,1,22.05,41.67,0.0
Gadchiroli,2007,2,25.57,37.05,0.26
Gadchiroli,2007,3,29.86,27.17,0.09
Gadchiroli,2007,4,33.94,26.8,0.29
Gadchiroli,2007,5,36.93,27.69,0.82
Gadchiroli,2007,6,30.79,66.48,12.41
Gadchiroli,2007,7,26.96,85.68,7.32
Gadchiroli,2007,8,26.45,87.41,8.94
Gadchiroli,2007,9,26.43,88.55,9.53
Gadchiroli,2007,10,23.14,78.42,0.78
Gadchiroli,2007,11,20.94,71.32,0.5
Gadchiroli,2007,12,21.21,59.43,0.0
Gadchiroli,2007,13,27.02,58.26,3.41
Gadchiroli,2008,1,21.62,43.24,0.14
Gadchiroli,2008,2,23.79,35.23,0.19
Gadchiroli,2008,3,29.01,36.69,2.34
Gadchiroli,2008,4,32.2,35.68,0.22
Gadchiroli,2008,5,36.31,23.2,0.37
Gadchiroli,2008,6,28.68,71.84,7.91
Gadchiroli,2008,7,26.93,83.75,9.96
Gadchiroli,2008,8,26.14,89.39,9.29
Gadchiroli,2008,9,26.12,86.85,9.53
Gadchiroli,2008,10,24.54,77.13,1.18
Gadchiroli,2008,11,22.3,73.55,0.07
Gadchiroli,2008,12,21.84,52.93,0.0
Gadchiroli,2008,13,26.63,59.17,3.44
Gadchiroli,2009,1,23.51,41.43,0.0
Gadchiroli,2009,2,27.03,25.5,0.0
Gadchiroli,2009,3,30.48,21.04,0.25
Gadchiroli,2009,4,34.03,18.86,0.14
Gadchiroli,2009,5,36.19,30.91,1.0
Gadchiroli,2009,6,32.84,54.12,5.42
Gadchiroli,2009,7,26.64,87.37,13.94
Gadchiroli,2009,8,26.69,87.21,9.36
Gadchiroli,2009,9,27.19,84.26,3.37
Gadchiroli,2009,10,24.6,73.66,2.03
Gadchiroli,2009,11,22.78,74.21,2.35
Gadchiroli,2009,12,21.22,62.33,0.17
Gadchiroli,2009,13,27.76,55.29,3.2
Gadchiroli,2010,1,20.51,42.84,0.38
Gadchiroli,2010,2,26.57,33.11,0.24
Gadchiroli,2010,3,32.01,23.09,0.14
Gadchiroli,2010,4,35.5,21.72,0.22
Gadchiroli,2010,5,36.33,31.05,0.48
Gadchiroli,2010,6,33.0,53.91,4.49
Gadchiroli,2010,7,27.15,86.92,17.51
Gadchiroli,2010,8,26.57,89.84,18.53
Gadchiroli,2010,9,26.18,88.26,11.87
Gadchiroli,2010,10,24.98,84.39,2.85
Gadchiroli,2010,11,23.97,82.62,1.5
Gadchiroli,2010,12,19.24,72.23,0.82
Gadchiroli,2010,13,27.65,59.35,4.96
Gadchiroli,2011,1,19.67,53.47,0.0
Gadchiroli,2011,2,24.53,43.07,0.47
Gadchiroli,2011,3,29.88,24.73,0.05
Gadchiroli,2011,4,31.82,41.43,1.67
Gadchiroli,2011,5,36.12,30.56,0.84
Gadchiroli,2011,6,30.43,65.0,4.95
Gadchiroli,2011,7,27.48,82.08,9.89
Gadchiroli,2011,8,26.3,89.28,12.77
Gadchiroli,2011,9,26.1,87.74,7.25
Gadchiroli,2011,10,24.54,77.4,0.17
Gadchiroli,2011,11,22.41,67.38,0.0
Gadchiroli,2011,12,21.18,52.27,0.22
Gadchiroli,2011,13,26.71,59.61,3.21
Gadchiroli,2012,1,22.01,48.64,0.37
Gadchiroli,2012,2,25.43,29.33,0.01
Gadchiroli,2012,3,29.12,16.14,0.02
Gadchiroli,2012,4,34.4,28.41,0.53
Gadchiroli,2012,5,36.9,23.12,0.24
Gadchiroli,2012,6,31.49,59.7,5.28
Gadchiroli,2012,7,26.29,87.6,18.45
Gadchiroli,2012,8,25.93,90.21,13.65
Gadchiroli,2012,9,26.1,88.39,10.55
Gadchiroli,2012,10,24.02,78.1,1.39
Gadchiroli,2012,11,21.8,77.5,0.73
Gadchiroli,2012,12,21.51,59.37,0.0
Gadchiroli,2012,13,27.08,57.29,4.29
Gadchiroli,2013,1,22.64,46.85,0.12
Gadchiroli,2013,2,25.08,44.24,0.75
Gadchiroli,2013,3,29.84,26.87,0.14
Gadchiroli,2013,4,33.0,33.71,1.27
Gadchiroli,2013,5,37.24,27.09,0.55
Gadchiroli,2013,6,28.43,77.67,14.13
Gadchiroli,2013,7,26.02,89.81,22.13
Gadchiroli,2013,8,25.84,89.7,9.46
Gadchiroli,2013,9,26.38,86.67,5.67
Gadchiroli,2013,10,24.89,85.21,6.22
Gadchiroli,2013,11,21.06,81.18,0.07
Gadchiroli,2013,12,19.24,70.98,0.0
Gadchiroli,2013,13,26.64,63.42,5.08
Gadchiroli,2014,1,21.87,59.61,0.04
Gadchiroli,2014,2,23.98,42.01,0.8
Gadchiroli,2014,3,27.63,50.1,1.58
Gadchiroli,2014,4,33.5,28.87,0.71
Gadchiroli,2014,5,34.49,37.79,1.46
Gadchiroli,2014,6,34.08,48.2,3.26
Gadchiroli,2014,7,27.9,78.04,13.62
Gadchiroli,2014,8,26.75,85.41,7.68
Gadchiroli,2014,9,25.92,85.05,8.74
Gadchiroli,2014,10,24.63,80.57,1.15
Gadchiroli,2014,11,22.07,68.57,0.05
Gadchiroli,2014,12,19.71,56.76,0.04
Gadchiroli,2014,13,26.88,60.26,3.28
Gadchiroli,2015,1,19.94,51.99,0.81
Gadchiroli,2015,2,25.08,34.04,0.17
Gadchiroli,2015,3,28.11,41.86,1.33
Gadchiroli,2015,4,31.51,40.57,1.56
Gadchiroli,2015,5,35.78,32.16,0.74
Gadchiroli,2015,6,30.06,68.83,12.23
Gadchiroli,2015,7,27.37,82.6,5.98
Gadchiroli,2015,8,26.55,87.2,11.14
Gadchiroli,2015,9,26.7,83.99,7.99
Gadchiroli,2015,10,25.82,74.67,0.34
Gadchiroli,2015,11,23.8,69.49,0.0
Gadchiroli,2015,12,23.57,50.44,0.04
Gadchiroli,2015,13,27.03,59.97,3.53
Gadchiroli,2016,1,22.31,35.83,0.03
Gadchiroli,2016,2,27.67,33.85,0.35
Gadchiroli,2016,3,30.31,35.99,0.72
Gadchiroli,2016,4,34.93,27.11,0.42
Gadchiroli,2016,5,36.1,33.91,0.84
Gadchiroli,2016,6,31.66,61.21,7.23
Gadchiroli,2016,7,26.41,88.74,18.52
Gadchiroli,2016,8,26.47,86.39,5.87
Gadchiroli,2016,9,26.09,89.15,11.06
Gadchiroli,2016,10,24.06,78.89,3.48
Gadchiroli,2016,11,20.33,73.74,0.0
Gadchiroli,2016,12,19.03,62.94,0.0
Gadchiroli,2016,13,27.1,59.07,4.06
Gadchiroli,2017,1,20.95,46.95,0.01
Gadchiroli,2017,2,25.64,28.68,0.0
Gadchiroli,2017,3,29.09,27.61,0.65
Gadchiroli,2017,4,34.43,16.88,0.01
Gadchiroli,2017,5,36.36,30.89,1.21
Gadchiroli,2017,6,30.32,68.58,7.11
Gadchiroli,2017,7,27.26,83.49,16.37
Gadchiroli,2017,8,26.5,86.63,8.05
Gadchiroli,2017,9,26.98,85.21,4.34
Gadchiroli,2017,10,25.79,78.5,2.28
Gadchiroli,2017,11,21.78,74.09,0.1
Gadchiroli,2017,12,20.1,56.28,0.0
Gadchiroli,2017,13,27.1,57.17,3.38
Gadchiroli,2018,1,20.85,34.66,0.0
Gadchiroli,2018,2,24.96,36.15,0.76
Gadchiroli,2018,3,30.26,24.34,0.17
Gadchiroli,2018,4,33.53,32.7,0.75
Gadchiroli,2018,5,36.14,34.24,0.75
Gadchiroli,2018,6,29.89,68.8,6.28
Gadchiroli,2018,7,26.31,86.91,13.37
Gadchiroli,2018,8,25.8,88.64,12.7
Gadchiroli,2018,9,25.95,83.31,3.88
Gadchiroli,2018,10,25.03,72.14,0.0
Gadchiroli,2018,11,24.04,58.15,0.0
Gadchiroli,2018,12,20.25,58.07,0.86
Gadchiroli,2018,13,26.92,56.63,3.32
Gadchiroli,2019,1,19.83,44.26,1.0
Gadchiroli,2019,2,23.74,40.0,0.3
Gadchiroli,2019,3,29.89,29.51,0.21
Gadchiroli,2019,4,34.64,25.45,0.2
Gadchiroli,2019,5,37.16,22.22,0.19
Gadchiroli,2019,6,34.44,48.51,4.51
Gadchiroli,2019,7,27.62,82.28,13.44
Gadchiroli,2019,8,26.18,89.71,15.33
Gadchiroli,2019,9,26.19,90.92,15.44
Gadchiroli,2019,10,25.07,86.2,2.8
Gadchiroli,2019,11,21.45,82.05,0.07
Gadchiroli,2019,12,19.87,76.29,0.11
Gadchiroli,2019,13,27.18,59.92,4.49
Gadchiroli,2020,1,20.32,65.19,0.61
Gadchiroli,2020,2,22.83,51.34,0.47
Gadchiroli,2020,3,28.23,48.08,1.41
Gadchiroli,2020,4,33.33,31.63,0.43
Gadchiroli,2020,5,34.47,37.36,2.37
Gadchiroli,2020,6,29.21,73.69,7.46
Gadchiroli,2020,7,27.45,85.26,12.36
Gadchiroli,2020,8,26.39,89.85,12.33
Gadchiroli,2020,9,27.25,85.66,4.74
Gadchiroli,2020,10,25.05,84.93,2.02
Gadchiroli,2020,11,21.68,77.89,0.12
Gadchiroli,2020,12,20.14,63.39,0.0
Gadchiroli,2020,13,26.37,66.26,3.72
Gadchiroli,2021,1,22.73,48.14,0.03
Gadchiroli,2021,2,24.04,32.17,0.22
Gadchiroli,2021,3,29.89,23.19,0.12
Gadchiroli,2021,4,33.26,25.52,0.27
Gadchiroli,2021,5,33.83,42.05,1.22
Gadchiroli,2021,6,28.69,75.75,8.65
Gadchiroli,2021,7,27.3,85.94,11.89
Gadchiroli,2021,8,26.92,86.32,5.16
Gadchiroli,2021,9,26.67,87.54,11.43
Gadchiroli,2021,10,25.07,82.34,0.98
Gadchiroli,2021,11,22.98,81.04,0.69
Gadchiroli,2021,12,20.03,69.83,1.12
Gadchiroli,2021,13,26.79,61.83,3.49
Gadchiroli,2022,1,18.94,69.92,5.33
Gadchiroli,2022,2,22.36,49.93,0.05
Gadchiroli,2022,3,30.26,26.82,0.0
Gadchiroli,2022,4,34.87,26.32,0.1
Gadchiroli,2022,5,35.57,34.41,0.55
Gadchiroli,2022,6,32.28,57.68,4.99
Gadchiroli,2022,7,26.67,89.19,23.08
Gadchiroli,2022,8,26.51,88.88,16.63
Gadchiroli,2022,9,26.42,87.85,7.85
Gadchiroli,2022,10,24.2,83.0,2.49
Gadchiroli,2022,11,20.39,76.46,0.0
Gadchiroli,2022,12,21.77,65.89,0.02
Gadchiroli,2022,13,26.7,63.15,5.15
Gadchiroli,2023,1,21.78,52.22,0.07
Gadchiroli,2023,2,24.97,25.13,0.0
Gadchiroli,2023,3,28.66,36.68,0.82
Gadchiroli,2023,4,32.07,37.74,2.69
Gadchiroli,2023,5,33.31,43.29,2.49
Gadchiroli,2023,6,33.8,44.9,3.85
Gadchiroli,2023,7,27.71,85.93,23.77
Gadchiroli,2023,8,26.39,87.96,7.94
Gadchiroli,2023,9,26.77,86.99,10.58
Gadchiroli,2023,10,24.06,78.88,0.44
Gadchiroli,2023,11,22.3,77.31,0.7
Gadchiroli,2023,12,19.9,69.73,0.37
Gadchiroli,2023,13,26.8,60.84,4.51
Gondia,1997,1,19.2,38.46,0.75
Gondia,1997,2,22.48,16.75,0.0
Gondia,1997,3,29.13,16.82,0.09
Gondia,1997,4,30.73,30.74,0.68
Gondia,1997,5,34.93,24.16,0.44
Gondia,1997,6,31.55,54.42,3.52
Gondia,1997,7,27.27,82.18,10.87
Gondia,1997,8,26.19,87.37,11.47
Gondia,1997,9,25.81,86.07,5.05
Gondia,1997,10,24.12,76.67,2.54
Gondia,1997,11,22.7,77.83,2.41
Gondia,1997,12,18.69,83.84,2.84
Gondia,1997,13,26.08,56.54,3.42
Gondia,1998,1,18.58,67.3,0.63
Gondia,1998,2,21.31,52.27,1.13
Gondia,1998,3,26.1,33.05,1.07
Gondia,1998,4,33.59,24.51,0.47
Gondia,1998,5,36.97,24.32,0.57
Gondia,1998,6,33.75,48.85,3.75
Gondia,1998,7,27.18,83.0,6.91
Gondia,1998,8,26.71,88.2,9.45
Gondia,1998,9,26.42,87.51,7.16
Gondia,1998,10,24.74,84.07,2.23
Gondia,1998,11,20.63,75.91,2.52
Gondia,1998,12,18.02,51.11,0.0
Gondia,1998,13,26.18,60.08,3.0
Gondia,1999,1,18.93,36.2,0.04
Gondia,1999,2,24.74,39.78,0.87
Gondia,1999,3,29.53,13.09,0.01
Gondia,1999,4,34.34,8.58,0.0
Gondia,1999,5,36.1,27.84,0.91
Gondia,1999,6,30.95,57.32,4.49
Gondia,1999,7,27.12,80.83,9.7
Gondia,1999,8,26.02,88.74,13.34
Gondia,1999,9,25.38,90.14,9.82
Gondia,1999,10,23.75,83.67,2.89
Gondia,1999,11,20.12,67.07,0.0
Gondia,1999,12,18.49,55.03,0.0
Gondia,1999,13,26.29,54.12,3.53
Gondia,2000,1,20.39,31.02,0.02
Gondia,2000,2,22.27,33.78,0.51
Gondia,2000,3,27.26,14.4,0.0
Gondia,2000,4,34.59,13.03,0.02
Gondia,2000,5,34.63,36.29,1.65
Gondia,2000,6,29.44,69.53,7.88
Gondia,2000,7,26.51,84.63,10.94
Gondia,2000,8,26.54,86.61,5.75
Gondia,2000,9,26.16,81.7,3.23
Gondia,2000,10,26.2,57.88,0.25
Gondia,2000,11,24.07,33.03,0.0
Gondia,2000,12,20.64,16.44,0.02
Gondia,2000,13,26.56,46.57,2.53
Gondia,2001,1,20.89,23.51,0.15
Gondia,2001,2,24.73,16.22,0.03
Gondia,2001,3,29.17,28.67,0.59
Gondia,2001,4,32.16,27.86,0.79
Gondia,2001,5,35.88,29.3,1.48
Gondia,2001,6,27.65,77.91,11.02
Gondia,2001,7,25.88,87.37,10.68
Gondia,2001,8,26.2,89.36,10.17
Gondia,2001,9,26.68,79.87,4.08
Gondia,2001,10,24.15,78.63,3.94
Gondia,2001,11,22.12,64.8,0.05
Gondia,2001,12,19.87,45.11,0.0
Gondia,2001,13,26.28,54.27,3.61
Gondia,2002,1,19.86,38.93,0.32
Gondia,2002,2,23.96,37.71,0.67
Gondia,2002,3,29.05,20.36,0.26
Gondia,2002,4,33.55,16.55,0.14
Gondia,2002,5,36.6,24.31,1.26
Gondia,2002,6,31.43,61.27,9.58
Gondia,2002,7,27.86,78.01,3.97
Gondia,2002,8,26.02,88.89,13.17
Gondia,2002,9,25.22,84.53,3.95
Gondia,2002,10,24.67,69.12,1.13
Gondia,2002,11,22.37,49.08,0.13
Gondia,2002,12,22.08,33.8,0.02
Gondia,2002,13,26.9,50.29,2.9
Gondia,2003,1,21.22,27.11,0.02
Gondia,2003,2,24.29,47.56,1.55
Gondia,2003,3,27.74,30.67,1.22
Gondia,2003,4,33.97,22.64,0.4
Gondia,2003,5,36.27,15.77,0.0
Gondia,2003,6,32.58,52.96,8.44
Gondia,2003,7,26.71,87.49,11.78
Gondia,2003,8,25.92,90.39,14.66
Gondia,2003,9,25.55,90.97,9.87
Gondia,2003,10,23.68,82.92,2.15
Gondia,2003,11,21.62,72.01,0.05
Gondia,2003,12,18.37,64.21,0.29
Gondia,2003,13,26.49,57.11,4.22
Gondia,2004,1,18.97,60.23,1.63
Gondia,2004,2,21.37,41.39,0.05
Gondia,2004,3,30.06,19.05,0.19
Gondia,2004,4,34.24,20.95,0.33
Gondia,2004,5,35.58,30.96,0.51
Gondia,2004,6,31.16,60.59,6.59
Gondia,2004,7,27.29,81.61,10.84
Gondia,2004,8,25.92,88.97,8.68
Gondia,2004,9,26.51,84.67,3.91
Gondia,2004,10,23.21,72.84,0.54
Gondia,2004,11,21.93,57.44,0.33
Gondia,2004,12,20.29,42.67,0.02
Gondia,2004,13,26.38,55.18,2.82
Gondia,2005,1,20.27,41.29,3.52
Gondia,2005,2,22.58,51.55,0.07
Gondia,2005,3,28.35,33.44,0.43
Gondia,2005,4,32.28,20.13,0.21
Gondia,2005,5,35.74,22.88,0.49
Gondia,2005,6,34.34,43.94,6.49
Gondia,2005,7,26.51,87.78,16.79
Gondia,2005,8,26.22,88.17,8.4
Gondia,2005,9,26.24,86.4,11.82
Gondia,2005,10,23.49,81.43,3.21
Gondia,2005,11,19.55,62.81,0.0
Gondia,2005,12,18.66,52.16,0.04
Gondia,2005,13,26.19,56.06,4.32
Gondia,2006,1,20.7,33.99,0.0
Gondia,2006,2,25.88,20.38,0.0
Gondia,2006,3,26.29,46.02,2.26
Gondia,2006,4,32.85,25.16,0.39
Gondia,2006,5,35.06,36.39,1.89
Gondia,2006,6,31.92,54.16,3.89
Gondia,2006,7,26.54,85.7,13.77
Gondia,2006,8,25.5,90.23,10.92
Gondia,2006,9,25.97,86.43,8.91
Gondia,2006,10,24.99,74.02,0.25
Gondia,2006,11,22.55,69.38,0.38
Gondia,2006,12,20.88,52.33,0.01
Gondia,2006,13,26.58,56.45,3.59
Gondia,2007,1,21.23,28.72,0.0
Gondia,2007,2,23.87,38.79,0.9
Gondia,2007,3,27.92,27.52,0.34
Gondia,2007,4,33.71,19.42,0.11
Gondia,2007,5,36.64,22.56,0.37
Gondia,2007,6,31.52,61.89,13.24
Gondia,2007,7,26.64,86.58,10.89
Gondia,2007,8,26.22,87.88,8.36
Gondia,2007,9,25.98,87.14,7.77
Gondia,2007,10,22.83,71.67,0.31
Gondia,2007,11,20.94,61.37,0.54
Gondia,2007,12,20.58,51.93,0.02
Gondia,2007,13,26.51,53.87,3.57
Gondia,2008,1,20.56,37.12,0.08
Gondia,2008,2,21.69,27.63,0.16
Gondia,2008,3,28.73,30.89,0.75
Gondia,2008,4,32.81,21.77,0.23
Gondia,2008,5,36.02,21.05,0.38
Gondia,2008,6,28.72,71.34,9.07
Gondia,2008,7,26.36,86.3,9.92
Gondia,2008,8,26.01,89.67,7.96
Gondia,2008,9,25.83,86.68,8.01
Gondia,2008,10,24.05,72.93,1.06
Gondia,2008,11,21.95,65.07,0.03
Gondia,2008,12,21.41,43.5,0.0
Gondia,2008,13,26.19,54.57,3.14
Gondia,2009,1,22.49,42.88,0.33
Gondia,2009,2,25.66,22.06,0.0
Gondia,2009,3,29.37,18.31,0.17
Gondia,2009,4,33.32,14.99,0.11
Gondia,2009,5,36.73,23.83,0.55
Gondia,2009,6,34.03,46.03,4.23
Gondia,2009,7,26.72,87.04,15.67
Gondia,2009,8,26.64,87.07,9.38
Gondia,2009,9,26.46,84.41,4.7
Gondia,2009,10,23.83,69.73,1.95
Gondia,2009,11,21.94,67.26,1.79
Gondia,2009,12,20.2,60.89,0.39
Gondia,2009,13,27.28,52.28,3.31
Gondia,2010,1,19.07,39.2,0.35
Gondia,2010,2,25.18,31.07,0.18
Gondia,2010,3,30.71,19.74,0.17
Gondia,2010,4,34.75,15.43,0.09
Gondia,2010,5,36.62,24.24,0.22
Gondia,2010,6,33.48,50.19,4.99
Gondia,2010,7,27.13,86.5,14.91
Gondia,2010,8,26.62,89.34,14.94
Gondia,2010,9,25.93,86.4,10.72
Gondia,2010,10,24.25,81.55,1.64
Gondia,2010,11,22.86,77.83,1.51
Gondia,2010,12,18.73,62.94,0.86
Gondia,2010,13,27.1,55.55,4.25
Gondia,2011,1,18.58,43.81,0.0
Gondia,2011,2,23.67,34.5,0.33
Gondia,2011,3,28.92,20.32,0.08
Gondia,2011,4,30.43,41.98,2.29
Gondia,2011,5,36.1,26.67,0.7
Gondia,2011,6,30.43,64.38,6.55
Gondia,2011,7,27.16,83.11,11.07
Gondia,2011,8,26.18,89.48,14.53
Gondia,2011,9,25.59,88.21,9.53
Gondia,2011,10,23.9,73.79,0.08
Gondia,2011,11,22.0,60.41,0.0
Gondia,2011,12,20.22,48.73,0.37
Gondia,2011,13,26.11,56.38,3.81
Gondia,2012,1,19.25,53.82,0.9
Gondia,2012,2,23.29,29.61,0.08
Gondia,2012,3,28.01,13.72,0.02
Gondia,2012,4,33.78,20.22,0.2
Gondia,2012,5,36.56,17.44,0.09
Gondia,2012,6,31.58,58.47,5.9
Gondia,2012,7,26.41,88.0,18.63
Gondia,2012,8,25.84,90.79,11.75
Gondia,2012,9,26.05,86.32,10.57
Gondia,2012,10,23.62,72.39,0.53
Gondia,2012,11,21.45,65.6,0.6
Gondia,2012,12,20.6,50.52,0.05
Gondia,2012,13,26.37,54.0,4.13
Gondia,2013,1,20.54,36.75,0.15
Gondia,2013,2,23.67,43.93,0.78
Gondia,2013,3,28.15,27.47,0.52
Gondia,2013,4,32.63,28.75,0.69
Gondia,2013,5,37.51,18.34,0.05
Gondia,2013,6,29.4,72.42,16.01
Gondia,2013,7,26.33,89.19,20.48
Gondia,2013,8,25.83,90.32,13.45
Gondia,2013,9,26.16,86.22,4.82
Gondia,2013,10,24.2,83.99,5.72
Gondia,2013,11,20.2,73.8,0.0
Gondia,2013,12,18.85,63.71,0.0
Gondia,2013,13,26.13,59.64,5.26
Gondia,2014,1,20.23,58.21,0.24
Gondia,2014,2,22.14,44.61,1.75
Gondia,2014,3,26.19,48.47,0.82
Gondia,2014,4,33.09,24.39,0.56
Gondia,2014,5,35.44,27.58,0.42
Gondia,2014,6,34.45,44.91,3.23
Gondia,2014,7,28.24,76.42,15.54
Gondia,2014,8,26.25,86.77,7.19
Gondia,2014,9,25.61,85.54,7.31
Gondia,2014,10,24.02,77.9,1.69
Gondia,2014,11,21.99,60.65,0.01
Gondia,2014,12,18.65,49.39,0.17
Gondia,2014,13,26.37,57.21,3.26
Gondia,2015,1,18.48,51.0,0.8
Gondia,2015,2,23.75,34.38,0.44
Gondia,2015,3,26.44,43.28,1.58
Gondia,2015,4,30.83,37.38,1.17
Gondia,2015,5,35.78,28.13,0.73
Gondia,2015,6,30.93,63.46,11.96
Gondia,2015,7,26.81,84.5,6.55
Gondia,2015,8,26.39,87.76,13.26
Gondia,2015,9,26.2,83.21,6.59
Gondia,2015,10,25.41,72.01,0.51
Gondia,2015,11,23.33,65.99,0.0
Gondia,2015,12,21.52,41.3,0.02
Gondia,2015,13,26.33,57.84,3.65
Gondia,2016,1,20.98,32.78,0.15
Gondia,2016,2,26.14,30.51,0.45
Gondia,2016,3,29.19,33.38,0.83
Gondia,2016,4,34.97,20.83,0.2
Gondia,2016,5,36.4,28.84,0.59
Gondia,2016,6,33.32,51.79,4.3
Gondia,2016,7,26.69,87.6,13.31
Gondia,2016,8,25.79,89.45,9.62
Gondia,2016,9,25.81,88.44,6.46
Gondia,2016,10,23.56,75.37,1.58
Gondia,2016,11,20.44,60.61,0.0
Gondia,2016,12,18.95,49.59,0.0
Gondia,2016,13,26.84,54.21,3.14
Gondia,2017,1,20.29,42.34,0.16
Gondia,2017,2,24.71,25.74,0.05
Gondia,2017,3,28.61,20.52,0.22
Gondia,2017,4,34.26,13.5,0.0
Gondia,2017,5,37.01,24.76,0.8
Gondia,2017,6,31.91,58.61,4.67
Gondia,2017,7,26.94,83.48,14.25
Gondia,2017,8,26.57,86.19,8.15
Gondia,2017,9,26.68,84.67,4.93
Gondia,2017,10,25.61,74.16,1.09
Gondia,2017,11,22.02,63.86,0.01
Gondia,2017,12,19.99,44.95,0.0
Gondia,2017,13,27.05,52.08,2.89
Gondia,2018,1,19.91,27.77,0.0
Gondia,2018,2,23.98,36.08,1.02
Gondia,2018,3,29.42,21.88,0.05
Gondia,2018,4,32.98,25.34,0.74
Gondia,2018,5,36.4,26.54,0.65
Gondia,2018,6,30.65,63.82,5.79
Gondia,2018,7,26.39,87.35,14.25
Gondia,2018,8,25.89,88.48,8.76
Gondia,2018,9,25.36,84.13,3.27
Gondia,2018,10,25.16,65.45,0.14
Gondia,2018,11,23.49,50.36,0.05
Gondia,2018,12,19.02,51.87,0.79
Gondia,2018,13,26.56,52.52,2.98
Gondia,2019,1,18.52,39.25,0.57
Gondia,2019,2,22.53,34.52,0.4
Gondia,2019,3,27.86,30.57,0.71
Gondia,2019,4,33.89,19.2,0.14
Gondia,2019,5,36.73,19.79,0.35
Gondia,2019,6,35.03,44.03,3.28
Gondia,2019,7,27.63,82.19,10.09
Gondia,2019,8,26.05,89.53,13.28
Gondia,2019,9,25.88,91.67,14.67
Gondia,2019,10,23.75,84.26,2.25
Gondia,2019,11,20.73,78.43,0.09
Gondia,2019,12,18.01,73.78,0.52
Gondia,2019,13,26.39,57.44,3.88
Gondia,2020,1,17.45,67.4,1.68
Gondia,2020,2,20.0,56.71,1.1
Gondia,2020,3,25.34,55.07,2.23
Gondia,2020,4,32.34,28.4,0.27
Gondia,2020,5,34.09,34.56,5.04
Gondia,2020,6,29.16,71.1,7.95
Gondia,2020,7,27.24,84.71,7.61
Gondia,2020,8,26.26,90.4,20.27
Gondia,2020,9,26.85,85.24,5.42
Gondia,2020,10,24.59,80.95,2.38
Gondia,2020,11,20.57,71.82,0.5
Gondia,2020,12,19.28,58.41,0.02
Gondia,2020,13,25.27,65.46,4.57
Gondia,2021,1,20.86,44.54,0.16
Gondia,2021,2,22.96,31.56,0.38
Gondia,2021,3,28.99,23.45,0.31
Gondia,2021,4,32.58,18.35,0.04
Gondia,2021,5,32.29,43.95,2.14
Gondia,2021,6,29.17,72.59,7.46
Gondia,2021,7,27.46,83.06,10.68
Gondia,2021,8,26.67,85.78,4.54
Gondia,2021,9,26.4,87.28,10.94
Gondia,2021,10,24.31,78.53,1.07
Gondia,2021,11,21.82,74.15,0.35
Gondia,2021,12,19.0,61.66,1.12
Gondia,2021,13,26.05,58.92,3.27
Gondia,2022,1,17.86,64.66,1.13
Gondia,2022,2,21.18,45.13,0.3
Gondia,2022,3,29.62,22.87,0.03
Gondia,2022,4,34.74,17.98,0.04
Gondia,2022,5,36.24,27.02,0.24
Gondia,2022,6,32.69,52.13,4.47
Gondia,2022,7,26.79,88.29,17.12
Gondia,2022,8,26.12,89.59,15.93
Gondia,2022,9,26.01,88.29,9.82
Gondia,2022,10,23.56,82.46,3.08
Gondia,2022,11,19.64,70.79,0.0
Gondia,2022,12,20.2,61.7,0.05
Gondia,2022,13,26.24,59.38,4.39
Gondia,2023,1,20.23,49.57,0.05
Gondia,2023,2,23.83,23.17,0.0
Gondia,2023,3,27.57,35.8,1.01
Gondia,2023,4,30.77,36.79,2.69
Gondia,2023,5,32.74,40.66,1.18
Gondia,2023,6,33.9,43.1,6.31
Gondia,2023,7,27.75,85.59,13.86
Gondia,2023,8,26.1,87.87,7.72
Gondia,2023,9,26.48,87.2,11.3
Gondia,2023,10,23.71,75.76,0.13
Gondia,2023,11,21.52,72.17,0.95
Gondia,2023,12,18.8,69.09,0.57
Gondia,2023,13,26.11,59.18,3.83
Bhandara,1997,1,19.56,41.66,0.88
Bhandara,1997,2,23.13,17.66,0.0
Bhandara,1997,3,29.88,16.88,0.05
Bhandara,1997,4,31.71,29.29,0.45
Bhandara,1997,5,35.58,24.16,0.38
Bhandara,1997,6,31.82,54.24,3.43
Bhandara,1997,7,27.82,78.49,8.05
Bhandara,1997,8,26.9,82.64,9.19
Bhandara,1997,9,26.22,84.74,5.51
Bhandara,1997,10,24.63,76.78,2.57
Bhandara,1997,11,23.2,78.8,2.9
Bhandara,1997,12,19.4,84.38,2.91
Bhandara,1997,13,26.67,56.06,3.05
Bhandara,1998,1,19.18,68.19,0.36
Bhandara,1998,2,21.68,53.8,1.53
Bhandara,1998,3,26.71,34.48,1.13
Bhandara,1998,4,34.56,23.41,0.26
Bhandara,1998,5,37.65,24.37,0.6
Bhandara,1998,6,34.1,48.72,3.81
Bhandara,1998,7,27.92,79.43,7.26
Bhandara,1998,8,26.98,87.09,9.74
Bhandara,1998,9,26.74,86.84,6.8
Bhandara,1998,10,25.18,83.82,2.21
Bhandara,1998,11,21.12,76.28,2.71
Bhandara,1998,12,18.24,54.12,0.0
Bhandara,1998,13,26.69,60.11,3.04
Bhandara,1999,1,19.09,42.36,0.02
Bhandara,1999,2,25.22,40.4,0.75
Bhandara,1999,3,30.15,13.75,0.02
Bhandara,1999,4,34.98,9.25,0.0
Bhandara,1999,5,36.45,29.09,1.12
Bhandara,1999,6,31.06,57.56,4.33
Bhandara,1999,7,27.55,78.6,8.52
Bhandara,1999,8,26.37,86.43,11.28
Bhandara,1999,9,25.65,88.22,8.46
Bhandara,1999,10,24.14,83.19,3.69
Bhandara,1999,11,20.4,69.01,0.0
Bhandara,1999,12,18.46,58.53,0.0
Bhandara,1999,13,26.62,54.8,3.2
Bhandara,2000,1,20.64,35.51,0.0
Bhandara,2000,2,23.01,35.38,0.52
Bhandara,2000,3,27.78,14.79,0.0
Bhandara,2000,4,35.12,13.82,0.01
Bhandara,2000,5,35.02,36.27,1.86
Bhandara,2000,6,29.72,67.6,6.32
Bhandara,2000,7,26.99,81.58,9.8
Bhandara,2000,8,26.81,84.79,6.18
Bhandara,2000,9,26.52,80.84,3.13
Bhandara,2000,10,26.43,60.48,0.37
Bhandara,2000,11,24.11,38.47,0.0
Bhandara,2000,12,20.98,17.98,0.05
Bhandara,2000,13,26.93,47.33,2.36
Bhandara,2001,1,21.8,25.37,0.2
Bhandara,2001,2,25.41,16.13,0.01
Bhandara,2001,3,29.79,29.42,0.61
Bhandara,2001,4,32.67,29.81,0.96
Bhandara,2001,5,36.29,30.24,1.43
Bhandara,2001,6,28.34,73.3,9.63
Bhandara,2001,7,26.7,81.8,7.91
Bhandara,2001,8,26.4,87.34,9.19
Bhandara,2001,9,27.17,78.41,3.86
Bhandara,2001,10,24.46,79.16,4.95
Bhandara,2001,11,22.08,68.82,0.02
Bhandara,2001,12,19.85,50.15,0.0
Bhandara,2001,13,26.75,54.38,3.25
Bhandara,2002,1,20.3,41.49,0.31
Bhandara,2002,2,24.88,37.5,0.59
Bhandara,2002,3,29.87,20.01,0.09
Bhandara,2002,4,34.33,16.99,0.22
Bhandara,2002,5,36.81,25.96,1.48
Bhandara,2002,6,31.92,59.45,10.97
Bhandara,2002,7,28.22,76.26,3.87
Bhandara,2002,8,26.32,86.98,11.92
Bhandara,2002,9,25.76,82.69,3.29
Bhandara,2002,10,25.04,70.38,1.1
Bhandara,2002,11,22.59,52.42,0.19
Bhandara,2002,12,22.61,34.94,0.01
Bhandara,2002,13,27.39,50.5,2.85
Bhandara,2003,1,21.9,27.85,0.01
Bhandara,2003,2,25.31,45.14,1.4
Bhandara,2003,3,28.38,31.05,1.42
Bhandara,2003,4,34.54,23.41,0.37
Bhandara,2003,5,36.73,16.48,0.0
Bhandara,2003,6,32.74,53.42,9.86
Bhandara,2003,7,27.02,85.51,11.54
Bhandara,2003,8,26.25,88.7,11.93
Bhandara,2003,9,25.83,89.57,6.11
Bhandara,2003,10,24.14,82.12,1.13
Bhandara,2003,11,21.87,74.26,0.07
Bhandara,2003,12,18.78,66.98,0.19
Bhandara,2003,13,26.95,57.1,3.68
Bhandara,2004,1,19.55,61.95,1.35
Bhandara,2004,2,22.15,40.74,0.1
Bhandara,2004,3,30.76,18.83,0.06
Bhandara,2004,4,34.98,19.88,0.21
Bhandara,2004,5,36.0,32.2,0.4
Bhandara,2004,6,31.79,57.67,4.81
Bhandara,2004,7,27.98,77.43,10.22
Bhandara,2004,8,26.29,86.5,7.61
Bhandara,2004,9,26.96,83.3,2.64
Bhandara,2004,10,23.83,71.69,0.5
Bhandara,2004,11,22.46,60.58,0.44
Bhandara,2004,12,20.78,43.2,0.0
Bhandara,2004,13,26.96,54.56,2.38
Bhandara,2005,1,21.18,41.24,3.58
Bhandara,2005,2,23.18,51.72,0.04
Bhandara,2005,3,28.9,32.59,0.45
Bhandara,2005,4,32.84,21.27,0.2
Bhandara,2005,5,36.68,21.91,0.37
Bhandara,2005,6,34.67,43.93,7.09
Bhandara,2005,7,26.97,84.77,12.19
Bhandara,2005,8,26.48,86.77,5.85
Bhandara,2005,9,26.63,85.52,11.36
Bhandara,2005,10,23.94,81.12,3.33
Bhandara,2005,11,19.44,66.91,0.0
Bhandara,2005,12,18.41,59.02,0.04
Bhandara,2005,13,26.62,56.46,3.73
Bhandara,2006,1,20.58,40.42,0.0
Bhandara,2006,2,26.26,21.71,0.0
Bhandara,2006,3,26.98,47.07,2.69
Bhandara,2006,4,33.61,24.42,0.24
Bhandara,2006,5,35.5,35.74,1.79
Bhandara,2006,6,32.13,53.88,4.32
Bhandara,2006,7,26.89,83.73,13.81
Bhandara,2006,8,25.8,88.81,10.66
Bhandara,2006,9,26.3,86.26,9.63
Bhandara,2006,10,25.41,75.21,0.2
Bhandara,2006,11,22.37,73.86,0.43
Bhandara,2006,12,20.89,58.95,0.0
Bhandara,2006,13,26.88,57.78,3.68
Bhandara,2007,1,21.46,34.53,0.0
Bhandara,2007,2,24.97,34.73,0.28
Bhandara,2007,3,28.89,25.84,0.24
Bhandara,2007,4,34.34,19.64,0.14
Bhandara,2007,5,37.27,22.77,0.32
Bhandara,2007,6,31.64,61.45,11.19
Bhandara,2007,7,27.17,83.48,9.07
Bhandara,2007,8,26.56,86.27,6.94
Bhandara,2007,9,26.41,86.06,7.59
Bhandara,2007,10,23.12,71.17,0.3
Bhandara,2007,11,21.37,63.42,0.68
Bhandara,2007,12,20.9,55.81,0.01
Bhandara,2007,13,27.01,53.88,3.07
Bhandara,2008,1,21.13,37.58,0.07
Bhandara,2008,2,22.62,27.21,0.06
Bhandara,2008,3,29.27,31.67,0.84
Bhandara,2008,4,33.46,22.81,0.24
Bhandara,2008,5,36.43,21.77,0.45
Bhandara,2008,6,29.29,67.71,7.55
Bhandara,2008,7,26.98,82.51,9.57
Bhandara,2008,8,26.42,87.46,6.91
Bhandara,2008,9,26.18,85.51,6.95
Bhandara,2008,10,24.33,73.71,1.37
Bhandara,2008,11,21.9,68.97,0.03
Bhandara,2008,12,21.36,49.46,0.0
Bhandara,2008,13,26.62,54.78,2.84
Bhandara,2009,1,23.15,41.22,0.1
Bhandara,2009,2,26.47,22.47,0.0
Bhandara,2009,3,30.01,19.03,0.24
Bhandara,2009,4,33.94,14.67,0.04
Bhandara,2009,5,37.11,24.81,0.71
Bhandara,2009,6,34.01,47.53,5.53
Bhandara,2009,7,26.98,85.39,13.25
Bhandara,2009,8,26.88,85.66,7.89
Bhandara,2009,9,27.01,82.73,3.42
Bhandara,2009,10,24.23,70.46,2.11
Bhandara,2009,11,21.95,70.92,1.73
Bhandara,2009,12,20.54,62.42,0.27
Bhandara,2009,13,27.68,52.5,2.97
Bhandara,2010,1,19.56,41.98,0.38
Bhandara,2010,2,26.07,31.36,0.22
Bhandara,2010,3,31.31,20.56,0.23
Bhandara,2010,4,35.28,16.18,0.02
Bhandara,2010,5,37.18,24.04,0.15
Bhandara,2010,6,33.68,50.85,5.43
Bhandara,2010,7,27.33,85.58,14.13
Bhandara,2010,8,26.84,88.71,16.96
Bhandara,2010,9,26.27,86.12,8.66
Bhandara,2010,10,24.66,82.18,1.36
Bhandara,2010,11,23.18,81.03,1.93
Bhandara,2010,12,18.86,66.84,0.36
Bhandara,2010,13,27.51,56.47,4.19
Bhandara,2011,1,18.7,49.6,0.0
Bhandara,2011,2,24.08,36.91,0.28
Bhandara,2011,3,29.46,20.72,0.09
Bhandara,2011,4,31.39,40.32,2.05
Bhandara,2011,5,36.97,24.1,0.41
Bhandara,2011,6,31.02,61.51,5.04
Bhandara,2011,7,27.76,79.84,8.21
Bhandara,2011,8,26.4,88.26,12.61
Bhandara,2011,9,26.04,86.7,6.94
Bhandara,2011,10,24.23,75.03,0.09
Bhandara,2011,11,22.0,64.85,0.0
Bhandara,2011,12,20.21,54.95,0.19
Bhandara,2011,13,26.53,56.99,3.01
Bhandara,2012,1,20.5,48.09,0.44
Bhandara,2012,2,24.17,28.0,0.03
Bhandara,2012,3,28.69,13.84,0.0
Bhandara,2012,4,34.59,19.78,0.09
Bhandara,2012,5,37.22,18.15,0.09
Bhandara,2012,6,32.07,56.55,4.76
Bhandara,2012,7,26.7,85.26,16.39
Bhandara,2012,8,26.05,89.35,8.46
Bhandara,2012,9,26.21,86.61,11.85
Bhandara,2012,10,24.0,74.48,0.63
Bhandara,2012,11,21.62,70.19,0.53
Bhandara,2012,12,20.62,57.71,0.01
Bhandara,2012,13,26.87,54.1,3.62
Bhandara,2013,1,21.0,41.03,0.31
Bhandara,2013,2,24.5,42.83,0.62
Bhandara,2013,3,29.01,26.97,0.43
Bhandara,2013,4,33.61,26.99,0.42
Bhandara,2013,5,38.08,18.91,0.08
Bhandara,2013,6,29.83,70.06,15.2
Bhandara,2013,7,26.33,87.92,20.71
Bhandara,2013,8,26.0,89.39,9.26
Bhandara,2013,9,26.36,85.61,4.26
Bhandara,2013,10,24.74,83.35,5.15
Bhandara,2013,11,20.5,76.67,0.02
Bhandara,2013,12,19.06,65.81,0.0
Bhandara,2013,13,26.59,59.71,4.74
Bhandara,2014,1,20.52,61.71,0.16
Bhandara,2014,2,23.02,42.59,1.23
Bhandara,2014,3,26.82,48.42,1.07
Bhandara,2014,4,33.75,23.79,0.39
Bhandara,2014,5,36.0,28.0,0.67
Bhandara,2014,6,35.15,42.18,2.56
Bhandara,2014,7,28.76,73.22,14.35
Bhandara,2014,8,26.81,83.53,6.1
Bhandara,2014,9,26.01,83.65,6.06
Bhandara,2014,10,24.61,76.61,0.64
Bhandara,2014,11,22.76,61.38,0.05
Bhandara,2014,12,19.15,50.73,0.09
Bhandara,2014,13,26.95,56.47,2.8
Bhandara,2015,1,19.42,49.21,0.6
Bhandara,2015,2,24.51,33.95,0.5
Bhandara,2015,3,27.24,43.3,1.49
Bhandara,2015,4,31.28,38.04,1.52
Bhandara,2015,5,36.11,28.87,1.06
Bhandara,2015,6,31.19,63.32,14.4
Bhandara,2015,7,27.47,80.4,4.36
Bhandara,2015,8,26.66,86.08,14.56
Bhandara,2015,9,26.63,82.09,6.31
Bhandara,2015,10,25.71,72.86,0.39
Bhandara,2015,11,23.42,69.0,0.0
Bhandara,2015,12,22.05,42.88,0.01
Bhandara,2015,13,26.81,57.63,3.77
Bhandara,2016,1,21.71,32.33,0.06
Bhandara,2016,2,26.86,30.2,0.5
Bhandara,2016,3,29.9,32.58,0.65
Bhandara,2016,4,35.64,20.72,0.17
Bhandara,2016,5,36.98,28.89,0.53
Bhandara,2016,6,33.34,52.51,5.23
Bhandara,2016,7,26.7,87.36,15.97
Bhandara,2016,8,26.13,87.53,9.45
Bhandara,2016,9,26.07,87.57,6.49
Bhandara,2016,10,23.84,76.13,2.3
Bhandara,2016,11,20.29,64.49,0.0
Bhandara,2016,12,18.68,56.51,0.0
Bhandara,2016,13,27.16,54.85,3.47
Bhandara,2017,1,20.23,47.42,0.06
Bhandara,2017,2,25.16,26.87,0.03
Bhandara,2017,3,29.14,21.02,0.26
Bhandara,2017,4,34.72,13.72,0.0
Bhandara,2017,5,37.39,25.18,1.07
Bhandara,2017,6,31.62,61.53,6.23
Bhandara,2017,7,27.45,80.87,13.58
Bhandara,2017,8,26.79,84.96,9.23
Bhandara,2017,9,27.07,83.91,4.7
Bhandara,2017,10,25.77,74.76,1.4
Bhandara,2017,11,21.85,68.2,0.01
Bhandara,2017,12,19.67,52.69,0.0
Bhandara,2017,13,27.24,53.61,3.08
Bhandara,2018,1,20.4,30.17,0.0
Bhandara,2018,2,24.55,35.71,0.78
Bhandara,2018,3,30.02,22.16,0.09
Bhandara,2018,4,33.82,24.03,0.64
Bhandara,2018,5,37.15,25.91,0.99
Bhandara,2018,6,30.38,66.82,8.07
Bhandara,2018,7,26.54,85.47,12.91
Bhandara,2018,8,26.09,86.39,7.62
Bhandara,2018,9,25.84,81.99,3.24
Bhandara,2018,10,25.54,66.29,0.01
Bhandara,2018,11,23.87,52.45,0.02
Bhandara,2018,12,19.57,51.24,0.51
Bhandara,2018,13,26.98,52.48,2.92
Bhandara,2019,1,19.08,39.35,0.61
Bhandara,2019,2,23.14,33.95,0.23
Bhandara,2019,3,28.93,27.67,0.37
Bhandara,2019,4,34.61,19.96,0.24
Bhandara,2019,5,37.46,18.83,0.1
Bhandara,2019,6,35.64,42.28,3.52
Bhandara,2019,7,28.08,79.4,11.19
Bhandara,2019,8,26.28,88.2,12.35
Bhandara,2019,9,26.03,91.54,14.03
Bhandara,2019,10,24.17,85.19,2.05
Bhandara,2019,11,21.1,80.56,0.09
Bhandara,2019,12,18.19,77.83,0.46
Bhandara,2019,13,26.9,57.24,3.79
Bhandara,2020,1,17.98,69.72,1.25
Bhandara,2020,2,20.81,57.32,0.43
Bhandara,2020,3,26.5,50.91,1.72
Bhandara,2020,4,33.18,27.03,0.33
Bhandara,2020,5,35.27,31.37,1.58
Bhandara,2020,6,29.53,69.99,7.08
Bhandara,2020,7,27.74,83.09,9.89
Bhandara,2020,8,26.49,89.13,14.24
Bhandara,2020,9,27.17,84.82,6.06
Bhandara,2020,10,24.9,81.31,1.93
Bhandara,2020,11,20.51,75.23,0.28
Bhandara,2020,12,19.13,63.93,0.01
Bhandara,2020,13,25.77,65.38,3.75
Bhandara,2021,1,21.07,50.95,0.1
Bhandara,2021,2,23.44,32.25,0.24
Bhandara,2021,3,29.36,25.35,0.59
Bhandara,2021,4,33.22,20.14,0.09
Bhandara,2021,5,33.83,39.46,1.33
Bhandara,2021,6,29.55,71.08,7.19
Bhandara,2021,7,27.88,81.48,11.14
Bhandara,2021,8,27.04,84.2,5.21
Bhandara,2021,9,26.7,86.93,10.88
Bhandara,2021,10,24.64,78.36,0.91
Bhandara,2021,11,21.85,78.51,0.23
Bhandara,2021,12,19.2,66.12,0.6
Bhandara,2021,13,26.49,59.74,3.22
Bhandara,2022,1,18.38,66.28,2.11
Bhandara,2022,2,21.53,48.49,0.25
Bhandara,2022,3,30.16,23.5,0.03
Bhandara,2022,4,35.39,17.88,0.01
Bhandara,2022,5,36.86,26.88,0.28
Bhandara,2022,6,33.06,52.18,4.28
Bhandara,2022,7,26.83,87.81,20.62
Bhandara,2022,8,26.38,88.97,15.61
Bhandara,2022,9,26.34,87.69,9.1
Bhandara,2022,10,23.92,82.89,3.04
Bhandara,2022,11,19.73,73.71,0.0
Bhandara,2022,12,20.16,68.01,0.13
Bhandara,2022,13,26.58,60.48,4.67
Bhandara,2023,1,20.17,56.22,0.06
Bhandara,2023,2,24.27,24.63,0.0
Bhandara,2023,3,28.54,31.94,0.48
Bhandara,2023,4,31.19,38.62,2.89
Bhandara,2023,5,33.59,39.23,1.27
Bhandara,2023,6,34.09,43.14,4.35
Bhandara,2023,7,28.25,83.45,16.88
Bhandara,2023,8,26.43,86.38,7.02
Bhandara,2023,9,26.78,86.37,10.99
Bhandara,2023,10,24.09,77.32,0.15
Bhandara,2023,11,21.39,77.17,1.27
Bhandara,2023,12,18.87,72.49,0.43
Bhandara,2023,13,26.47,60.02,3.84
